2024-10-04 09:11:25,746 [INFO] Activator:176 - 


2024-10-04 09:11:25,756 [INFO] Activator:177 - !SESSION log4j initialized
2024-10-04 09:11:36,499 [INFO] LogOutputStream:77 - [STDOUT_REDIRECT] 
2024-10-04 09:11:38,429 [INFO] ApplicationProperties:184 - Using Application install path: C:\ST\STM32CubeIDE_1.15.1\STM32CubeIDE\plugins\com.st.stm32cube.common.mx_6.11.1.202404110753
2024-10-04 09:11:38,453 [INFO] DbMcusXml:78 - Set database path to: C:\ST\STM32CubeIDE_1.15.1\STM32CubeIDE\plugins\com.st.stm32cube.common.mx_6.11.1.202404110753\\db\/mcu/
2024-10-04 09:11:38,453 [INFO] ApiDb:274 - Set plugin database path to: C:\ST\STM32CubeIDE_1.15.1\STM32CubeIDE\plugins\com.st.stm32cube.common.mx_6.11.1.202404110753\\db\/plugins/boardmanager/
2024-10-04 09:11:38,454 [WARN] ApiDb:259 - Overriding images path with different value:  => C:\ST\STM32CubeIDE_1.15.1\STM32CubeIDE\plugins\com.st.stm32cube.common.mx_6.11.1.202404110753\\db\/plugins/mcufinder/images/
2024-10-04 09:11:38,470 [INFO] ApiDb:250 - Set database path to: C:\Users\Matheus Markies\.stmcufinder\plugins\mcufinder//mcu/
2024-10-04 09:11:38,471 [INFO] DbMcusAds:125 - Set database path to: C:\Users\Matheus Markies\.stmcufinder\plugins\mcufinder//mcu/
2024-10-04 09:11:38,473 [INFO] CrossReferenceDbSqlite:203 - Set database path to: C:\Users\Matheus Markies\.stmcufinder\plugins\mcufinder//mcu/cs/
2024-10-04 09:11:38,625 [INFO] RulesReader:64 - Compatibility file has been processed (297 Rules)
2024-10-04 09:11:38,844 [INFO] DbMcusXml:78 - Set database path to: C:\ST\STM32CubeIDE_1.15.1\STM32CubeIDE\plugins\com.st.stm32cube.common.mx_6.11.1.202404110753\\db\/mcu/
2024-10-04 09:11:38,844 [INFO] ApiDb:274 - Set plugin database path to: C:\ST\STM32CubeIDE_1.15.1\STM32CubeIDE\plugins\com.st.stm32cube.common.mx_6.11.1.202404110753\\db\/plugins/boardmanager/
2024-10-04 09:11:38,844 [INFO] ApiDb:261 - Set plugin images path to: C:\ST\STM32CubeIDE_1.15.1\STM32CubeIDE\plugins\com.st.stm32cube.common.mx_6.11.1.202404110753\\db\/plugins/mcufinder/images/
2024-10-04 09:11:38,844 [WARN] DbFile:41 - Overriding database path with different value: C:\Users\Matheus Markies\.stmcufinder\plugins\mcufinder/ => C:\Users\Matheus Markies\.stmcufinder\plugins\mcufinder
2024-10-04 09:11:38,845 [INFO] ApiDb:250 - Set database path to: C:\Users\Matheus Markies\.stmcufinder\plugins\mcufinder//mcu/
2024-10-04 09:11:38,845 [WARN] DbFile:41 - Overriding database path with different value: C:\Users\Matheus Markies\.stmcufinder\plugins\mcufinder/ => C:\Users\Matheus Markies\.stmcufinder\plugins\mcufinder
2024-10-04 09:11:38,845 [INFO] DbMcusAds:125 - Set database path to: C:\Users\Matheus Markies\.stmcufinder\plugins\mcufinder//mcu/
2024-10-04 09:11:38,845 [WARN] DbFile:41 - Overriding database path with different value: C:\Users\Matheus Markies\.stmcufinder\plugins\mcufinder/ => C:\Users\Matheus Markies\.stmcufinder\plugins\mcufinder
2024-10-04 09:11:38,845 [WARN] DbFile:41 - Overriding database path with different value: C:\Users\Matheus Markies\.stmcufinder\plugins\mcufinder/ => C:\Users\Matheus Markies\.stmcufinder\plugins\mcufinder
2024-10-04 09:11:38,845 [INFO] CrossReferenceDbSqlite:203 - Set database path to: C:\Users\Matheus Markies\.stmcufinder\plugins\mcufinder//mcu/cs/
2024-10-04 09:11:38,997 [INFO] MainPanel:264 - HeapMemory: 268435456
2024-10-04 09:11:39,166 [INFO] DbMcusXml:78 - Set database path to: C:\ST\STM32CubeIDE_1.15.1\STM32CubeIDE\plugins\com.st.stm32cube.common.mx_6.11.1.202404110753\\db\/mcu/
2024-10-04 09:11:39,166 [INFO] ApiDb:274 - Set plugin database path to: C:\ST\STM32CubeIDE_1.15.1\STM32CubeIDE\plugins\com.st.stm32cube.common.mx_6.11.1.202404110753\\db\/plugins/boardmanager/
2024-10-04 09:11:39,166 [INFO] ApiDb:261 - Set plugin images path to: C:\ST\STM32CubeIDE_1.15.1\STM32CubeIDE\plugins\com.st.stm32cube.common.mx_6.11.1.202404110753\\db\/plugins/mcufinder/images/
2024-10-04 09:11:39,167 [WARN] DbFile:41 - Overriding database path with different value: C:\Users\Matheus Markies\.stmcufinder\plugins\mcufinder/ => C:\Users\Matheus Markies\.stmcufinder\plugins\mcufinder
2024-10-04 09:11:39,167 [INFO] ApiDb:250 - Set database path to: C:\Users\Matheus Markies\.stmcufinder\plugins\mcufinder//mcu/
2024-10-04 09:11:39,167 [WARN] DbFile:41 - Overriding database path with different value: C:\Users\Matheus Markies\.stmcufinder\plugins\mcufinder/ => C:\Users\Matheus Markies\.stmcufinder\plugins\mcufinder
2024-10-04 09:11:39,167 [INFO] DbMcusAds:125 - Set database path to: C:\Users\Matheus Markies\.stmcufinder\plugins\mcufinder//mcu/
2024-10-04 09:11:39,167 [WARN] DbFile:41 - Overriding database path with different value: C:\Users\Matheus Markies\.stmcufinder\plugins\mcufinder/ => C:\Users\Matheus Markies\.stmcufinder\plugins\mcufinder
2024-10-04 09:11:39,167 [WARN] DbFile:41 - Overriding database path with different value: C:\Users\Matheus Markies\.stmcufinder\plugins\mcufinder/ => C:\Users\Matheus Markies\.stmcufinder\plugins\mcufinder
2024-10-04 09:11:39,167 [INFO] CrossReferenceDbSqlite:203 - Set database path to: C:\Users\Matheus Markies\.stmcufinder\plugins\mcufinder//mcu/cs/
2024-10-04 09:11:39,225 [INFO] ApplicationProperties:184 - Using Application install path: C:\ST\STM32CubeIDE_1.15.1\STM32CubeIDE\plugins\com.st.stm32cube.common.mx_6.11.1.202404110753
2024-10-04 09:11:39,228 [INFO] PluginManage:196 - Search for loadable plugins [exclusion list=, ]
2024-10-04 09:11:39,230 [INFO] PluginManage:310 - Check plugin analytics
2024-10-04 09:11:39,588 [INFO] AnalyticsPlugin:253 - Accepted Software Licenses: 
2024-10-04 09:11:39,588 [INFO] AnalyticsPlugin:255 - Accepted CMSIS Pack Licenses: 
2024-10-04 09:11:39,589 [INFO] AnalyticsPlugin:257 - Accepted Firmware Licenses: FW.F4.1.28.0
2024-10-04 09:11:39,592 [INFO] PluginManage:359 - Loaded plugin analytics (category:tool,tabindex:-1)
2024-10-04 09:11:39,593 [INFO] PluginManage:310 - Check plugin cadmodel
2024-10-04 09:11:39,617 [INFO] CADModel:105 - Init CAD model plugin
2024-10-04 09:11:39,617 [INFO] PluginManage:359 - Loaded plugin cadmodel (category:power,tabindex:5)
2024-10-04 09:11:39,617 [INFO] PluginManage:310 - Check plugin clock
2024-10-04 09:11:39,671 [INFO] PluginManage:359 - Loaded plugin clock (category:base,tabindex:2)
2024-10-04 09:11:39,671 [INFO] PluginManage:310 - Check plugin ddr
2024-10-04 09:11:39,675 [INFO] PluginManage:359 - Loaded plugin ddr (category:tool,tabindex:6)
2024-10-04 09:11:39,675 [INFO] PluginManage:310 - Check plugin filemanager
2024-10-04 09:11:39,924 [INFO] PluginManage:359 - Loaded plugin filemanager (category:base,tabindex:10)
2024-10-04 09:11:39,925 [INFO] PluginManage:310 - Check plugin ipmanager
2024-10-04 09:11:39,937 [INFO] PluginManage:359 - Loaded plugin ipmanager (category:base,tabindex:5)
2024-10-04 09:11:39,937 [INFO] PluginManage:310 - Check plugin lpbam
2024-10-04 09:11:39,968 [INFO] PluginManage:359 - Loaded plugin lpbam (category:base,tabindex:0)
2024-10-04 09:11:39,968 [INFO] PluginManage:310 - Check plugin memorymap
2024-10-04 09:11:40,036 [INFO] PluginManage:359 - Loaded plugin memorymap (category:base,tabindex:4)
2024-10-04 09:11:40,036 [INFO] PluginManage:310 - Check plugin pinoutandconfiguration
2024-10-04 09:11:40,079 [INFO] PluginManage:359 - Loaded plugin pinoutandconfiguration (category:base,tabindex:1)
2024-10-04 09:11:40,079 [INFO] PluginManage:310 - Check plugin pinoutconfig
2024-10-04 09:11:40,252 [WARN] SupportedApi:132 - Cannot load RTOS API schema: s4s-elt-must-match.1: The content of 'definitions' must match (annotation?, (simpleType | complexType)?, (unique | key | keyref)*)). A problem was found starting at: attribute.
2024-10-04 09:11:40,443 [INFO] PluginManage:359 - Loaded plugin pinoutconfig (category:base,tabindex:0)
2024-10-04 09:11:40,443 [INFO] PluginManage:310 - Check plugin power
2024-10-04 09:11:40,484 [INFO] PluginManage:359 - Loaded plugin power (category:power,tabindex:4)
2024-10-04 09:11:40,484 [INFO] PluginManage:310 - Check plugin projectmanager
2024-10-04 09:11:40,508 [INFO] PluginManage:359 - Loaded plugin projectmanager (category:projectmanager,tabindex:3)
2024-10-04 09:11:40,509 [INFO] PluginManage:310 - Check plugin thirdparty
2024-10-04 09:11:41,062 [INFO] PluginManage:359 - Loaded plugin thirdparty (category:base,tabindex:-1)
2024-10-04 09:11:41,063 [INFO] PluginManage:310 - Check plugin tools
2024-10-04 09:11:41,062 [WARN] IntegrityCheckThread:84 - waiting for thirdparty lock release [integrity check]
2024-10-04 09:11:41,063 [INFO] IntegrityCheckThread:86 - entering critical section [integrity check]
2024-10-04 09:11:41,064 [INFO] ThirdPartyUpdaterWithRetryManager:70 - Updater plugin not ready yet. [1/15]
2024-10-04 09:11:41,110 [INFO] PluginManage:359 - Loaded plugin tools (category:base,tabindex:7)
2024-10-04 09:11:41,111 [INFO] PluginManage:310 - Check plugin tutovideos
2024-10-04 09:11:41,435 [INFO] PluginManage:359 - Loaded plugin tutovideos (category:base,tabindex:-1)
2024-10-04 09:11:41,435 [INFO] PluginManage:310 - Check plugin updater
2024-10-04 09:11:41,453 [INFO] PluginManage:359 - Loaded plugin updater (category:base,tabindex:12)
2024-10-04 09:11:41,453 [INFO] PluginManage:310 - Check plugin userauth
2024-10-04 09:11:41,462 [INFO] UserAuth:114 - Init User Auth plugin
2024-10-04 09:11:41,462 [INFO] PluginManage:359 - Loaded plugin userauth (category:base,tabindex:14)
2024-10-04 09:11:41,463 [INFO] PluginManage:283 - PluginManage : Loaded plugins [17]
2024-10-04 09:11:41,856 [INFO] PinOutPanel:1561 - setPackage(No Configuration,No Configuration)
2024-10-04 09:11:41,998 [INFO] CADModel:165 - CPN selected for project level
2024-10-04 09:11:41,998 [INFO] CADModel:114 - Register for checkConnection events
2024-10-04 09:11:42,033 [INFO] IPUIPlugin:80 - create IPUIPlugin
2024-10-04 09:11:42,033 [INFO] PluginManager:220 - loadIPPluginJar : add adc
2024-10-04 09:11:42,078 [INFO] IPUIPlugin:80 - create IPUIPlugin
2024-10-04 09:11:42,078 [INFO] PluginManager:220 - loadIPPluginJar : add aes
2024-10-04 09:11:42,133 [INFO] IPUIPlugin:80 - create IPUIPlugin
2024-10-04 09:11:42,134 [INFO] PluginManager:220 - loadIPPluginJar : add can
2024-10-04 09:11:42,246 [INFO] IPUIPlugin:80 - create IPUIPlugin
2024-10-04 09:11:42,247 [INFO] PluginManager:220 - loadIPPluginJar : add comp
2024-10-04 09:11:42,316 [INFO] IPUIPlugin:80 - create IPUIPlugin
2024-10-04 09:11:42,316 [INFO] PluginManager:220 - loadIPPluginJar : add cryp
2024-10-04 09:11:42,354 [INFO] IPUIPlugin:80 - create IPUIPlugin
2024-10-04 09:11:42,354 [INFO] PluginManager:220 - loadIPPluginJar : add dfsdm
2024-10-04 09:11:42,371 [INFO] IPUIPlugin:80 - create IPUIPlugin
2024-10-04 09:11:42,372 [INFO] PluginManager:220 - loadIPPluginJar : add dma
2024-10-04 09:11:42,452 [INFO] IPUIPlugin:80 - create IPUIPlugin
2024-10-04 09:11:42,453 [INFO] PluginManager:220 - loadIPPluginJar : add dma3
2024-10-04 09:11:42,532 [INFO] IPUIPlugin:80 - create IPUIPlugin
2024-10-04 09:11:42,532 [INFO] PluginManager:220 - loadIPPluginJar : add extmemmanager
2024-10-04 09:11:42,558 [INFO] IPUIPlugin:80 - create IPUIPlugin
2024-10-04 09:11:42,559 [INFO] PluginManager:220 - loadIPPluginJar : add fatfs
2024-10-04 09:11:42,619 [INFO] IPUIPlugin:80 - create IPUIPlugin
2024-10-04 09:11:42,619 [INFO] PluginManager:220 - loadIPPluginJar : add fmc
2024-10-04 09:11:42,639 [INFO] IPUIPlugin:80 - create IPUIPlugin
2024-10-04 09:11:42,640 [INFO] PluginManager:220 - loadIPPluginJar : add freertos
2024-10-04 09:11:42,666 [INFO] IPUIPlugin:80 - create IPUIPlugin
2024-10-04 09:11:42,666 [INFO] PluginManager:220 - loadIPPluginJar : add genericplugin
2024-10-04 09:11:42,776 [INFO] IPUIPlugin:80 - create IPUIPlugin
2024-10-04 09:11:42,776 [INFO] PluginManager:220 - loadIPPluginJar : add gfxmmu
2024-10-04 09:11:42,934 [INFO] IPUIPlugin:80 - create IPUIPlugin
2024-10-04 09:11:42,934 [INFO] PluginManager:220 - loadIPPluginJar : add gic
2024-10-04 09:11:42,952 [INFO] IPUIPlugin:80 - create IPUIPlugin
2024-10-04 09:11:42,952 [INFO] PluginManager:220 - loadIPPluginJar : add gpio
2024-10-04 09:11:43,063 [INFO] IPUIPlugin:80 - create IPUIPlugin
2024-10-04 09:11:43,063 [INFO] PluginManager:220 - loadIPPluginJar : add gtzc
2024-10-04 09:11:43,102 [INFO] IPUIPlugin:80 - create IPUIPlugin
2024-10-04 09:11:43,102 [INFO] PluginManager:220 - loadIPPluginJar : add hash
2024-10-04 09:11:43,168 [INFO] IPUIPlugin:80 - create IPUIPlugin
2024-10-04 09:11:43,168 [INFO] PluginManager:220 - loadIPPluginJar : add i2c
2024-10-04 09:11:43,221 [INFO] IPUIPlugin:80 - create IPUIPlugin
2024-10-04 09:11:43,221 [INFO] PluginManager:220 - loadIPPluginJar : add i2s
2024-10-04 09:11:43,273 [INFO] IPUIPlugin:80 - create IPUIPlugin
2024-10-04 09:11:43,273 [INFO] PluginManager:220 - loadIPPluginJar : add i3c
2024-10-04 09:11:43,410 [INFO] IPUIPlugin:80 - create IPUIPlugin
2024-10-04 09:11:43,410 [INFO] PluginManager:220 - loadIPPluginJar : add ipddr
2024-10-04 09:11:43,535 [INFO] IPUIPlugin:80 - create IPUIPlugin
2024-10-04 09:11:43,536 [INFO] PluginManager:220 - loadIPPluginJar : add linkedlist
2024-10-04 09:11:43,577 [INFO] IPUIPlugin:80 - create IPUIPlugin
2024-10-04 09:11:43,578 [INFO] PluginManager:220 - loadIPPluginJar : add lorawan
2024-10-04 09:11:43,670 [INFO] IPUIPlugin:80 - create IPUIPlugin
2024-10-04 09:11:43,670 [INFO] PluginManager:220 - loadIPPluginJar : add ltdc
2024-10-04 09:11:43,712 [INFO] IPUIPlugin:80 - create IPUIPlugin
2024-10-04 09:11:43,712 [INFO] PluginManager:220 - loadIPPluginJar : add mdma
2024-10-04 09:11:43,729 [INFO] IPUIPlugin:80 - create IPUIPlugin
2024-10-04 09:11:43,729 [INFO] PluginManager:220 - loadIPPluginJar : add nvic
2024-10-04 09:11:43,774 [INFO] IPUIPlugin:80 - create IPUIPlugin
2024-10-04 09:11:43,774 [INFO] PluginManager:220 - loadIPPluginJar : add opamp
2024-10-04 09:11:43,847 [INFO] IPUIPlugin:80 - create IPUIPlugin
2024-10-04 09:11:43,847 [INFO] PluginManager:220 - loadIPPluginJar : add openamp
2024-10-04 09:11:43,897 [INFO] IPUIPlugin:80 - create IPUIPlugin
2024-10-04 09:11:43,897 [INFO] PluginManager:220 - loadIPPluginJar : add pdm2pcm
2024-10-04 09:11:43,917 [INFO] IPUIPlugin:80 - create IPUIPlugin
2024-10-04 09:11:43,919 [INFO] PluginManager:220 - loadIPPluginJar : add plateformsettings
2024-10-04 09:11:43,947 [INFO] IPUIPlugin:80 - create IPUIPlugin
2024-10-04 09:11:43,948 [INFO] PluginManager:220 - loadIPPluginJar : add quadspi
2024-10-04 09:11:43,966 [INFO] IPUIPlugin:80 - create IPUIPlugin
2024-10-04 09:11:43,966 [INFO] PluginManager:220 - loadIPPluginJar : add resmgrutility
2024-10-04 09:11:44,027 [INFO] IPUIPlugin:80 - create IPUIPlugin
2024-10-04 09:11:44,027 [INFO] PluginManager:220 - loadIPPluginJar : add sai
2024-10-04 09:11:44,064 [INFO] ThirdPartyUpdaterWithRetryManager:70 - Updater plugin not ready yet. [2/15]
2024-10-04 09:11:44,071 [INFO] IPUIPlugin:80 - create IPUIPlugin
2024-10-04 09:11:44,071 [INFO] PluginManager:220 - loadIPPluginJar : add spi
2024-10-04 09:11:44,154 [INFO] IPUIPlugin:80 - create IPUIPlugin
2024-10-04 09:11:44,154 [INFO] PluginManager:220 - loadIPPluginJar : add stm32_wpan
2024-10-04 09:11:44,183 [INFO] IPUIPlugin:80 - create IPUIPlugin
2024-10-04 09:11:44,183 [INFO] PluginManager:220 - loadIPPluginJar : add tim
2024-10-04 09:11:44,260 [INFO] IPUIPlugin:80 - create IPUIPlugin
2024-10-04 09:11:44,260 [INFO] PluginManager:220 - loadIPPluginJar : add touchsensing
2024-10-04 09:11:44,292 [INFO] IPUIPlugin:80 - create IPUIPlugin
2024-10-04 09:11:44,293 [INFO] PluginManager:220 - loadIPPluginJar : add tracer_emb
2024-10-04 09:11:44,325 [INFO] IPUIPlugin:80 - create IPUIPlugin
2024-10-04 09:11:44,325 [INFO] PluginManager:220 - loadIPPluginJar : add ts
2024-10-04 09:11:44,359 [INFO] IPUIPlugin:80 - create IPUIPlugin
2024-10-04 09:11:44,359 [INFO] PluginManager:220 - loadIPPluginJar : add tsc
2024-10-04 09:11:44,397 [INFO] IPUIPlugin:80 - create IPUIPlugin
2024-10-04 09:11:44,397 [INFO] PluginManager:220 - loadIPPluginJar : add ucpd
2024-10-04 09:11:44,464 [INFO] IPUIPlugin:80 - create IPUIPlugin
2024-10-04 09:11:44,464 [INFO] PluginManager:220 - loadIPPluginJar : add usart
2024-10-04 09:11:44,525 [INFO] IPUIPlugin:80 - create IPUIPlugin
2024-10-04 09:11:44,525 [INFO] PluginManager:220 - loadIPPluginJar : add usbx
2024-10-04 09:11:44,679 [INFO] CADModel:165 - CPN selected for project level
2024-10-04 09:11:44,679 [INFO] CADModel:114 - Register for checkConnection events
2024-10-04 09:11:44,679 [FATAL] Updater:308 - Updater called before beeing initialized
2024-10-04 09:11:44,679 [ERROR] CADModel:125 - Updater not yet initialized, retry later 
2024-10-04 09:11:44,983 [INFO] CADModel:165 - CPN selected for project level
2024-10-04 09:11:44,983 [INFO] CADModel:114 - Register for checkConnection events
2024-10-04 09:11:44,983 [FATAL] Updater:308 - Updater called before beeing initialized
2024-10-04 09:11:44,983 [ERROR] CADModel:125 - Updater not yet initialized, retry later 
2024-10-04 09:11:44,987 [FATAL] Updater:308 - Updater called before beeing initialized
2024-10-04 09:11:45,233 [FATAL] Updater:308 - Updater called before beeing initialized
2024-10-04 09:11:45,246 [INFO] DbMcusAds:53 - JSON generation date=Fri Sep 20 10:04:23 BRT 2024 (1726837463113)
2024-10-04 09:11:45,246 [FATAL] Updater:308 - Updater called before beeing initialized
2024-10-04 09:11:45,380 [WARN] DetailPanel:346 - Failed to get advertising image, set to default
2024-10-04 09:11:45,539 [FATAL] Updater:308 - Updater called before beeing initialized
2024-10-04 09:11:45,542 [FATAL] Updater:308 - Updater called before beeing initialized
2024-10-04 09:11:45,542 [FATAL] Updater:308 - Updater called before beeing initialized
2024-10-04 09:11:45,542 [WARN] DetailPanel:346 - Failed to get advertising image, set to default
2024-10-04 09:11:45,543 [FATAL] Updater:308 - Updater called before beeing initialized
2024-10-04 09:11:45,658 [ERROR] Updater:1120 - MainUpdater not yet initialized. External WinMGr cannot be set.
2024-10-04 09:11:45,671 [INFO] Updater:1056 - Updater Version found : 6.11.1
2024-10-04 09:11:45,698 [INFO] ApplicationProperties:184 - Using Application install path: C:\ST\STM32CubeIDE_1.15.1\STM32CubeIDE\plugins\com.st.stm32cube.common.mx_6.11.1.202404110753
2024-10-04 09:11:47,065 [INFO] ThirdPartyUpdaterWithRetryManager:70 - Updater plugin not ready yet. [3/15]
2024-10-04 09:11:47,281 [ERROR] LogOutputStream:75 - [STDERR_REDIRECT] Oct 04, 2024 9:11:47 AM java.util.prefs.WindowsPreferences <init>
2024-10-04 09:11:47,283 [ERROR] LogOutputStream:75 - [STDERR_REDIRECT] WARNING: Could not open/create prefs root node Software\JavaSoft\Prefs at root 0xffffffff80000002. Windows RegCreateKeyEx(...) returned error code 5.
2024-10-04 09:11:47,283 [ERROR] LogOutputStream:75 - [STDERR_REDIRECT] 
2024-10-04 09:11:47,691 [INFO] MainUpdater:2873 - connection check result : 10
2024-10-04 09:11:47,691 [INFO] MainUpdater:290 - Updater Check For Update Now.
2024-10-04 09:11:47,692 [INFO] MicroXplorer:498 - Change Database Version : DB.6.0.111
2024-10-04 09:11:47,707 [INFO] McuFinderGlobals:63 - Set McuFinder mode to 2 (CubeIDE integrated)
2024-10-04 09:11:47,722 [INFO] UserAuth:415 - Internet connection configuration mode: 1
2024-10-04 09:11:47,768 [INFO] JxBrowserEngine:152 - Initiate JxBrowser Engine with user profile folder
2024-10-04 09:11:47,984 [INFO] CheckServerUpdateThread:120 - End of CheckServer Thread
2024-10-04 09:11:49,121 [INFO] McuFinderGlobals:63 - Set McuFinder mode to 2 (CubeIDE integrated)
2024-10-04 09:11:49,154 [INFO] MainUpdater:2873 - connection check result : 10
2024-10-04 09:11:49,162 [INFO] MainUpdater:2873 - connection check result : 10
2024-10-04 09:11:49,378 [INFO] MicroXplorer:468 - Change Database Path : 
2024-10-04 09:11:49,378 [INFO] MicroXplorer:498 - Change Database Version : DB.6.0.111
2024-10-04 09:11:49,392 [WARN] ThirdParty:871 - waiting for thirdparty lock release [close project]
2024-10-04 09:11:50,453 [WARN] PackLoader:240 - Cannot read IP mode file for STMicroelectronics.FP-SNS-MOTENVWB1.1.4.0
2024-10-04 09:11:50,475 [WARN] PackLoader:240 - Cannot read IP mode file for STMicroelectronics.X-CUBE-SMBUS.2.1.0
2024-10-04 09:11:50,499 [WARN] PackLoader:240 - Cannot read IP mode file for STMicroelectronics.X-CUBE-WB05N.1.1.0
2024-10-04 09:11:50,523 [WARN] PackLoader:240 - Cannot read IP mode file for STMicroelectronics.X-CUBE-TOUCHGFX.4.23.2
2024-10-04 09:11:50,592 [WARN] PackLoader:240 - Cannot read IP mode file for STMicroelectronics.X-CUBE-AZRTOS-F7.1.1.0
2024-10-04 09:11:50,783 [WARN] PackLoader:240 - Cannot read IP mode file for STMicroelectronics.X-CUBE-MEMS1.11.0.0
2024-10-04 09:11:51,001 [WARN] PackLoader:240 - Cannot read IP mode file for STMicroelectronics.FP-SNS-FLIGHT1.5.0.2
2024-10-04 09:11:51,029 [WARN] PackLoader:240 - Cannot read IP mode file for STMicroelectronics.X-CUBE-DISPLAY.3.0.0
2024-10-04 09:11:51,075 [WARN] PackLoader:240 - Cannot read IP mode file for STMicroelectronics.X-CUBE-BLE1.7.0.0
2024-10-04 09:11:51,113 [WARN] PackLoader:240 - Cannot read IP mode file for STMicroelectronics.X-CUBE-NFC10.1.0.0
2024-10-04 09:11:51,155 [WARN] PackLoader:240 - Cannot read IP mode file for emotas.I-CUBE-CANOPEN.1.3.0
2024-10-04 09:11:51,183 [WARN] PackLoader:240 - Cannot read IP mode file for STMicroelectronics.X-CUBE-BLEMGR.3.1.0
2024-10-04 09:11:51,249 [WARN] PackLoader:240 - Cannot read IP mode file for STMicroelectronics.FP-SNS-SMARTAG2.1.2.0
2024-10-04 09:11:51,330 [INFO] LogOutputStream:77 - [STDOUT_REDIRECT] 1 : Invalid condition id : UX_CORESTACK_Condition cause : null
2024-10-04 09:11:51,331 [INFO] LogOutputStream:77 - [STDOUT_REDIRECT] 1 : Invalid condition id : UX_CORESTACK_Condition cause : null
2024-10-04 09:11:51,333 [INFO] LogOutputStream:77 - [STDOUT_REDIRECT] 1 : Invalid condition id : UX_CORESTACK_Condition cause : null
2024-10-04 09:11:51,334 [INFO] LogOutputStream:77 - [STDOUT_REDIRECT] 1 : Invalid condition id : UX_CORESTACK_Condition cause : null
2024-10-04 09:11:51,336 [INFO] LogOutputStream:77 - [STDOUT_REDIRECT] 1 : Invalid condition id : UX_CORESTACK_Condition cause : null
2024-10-04 09:11:51,346 [WARN] PackLoader:240 - Cannot read IP mode file for STMicroelectronics.X-CUBE-AZRTOS-WL.2.0.0
2024-10-04 09:11:51,416 [WARN] PackLoader:240 - Cannot read IP mode file for STMicroelectronics.FP-SNS-MOTENV1.5.0.0
2024-10-04 09:11:51,466 [WARN] PackLoader:240 - Cannot read IP mode file for wolfSSL.I-CUBE-wolfMQTT.1.19.0
2024-10-04 09:11:51,501 [WARN] PackLoader:240 - Cannot read IP mode file for WES.I-CUBE-Cesium.1.3.0
2024-10-04 09:11:51,522 [WARN] PackLoader:240 - Cannot read IP mode file for STMicroelectronics.X-CUBE-BLE2.3.3.0
2024-10-04 09:11:51,595 [WARN] PackLoader:240 - Cannot read IP mode file for STMicroelectronics.X-CUBE-NFC9.1.0.0
2024-10-04 09:11:51,721 [WARN] PackLoader:240 - Cannot read IP mode file for STMicroelectronics.X-CUBE-TCPP.4.1.0
2024-10-04 09:11:51,810 [WARN] PackLoader:240 - Cannot read IP mode file for STMicroelectronics.X-CUBE-AZRTOS-G0.1.1.0
2024-10-04 09:11:51,883 [WARN] PackLoader:240 - Cannot read IP mode file for STMicroelectronics.X-CUBE-SAFEA1.1.2.2
2024-10-04 09:11:51,901 [WARN] PackLoader:240 - Cannot read IP mode file for STMicroelectronics.X-CUBE-NFC4.3.0.0
2024-10-04 09:11:51,953 [WARN] PackLoader:240 - Cannot read IP mode file for wolfSSL.I-CUBE-wolfMQTT.1.18.0
2024-10-04 09:11:52,006 [WARN] PackLoader:240 - Cannot read IP mode file for EmbeddedOffice.I-CUBE-FS-RTOS.1.0.1
2024-10-04 09:11:52,007 [ERROR] ConditionMgr:805 - Attr not supported : Dmpu
2024-10-04 09:11:52,007 [ERROR] ConditionMgr:805 - Attr not supported : Dmpu
2024-10-04 09:11:52,007 [ERROR] ConditionMgr:805 - Attr not supported : Dmpu
2024-10-04 09:11:52,007 [ERROR] ConditionMgr:805 - Attr not supported : Dmpu
2024-10-04 09:11:52,007 [ERROR] ConditionMgr:805 - Attr not supported : Dmpu
2024-10-04 09:11:52,007 [ERROR] ConditionMgr:805 - Attr not supported : Dmpu
2024-10-04 09:11:52,007 [ERROR] ConditionMgr:805 - Attr not supported : Dmpu
2024-10-04 09:11:52,007 [ERROR] ConditionMgr:805 - Attr not supported : Dmpu
2024-10-04 09:11:52,008 [ERROR] ConditionMgr:805 - Attr not supported : Dmpu
2024-10-04 09:11:52,008 [ERROR] ConditionMgr:805 - Attr not supported : Dmpu
2024-10-04 09:11:52,008 [ERROR] ConditionMgr:805 - Attr not supported : Dmpu
2024-10-04 09:11:52,008 [ERROR] ConditionMgr:805 - Attr not supported : Dmpu
2024-10-04 09:11:52,008 [ERROR] ConditionMgr:805 - Attr not supported : Dmpu
2024-10-04 09:11:52,008 [ERROR] ConditionMgr:805 - Attr not supported : Dmpu
2024-10-04 09:11:52,008 [ERROR] ConditionMgr:805 - Attr not supported : Dmpu
2024-10-04 09:11:52,008 [ERROR] ConditionMgr:805 - Attr not supported : Dmpu
2024-10-04 09:11:52,008 [ERROR] ConditionMgr:805 - Attr not supported : Dmpu
2024-10-04 09:11:52,008 [ERROR] ConditionMgr:805 - Attr not supported : Dmpu
2024-10-04 09:11:52,008 [ERROR] ConditionMgr:805 - Attr not supported : Dmpu
2024-10-04 09:11:52,008 [ERROR] ConditionMgr:805 - Attr not supported : Dmpu
2024-10-04 09:11:52,009 [ERROR] ConditionMgr:805 - Attr not supported : Dmpu
2024-10-04 09:11:52,009 [ERROR] ConditionMgr:805 - Attr not supported : Dmpu
2024-10-04 09:11:52,009 [ERROR] ConditionMgr:805 - Attr not supported : Dmpu
2024-10-04 09:11:52,009 [ERROR] ConditionMgr:805 - Attr not supported : Dmpu
2024-10-04 09:11:52,009 [ERROR] ConditionMgr:805 - Attr not supported : Dmpu
2024-10-04 09:11:52,009 [ERROR] ConditionMgr:805 - Attr not supported : Dmpu
2024-10-04 09:11:52,010 [ERROR] ConditionMgr:805 - Attr not supported : Dmpu
2024-10-04 09:11:52,010 [ERROR] ConditionMgr:805 - Attr not supported : Dmpu
2024-10-04 09:11:52,010 [ERROR] ConditionMgr:805 - Attr not supported : Dmpu
2024-10-04 09:11:52,010 [ERROR] ConditionMgr:805 - Attr not supported : Dmpu
2024-10-04 09:11:52,010 [ERROR] ConditionMgr:805 - Attr not supported : Dmpu
2024-10-04 09:11:52,010 [ERROR] ConditionMgr:805 - Attr not supported : Dmpu
2024-10-04 09:11:52,010 [ERROR] ConditionMgr:805 - Attr not supported : Dmpu
2024-10-04 09:11:52,010 [ERROR] ConditionMgr:805 - Attr not supported : Dmpu
2024-10-04 09:11:52,010 [ERROR] ConditionMgr:805 - Attr not supported : Dmpu
2024-10-04 09:11:52,010 [ERROR] ConditionMgr:805 - Attr not supported : Dmpu
2024-10-04 09:11:52,010 [ERROR] ConditionMgr:805 - Attr not supported : Dmpu
2024-10-04 09:11:52,011 [ERROR] ConditionMgr:805 - Attr not supported : Dmpu
2024-10-04 09:11:52,011 [ERROR] ConditionMgr:805 - Attr not supported : Dmpu
2024-10-04 09:11:52,011 [ERROR] ConditionMgr:805 - Attr not supported : Dmpu
2024-10-04 09:11:52,011 [ERROR] ConditionMgr:805 - Attr not supported : Dmpu
2024-10-04 09:11:52,011 [ERROR] ConditionMgr:805 - Attr not supported : Dmpu
2024-10-04 09:11:52,011 [ERROR] ConditionMgr:805 - Attr not supported : Dmpu
2024-10-04 09:11:52,012 [ERROR] ConditionMgr:805 - Attr not supported : Dmpu
2024-10-04 09:11:52,012 [ERROR] ConditionMgr:805 - Attr not supported : Dmpu
2024-10-04 09:11:52,012 [ERROR] ConditionMgr:805 - Attr not supported : Dmpu
2024-10-04 09:11:52,012 [ERROR] ConditionMgr:805 - Attr not supported : Dmpu
2024-10-04 09:11:52,012 [ERROR] ConditionMgr:805 - Attr not supported : Dmpu
2024-10-04 09:11:52,012 [ERROR] ConditionMgr:805 - Attr not supported : Dmpu
2024-10-04 09:11:52,012 [ERROR] ConditionMgr:805 - Attr not supported : Dmpu
2024-10-04 09:11:52,012 [ERROR] ConditionMgr:805 - Attr not supported : Dmpu
2024-10-04 09:11:52,012 [ERROR] ConditionMgr:805 - Attr not supported : Dmpu
2024-10-04 09:11:52,012 [ERROR] ConditionMgr:805 - Attr not supported : Dmpu
2024-10-04 09:11:52,012 [ERROR] ConditionMgr:805 - Attr not supported : Dmpu
2024-10-04 09:11:52,013 [ERROR] ConditionMgr:805 - Attr not supported : Dmpu
2024-10-04 09:11:52,013 [ERROR] ConditionMgr:805 - Attr not supported : Dmpu
2024-10-04 09:11:52,013 [ERROR] ConditionMgr:805 - Attr not supported : Dmpu
2024-10-04 09:11:52,013 [ERROR] ConditionMgr:805 - Attr not supported : Dmpu
2024-10-04 09:11:52,013 [ERROR] ConditionMgr:805 - Attr not supported : Dmpu
2024-10-04 09:11:52,013 [ERROR] ConditionMgr:805 - Attr not supported : Dmpu
2024-10-04 09:11:52,013 [ERROR] ConditionMgr:805 - Attr not supported : Dmpu
2024-10-04 09:11:52,013 [ERROR] ConditionMgr:805 - Attr not supported : Dmpu
2024-10-04 09:11:52,013 [ERROR] ConditionMgr:805 - Attr not supported : Dmpu
2024-10-04 09:11:52,013 [ERROR] ConditionMgr:805 - Attr not supported : Dmpu
2024-10-04 09:11:52,080 [WARN] PackLoader:240 - Cannot read IP mode file for RealThread.X-CUBE-RT-Thread_Nano.4.1.1
2024-10-04 09:11:52,110 [WARN] PackLoader:240 - Cannot read IP mode file for wolfSSL.I-CUBE-wolfSSL.5.7.0
2024-10-04 09:11:52,126 [WARN] PackLoader:240 - Cannot read IP mode file for STMicroelectronics.FP-ATR-SIGFOX1.3.2.0
2024-10-04 09:11:52,146 [WARN] PackLoader:240 - Cannot read IP mode file for STMicroelectronics.X-CUBE-EEPRMA1.5.1.0
2024-10-04 09:11:52,170 [WARN] PackLoader:240 - Cannot read IP mode file for ITTIA_DB.I-CUBE-ITTIADB.8.9.0
2024-10-04 09:11:52,228 [WARN] PackLoader:240 - Cannot read IP mode file for SEGGER.I-CUBE-embOS.1.3.1
2024-10-04 09:11:52,292 [WARN] PackLoader:240 - Cannot read IP mode file for STMicroelectronics.X-CUBE-ALGOBUILD.1.4.0
2024-10-04 09:11:52,315 [WARN] PackLoader:240 - Cannot read IP mode file for STMicroelectronics.X-CUBE-AI.9.1.0
2024-10-04 09:11:52,345 [WARN] PackLoader:240 - Cannot read IP mode file for STMicroelectronics.X-CUBE-GNSS1.6.0.0
2024-10-04 09:11:52,380 [WARN] PackLoader:240 - Cannot read IP mode file for STMicroelectronics.X-CUBE-AZRTOS-F4.1.1.0
2024-10-04 09:11:52,398 [WARN] PackLoader:240 - Cannot read IP mode file for STMicroelectronics.X-CUBE-ISPU.2.1.0
2024-10-04 09:11:52,413 [WARN] PackLoader:240 - Cannot read IP mode file for STMicroelectronics.X-CUBE-FREERTOS.1.2.0
2024-10-04 09:11:52,448 [WARN] PackLoader:240 - Cannot read IP mode file for STMicroelectronics.X-CUBE-AZRTOS-L5.2.0.0
2024-10-04 09:11:52,470 [WARN] PackLoader:240 - Cannot read IP mode file for STMicroelectronics.X-CUBE-NFC6.3.1.0
2024-10-04 09:11:52,490 [WARN] PackLoader:240 - Cannot read IP mode file for STMicroelectronics.X-CUBE-DPower.1.2.0
2024-10-04 09:11:52,505 [WARN] PackLoader:240 - Cannot read IP mode file for STMicroelectronics.X-CUBE-AI.9.0.0
2024-10-04 09:11:52,522 [WARN] PackLoader:240 - Cannot read IP mode file for STMicroelectronics.X-CUBE-NFC7.1.0.1
2024-10-04 09:11:52,537 [WARN] PackLoader:240 - Cannot read IP mode file for wolfSSL.I-CUBE-wolfTPM.3.2.0
2024-10-04 09:11:52,580 [WARN] ConditionMgr:438 - getConditionDescription Invalid condition id : LAN8742 Phy interface Condition cause : null
2024-10-04 09:11:52,580 [WARN] PackLoader:240 - Cannot read IP mode file for STMicroelectronics.X-CUBE-AZRTOS-L4.2.0.0
2024-10-04 09:11:52,582 [WARN] ConditionMgr:1039 - genDependencies : Invalid condition id : LAN8742 Phy interface Condition cause : null
2024-10-04 09:11:52,582 [WARN] ConditionMgr:1039 - genDependencies : Invalid condition id : LAN8742 Phy interface Condition cause : null
2024-10-04 09:11:52,583 [WARN] ConditionMgr:1039 - genDependencies : Invalid condition id : LAN8742 Phy interface Condition cause : null
2024-10-04 09:11:52,601 [WARN] PackLoader:240 - Cannot read IP mode file for STMicroelectronics.X-CUBE-SFXS2LP1.4.0.0
2024-10-04 09:11:52,643 [WARN] PackLoader:240 - Cannot read IP mode file for STMicroelectronics.X-CUBE-AZRTOS-H7.3.3.0
2024-10-04 09:11:52,670 [WARN] PackLoader:240 - Cannot read IP mode file for STMicroelectronics.X-CUBE-IPS.3.0.0
2024-10-04 09:11:52,710 [WARN] ConditionMgr:438 - getConditionDescription Invalid condition id : UX DEVICE CLASS RTOS Condition cause : null
2024-10-04 09:11:52,710 [WARN] ConditionMgr:438 - getConditionDescription Invalid condition id : UX DEVICE CLASS RTOS Condition cause : null
2024-10-04 09:11:52,712 [WARN] PackLoader:240 - Cannot read IP mode file for STMicroelectronics.X-CUBE-AZRTOS-WB.2.0.0
2024-10-04 09:11:52,713 [WARN] ConditionMgr:1039 - genDependencies : Invalid condition id : UX DEVICE CLASS RTOS Condition cause : null
2024-10-04 09:11:52,713 [WARN] ConditionMgr:1039 - genDependencies : Invalid condition id : UX DEVICE CLASS RTOS Condition cause : null
2024-10-04 09:11:52,714 [WARN] ConditionMgr:1039 - genDependencies : Invalid condition id : UX DEVICE CLASS RTOS Condition cause : null
2024-10-04 09:11:52,714 [WARN] ConditionMgr:1039 - genDependencies : Invalid condition id : UX DEVICE CLASS RTOS Condition cause : null
2024-10-04 09:11:52,714 [WARN] ConditionMgr:1039 - genDependencies : Invalid condition id : UX DEVICE CLASS RTOS Condition cause : null
2024-10-04 09:11:52,731 [WARN] PackLoader:240 - Cannot read IP mode file for STMicroelectronics.X-CUBE-GNSS1.7.0.0
2024-10-04 09:11:52,752 [WARN] PackLoader:240 - Cannot read IP mode file for STMicroelectronics.FP-SNS-STBOX1.2.0.0
2024-10-04 09:11:52,787 [WARN] PackLoader:240 - Cannot read IP mode file for STMicroelectronics.X-CUBE-SUBG2.5.0.0
2024-10-04 09:11:52,832 [WARN] PackLoader:240 - Cannot read IP mode file for STMicroelectronics.X-CUBE-AZRTOS-G4.2.0.0
2024-10-04 09:11:52,855 [WARN] PackLoader:240 - Cannot read IP mode file for STMicroelectronics.X-CUBE-ISPU.2.0.0
2024-10-04 09:11:52,895 [WARN] PackLoader:240 - Cannot read IP mode file for STMicroelectronics.X-CUBE-ALS.1.0.2
2024-10-04 09:11:53,030 [WARN] PackLoader:240 - Cannot read IP mode file for STMicroelectronics.X-CUBE-MEMS1.10.0.0
2024-10-04 09:11:53,165 [WARN] PackLoader:240 - Cannot read IP mode file for STMicroelectronics.X-CUBE-TOUCHGFX.4.24.0
2024-10-04 09:11:53,184 [WARN] PackLoader:240 - Cannot read IP mode file for STMicroelectronics.X-CUBE-TOUCHGFX.4.24.1
2024-10-04 09:11:53,208 [WARN] PackLoader:240 - Cannot read IP mode file for portGmbH.I-Cube-SoM-uGOAL.1.1.0
2024-10-04 09:11:53,223 [WARN] PackLoader:240 - Cannot read IP mode file for STMicroelectronics.X-CUBE-ALS.1.0.1
2024-10-04 09:11:53,279 [WARN] PackLoader:240 - Cannot read IP mode file for STMicroelectronics.X-CUBE-AZRTOS-H7RS.1.0.0
2024-10-04 09:11:53,298 [WARN] PackLoader:240 - Cannot read IP mode file for STMicroelectronics.FP-ATR-ASTRA1.2.0.0
2024-10-04 09:11:53,325 [WARN] PackLoader:240 - Cannot read IP mode file for STMicroelectronics.X-CUBE-TOF1.3.4.2
2024-10-04 09:11:53,367 [WARN] PackLoader:240 - Cannot read IP mode file for STMicroelectronics.X-CUBE-TOF1.3.4.1
2024-10-04 09:11:53,411 [WARN] PackLoader:240 - Cannot read IP mode file for STMicroelectronics.X-CUBE-AZRTOS-H7.3.2.0
2024-10-04 09:11:53,453 [WARN] PackLoader:240 - Cannot read IP mode file for Infineon.AIROC-Wi-Fi-Bluetooth-STM32.1.6.0
2024-10-04 09:11:53,472 [WARN] PackLoader:240 - Cannot read IP mode file for wolfSSL.I-CUBE-wolfSSH.1.4.17
2024-10-04 09:11:53,472 [INFO] ThirdParty:978 - Integrity check success = true
2024-10-04 09:11:53,473 [INFO] IntegrityCheckThread:100 - exiting critical section [integrity check]
2024-10-04 09:11:53,473 [INFO] IntegrityCheckThread:103 - End integrity checks thread
2024-10-04 09:11:53,473 [INFO] ThirdParty:873 - entering critical section [close project]
2024-10-04 09:11:53,474 [INFO] ThirdParty:883 - exiting critical section [close project]
2024-10-04 09:11:53,476 [INFO] PinOutPanel:1561 - setPackage(No Configuration,No Configuration)
2024-10-04 09:11:53,480 [INFO] UtilMem:75 - Begin LoadConfig() Used Memory: 180975664 Bytes (268435456)
2024-10-04 09:11:53,482 [INFO] MicroXplorer:468 - Change Database Path : 
2024-10-04 09:11:53,482 [INFO] MicroXplorer:498 - Change Database Version : DB.6.0.111
2024-10-04 09:11:53,482 [INFO] OpenFileManager:312 - Change cursor
2024-10-04 09:11:53,576 [INFO] Mcu:2021 - Initializing MCU STM32F407Z(E-G)Tx STM32F407ZETx STM32F407ZET7
2024-10-04 09:11:57,418 [INFO] WebApp:161 - Instantiating new browser for Auth
2024-10-04 09:11:58,877 [INFO] WebApp:779 - Register for checkConnection events
2024-10-04 09:11:58,877 [INFO] WebApp:414 - Apply proxy settings
2024-10-04 09:11:58,877 [INFO] WebApp:499 - Chromium requires no authentication
2024-10-04 09:11:58,895 [INFO] WebApp:442 - Direct internet connection detected
2024-10-04 09:11:59,146 [INFO] Context:663 - Trying to add GPIOservice into a context  which must be forbidden
2024-10-04 09:11:59,185 [INFO] WebApp:192 - Starting web application
2024-10-04 09:11:59,185 [INFO] WebApp:544 - Web application path used C:\ST\STM32CubeIDE_1.15.1\STM32CubeIDE\plugins\com.st.stm32cube.common.mx_6.11.1.202404110753\db\plugins\mcufinder\reactClient1\index.html
2024-10-04 09:12:01,079 [INFO] RtosManager:555 - Registered RTOS mode: class=CMSIS, group=RTOS, mode=CMSIS_V1, owner=FREERTOS
2024-10-04 09:12:01,080 [INFO] RtosManager:555 - Registered RTOS mode: class=CMSIS, group=RTOS2, mode=CMSIS_V2, owner=FREERTOS
2024-10-04 09:12:01,080 [INFO] RtosManager:555 - Registered RTOS mode: class=RTOS, group=Core, mode=CMSIS_V1, owner=FREERTOS
2024-10-04 09:12:01,080 [INFO] RtosManager:555 - Registered RTOS mode: class=RTOS, group=Core, mode=CMSIS_V2, owner=FREERTOS
2024-10-04 09:12:01,080 [WARN] ModelIntegratedComponent:184 - Missing modes for component STMicroelectronics:FreeRTOS:0.0.1:STMicroelectronics:RTOS:FreeRTOS:Core:::10.2.0:
2024-10-04 09:12:01,103 [WARN] ModelIntegratedComponent:63 - No mode defined for component null
2024-10-04 09:12:01,103 [WARN] ModelIntegratedComponent:63 - No mode defined for component null
2024-10-04 09:12:01,103 [WARN] ModelIntegratedComponent:63 - No mode defined for component null
2024-10-04 09:12:01,103 [WARN] ModelIntegratedComponent:63 - No mode defined for component null
2024-10-04 09:12:01,104 [WARN] ModelIntegratedComponent:63 - No mode defined for component null
2024-10-04 09:12:01,104 [WARN] ModelIntegratedComponent:63 - No mode defined for component null
2024-10-04 09:12:01,104 [WARN] ModelIntegratedComponent:63 - No mode defined for component null
2024-10-04 09:12:01,104 [WARN] ModelIntegratedComponent:63 - No mode defined for component null
2024-10-04 09:12:01,104 [WARN] ModelIntegratedComponent:63 - No mode defined for component null
2024-10-04 09:12:01,104 [WARN] ModelIntegratedComponent:63 - No mode defined for component null
2024-10-04 09:12:01,104 [WARN] ModelIntegratedComponent:63 - No mode defined for component null
2024-10-04 09:12:01,104 [WARN] ModelIntegratedComponent:63 - No mode defined for component null
2024-10-04 09:12:01,104 [WARN] ModelIntegratedComponent:63 - No mode defined for component null
2024-10-04 09:12:01,104 [WARN] ModelIntegratedComponent:63 - No mode defined for component null
2024-10-04 09:12:01,104 [WARN] ModelIntegratedComponent:63 - No mode defined for component null
2024-10-04 09:12:01,105 [WARN] ModelIntegratedComponent:63 - No mode defined for component null
2024-10-04 09:12:01,105 [WARN] ModelIntegratedComponent:63 - No mode defined for component null
2024-10-04 09:12:01,110 [WARN] ModelIntegratedComponent:63 - No mode defined for component null
2024-10-04 09:12:01,110 [WARN] ModelIntegratedComponent:63 - No mode defined for component null
2024-10-04 09:12:01,110 [WARN] ModelIntegratedComponent:63 - No mode defined for component null
2024-10-04 09:12:01,110 [WARN] ModelIntegratedComponent:63 - No mode defined for component null
2024-10-04 09:12:01,110 [WARN] ModelIntegratedComponent:63 - No mode defined for component null
2024-10-04 09:12:01,111 [WARN] ModelIntegratedComponent:63 - No mode defined for component null
2024-10-04 09:12:01,111 [WARN] ModelIntegratedComponent:63 - No mode defined for component null
2024-10-04 09:12:01,111 [WARN] ModelIntegratedComponent:63 - No mode defined for component null
2024-10-04 09:12:01,111 [WARN] ModelIntegratedComponent:63 - No mode defined for component null
2024-10-04 09:12:01,111 [WARN] ModelIntegratedComponent:63 - No mode defined for component null
2024-10-04 09:12:01,111 [WARN] ModelIntegratedComponent:63 - No mode defined for component null
2024-10-04 09:12:01,111 [WARN] ModelIntegratedComponent:63 - No mode defined for component null
2024-10-04 09:12:01,111 [WARN] ModelIntegratedComponent:63 - No mode defined for component null
2024-10-04 09:12:01,111 [WARN] ModelIntegratedComponent:63 - No mode defined for component null
2024-10-04 09:12:01,111 [WARN] ModelIntegratedComponent:63 - No mode defined for component null
2024-10-04 09:12:01,111 [WARN] ModelIntegratedComponent:63 - No mode defined for component null
2024-10-04 09:12:01,112 [WARN] ModelIntegratedComponent:63 - No mode defined for component null
2024-10-04 09:12:01,315 [INFO] ThirdPartyModel:298 - Start build external matchings
2024-10-04 09:12:02,157 [INFO] ThirdPartyModel:316 - End build external matchings
2024-10-04 09:12:03,251 [INFO] ApiDb:581 - Connected to CubeFinder SQLite database (C:\Users\Matheus Markies\.stmcufinder\plugins\mcufinder\mcu\cube-finder-db.db)
2024-10-04 09:12:03,550 [INFO] ApiDb:668 - CubeFinder database Data Model version=2.1
2024-10-04 09:12:03,551 [INFO] ApiDb:669 - CubeFinder database Configuration version=3.0.39
2024-10-04 09:12:03,551 [INFO] ApiDb:670 - CubeFinder database generation date=2024-09-16 (1726485674)
2024-10-04 09:12:03,551 [INFO] ApiDb:671 - CubeFinder database FW Pack versions=[FP-ATR-ASTRA1_V2.0.0, FP-SNS-FLIGHT1_V5.0.2, FP-SNS-MOTENV1_V5.0.0, FP-SNS-MOTENVWB1_V1.4.0, FP-SNS-SMARTAG2_V1.2.0, FP-SNS-STBOX1_V2.0.0, STM32Cube_FW_C0_V1.2.0, STM32Cube_FW_F4_V1.28.1, STM32Cube_FW_F7_V1.17.2, STM32Cube_FW_G0_V1.6.2, STM32Cube_FW_G4_V1.6.0, STM32Cube_FW_H5_V1.3.0, STM32Cube_FW_H7RS_V1.1.0, STM32Cube_FW_H7_V1.11.2, STM32Cube_FW_L0_V1.12.2, STM32Cube_FW_L5_V1.5.1, STM32Cube_FW_U0_V1.1.0, STM32Cube_FW_U5_V1.6.0, STM32Cube_FW_WB0_V1.0.0, STM32Cube_FW_WBA_V1.4.1, STM32Cube_FW_WB_V1.20.0, STM32Cube_FW_WL_V1.3.0, X-CUBE-ALGOBUILD_V1.4.0, X-CUBE-ALS_V1.0.2, X-CUBE-AZRTOS-F4_V1.1.0, X-CUBE-AZRTOS-F7_V1.1.0, X-CUBE-AZRTOS-G0_V1.1.0, X-CUBE-AZRTOS-G4_V2.0.0, X-CUBE-AZRTOS-H7RS_V1.0.0, X-CUBE-AZRTOS-H7_V3.2.0, X-CUBE-AZRTOS-L4_V2.0.0, X-CUBE-AZRTOS-L5_V2.0.0, X-CUBE-AZRTOS-WB_V2.0.0, X-CUBE-AZRTOS-WL_V2.0.0, X-CUBE-BLE1_V7.0.0, X-CUBE-BLE2_V3.3.0, X-CUBE-BLEMGR_V3.1.0, X-CUBE-EEPRMA1_V5.1.0, X-CUBE-FREERTOS_V1.2.0, X-CUBE-GNSS1_V6.0.0, X-CUBE-MEMS1_V11.0.0, X-CUBE-NFC4_V3.0.0, X-CUBE-NFC7_V1.0.1, X-CUBE-SFXS2LP1_V4.0.0, X-CUBE-SUBG2_V5.0.0, X-CUBE-TOF1_V3.4.2]
2024-10-04 09:12:03,930 [INFO] DbBoardsSqlite:226 - include board P-NUCLEO-WB55-NUCLEO as a kit item of type 'Nucleo-64'
2024-10-04 09:12:03,930 [INFO] DbBoardsSqlite:226 - include board P-NUCLEO-WB55-USBDONGLE as a kit item of type 'Nucleo USB Dongle'
2024-10-04 09:12:03,936 [INFO] DbBoardsSqlite:226 - include board STEVAL-IDP005V1 as a kit item of type 'Evaluation Board'
2024-10-04 09:12:03,936 [INFO] DbBoardsSqlite:226 - include board STEVAL-IDP005V2 as a kit item of type 'Evaluation Board'
2024-10-04 09:12:05,762 [INFO] ApiDb:240 - Found 483 in-development CPN: [B-G473E-ZEST1S, B-WB1M-WPAN1, B-WL5M-SUBG1, NUCLEO-C031C6, NUCLEO-H503RB, NUCLEO-H533RE, NUCLEO-H563ZI, NUCLEO-H7S3L8, NUCLEO-U031R8, NUCLEO-U083RC, NUCLEO-U545RE-Q, NUCLEO-U5A5ZJ-Q, NUCLEO-WBA52CG, NUCLEO-WBA55CG, STEVAL-PROTEUS1, STEVAL-SMARTAG2, STEVAL-STWINBX1, STM320518-EVAL, STM32C0116-DK, STM32C011D6Y3TR, STM32C011D6Y6TR, STM32C011F4P3, STM32C011F4P6, STM32C011F4U3, STM32C011F4U6TR, STM32C011F6P3, STM32C011F6P6, STM32C011F6U3, STM32C011F6U6TR, STM32C011J4M3, STM32C011J4M6, STM32C011J6M3, STM32C011J6M6, STM32C0316-DK, STM32C031C4T3, STM32C031C4T6, STM32C031C4U3, STM32C031C4U6, STM32C031C6T3, STM32C031C6T6, STM32C031C6U3, STM32C031C6U6, STM32C031F4P3, STM32C031F4P6, STM32C031F6P3, STM32C031F6P6, STM32C031G4U3, STM32C031G4U6, STM32C031G6U3, STM32C031G6U6, STM32C031K4T3, STM32C031K4T6, STM32C031K4U3, STM32C031K4U6, STM32C031K6T3, STM32C031K6T6, STM32C031K6U3, STM32C031K6U6, STM32G071K8TXN, STM32G071K8UXN, STM32G081GBU6N, STM32G081KBT6N, STM32G081KBUXN, STM32G0B1CCT6N, STM32G0B1KCT6, STM32G0B1NEY6TR, STM32G0B1RCT6N, STM32G0C1CCT6, STM32G0C1CCT6N, STM32G0C1CCU6N, STM32G0C1CET6N, STM32G0C1CEU6N, STM32G0C1KCT6, STM32G0C1NEY6TR, STM32G0C1RCI6N, STM32G0C1RCT6N, STM32G0C1REI6N, STM32G0C1RET6N, STM32G0C1VCI6, STM32G0C1VEI6, STM32G471CCT6, STM32G471CCU6, STM32G471CET3, STM32G471CET6, STM32G471CEU3, STM32G471CEU6, STM32G471MCT6, STM32G471MET3, STM32G471MET6, STM32G471MEY6TR, STM32G471QCT6, STM32G471QET3, STM32G471RCT6, STM32G471RET3, STM32G471RET6, STM32G471VCH6, STM32G471VCI6, STM32G471VCT6, STM32G471VEH3, STM32G471VEH6, STM32G471VEI3, STM32G471VEI6, STM32G471VET3, STM32G471VET6, STM32G474CCT6, STM32H503CBT6, STM32H503CBU6, STM32H503EBY6TR, STM32H503KBU6, STM32H503RBT6, STM32H523CCT6, STM32H523CCU6, STM32H523CET6, STM32H523CEU6, STM32H523HEY6TR, STM32H523RCT6, STM32H523RET6, STM32H523VCI6, STM32H523VCT6, STM32H523VEI6, STM32H523VET6, STM32H523ZCJ6, STM32H523ZCT6, STM32H523ZEJ6, STM32H523ZET6, STM32H533CET6, STM32H533CEU6, STM32H533HEY6TR, STM32H533RET6, STM32H533VEI6, STM32H533VET6, STM32H533ZEJ6, STM32H533ZET6, STM32H562AGI6, STM32H562AII6, STM32H562IGK6, STM32H562IGT6, STM32H562IIK6, STM32H562IIT6, STM32H562RGT6, STM32H562RGV6, STM32H562RIT6, STM32H562RIV6, STM32H562VGT6, STM32H562VIT6, STM32H562ZGT6, STM32H562ZIT6, STM32H563AGI6, STM32H563AII3Q, STM32H563AII6, STM32H563IGK6, STM32H563IGT6, STM32H563IIK3Q, STM32H563IIK6, STM32H563IIT3Q, STM32H563IIT6, STM32H563MIY3QTR, STM32H563RGT6, STM32H563RGV6, STM32H563RIT6, STM32H563RIV6, STM32H563VGT6, STM32H563VIT3Q, STM32H563VIT6, STM32H563ZGT6, STM32H563ZIT3Q, STM32H563ZIT6, STM32H573AII3Q, STM32H573AII6, STM32H573I-DK, STM32H573IIK3Q, STM32H573IIK6, STM32H573IIT3Q, STM32H573IIT6, STM32H573MIY3QTR, STM32H573RIT6, STM32H573RIV6, STM32H573VIT3Q, STM32H573VIT6, STM32H573ZIT3Q, STM32H573ZIT6, STM32H7R3A8I6, STM32H7R3I8K6, STM32H7R3I8T6, STM32H7R3L8H6, STM32H7R3L8H6H, STM32H7R3R8V6, STM32H7R3V8H6, STM32H7R3V8T6, STM32H7R3V8Y6, STM32H7R3Z8J6, STM32H7R3Z8T6, STM32H7R7A8I6, STM32H7R7I8K6, STM32H7R7I8T6, STM32H7R7L8H6, STM32H7R7L8H6H, STM32H7R7Z8J6, STM32H7S3A8I6, STM32H7S3I8K6, STM32H7S3I8T6, STM32H7S3L8H6, STM32H7S3L8H6H, STM32H7S3R8V6, STM32H7S3V8H6, STM32H7S3V8T6, STM32H7S3V8Y6, STM32H7S3Z8J6, STM32H7S3Z8T6, STM32H7S78-DK, STM32H7S7A8I6, STM32H7S7I8K6, STM32H7S7I8T6, STM32H7S7L8H6, STM32H7S7L8H6H, STM32H7S7Z8J6, STM32L4R5QGI6STR, STM32MP131AAE3, STM32MP131AAF3, STM32MP131AAG3, STM32MP131CAE3, STM32MP131CAF3, STM32MP131CAG3, STM32MP131DAE7, STM32MP131DAF7, STM32MP131DAG7, STM32MP131FAE7, STM32MP131FAF7, STM32MP131FAG7, STM32MP133AAE3, STM32MP133AAF3, STM32MP133AAG3, STM32MP133CAE3, STM32MP133CAF3, STM32MP133CAG3, STM32MP133DAE7, STM32MP133DAF7, STM32MP133DAG7, STM32MP133FAE7, STM32MP133FAF7, STM32MP133FAG7, STM32MP135AAE3, STM32MP135AAF3, STM32MP135AAG3, STM32MP135CAE3, STM32MP135CAF3, STM32MP135CAG3, STM32MP135DAE7, STM32MP135DAF7, STM32MP135DAG7, STM32MP135F-DK, STM32MP135FAE7, STM32MP135FAF7, STM32MP135FAF7T, STM32MP135FAF7U, STM32MP135FAG7, STM32U031C6T6, STM32U031C6U6, STM32U031C8T6, STM32U031C8U6, STM32U031F4P6, STM32U031F6P6, STM32U031F8P6, STM32U031G6Y6TR, STM32U031G8Y6TR, STM32U031K4U6, STM32U031K6U6, STM32U031K8U6, STM32U031R6I6, STM32U031R6T6, STM32U031R8I6, STM32U031R8T6, STM32U073C8T6, STM32U073C8U6, STM32U073CBT6, STM32U073CBU6, STM32U073CCT6, STM32U073CCU6, STM32U073H8Y6TR, STM32U073HBY6TR, STM32U073HCY6TR, STM32U073K8U6, STM32U073KBU6, STM32U073KCU6, STM32U073M8I6, STM32U073M8T6, STM32U073MBI6, STM32U073MBT6, STM32U073MCI6, STM32U073MCT6, STM32U073R8I6, STM32U073R8T6, STM32U073RBI6, STM32U073RBT6, STM32U073RCI6, STM32U073RCT6, STM32U083C-DK, STM32U083CCT6, STM32U083CCU6, STM32U083HCY6TR, STM32U083KCU6, STM32U083MCI6, STM32U083MCT6, STM32U083RCI6, STM32U083RCT6, STM32U535CBT6, STM32U535CBT6Q, STM32U535CBU6, STM32U535CBU6Q, STM32U535CCT6, STM32U535CCT6Q, STM32U535CCU6, STM32U535CCU6Q, STM32U535CET6, STM32U535CET6Q, STM32U535CEU6, STM32U535CEU6Q, STM32U535JEY6QTR, STM32U535NCY6QTR, STM32U535NEY6QTR, STM32U535RBI6, STM32U535RBI6Q, STM32U535RBT6, STM32U535RBT6Q, STM32U535RCI6, STM32U535RCI6Q, STM32U535RCT6, STM32U535RCT6Q, STM32U535REI6, STM32U535REI6Q, STM32U535RET6, STM32U535RET6Q, STM32U535VCI6, STM32U535VCI6Q, STM32U535VCT6, STM32U535VCT6Q, STM32U535VEI6, STM32U535VEI6Q, STM32U535VET6, STM32U535VET6Q, STM32U545CET6, STM32U545CET6Q, STM32U545CEU6, STM32U545CEU6Q, STM32U545JEY6QTR, STM32U545NEY6QTR, STM32U545REI6, STM32U545REI6Q, STM32U545RET6, STM32U545RET6Q, STM32U545VEI6, STM32U545VEI6Q, STM32U545VET6, STM32U545VET6Q, STM32U595AIH6, STM32U595AIH6Q, STM32U595AJH6, STM32U595AJH6Q, STM32U595QII6, STM32U595QII6Q, STM32U595QJI6, STM32U595QJI6Q, STM32U595RIT6, STM32U595RIT6Q, STM32U595RJT6, STM32U595RJT6Q, STM32U595VIT6, STM32U595VIT6Q, STM32U595VJT6, STM32U595VJT6Q, STM32U595ZIT6, STM32U595ZIT6Q, STM32U595ZIY6QTR, STM32U595ZJT6, STM32U595ZJT6Q, STM32U595ZJY6QTR, STM32U599BJY6QTR, STM32U599NIH6Q, STM32U599NJH6Q, STM32U599VIT6Q, STM32U599VJT6, STM32U599VJT6Q, STM32U599ZIT6Q, STM32U599ZIY6QTR, STM32U599ZJT6Q, STM32U599ZJY6QTR, STM32U5A5AJH6, STM32U5A5AJH6Q, STM32U5A5QII3Q , STM32U5A5QJI6, STM32U5A5QJI6Q, STM32U5A5RJT6, STM32U5A5RJT6Q, STM32U5A5VJT6, STM32U5A5VJT6Q, STM32U5A5ZJT6, STM32U5A5ZJT6Q, STM32U5A5ZJY6QTR, STM32U5A9BJY6QTR, STM32U5A9J-DK, STM32U5A9NJH6Q, STM32U5A9VJT6Q, STM32U5A9ZJT6Q, STM32U5A9ZJY6QTR, STM32U5F7VIT6, STM32U5F7VIT6Q, STM32U5F7VJT6, STM32U5F7VJT6Q, STM32U5F9BJY6QTR, STM32U5F9NJH6Q, STM32U5F9VIT6Q, STM32U5F9VJT6Q, STM32U5F9ZIJ6QTR, STM32U5F9ZIT6Q, STM32U5F9ZJJ6QTR, STM32U5F9ZJT6Q, STM32U5G7VJT6, STM32U5G7VJT6Q, STM32U5G9BJY6QTR, STM32U5G9J-DK1, STM32U5G9J-DK2, STM32U5G9NJH6Q, STM32U5G9VJT6Q, STM32U5G9ZJJ6QTR, STM32U5G9ZJT6Q, STM32WB1MMCH6, STM32WBA50KEU6, STM32WBA50KEU6TR, STM32WBA50KGU6, STM32WBA50KGU6TR, STM32WBA52CEU6, STM32WBA52CEU6TR, STM32WBA52CEU7, STM32WBA52CEU7TR, STM32WBA52CGU6, STM32WBA52CGU6TR, STM32WBA52CGU6U, STM32WBA52CGU7, STM32WBA52CGU7TR, STM32WBA52KEU6, STM32WBA52KEU6TR, STM32WBA52KGU6, STM32WBA52KGU6TR, STM32WBA54CEU6, STM32WBA54CEU6TR, STM32WBA54CEU7, STM32WBA54CEU7TR, STM32WBA54CGU6, STM32WBA54CGU6TR, STM32WBA54CGU7, STM32WBA54CGU7TR, STM32WBA54KEU6, STM32WBA54KEU6TR, STM32WBA54KEU7, STM32WBA54KEU7TR, STM32WBA54KGU6, STM32WBA54KGU6TR, STM32WBA54KGU7, STM32WBA54KGU7TR, STM32WBA55CEU6, STM32WBA55CEU6TR, STM32WBA55CEU7, STM32WBA55CEU7TR, STM32WBA55CGU6, STM32WBA55CGU6TR, STM32WBA55CGU6U, STM32WBA55CGU7, STM32WBA55CGU7TR, STM32WBA55G-DK1, STM32WBA55HEF6, STM32WBA55HEF7, STM32WBA55HGF6, STM32WBA55HGF7, STM32WBA55UEI6, STM32WBA55UEI6TR, STM32WBA55UEI7, STM32WBA55UEI7TR, STM32WBA55UGI6, STM32WBA55UGI6TR, STM32WBA55UGI7, STM32WBA55UGI7TR, STM32WL5MOCH6, STM32WL5MOCH6TR]
2024-10-04 09:12:05,766 [INFO] ApiDb:668 - CubeFinder database Data Model version=2.1
2024-10-04 09:12:05,766 [INFO] ApiDb:669 - CubeFinder database Configuration version=3.0.39
2024-10-04 09:12:05,766 [INFO] ApiDb:670 - CubeFinder database generation date=2024-09-16 (1726485674)
2024-10-04 09:12:05,766 [INFO] ApiDb:671 - CubeFinder database FW Pack versions=[FP-ATR-ASTRA1_V2.0.0, FP-SNS-FLIGHT1_V5.0.2, FP-SNS-MOTENV1_V5.0.0, FP-SNS-MOTENVWB1_V1.4.0, FP-SNS-SMARTAG2_V1.2.0, FP-SNS-STBOX1_V2.0.0, STM32Cube_FW_C0_V1.2.0, STM32Cube_FW_F4_V1.28.1, STM32Cube_FW_F7_V1.17.2, STM32Cube_FW_G0_V1.6.2, STM32Cube_FW_G4_V1.6.0, STM32Cube_FW_H5_V1.3.0, STM32Cube_FW_H7RS_V1.1.0, STM32Cube_FW_H7_V1.11.2, STM32Cube_FW_L0_V1.12.2, STM32Cube_FW_L5_V1.5.1, STM32Cube_FW_U0_V1.1.0, STM32Cube_FW_U5_V1.6.0, STM32Cube_FW_WB0_V1.0.0, STM32Cube_FW_WBA_V1.4.1, STM32Cube_FW_WB_V1.20.0, STM32Cube_FW_WL_V1.3.0, X-CUBE-ALGOBUILD_V1.4.0, X-CUBE-ALS_V1.0.2, X-CUBE-AZRTOS-F4_V1.1.0, X-CUBE-AZRTOS-F7_V1.1.0, X-CUBE-AZRTOS-G0_V1.1.0, X-CUBE-AZRTOS-G4_V2.0.0, X-CUBE-AZRTOS-H7RS_V1.0.0, X-CUBE-AZRTOS-H7_V3.2.0, X-CUBE-AZRTOS-L4_V2.0.0, X-CUBE-AZRTOS-L5_V2.0.0, X-CUBE-AZRTOS-WB_V2.0.0, X-CUBE-AZRTOS-WL_V2.0.0, X-CUBE-BLE1_V7.0.0, X-CUBE-BLE2_V3.3.0, X-CUBE-BLEMGR_V3.1.0, X-CUBE-EEPRMA1_V5.1.0, X-CUBE-FREERTOS_V1.2.0, X-CUBE-GNSS1_V6.0.0, X-CUBE-MEMS1_V11.0.0, X-CUBE-NFC4_V3.0.0, X-CUBE-NFC7_V1.0.1, X-CUBE-SFXS2LP1_V4.0.0, X-CUBE-SUBG2_V5.0.0, X-CUBE-TOF1_V3.4.2]
2024-10-04 09:12:08,426 [INFO] ApiDb:240 - Found 483 in-development CPN: [B-G473E-ZEST1S, B-WB1M-WPAN1, B-WL5M-SUBG1, NUCLEO-C031C6, NUCLEO-H503RB, NUCLEO-H533RE, NUCLEO-H563ZI, NUCLEO-H7S3L8, NUCLEO-U031R8, NUCLEO-U083RC, NUCLEO-U545RE-Q, NUCLEO-U5A5ZJ-Q, NUCLEO-WBA52CG, NUCLEO-WBA55CG, STEVAL-PROTEUS1, STEVAL-SMARTAG2, STEVAL-STWINBX1, STM320518-EVAL, STM32C0116-DK, STM32C011D6Y3TR, STM32C011D6Y6TR, STM32C011F4P3, STM32C011F4P6, STM32C011F4U3, STM32C011F4U6TR, STM32C011F6P3, STM32C011F6P6, STM32C011F6U3, STM32C011F6U6TR, STM32C011J4M3, STM32C011J4M6, STM32C011J6M3, STM32C011J6M6, STM32C0316-DK, STM32C031C4T3, STM32C031C4T6, STM32C031C4U3, STM32C031C4U6, STM32C031C6T3, STM32C031C6T6, STM32C031C6U3, STM32C031C6U6, STM32C031F4P3, STM32C031F4P6, STM32C031F6P3, STM32C031F6P6, STM32C031G4U3, STM32C031G4U6, STM32C031G6U3, STM32C031G6U6, STM32C031K4T3, STM32C031K4T6, STM32C031K4U3, STM32C031K4U6, STM32C031K6T3, STM32C031K6T6, STM32C031K6U3, STM32C031K6U6, STM32G071K8TXN, STM32G071K8UXN, STM32G081GBU6N, STM32G081KBT6N, STM32G081KBUXN, STM32G0B1CCT6N, STM32G0B1KCT6, STM32G0B1NEY6TR, STM32G0B1RCT6N, STM32G0C1CCT6, STM32G0C1CCT6N, STM32G0C1CCU6N, STM32G0C1CET6N, STM32G0C1CEU6N, STM32G0C1KCT6, STM32G0C1NEY6TR, STM32G0C1RCI6N, STM32G0C1RCT6N, STM32G0C1REI6N, STM32G0C1RET6N, STM32G0C1VCI6, STM32G0C1VEI6, STM32G471CCT6, STM32G471CCU6, STM32G471CET3, STM32G471CET6, STM32G471CEU3, STM32G471CEU6, STM32G471MCT6, STM32G471MET3, STM32G471MET6, STM32G471MEY6TR, STM32G471QCT6, STM32G471QET3, STM32G471RCT6, STM32G471RET3, STM32G471RET6, STM32G471VCH6, STM32G471VCI6, STM32G471VCT6, STM32G471VEH3, STM32G471VEH6, STM32G471VEI3, STM32G471VEI6, STM32G471VET3, STM32G471VET6, STM32G474CCT6, STM32H503CBT6, STM32H503CBU6, STM32H503EBY6TR, STM32H503KBU6, STM32H503RBT6, STM32H523CCT6, STM32H523CCU6, STM32H523CET6, STM32H523CEU6, STM32H523HEY6TR, STM32H523RCT6, STM32H523RET6, STM32H523VCI6, STM32H523VCT6, STM32H523VEI6, STM32H523VET6, STM32H523ZCJ6, STM32H523ZCT6, STM32H523ZEJ6, STM32H523ZET6, STM32H533CET6, STM32H533CEU6, STM32H533HEY6TR, STM32H533RET6, STM32H533VEI6, STM32H533VET6, STM32H533ZEJ6, STM32H533ZET6, STM32H562AGI6, STM32H562AII6, STM32H562IGK6, STM32H562IGT6, STM32H562IIK6, STM32H562IIT6, STM32H562RGT6, STM32H562RGV6, STM32H562RIT6, STM32H562RIV6, STM32H562VGT6, STM32H562VIT6, STM32H562ZGT6, STM32H562ZIT6, STM32H563AGI6, STM32H563AII3Q, STM32H563AII6, STM32H563IGK6, STM32H563IGT6, STM32H563IIK3Q, STM32H563IIK6, STM32H563IIT3Q, STM32H563IIT6, STM32H563MIY3QTR, STM32H563RGT6, STM32H563RGV6, STM32H563RIT6, STM32H563RIV6, STM32H563VGT6, STM32H563VIT3Q, STM32H563VIT6, STM32H563ZGT6, STM32H563ZIT3Q, STM32H563ZIT6, STM32H573AII3Q, STM32H573AII6, STM32H573I-DK, STM32H573IIK3Q, STM32H573IIK6, STM32H573IIT3Q, STM32H573IIT6, STM32H573MIY3QTR, STM32H573RIT6, STM32H573RIV6, STM32H573VIT3Q, STM32H573VIT6, STM32H573ZIT3Q, STM32H573ZIT6, STM32H7R3A8I6, STM32H7R3I8K6, STM32H7R3I8T6, STM32H7R3L8H6, STM32H7R3L8H6H, STM32H7R3R8V6, STM32H7R3V8H6, STM32H7R3V8T6, STM32H7R3V8Y6, STM32H7R3Z8J6, STM32H7R3Z8T6, STM32H7R7A8I6, STM32H7R7I8K6, STM32H7R7I8T6, STM32H7R7L8H6, STM32H7R7L8H6H, STM32H7R7Z8J6, STM32H7S3A8I6, STM32H7S3I8K6, STM32H7S3I8T6, STM32H7S3L8H6, STM32H7S3L8H6H, STM32H7S3R8V6, STM32H7S3V8H6, STM32H7S3V8T6, STM32H7S3V8Y6, STM32H7S3Z8J6, STM32H7S3Z8T6, STM32H7S78-DK, STM32H7S7A8I6, STM32H7S7I8K6, STM32H7S7I8T6, STM32H7S7L8H6, STM32H7S7L8H6H, STM32H7S7Z8J6, STM32L4R5QGI6STR, STM32MP131AAE3, STM32MP131AAF3, STM32MP131AAG3, STM32MP131CAE3, STM32MP131CAF3, STM32MP131CAG3, STM32MP131DAE7, STM32MP131DAF7, STM32MP131DAG7, STM32MP131FAE7, STM32MP131FAF7, STM32MP131FAG7, STM32MP133AAE3, STM32MP133AAF3, STM32MP133AAG3, STM32MP133CAE3, STM32MP133CAF3, STM32MP133CAG3, STM32MP133DAE7, STM32MP133DAF7, STM32MP133DAG7, STM32MP133FAE7, STM32MP133FAF7, STM32MP133FAG7, STM32MP135AAE3, STM32MP135AAF3, STM32MP135AAG3, STM32MP135CAE3, STM32MP135CAF3, STM32MP135CAG3, STM32MP135DAE7, STM32MP135DAF7, STM32MP135DAG7, STM32MP135F-DK, STM32MP135FAE7, STM32MP135FAF7, STM32MP135FAF7T, STM32MP135FAF7U, STM32MP135FAG7, STM32U031C6T6, STM32U031C6U6, STM32U031C8T6, STM32U031C8U6, STM32U031F4P6, STM32U031F6P6, STM32U031F8P6, STM32U031G6Y6TR, STM32U031G8Y6TR, STM32U031K4U6, STM32U031K6U6, STM32U031K8U6, STM32U031R6I6, STM32U031R6T6, STM32U031R8I6, STM32U031R8T6, STM32U073C8T6, STM32U073C8U6, STM32U073CBT6, STM32U073CBU6, STM32U073CCT6, STM32U073CCU6, STM32U073H8Y6TR, STM32U073HBY6TR, STM32U073HCY6TR, STM32U073K8U6, STM32U073KBU6, STM32U073KCU6, STM32U073M8I6, STM32U073M8T6, STM32U073MBI6, STM32U073MBT6, STM32U073MCI6, STM32U073MCT6, STM32U073R8I6, STM32U073R8T6, STM32U073RBI6, STM32U073RBT6, STM32U073RCI6, STM32U073RCT6, STM32U083C-DK, STM32U083CCT6, STM32U083CCU6, STM32U083HCY6TR, STM32U083KCU6, STM32U083MCI6, STM32U083MCT6, STM32U083RCI6, STM32U083RCT6, STM32U535CBT6, STM32U535CBT6Q, STM32U535CBU6, STM32U535CBU6Q, STM32U535CCT6, STM32U535CCT6Q, STM32U535CCU6, STM32U535CCU6Q, STM32U535CET6, STM32U535CET6Q, STM32U535CEU6, STM32U535CEU6Q, STM32U535JEY6QTR, STM32U535NCY6QTR, STM32U535NEY6QTR, STM32U535RBI6, STM32U535RBI6Q, STM32U535RBT6, STM32U535RBT6Q, STM32U535RCI6, STM32U535RCI6Q, STM32U535RCT6, STM32U535RCT6Q, STM32U535REI6, STM32U535REI6Q, STM32U535RET6, STM32U535RET6Q, STM32U535VCI6, STM32U535VCI6Q, STM32U535VCT6, STM32U535VCT6Q, STM32U535VEI6, STM32U535VEI6Q, STM32U535VET6, STM32U535VET6Q, STM32U545CET6, STM32U545CET6Q, STM32U545CEU6, STM32U545CEU6Q, STM32U545JEY6QTR, STM32U545NEY6QTR, STM32U545REI6, STM32U545REI6Q, STM32U545RET6, STM32U545RET6Q, STM32U545VEI6, STM32U545VEI6Q, STM32U545VET6, STM32U545VET6Q, STM32U595AIH6, STM32U595AIH6Q, STM32U595AJH6, STM32U595AJH6Q, STM32U595QII6, STM32U595QII6Q, STM32U595QJI6, STM32U595QJI6Q, STM32U595RIT6, STM32U595RIT6Q, STM32U595RJT6, STM32U595RJT6Q, STM32U595VIT6, STM32U595VIT6Q, STM32U595VJT6, STM32U595VJT6Q, STM32U595ZIT6, STM32U595ZIT6Q, STM32U595ZIY6QTR, STM32U595ZJT6, STM32U595ZJT6Q, STM32U595ZJY6QTR, STM32U599BJY6QTR, STM32U599NIH6Q, STM32U599NJH6Q, STM32U599VIT6Q, STM32U599VJT6, STM32U599VJT6Q, STM32U599ZIT6Q, STM32U599ZIY6QTR, STM32U599ZJT6Q, STM32U599ZJY6QTR, STM32U5A5AJH6, STM32U5A5AJH6Q, STM32U5A5QII3Q , STM32U5A5QJI6, STM32U5A5QJI6Q, STM32U5A5RJT6, STM32U5A5RJT6Q, STM32U5A5VJT6, STM32U5A5VJT6Q, STM32U5A5ZJT6, STM32U5A5ZJT6Q, STM32U5A5ZJY6QTR, STM32U5A9BJY6QTR, STM32U5A9J-DK, STM32U5A9NJH6Q, STM32U5A9VJT6Q, STM32U5A9ZJT6Q, STM32U5A9ZJY6QTR, STM32U5F7VIT6, STM32U5F7VIT6Q, STM32U5F7VJT6, STM32U5F7VJT6Q, STM32U5F9BJY6QTR, STM32U5F9NJH6Q, STM32U5F9VIT6Q, STM32U5F9VJT6Q, STM32U5F9ZIJ6QTR, STM32U5F9ZIT6Q, STM32U5F9ZJJ6QTR, STM32U5F9ZJT6Q, STM32U5G7VJT6, STM32U5G7VJT6Q, STM32U5G9BJY6QTR, STM32U5G9J-DK1, STM32U5G9J-DK2, STM32U5G9NJH6Q, STM32U5G9VJT6Q, STM32U5G9ZJJ6QTR, STM32U5G9ZJT6Q, STM32WB1MMCH6, STM32WBA50KEU6, STM32WBA50KEU6TR, STM32WBA50KGU6, STM32WBA50KGU6TR, STM32WBA52CEU6, STM32WBA52CEU6TR, STM32WBA52CEU7, STM32WBA52CEU7TR, STM32WBA52CGU6, STM32WBA52CGU6TR, STM32WBA52CGU6U, STM32WBA52CGU7, STM32WBA52CGU7TR, STM32WBA52KEU6, STM32WBA52KEU6TR, STM32WBA52KGU6, STM32WBA52KGU6TR, STM32WBA54CEU6, STM32WBA54CEU6TR, STM32WBA54CEU7, STM32WBA54CEU7TR, STM32WBA54CGU6, STM32WBA54CGU6TR, STM32WBA54CGU7, STM32WBA54CGU7TR, STM32WBA54KEU6, STM32WBA54KEU6TR, STM32WBA54KEU7, STM32WBA54KEU7TR, STM32WBA54KGU6, STM32WBA54KGU6TR, STM32WBA54KGU7, STM32WBA54KGU7TR, STM32WBA55CEU6, STM32WBA55CEU6TR, STM32WBA55CEU7, STM32WBA55CEU7TR, STM32WBA55CGU6, STM32WBA55CGU6TR, STM32WBA55CGU6U, STM32WBA55CGU7, STM32WBA55CGU7TR, STM32WBA55G-DK1, STM32WBA55HEF6, STM32WBA55HEF7, STM32WBA55HGF6, STM32WBA55HGF7, STM32WBA55UEI6, STM32WBA55UEI6TR, STM32WBA55UEI7, STM32WBA55UEI7TR, STM32WBA55UGI6, STM32WBA55UGI6TR, STM32WBA55UGI7, STM32WBA55UGI7TR, STM32WL5MOCH6, STM32WL5MOCH6TR]
2024-10-04 09:12:08,435 [INFO] DbMcus:218 - Found 4204 MCUs, 4204 are supported
2024-10-04 09:12:08,443 [INFO] ApiDb:423 - Load user favorites file C:\Users\Matheus Markies/.stm32cubeide/favorites.mcus.txt: 3 item(s)
2024-10-04 09:12:08,443 [INFO] ApiDb:427 - User favorites MCUs=[STM32F103RBT6, STM32F411RET7, STM32L053C8T6]
2024-10-04 09:12:08,443 [INFO] DbMcus:224 - Set 3 / 3 favorites MCUs
2024-10-04 09:12:09,032 [INFO] BoardInfo:889 - No configuration file found for board NUCLEO-WB05KZ
2024-10-04 09:12:09,035 [INFO] DbBoards:161 - Board is not supported: NUCLEO-WB05KZ
2024-10-04 09:12:09,036 [INFO] BoardInfo:889 - No configuration file found for board NUCLEO-WB07CC
2024-10-04 09:12:09,037 [INFO] DbBoards:161 - Board is not supported: NUCLEO-WB07CC
2024-10-04 09:12:09,038 [INFO] BoardInfo:889 - No configuration file found for board NUCLEO-WB09KE
2024-10-04 09:12:09,038 [INFO] DbBoards:161 - Board is not supported: NUCLEO-WB09KE
2024-10-04 09:12:09,055 [INFO] BoardInfo:889 - No configuration file found for board P-NUCLEO-WB55
2024-10-04 09:12:09,055 [INFO] DbBoards:161 - Kit is not supported: P-NUCLEO-WB55
2024-10-04 09:12:09,062 [INFO] BoardInfo:889 - No configuration file found for board STEVAL-BFA001V1B
2024-10-04 09:12:09,063 [INFO] DbBoards:161 - Kit is not supported: STEVAL-BFA001V1B
2024-10-04 09:12:09,064 [INFO] BoardInfo:889 - No configuration file found for board STEVAL-BFA001V2B
2024-10-04 09:12:09,065 [INFO] DbBoards:161 - Kit is not supported: STEVAL-BFA001V2B
2024-10-04 09:12:09,256 [INFO] BoardInfo:889 - No configuration file found for board STM32MP257F-DK
2024-10-04 09:12:09,256 [INFO] DbBoards:161 - Board is not supported: STM32MP257F-DK
2024-10-04 09:12:09,258 [INFO] BoardInfo:889 - No configuration file found for board STM32MP257F-EV1
2024-10-04 09:12:09,258 [INFO] DbBoards:161 - Board is not supported: STM32MP257F-EV1
2024-10-04 09:12:09,274 [INFO] DbBoards:168 - Found 200 boards, 192 are supported
2024-10-04 09:12:09,275 [INFO] DbBoards:169 - Found 200 boards, 8 of them is supported for  Bsp
2024-10-04 09:12:09,281 [INFO] ApiDb:423 - Load user favorites file C:\Users\Matheus Markies/.stm32cubeide/favorites.boards.txt: 0 item(s)
2024-10-04 09:12:09,281 [INFO] ApiDb:427 - User favorites Boards=[]
2024-10-04 09:12:09,281 [INFO] DbBoards:198 - Set 0 / 0 favorites Boards
2024-10-04 09:12:09,329 [INFO] UtilMem:75 - End LoadConfig() Used Memory: 290187008 Bytes (478150656)
2024-10-04 09:12:09,690 [WARN] ThirdParty:833 - waiting for thirdparty lock release [change project]
2024-10-04 09:12:09,691 [INFO] ThirdParty:835 - entering critical section [change project]
2024-10-04 09:12:09,691 [INFO] ThirdParty:1030 - CMSIS Pack Vendor :STMicroelectronics USBPD 4.1
2024-10-04 09:12:09,691 [INFO] ThirdParty:1030 - CMSIS Pack Vendor :STMicroelectronics X-CUBE-AZRTOS-H7 3.3.0
2024-10-04 09:12:09,691 [INFO] ThirdParty:1030 - CMSIS Pack Vendor :STMicroelectronics X-CUBE-NFC9 1.0.0
2024-10-04 09:12:09,691 [INFO] ThirdParty:1030 - CMSIS Pack Vendor :STMicroelectronics X-CUBE-GNSS1 6.0.0
2024-10-04 09:12:09,691 [INFO] ThirdParty:1030 - CMSIS Pack Vendor :STMicroelectronics USB_HOST 2.0.0
2024-10-04 09:12:09,691 [INFO] ThirdParty:1030 - CMSIS Pack Vendor :STMicroelectronics FP-SNS-MOTENVWB1 1.4.0
2024-10-04 09:12:09,691 [INFO] ThirdParty:1030 - CMSIS Pack Vendor :STMicroelectronics X-CUBE-AZRTOS-F4 1.1.0
2024-10-04 09:12:09,691 [INFO] ThirdParty:1030 - CMSIS Pack Vendor :STMicroelectronics LIBJPEG 8.0.0
2024-10-04 09:12:09,692 [INFO] ThirdParty:1030 - CMSIS Pack Vendor :STMicroelectronics X-CUBE-SMBUS 2.1.0
2024-10-04 09:12:09,692 [INFO] ThirdParty:1030 - CMSIS Pack Vendor :STMicroelectronics X-CUBE-WB05N 1.1.0
2024-10-04 09:12:09,692 [INFO] ThirdParty:1030 - CMSIS Pack Vendor :STMicroelectronics USB_DEVICE 3.0.0
2024-10-04 09:12:09,692 [INFO] ThirdParty:1030 - CMSIS Pack Vendor :STMicroelectronics X-CUBE-TCPP 4.1.0
2024-10-04 09:12:09,692 [INFO] ThirdParty:1030 - CMSIS Pack Vendor :STMicroelectronics X-CUBE-ISPU 2.1.0
2024-10-04 09:12:09,692 [INFO] ThirdParty:1030 - CMSIS Pack Vendor :STMicroelectronics X-CUBE-FREERTOS 1.2.0
2024-10-04 09:12:09,692 [INFO] ThirdParty:1030 - CMSIS Pack Vendor :STMicroelectronics X-CUBE-IPS 3.0.0
2024-10-04 09:12:09,692 [INFO] ThirdParty:1030 - CMSIS Pack Vendor :STMicroelectronics X-CUBE-AZRTOS-WB 2.0.0
2024-10-04 09:12:09,692 [INFO] ThirdParty:1030 - CMSIS Pack Vendor :STMicroelectronics X-CUBE-GNSS1 7.0.0
2024-10-04 09:12:09,692 [INFO] ThirdParty:1030 - CMSIS Pack Vendor :STMicroelectronics X-CUBE-TOUCHGFX 4.23.2
2024-10-04 09:12:09,692 [INFO] ThirdParty:1030 - CMSIS Pack Vendor :STMicroelectronics X-CUBE-AZRTOS-F7 1.1.0
2024-10-04 09:12:09,692 [INFO] ThirdParty:1030 - CMSIS Pack Vendor :STMicroelectronics X-CUBE-AZRTOS-L5 2.0.0
2024-10-04 09:12:09,692 [INFO] ThirdParty:1030 - CMSIS Pack Vendor :STMicroelectronics USB_DEVICE 2.0.0
2024-10-04 09:12:09,692 [INFO] ThirdParty:1030 - CMSIS Pack Vendor :STMicroelectronics X-CUBE-NFC6 3.1.0
2024-10-04 09:12:09,692 [INFO] ThirdParty:1030 - CMSIS Pack Vendor :STMicroelectronics FP-SNS-STBOX1 2.0.0
2024-10-04 09:12:09,692 [INFO] ThirdParty:1030 - CMSIS Pack Vendor :STMicroelectronics X-CUBE-MEMS1 11.0.0
2024-10-04 09:12:09,693 [INFO] ThirdParty:1030 - CMSIS Pack Vendor :STMicroelectronics FreeRTOS 0.0.1
2024-10-04 09:12:09,693 [INFO] ThirdParty:1030 - CMSIS Pack Vendor :STMicroelectronics X-CUBE-AZRTOS-G0 1.1.0
2024-10-04 09:12:09,693 [INFO] ThirdParty:1030 - CMSIS Pack Vendor :STMicroelectronics X-CUBE-SAFEA1 1.2.2
2024-10-04 09:12:09,693 [INFO] ThirdParty:1030 - CMSIS Pack Vendor :STMicroelectronics X-CUBE-NFC4 3.0.0
2024-10-04 09:12:09,693 [INFO] ThirdParty:1030 - CMSIS Pack Vendor :STMicroelectronics X-CUBE-DPower 1.2.0
2024-10-04 09:12:09,693 [INFO] ThirdParty:1030 - CMSIS Pack Vendor :STMicroelectronics X-CUBE-SUBG2 5.0.0
2024-10-04 09:12:09,693 [INFO] ThirdParty:1030 - CMSIS Pack Vendor :STMicroelectronics STM32_WPAN 1.0.0
2024-10-04 09:12:09,693 [INFO] ThirdParty:1030 - CMSIS Pack Vendor :wolfSSL I-CUBE-wolfMQTT 1.18.0
2024-10-04 09:12:09,693 [INFO] ThirdParty:1030 - CMSIS Pack Vendor :EmbeddedOffice I-CUBE-FS-RTOS 1.0.1
2024-10-04 09:12:09,693 [INFO] ThirdParty:1030 - CMSIS Pack Vendor :STMicroelectronics lwIP 2.0.3
2024-10-04 09:12:09,693 [INFO] ThirdParty:1030 - CMSIS Pack Vendor :STMicroelectronics FP-SNS-FLIGHT1 5.0.2
2024-10-04 09:12:09,693 [INFO] ThirdParty:1030 - CMSIS Pack Vendor :STMicroelectronics USB_HOST 1.0.0
2024-10-04 09:12:09,693 [INFO] ThirdParty:1030 - CMSIS Pack Vendor :STMicroelectronics X-CUBE-AI 9.0.0
2024-10-04 09:12:09,693 [INFO] ThirdParty:1030 - CMSIS Pack Vendor :STMicroelectronics X-CUBE-AZRTOS-G4 2.0.0
2024-10-04 09:12:09,693 [INFO] ThirdParty:1030 - CMSIS Pack Vendor :STMicroelectronics PDM2PCM 3.1.0
2024-10-04 09:12:09,694 [INFO] ThirdParty:1030 - CMSIS Pack Vendor :STMicroelectronics PDM2PCM 3.3.0
2024-10-04 09:12:09,694 [INFO] ThirdParty:1030 - CMSIS Pack Vendor :STMicroelectronics X-CUBE-DISPLAY 3.0.0
2024-10-04 09:12:09,694 [INFO] ThirdParty:1030 - CMSIS Pack Vendor :RealThread X-CUBE-RT-Thread_Nano 4.1.1
2024-10-04 09:12:09,694 [INFO] ThirdParty:1030 - CMSIS Pack Vendor :wolfSSL I-CUBE-wolfSSL 5.7.0
2024-10-04 09:12:09,694 [INFO] ThirdParty:1030 - CMSIS Pack Vendor :STMicroelectronics X-CUBE-BLE1 7.0.0
2024-10-04 09:12:09,694 [INFO] ThirdParty:1030 - CMSIS Pack Vendor :STMicroelectronics FP-ATR-SIGFOX1 3.2.0
2024-10-04 09:12:09,694 [INFO] ThirdParty:1030 - CMSIS Pack Vendor :STMicroelectronics X-CUBE-NFC10 1.0.0
2024-10-04 09:12:09,694 [INFO] ThirdParty:1030 - CMSIS Pack Vendor :STMicroelectronics X-CUBE-ISPU 2.0.0
2024-10-04 09:12:09,694 [INFO] ThirdParty:1030 - CMSIS Pack Vendor :STMicroelectronics X-CUBE-EEPRMA1 5.1.0
2024-10-04 09:12:09,694 [INFO] ThirdParty:1030 - CMSIS Pack Vendor :STMicroelectronics HAL Drivers 0.0.0
2024-10-04 09:12:09,694 [INFO] ThirdParty:1030 - CMSIS Pack Vendor :STMicroelectronics MBEDTLS 2.16.2
2024-10-04 09:12:09,694 [INFO] ThirdParty:1030 - CMSIS Pack Vendor :STMicroelectronics X-CUBE-ALS 1.0.2
2024-10-04 09:12:09,694 [INFO] ThirdParty:1030 - CMSIS Pack Vendor :emotas I-CUBE-CANOPEN 1.3.0
2024-10-04 09:12:09,694 [INFO] ThirdParty:1030 - CMSIS Pack Vendor :STMicroelectronics X-CUBE-MEMS1 10.0.0
2024-10-04 09:12:09,694 [INFO] ThirdParty:1030 - CMSIS Pack Vendor :STMicroelectronics X-CUBE-NFC7 1.0.1
2024-10-04 09:12:09,694 [INFO] ThirdParty:1030 - CMSIS Pack Vendor :STMicroelectronics MBEDTLS 2.14.1
2024-10-04 09:12:09,694 [INFO] ThirdParty:1030 - CMSIS Pack Vendor :STMicroelectronics X-CUBE-TOUCHGFX 4.24.0
2024-10-04 09:12:09,695 [INFO] ThirdParty:1030 - CMSIS Pack Vendor :ITTIA_DB I-CUBE-ITTIADB 8.9.0
2024-10-04 09:12:09,695 [INFO] ThirdParty:1030 - CMSIS Pack Vendor :wolfSSL I-CUBE-wolfTPM 3.2.0
2024-10-04 09:12:09,695 [INFO] ThirdParty:1030 - CMSIS Pack Vendor :STMicroelectronics X-CUBE-TOUCHGFX 4.24.1
2024-10-04 09:12:09,695 [INFO] ThirdParty:1030 - CMSIS Pack Vendor :portGmbH I-Cube-SoM-uGOAL 1.1.0
2024-10-04 09:12:09,695 [INFO] ThirdParty:1030 - CMSIS Pack Vendor :STMicroelectronics X-CUBE-ALS 1.0.1
2024-10-04 09:12:09,695 [INFO] ThirdParty:1030 - CMSIS Pack Vendor :STMicroelectronics X-CUBE-BLEMGR 3.1.0
2024-10-04 09:12:09,695 [INFO] ThirdParty:1030 - CMSIS Pack Vendor :STMicroelectronics ThreadX 1.0.0
2024-10-04 09:12:09,695 [INFO] ThirdParty:1030 - CMSIS Pack Vendor :STMicroelectronics FP-SNS-SMARTAG2 1.2.0
2024-10-04 09:12:09,695 [INFO] ThirdParty:1030 - CMSIS Pack Vendor :STMicroelectronics X-CUBE-AZRTOS-WL 2.0.0
2024-10-04 09:12:09,695 [INFO] ThirdParty:1030 - CMSIS Pack Vendor :SEGGER I-CUBE-embOS 1.3.1
2024-10-04 09:12:09,695 [INFO] ThirdParty:1030 - CMSIS Pack Vendor :STMicroelectronics X-CUBE-ALGOBUILD 1.4.0
2024-10-04 09:12:09,695 [INFO] ThirdParty:1030 - CMSIS Pack Vendor :STMicroelectronics FP-SNS-MOTENV1 5.0.0
2024-10-04 09:12:09,696 [INFO] ThirdParty:1030 - CMSIS Pack Vendor :STMicroelectronics USB_DEVICE 1.0.0
2024-10-04 09:12:09,696 [INFO] ThirdParty:1030 - CMSIS Pack Vendor :STMicroelectronics X-CUBE-AZRTOS-H7RS 1.0.0
2024-10-04 09:12:09,696 [INFO] ThirdParty:1030 - CMSIS Pack Vendor :wolfSSL I-CUBE-wolfMQTT 1.19.0
2024-10-04 09:12:09,696 [INFO] ThirdParty:1030 - CMSIS Pack Vendor :STMicroelectronics X-CUBE-AZRTOS-L4 2.0.0
2024-10-04 09:12:09,696 [INFO] ThirdParty:1030 - CMSIS Pack Vendor :STMicroelectronics ThreadX 0.0.2
2024-10-04 09:12:09,696 [INFO] ThirdParty:1030 - CMSIS Pack Vendor :WES I-CUBE-Cesium 1.3.0
2024-10-04 09:12:09,696 [INFO] ThirdParty:1030 - CMSIS Pack Vendor :STMicroelectronics FP-ATR-ASTRA1 2.0.0
2024-10-04 09:12:09,696 [INFO] ThirdParty:1030 - CMSIS Pack Vendor :STMicroelectronics lwIP 2.1.2
2024-10-04 09:12:09,696 [INFO] ThirdParty:1030 - CMSIS Pack Vendor :STMicroelectronics X-CUBE-SFXS2LP1 4.0.0
2024-10-04 09:12:09,696 [INFO] ThirdParty:1030 - CMSIS Pack Vendor :STMicroelectronics X-CUBE-BLE2 3.3.0
2024-10-04 09:12:09,696 [INFO] ThirdParty:1030 - CMSIS Pack Vendor :STMicroelectronics X-CUBE-TOF1 3.4.2
2024-10-04 09:12:09,696 [INFO] ThirdParty:1030 - CMSIS Pack Vendor :STMicroelectronics X-CUBE-AI 9.1.0
2024-10-04 09:12:09,696 [INFO] ThirdParty:1030 - CMSIS Pack Vendor :STMicroelectronics X-CUBE-TOF1 3.4.1
2024-10-04 09:12:09,696 [INFO] ThirdParty:1030 - CMSIS Pack Vendor :STMicroelectronics X-CUBE-AZRTOS-H7 3.2.0
2024-10-04 09:12:09,697 [INFO] ThirdParty:1030 - CMSIS Pack Vendor :Infineon AIROC-Wi-Fi-Bluetooth-STM32 1.6.0
2024-10-04 09:12:09,697 [INFO] ThirdParty:1030 - CMSIS Pack Vendor :STMicroelectronics PDM2PCM 3.2.0
2024-10-04 09:12:09,697 [INFO] ThirdParty:1030 - CMSIS Pack Vendor :wolfSSL I-CUBE-wolfSSH 1.4.17
2024-10-04 09:12:09,697 [INFO] ThirdParty:841 - exiting critical section [change project]
2024-10-04 09:12:10,711 [INFO] PinOutPanel:1561 - setPackage(No Configuration,No Configuration)
2024-10-04 09:12:10,713 [INFO] PinOutPanel:1561 - setPackage(STM32F407ZETx,LQFP144)
2024-10-04 09:12:11,470 [INFO] UtilMem:75 - Before build in PCC Used Memory: 281972224 Bytes (478150656)
2024-10-04 09:12:13,405 [INFO] UserBatteryFile:101 - Battery_LiPo 3500.0 0.0 3.7 0.0 0.0
2024-10-04 09:12:13,645 [INFO] UtilMem:75 - After build in PCC Used Memory: 381675088 Bytes (478150656)
2024-10-04 09:12:13,712 [INFO] IPUIPlugin:80 - create IPUIPlugin
2024-10-04 09:12:13,713 [INFO] IPUIPlugin:80 - create IPUIPlugin
2024-10-04 09:12:13,713 [INFO] IPUIPlugin:80 - create IPUIPlugin
2024-10-04 09:12:13,713 [INFO] IPUIPlugin:80 - create IPUIPlugin
2024-10-04 09:12:13,713 [INFO] IPUIPlugin:80 - create IPUIPlugin
2024-10-04 09:12:13,713 [INFO] IPUIPlugin:80 - create IPUIPlugin
2024-10-04 09:12:13,713 [INFO] IPUIPlugin:80 - create IPUIPlugin
2024-10-04 09:12:13,713 [INFO] IPUIPlugin:80 - create IPUIPlugin
2024-10-04 09:12:13,714 [INFO] IPUIPlugin:80 - create IPUIPlugin
2024-10-04 09:12:13,714 [INFO] IPUIPlugin:80 - create IPUIPlugin
2024-10-04 09:12:13,714 [INFO] IPUIPlugin:80 - create IPUIPlugin
2024-10-04 09:12:13,714 [INFO] IPUIPlugin:80 - create IPUIPlugin
2024-10-04 09:12:13,714 [INFO] IPUIPlugin:80 - create IPUIPlugin
2024-10-04 09:12:13,714 [INFO] IPUIPlugin:80 - create IPUIPlugin
2024-10-04 09:12:13,714 [INFO] IPUIPlugin:80 - create IPUIPlugin
2024-10-04 09:12:13,714 [INFO] IPUIPlugin:80 - create IPUIPlugin
2024-10-04 09:12:13,715 [INFO] IPUIPlugin:80 - create IPUIPlugin
2024-10-04 09:12:13,715 [INFO] IPUIPlugin:80 - create IPUIPlugin
2024-10-04 09:12:13,715 [INFO] IPUIPlugin:80 - create IPUIPlugin
2024-10-04 09:12:13,715 [INFO] IPUIPlugin:80 - create IPUIPlugin
2024-10-04 09:12:13,715 [INFO] IPUIPlugin:80 - create IPUIPlugin
2024-10-04 09:12:13,716 [INFO] IPUIPlugin:80 - create IPUIPlugin
2024-10-04 09:12:13,716 [INFO] IPUIPlugin:80 - create IPUIPlugin
2024-10-04 09:12:13,731 [INFO] IPUIPlugin:80 - create IPUIPlugin
2024-10-04 09:12:13,732 [INFO] IPUIPlugin:80 - create IPUIPlugin
2024-10-04 09:12:13,732 [INFO] IPUIPlugin:80 - create IPUIPlugin
2024-10-04 09:12:13,732 [INFO] IPUIPlugin:80 - create IPUIPlugin
2024-10-04 09:12:13,732 [INFO] IPUIPlugin:80 - create IPUIPlugin
2024-10-04 09:12:13,733 [INFO] IPUIPlugin:80 - create IPUIPlugin
2024-10-04 09:12:13,734 [INFO] IPUIPlugin:80 - create IPUIPlugin
2024-10-04 09:12:13,735 [INFO] IPUIPlugin:80 - create IPUIPlugin
2024-10-04 09:12:13,735 [INFO] IPUIPlugin:80 - create IPUIPlugin
2024-10-04 09:12:13,735 [INFO] IPUIPlugin:80 - create IPUIPlugin
2024-10-04 09:12:13,735 [INFO] IPUIPlugin:80 - create IPUIPlugin
2024-10-04 09:12:13,736 [INFO] IPUIPlugin:80 - create IPUIPlugin
2024-10-04 09:12:13,736 [INFO] IPUIPlugin:80 - create IPUIPlugin
2024-10-04 09:12:13,736 [INFO] IPUIPlugin:80 - create IPUIPlugin
2024-10-04 09:12:13,736 [INFO] IPUIPlugin:80 - create IPUIPlugin
2024-10-04 09:12:13,736 [INFO] IPUIPlugin:80 - create IPUIPlugin
2024-10-04 09:12:13,737 [INFO] IPUIPlugin:80 - create IPUIPlugin
2024-10-04 09:12:13,737 [INFO] IPUIPlugin:80 - create IPUIPlugin
2024-10-04 09:12:13,737 [INFO] IPUIPlugin:80 - create IPUIPlugin
2024-10-04 09:12:13,737 [INFO] IPUIPlugin:80 - create IPUIPlugin
2024-10-04 09:12:13,738 [INFO] IPUIPlugin:80 - create IPUIPlugin
2024-10-04 09:12:13,738 [INFO] IPUIPlugin:80 - create IPUIPlugin
2024-10-04 09:12:13,738 [INFO] IPUIPlugin:80 - create IPUIPlugin
2024-10-04 09:12:13,738 [INFO] IPUIPlugin:80 - create IPUIPlugin
2024-10-04 09:12:13,739 [INFO] IPUIPlugin:80 - create IPUIPlugin
2024-10-04 09:12:13,739 [INFO] IPUIPlugin:80 - create IPUIPlugin
2024-10-04 09:12:13,739 [INFO] IPUIPlugin:80 - create IPUIPlugin
2024-10-04 09:12:13,740 [INFO] IPUIPlugin:80 - create IPUIPlugin
2024-10-04 09:12:13,741 [INFO] IPUIPlugin:80 - create IPUIPlugin
2024-10-04 09:12:13,741 [INFO] IPUIPlugin:80 - create IPUIPlugin
2024-10-04 09:12:13,741 [INFO] IPUIPlugin:80 - create IPUIPlugin
2024-10-04 09:12:13,742 [INFO] IPUIPlugin:80 - create IPUIPlugin
2024-10-04 09:12:13,743 [INFO] IPUIPlugin:80 - create IPUIPlugin
2024-10-04 09:12:13,743 [INFO] IPUIPlugin:80 - create IPUIPlugin
2024-10-04 09:12:13,743 [INFO] IPUIPlugin:80 - create IPUIPlugin
2024-10-04 09:12:13,838 [INFO] ApiDbMcu:508 - Load IP Config File for PDM2PCM
2024-10-04 09:12:13,855 [INFO] Can:71 - Can Add PropertyChangeListener com.st.microxplorer.plugins.ip.can.Can@2e20d43d
2024-10-04 09:12:13,856 [INFO] Can:71 - Can Add PropertyChangeListener com.st.microxplorer.plugins.ip.can.Can@577aa77a
2024-10-04 09:12:13,858 [WARN] IP:2120 - I2C_Coeff_DF not found: check if there is a RefParameter without a condition.
2024-10-04 09:12:13,858 [WARN] IP:2120 - Analog_Filter not found: check if there is a RefParameter without a condition.
2024-10-04 09:12:13,860 [WARN] IP:2120 - I2C_Coeff_DF not found: check if there is a RefParameter without a condition.
2024-10-04 09:12:13,860 [WARN] IP:2120 - Analog_Filter not found: check if there is a RefParameter without a condition.
2024-10-04 09:12:13,861 [WARN] IP:2120 - I2C_Coeff_DF not found: check if there is a RefParameter without a condition.
2024-10-04 09:12:13,861 [WARN] IP:2120 - Analog_Filter not found: check if there is a RefParameter without a condition.
2024-10-04 09:12:14,214 [INFO] CADModel:165 - CPN selected for project levelSTM32F407ZET7
2024-10-04 09:12:14,214 [INFO] CADModel:114 - Register for checkConnection events
2024-10-04 09:12:14,258 [INFO] OpenFileManager:343 - Restore cursor
2024-10-04 09:12:14,578 [WARN] IP:2120 - I2C_Coeff_DF not found: check if there is a RefParameter without a condition.
2024-10-04 09:12:14,578 [WARN] IP:2120 - Analog_Filter not found: check if there is a RefParameter without a condition.
2024-10-04 09:12:14,579 [WARN] IP:2120 - I2C_Coeff_DF not found: check if there is a RefParameter without a condition.
2024-10-04 09:12:14,579 [WARN] IP:2120 - Analog_Filter not found: check if there is a RefParameter without a condition.
2024-10-04 09:12:14,585 [WARN] IP:2120 - I2C_Coeff_DF not found: check if there is a RefParameter without a condition.
2024-10-04 09:12:14,585 [WARN] IP:2120 - Analog_Filter not found: check if there is a RefParameter without a condition.
2024-10-04 09:12:14,592 [WARN] IP:2120 - I2C_Coeff_DF not found: check if there is a RefParameter without a condition.
2024-10-04 09:12:14,593 [WARN] IP:2120 - Analog_Filter not found: check if there is a RefParameter without a condition.
2024-10-04 09:12:14,598 [WARN] IP:2120 - I2C_Coeff_DF not found: check if there is a RefParameter without a condition.
2024-10-04 09:12:14,598 [WARN] IP:2120 - Analog_Filter not found: check if there is a RefParameter without a condition.
2024-10-04 09:12:14,598 [WARN] IP:2120 - I2C_Coeff_DF not found: check if there is a RefParameter without a condition.
2024-10-04 09:12:14,599 [WARN] IP:2120 - Analog_Filter not found: check if there is a RefParameter without a condition.
2024-10-04 09:19:27,655 [WARN] IP:2120 - I2C_Coeff_DF not found: check if there is a RefParameter without a condition.
2024-10-04 09:19:27,655 [WARN] IP:2120 - Analog_Filter not found: check if there is a RefParameter without a condition.
2024-10-04 09:19:27,655 [WARN] IP:2120 - I2C_Coeff_DF not found: check if there is a RefParameter without a condition.
2024-10-04 09:19:27,656 [WARN] IP:2120 - Analog_Filter not found: check if there is a RefParameter without a condition.
2024-10-04 09:19:27,659 [WARN] IP:2120 - I2C_Coeff_DF not found: check if there is a RefParameter without a condition.
2024-10-04 09:19:27,660 [WARN] IP:2120 - Analog_Filter not found: check if there is a RefParameter without a condition.
2024-10-04 09:19:27,660 [WARN] IP:2120 - I2C_Coeff_DF not found: check if there is a RefParameter without a condition.
2024-10-04 09:19:27,660 [WARN] IP:2120 - Analog_Filter not found: check if there is a RefParameter without a condition.
2024-10-04 09:19:27,666 [WARN] IP:2120 - I2C_Coeff_DF not found: check if there is a RefParameter without a condition.
2024-10-04 09:19:27,666 [WARN] IP:2120 - Analog_Filter not found: check if there is a RefParameter without a condition.
2024-10-04 09:19:27,667 [WARN] IP:2120 - I2C_Coeff_DF not found: check if there is a RefParameter without a condition.
2024-10-04 09:19:27,667 [WARN] IP:2120 - Analog_Filter not found: check if there is a RefParameter without a condition.
2024-10-04 09:19:27,756 [WARN] IP:2120 - I2C_Coeff_DF not found: check if there is a RefParameter without a condition.
2024-10-04 09:19:27,756 [WARN] IP:2120 - Analog_Filter not found: check if there is a RefParameter without a condition.
2024-10-04 09:19:27,760 [WARN] IP:2120 - I2C_Coeff_DF not found: check if there is a RefParameter without a condition.
2024-10-04 09:19:27,760 [WARN] IP:2120 - Analog_Filter not found: check if there is a RefParameter without a condition.
2024-10-04 09:19:27,765 [WARN] IP:2120 - I2C_Coeff_DF not found: check if there is a RefParameter without a condition.
2024-10-04 09:19:27,765 [WARN] IP:2120 - Analog_Filter not found: check if there is a RefParameter without a condition.
2024-10-04 09:19:27,876 [WARN] IP:2120 - I2C_Coeff_DF not found: check if there is a RefParameter without a condition.
2024-10-04 09:19:27,876 [WARN] IP:2120 - Analog_Filter not found: check if there is a RefParameter without a condition.
2024-10-04 09:19:27,880 [WARN] IP:2120 - I2C_Coeff_DF not found: check if there is a RefParameter without a condition.
2024-10-04 09:19:27,880 [WARN] IP:2120 - Analog_Filter not found: check if there is a RefParameter without a condition.
2024-10-04 09:19:27,884 [WARN] IP:2120 - I2C_Coeff_DF not found: check if there is a RefParameter without a condition.
2024-10-04 09:19:27,885 [WARN] IP:2120 - Analog_Filter not found: check if there is a RefParameter without a condition.
2024-10-04 09:19:41,379 [WARN] IP:2120 - I2C_Coeff_DF not found: check if there is a RefParameter without a condition.
2024-10-04 09:19:41,379 [WARN] IP:2120 - Analog_Filter not found: check if there is a RefParameter without a condition.
2024-10-04 09:19:41,380 [WARN] IP:2120 - I2C_Coeff_DF not found: check if there is a RefParameter without a condition.
2024-10-04 09:19:41,380 [WARN] IP:2120 - Analog_Filter not found: check if there is a RefParameter without a condition.
2024-10-04 09:19:41,383 [WARN] IP:2120 - I2C_Coeff_DF not found: check if there is a RefParameter without a condition.
2024-10-04 09:19:41,383 [WARN] IP:2120 - Analog_Filter not found: check if there is a RefParameter without a condition.
2024-10-04 09:19:41,384 [WARN] IP:2120 - I2C_Coeff_DF not found: check if there is a RefParameter without a condition.
2024-10-04 09:19:41,384 [WARN] IP:2120 - Analog_Filter not found: check if there is a RefParameter without a condition.
2024-10-04 09:19:41,388 [WARN] IP:2120 - I2C_Coeff_DF not found: check if there is a RefParameter without a condition.
2024-10-04 09:19:41,388 [WARN] IP:2120 - Analog_Filter not found: check if there is a RefParameter without a condition.
2024-10-04 09:19:41,389 [WARN] IP:2120 - I2C_Coeff_DF not found: check if there is a RefParameter without a condition.
2024-10-04 09:19:41,389 [WARN] IP:2120 - Analog_Filter not found: check if there is a RefParameter without a condition.
2024-10-04 09:19:41,467 [WARN] IP:2120 - I2C_Coeff_DF not found: check if there is a RefParameter without a condition.
2024-10-04 09:19:41,467 [WARN] IP:2120 - Analog_Filter not found: check if there is a RefParameter without a condition.
2024-10-04 09:19:41,471 [WARN] IP:2120 - I2C_Coeff_DF not found: check if there is a RefParameter without a condition.
2024-10-04 09:19:41,471 [WARN] IP:2120 - Analog_Filter not found: check if there is a RefParameter without a condition.
2024-10-04 09:19:41,474 [WARN] IP:2120 - I2C_Coeff_DF not found: check if there is a RefParameter without a condition.
2024-10-04 09:19:41,474 [WARN] IP:2120 - Analog_Filter not found: check if there is a RefParameter without a condition.
2024-10-04 09:19:41,530 [WARN] IP:2120 - I2C_Coeff_DF not found: check if there is a RefParameter without a condition.
2024-10-04 09:19:41,530 [WARN] IP:2120 - Analog_Filter not found: check if there is a RefParameter without a condition.
2024-10-04 09:19:41,534 [WARN] IP:2120 - I2C_Coeff_DF not found: check if there is a RefParameter without a condition.
2024-10-04 09:19:41,534 [WARN] IP:2120 - Analog_Filter not found: check if there is a RefParameter without a condition.
2024-10-04 09:19:41,537 [WARN] IP:2120 - I2C_Coeff_DF not found: check if there is a RefParameter without a condition.
2024-10-04 09:19:41,537 [WARN] IP:2120 - Analog_Filter not found: check if there is a RefParameter without a condition.
2024-10-04 09:19:49,030 [WARN] IP:2120 - I2C_Coeff_DF not found: check if there is a RefParameter without a condition.
2024-10-04 09:19:49,031 [WARN] IP:2120 - Analog_Filter not found: check if there is a RefParameter without a condition.
2024-10-04 09:19:49,031 [WARN] IP:2120 - I2C_Coeff_DF not found: check if there is a RefParameter without a condition.
2024-10-04 09:19:49,031 [WARN] IP:2120 - Analog_Filter not found: check if there is a RefParameter without a condition.
2024-10-04 09:19:49,034 [WARN] IP:2120 - I2C_Coeff_DF not found: check if there is a RefParameter without a condition.
2024-10-04 09:19:49,034 [WARN] IP:2120 - Analog_Filter not found: check if there is a RefParameter without a condition.
2024-10-04 09:19:49,035 [WARN] IP:2120 - I2C_Coeff_DF not found: check if there is a RefParameter without a condition.
2024-10-04 09:19:49,035 [WARN] IP:2120 - Analog_Filter not found: check if there is a RefParameter without a condition.
2024-10-04 09:19:49,038 [WARN] IP:2120 - I2C_Coeff_DF not found: check if there is a RefParameter without a condition.
2024-10-04 09:19:49,038 [WARN] IP:2120 - Analog_Filter not found: check if there is a RefParameter without a condition.
2024-10-04 09:19:49,038 [WARN] IP:2120 - I2C_Coeff_DF not found: check if there is a RefParameter without a condition.
2024-10-04 09:19:49,039 [WARN] IP:2120 - Analog_Filter not found: check if there is a RefParameter without a condition.
2024-10-04 09:19:49,101 [WARN] IP:2120 - I2C_Coeff_DF not found: check if there is a RefParameter without a condition.
2024-10-04 09:19:49,101 [WARN] IP:2120 - Analog_Filter not found: check if there is a RefParameter without a condition.
2024-10-04 09:19:49,104 [WARN] IP:2120 - I2C_Coeff_DF not found: check if there is a RefParameter without a condition.
2024-10-04 09:19:49,104 [WARN] IP:2120 - Analog_Filter not found: check if there is a RefParameter without a condition.
2024-10-04 09:19:49,107 [WARN] IP:2120 - I2C_Coeff_DF not found: check if there is a RefParameter without a condition.
2024-10-04 09:19:49,107 [WARN] IP:2120 - Analog_Filter not found: check if there is a RefParameter without a condition.
2024-10-04 09:19:49,172 [WARN] IP:2120 - I2C_Coeff_DF not found: check if there is a RefParameter without a condition.
2024-10-04 09:19:49,172 [WARN] IP:2120 - Analog_Filter not found: check if there is a RefParameter without a condition.
2024-10-04 09:19:49,177 [WARN] IP:2120 - I2C_Coeff_DF not found: check if there is a RefParameter without a condition.
2024-10-04 09:19:49,177 [WARN] IP:2120 - Analog_Filter not found: check if there is a RefParameter without a condition.
2024-10-04 09:19:49,180 [WARN] IP:2120 - I2C_Coeff_DF not found: check if there is a RefParameter without a condition.
2024-10-04 09:19:49,181 [WARN] IP:2120 - Analog_Filter not found: check if there is a RefParameter without a condition.
2024-10-04 09:28:30,056 [WARN] IP:2120 - I2C_Coeff_DF not found: check if there is a RefParameter without a condition.
2024-10-04 09:28:30,056 [WARN] IP:2120 - Analog_Filter not found: check if there is a RefParameter without a condition.
2024-10-04 09:28:30,057 [WARN] IP:2120 - I2C_Coeff_DF not found: check if there is a RefParameter without a condition.
2024-10-04 09:28:30,057 [WARN] IP:2120 - Analog_Filter not found: check if there is a RefParameter without a condition.
2024-10-04 09:28:30,060 [WARN] IP:2120 - I2C_Coeff_DF not found: check if there is a RefParameter without a condition.
2024-10-04 09:28:30,060 [WARN] IP:2120 - Analog_Filter not found: check if there is a RefParameter without a condition.
2024-10-04 09:28:30,060 [WARN] IP:2120 - I2C_Coeff_DF not found: check if there is a RefParameter without a condition.
2024-10-04 09:28:30,060 [WARN] IP:2120 - Analog_Filter not found: check if there is a RefParameter without a condition.
2024-10-04 09:28:30,063 [WARN] IP:2120 - I2C_Coeff_DF not found: check if there is a RefParameter without a condition.
2024-10-04 09:28:30,063 [WARN] IP:2120 - Analog_Filter not found: check if there is a RefParameter without a condition.
2024-10-04 09:28:30,063 [WARN] IP:2120 - I2C_Coeff_DF not found: check if there is a RefParameter without a condition.
2024-10-04 09:28:30,063 [WARN] IP:2120 - Analog_Filter not found: check if there is a RefParameter without a condition.
2024-10-04 09:28:30,128 [WARN] IP:2120 - I2C_Coeff_DF not found: check if there is a RefParameter without a condition.
2024-10-04 09:28:30,128 [WARN] IP:2120 - Analog_Filter not found: check if there is a RefParameter without a condition.
2024-10-04 09:28:30,131 [WARN] IP:2120 - I2C_Coeff_DF not found: check if there is a RefParameter without a condition.
2024-10-04 09:28:30,131 [WARN] IP:2120 - Analog_Filter not found: check if there is a RefParameter without a condition.
2024-10-04 09:28:30,136 [WARN] IP:2120 - I2C_Coeff_DF not found: check if there is a RefParameter without a condition.
2024-10-04 09:28:30,137 [WARN] IP:2120 - Analog_Filter not found: check if there is a RefParameter without a condition.
2024-10-04 09:28:30,198 [WARN] IP:2120 - I2C_Coeff_DF not found: check if there is a RefParameter without a condition.
2024-10-04 09:28:30,198 [WARN] IP:2120 - Analog_Filter not found: check if there is a RefParameter without a condition.
2024-10-04 09:28:30,202 [WARN] IP:2120 - I2C_Coeff_DF not found: check if there is a RefParameter without a condition.
2024-10-04 09:28:30,202 [WARN] IP:2120 - Analog_Filter not found: check if there is a RefParameter without a condition.
2024-10-04 09:28:30,205 [WARN] IP:2120 - I2C_Coeff_DF not found: check if there is a RefParameter without a condition.
2024-10-04 09:28:30,205 [WARN] IP:2120 - Analog_Filter not found: check if there is a RefParameter without a condition.
2024-10-04 09:28:33,138 [WARN] IP:2120 - I2C_Coeff_DF not found: check if there is a RefParameter without a condition.
2024-10-04 09:28:33,138 [WARN] IP:2120 - Analog_Filter not found: check if there is a RefParameter without a condition.
2024-10-04 09:28:33,139 [WARN] IP:2120 - I2C_Coeff_DF not found: check if there is a RefParameter without a condition.
2024-10-04 09:28:33,139 [WARN] IP:2120 - Analog_Filter not found: check if there is a RefParameter without a condition.
2024-10-04 09:28:33,143 [WARN] IP:2120 - I2C_Coeff_DF not found: check if there is a RefParameter without a condition.
2024-10-04 09:28:33,143 [WARN] IP:2120 - Analog_Filter not found: check if there is a RefParameter without a condition.
2024-10-04 09:28:33,144 [WARN] IP:2120 - I2C_Coeff_DF not found: check if there is a RefParameter without a condition.
2024-10-04 09:28:33,144 [WARN] IP:2120 - Analog_Filter not found: check if there is a RefParameter without a condition.
2024-10-04 09:28:33,148 [WARN] IP:2120 - I2C_Coeff_DF not found: check if there is a RefParameter without a condition.
2024-10-04 09:28:33,149 [WARN] IP:2120 - Analog_Filter not found: check if there is a RefParameter without a condition.
2024-10-04 09:28:33,150 [WARN] IP:2120 - I2C_Coeff_DF not found: check if there is a RefParameter without a condition.
2024-10-04 09:28:33,150 [WARN] IP:2120 - Analog_Filter not found: check if there is a RefParameter without a condition.
2024-10-04 09:28:33,248 [WARN] IP:2120 - I2C_Coeff_DF not found: check if there is a RefParameter without a condition.
2024-10-04 09:28:33,248 [WARN] IP:2120 - Analog_Filter not found: check if there is a RefParameter without a condition.
2024-10-04 09:28:33,251 [WARN] IP:2120 - I2C_Coeff_DF not found: check if there is a RefParameter without a condition.
2024-10-04 09:28:33,251 [WARN] IP:2120 - Analog_Filter not found: check if there is a RefParameter without a condition.
2024-10-04 09:28:33,255 [WARN] IP:2120 - I2C_Coeff_DF not found: check if there is a RefParameter without a condition.
2024-10-04 09:28:33,255 [WARN] IP:2120 - Analog_Filter not found: check if there is a RefParameter without a condition.
2024-10-04 09:28:33,341 [WARN] IP:2120 - I2C_Coeff_DF not found: check if there is a RefParameter without a condition.
2024-10-04 09:28:33,341 [WARN] IP:2120 - Analog_Filter not found: check if there is a RefParameter without a condition.
2024-10-04 09:28:33,344 [WARN] IP:2120 - I2C_Coeff_DF not found: check if there is a RefParameter without a condition.
2024-10-04 09:28:33,344 [WARN] IP:2120 - Analog_Filter not found: check if there is a RefParameter without a condition.
2024-10-04 09:28:33,347 [WARN] IP:2120 - I2C_Coeff_DF not found: check if there is a RefParameter without a condition.
2024-10-04 09:28:33,347 [WARN] IP:2120 - Analog_Filter not found: check if there is a RefParameter without a condition.
2024-10-04 09:28:38,845 [INFO] UtilMem:75 - End SaveConfig() Used Memory: 686800544 Bytes (1073741824)
2024-10-04 09:28:41,116 [INFO] UtilMem:75 - End SaveConfig() Used Memory: 728219296 Bytes (1073741824)
2024-10-04 09:28:43,263 [INFO] UtilMem:75 - End SaveConfig() Used Memory: 779073176 Bytes (1073741824)
2024-10-04 09:28:44,513 [INFO] BlockDiagram:2759 - set Specific Code input for plugin: SPI
2024-10-04 09:28:44,513 [INFO] BlockDiagram:2759 - set Specific Code input for plugin: SPI
2024-10-04 09:28:44,513 [INFO] BlockDiagram:2759 - set Specific Code input for plugin: SPI
2024-10-04 09:28:44,513 [INFO] BlockDiagram:2759 - set Specific Code input for plugin: CAN
2024-10-04 09:28:44,513 [INFO] BlockDiagram:2759 - set Specific Code input for plugin: CAN
2024-10-04 09:28:44,513 [INFO] BlockDiagram:2759 - set Specific Code input for plugin: SYS
2024-10-04 09:28:44,514 [INFO] BlockDiagram:2759 - set Specific Code input for plugin: RCC
2024-10-04 09:28:44,514 [INFO] BlockDiagram:2759 - set Specific Code input for plugin: I2C
2024-10-04 09:28:44,514 [INFO] BlockDiagram:2759 - set Specific Code input for plugin: I2C
2024-10-04 09:28:44,514 [INFO] BlockDiagram:2759 - set Specific Code input for plugin: I2C
2024-10-04 09:28:44,514 [INFO] BlockDiagram:2759 - set Specific Code input for plugin: NVIC
2024-10-04 09:28:44,514 [INFO] BlockDiagram:2759 - set Specific Code input for plugin: USART
2024-10-04 09:28:44,514 [INFO] BlockDiagram:2759 - set Specific Code input for plugin: USART
2024-10-04 09:28:44,514 [INFO] BlockDiagram:2759 - set Specific Code input for plugin: UART
2024-10-04 09:28:44,514 [INFO] BlockDiagram:2759 - set Specific Code input for plugin: UART
2024-10-04 09:28:44,515 [INFO] BlockDiagram:2759 - set Specific Code input for plugin: GPIO
2024-10-04 09:28:44,516 [INFO] CodeGenerator:807 - code generatio: config db path: C:\ST\STM32CubeIDE_1.15.1\STM32CubeIDE\plugins\com.st.stm32cube.common.mx_6.11.1.202404110753\\db\
2024-10-04 09:28:44,525 [WARN] IP:2120 - I2C_Coeff_DF not found: check if there is a RefParameter without a condition.
2024-10-04 09:28:44,525 [WARN] IP:2120 - Analog_Filter not found: check if there is a RefParameter without a condition.
2024-10-04 09:28:44,527 [WARN] IP:2120 - I2C_Coeff_DF not found: check if there is a RefParameter without a condition.
2024-10-04 09:28:44,527 [WARN] IP:2120 - Analog_Filter not found: check if there is a RefParameter without a condition.
2024-10-04 09:28:44,528 [WARN] IP:2120 - I2C_Coeff_DF not found: check if there is a RefParameter without a condition.
2024-10-04 09:28:44,528 [WARN] IP:2120 - Analog_Filter not found: check if there is a RefParameter without a condition.
2024-10-04 09:28:44,918 [INFO] CodeEngine:255 - oldGeneratedFile, D:\Projetos\Firmware\firmware\Freelancer_1\MXTmpFiles\license.tmp_save
2024-10-04 09:28:45,521 [INFO] CodeEngine:279 - Generated code: D:\Projetos\Firmware\firmware\Freelancer_1\MXTmpFiles\license.tmp
2024-10-04 09:28:45,807 [INFO] CodeEngine:255 - oldGeneratedFile, D:\Projetos\Firmware\firmware\Freelancer_1\MXTmpFiles\gpio.tmp_save
2024-10-04 09:28:46,141 [INFO] CodeEngine:279 - Generated code: D:\Projetos\Firmware\firmware\Freelancer_1\MXTmpFiles\gpio.tmp
2024-10-04 09:28:47,988 [INFO] CodeEngine:255 - oldGeneratedFile, D:\Projetos\Firmware\firmware\Freelancer_1\Core\Src\stm32f4xx_it.c_save
2024-10-04 09:28:48,356 [INFO] CodeEngine:279 - Generated code: D:\Projetos\Firmware\firmware\Freelancer_1\Core\Src\stm32f4xx_it.c
2024-10-04 09:28:48,381 [INFO] CodeEngine:255 - oldGeneratedFile, D:\Projetos\Firmware\firmware\Freelancer_1\Core\Inc\stm32f4xx_it.h_save
2024-10-04 09:28:48,520 [INFO] CodeEngine:279 - Generated code: D:\Projetos\Firmware\firmware\Freelancer_1\Core\Inc\stm32f4xx_it.h
2024-10-04 09:28:48,665 [INFO] CodeEngine:255 - oldGeneratedFile, D:\Projetos\Firmware\firmware\Freelancer_1\Core\Src\stm32f4xx_hal_msp.c_save
2024-10-04 09:28:48,958 [INFO] CodeEngine:279 - Generated code: D:\Projetos\Firmware\firmware\Freelancer_1\Core\Src\stm32f4xx_hal_msp.c
2024-10-04 09:28:48,978 [INFO] CodeEngine:255 - oldGeneratedFile, D:\Projetos\Firmware\firmware\Freelancer_1\MXTmpFiles\system.tmp_save
2024-10-04 09:28:49,092 [INFO] CodeEngine:279 - Generated code: D:\Projetos\Firmware\firmware\Freelancer_1\MXTmpFiles\system.tmp
2024-10-04 09:28:49,126 [INFO] CodeEngine:311 - oldGeneratedFile, D:\Projetos\Firmware\firmware\Freelancer_1\Core\Inc\stm32f4xx_hal_conf.h_save
2024-10-04 09:28:49,301 [INFO] CodeEngine:335 - Generated code: D:\Projetos\Firmware\firmware\Freelancer_1\Core\Inc\stm32f4xx_hal_conf.h
2024-10-04 09:28:49,453 [INFO] CodeEngine:255 - oldGeneratedFile, D:\Projetos\Firmware\firmware\Freelancer_1\Core\Inc\main.h_save
2024-10-04 09:28:49,637 [INFO] CodeEngine:279 - Generated code: D:\Projetos\Firmware\firmware\Freelancer_1\Core\Inc\main.h
2024-10-04 09:28:49,673 [INFO] CodeEngine:255 - oldGeneratedFile, D:\Projetos\Firmware\firmware\Freelancer_1\Core\Src\main.c_save
2024-10-04 09:28:50,037 [INFO] CodeEngine:279 - Generated code: D:\Projetos\Firmware\firmware\Freelancer_1\Core\Src\main.c
2024-10-04 09:28:51,103 [INFO] ProjectBuilder:3163 - Time for Copy HAL[1] : 520mS.
2024-10-04 09:28:51,112 [INFO] ProjectBuilder:4736 - Project Generator version: 4.3.0-B58
2024-10-04 09:28:51,360 [INFO] ConfigFileManager:1503 - The Die is : DIE413
2024-10-04 09:28:51,382 [INFO] ApiDbMcu:508 - Load IP Config File for FATFS
2024-10-04 09:28:51,400 [INFO] ApiDbMcu:508 - Load IP Config File for FREERTOS
2024-10-04 09:28:51,413 [INFO] ApiDbMcu:508 - Load IP Config File for LIBJPEG
2024-10-04 09:28:51,435 [INFO] ApiDbMcu:508 - Load IP Config File for LWIP
2024-10-04 09:28:51,463 [INFO] ApiDbMcu:508 - Load IP Config File for MBEDTLS
2024-10-04 09:28:51,526 [INFO] ApiDbMcu:508 - Load IP Config File for USB_DEVICE
2024-10-04 09:28:51,542 [INFO] ApiDbMcu:508 - Load IP Config File for USB_HOST
2024-10-04 09:28:52,649 [INFO] LogOutputStream:77 - [STDOUT_REDIRECT] 
2024-10-04 09:28:56,686 [INFO] ProjectBuilder:5002 - Time for Generating toolchain IDE Files: 5574mS.
2024-10-04 09:28:56,691 [INFO] ProjectBuilder:3034 - Time for Copy CMSIS : 4mS.
2024-10-04 09:28:56,695 [INFO] ProjectBuilder:3034 - Time for Copy CMSIS : 0mS.
2024-10-04 09:29:15,018 [WARN] IP:2120 - I2C_Coeff_DF not found: check if there is a RefParameter without a condition.
2024-10-04 09:29:15,018 [WARN] IP:2120 - Analog_Filter not found: check if there is a RefParameter without a condition.
2024-10-04 09:29:15,018 [WARN] IP:2120 - I2C_Coeff_DF not found: check if there is a RefParameter without a condition.
2024-10-04 09:29:15,019 [WARN] IP:2120 - Analog_Filter not found: check if there is a RefParameter without a condition.
2024-10-04 09:29:15,022 [WARN] IP:2120 - I2C_Coeff_DF not found: check if there is a RefParameter without a condition.
2024-10-04 09:29:15,022 [WARN] IP:2120 - Analog_Filter not found: check if there is a RefParameter without a condition.
2024-10-04 09:29:15,023 [WARN] IP:2120 - I2C_Coeff_DF not found: check if there is a RefParameter without a condition.
2024-10-04 09:29:15,023 [WARN] IP:2120 - Analog_Filter not found: check if there is a RefParameter without a condition.
2024-10-04 09:29:15,026 [WARN] IP:2120 - I2C_Coeff_DF not found: check if there is a RefParameter without a condition.
2024-10-04 09:29:15,026 [WARN] IP:2120 - Analog_Filter not found: check if there is a RefParameter without a condition.
2024-10-04 09:29:15,027 [WARN] IP:2120 - I2C_Coeff_DF not found: check if there is a RefParameter without a condition.
2024-10-04 09:29:15,027 [WARN] IP:2120 - Analog_Filter not found: check if there is a RefParameter without a condition.
2024-10-04 09:29:15,080 [WARN] IP:2120 - I2C_Coeff_DF not found: check if there is a RefParameter without a condition.
2024-10-04 09:29:15,080 [WARN] IP:2120 - Analog_Filter not found: check if there is a RefParameter without a condition.
2024-10-04 09:29:15,084 [WARN] IP:2120 - I2C_Coeff_DF not found: check if there is a RefParameter without a condition.
2024-10-04 09:29:15,084 [WARN] IP:2120 - Analog_Filter not found: check if there is a RefParameter without a condition.
2024-10-04 09:29:15,087 [WARN] IP:2120 - I2C_Coeff_DF not found: check if there is a RefParameter without a condition.
2024-10-04 09:29:15,087 [WARN] IP:2120 - Analog_Filter not found: check if there is a RefParameter without a condition.
2024-10-04 09:29:15,168 [WARN] IP:2120 - I2C_Coeff_DF not found: check if there is a RefParameter without a condition.
2024-10-04 09:29:15,168 [WARN] IP:2120 - Analog_Filter not found: check if there is a RefParameter without a condition.
2024-10-04 09:29:15,172 [WARN] IP:2120 - I2C_Coeff_DF not found: check if there is a RefParameter without a condition.
2024-10-04 09:29:15,172 [WARN] IP:2120 - Analog_Filter not found: check if there is a RefParameter without a condition.
2024-10-04 09:29:15,175 [WARN] IP:2120 - I2C_Coeff_DF not found: check if there is a RefParameter without a condition.
2024-10-04 09:29:15,175 [WARN] IP:2120 - Analog_Filter not found: check if there is a RefParameter without a condition.
2024-10-04 09:29:18,770 [WARN] IP:2120 - I2C_Coeff_DF not found: check if there is a RefParameter without a condition.
2024-10-04 09:29:18,770 [WARN] IP:2120 - Analog_Filter not found: check if there is a RefParameter without a condition.
2024-10-04 09:29:18,771 [WARN] IP:2120 - I2C_Coeff_DF not found: check if there is a RefParameter without a condition.
2024-10-04 09:29:18,771 [WARN] IP:2120 - Analog_Filter not found: check if there is a RefParameter without a condition.
2024-10-04 09:29:18,774 [WARN] IP:2120 - I2C_Coeff_DF not found: check if there is a RefParameter without a condition.
2024-10-04 09:29:18,774 [WARN] IP:2120 - Analog_Filter not found: check if there is a RefParameter without a condition.
2024-10-04 09:29:18,774 [WARN] IP:2120 - I2C_Coeff_DF not found: check if there is a RefParameter without a condition.
2024-10-04 09:29:18,774 [WARN] IP:2120 - Analog_Filter not found: check if there is a RefParameter without a condition.
2024-10-04 09:29:18,777 [WARN] IP:2120 - I2C_Coeff_DF not found: check if there is a RefParameter without a condition.
2024-10-04 09:29:18,777 [WARN] IP:2120 - Analog_Filter not found: check if there is a RefParameter without a condition.
2024-10-04 09:29:18,778 [WARN] IP:2120 - I2C_Coeff_DF not found: check if there is a RefParameter without a condition.
2024-10-04 09:29:18,778 [WARN] IP:2120 - Analog_Filter not found: check if there is a RefParameter without a condition.
2024-10-04 09:29:18,837 [WARN] IP:2120 - I2C_Coeff_DF not found: check if there is a RefParameter without a condition.
2024-10-04 09:29:18,837 [WARN] IP:2120 - Analog_Filter not found: check if there is a RefParameter without a condition.
2024-10-04 09:29:18,840 [WARN] IP:2120 - I2C_Coeff_DF not found: check if there is a RefParameter without a condition.
2024-10-04 09:29:18,840 [WARN] IP:2120 - Analog_Filter not found: check if there is a RefParameter without a condition.
2024-10-04 09:29:18,843 [WARN] IP:2120 - I2C_Coeff_DF not found: check if there is a RefParameter without a condition.
2024-10-04 09:29:18,843 [WARN] IP:2120 - Analog_Filter not found: check if there is a RefParameter without a condition.
2024-10-04 09:29:18,913 [WARN] IP:2120 - I2C_Coeff_DF not found: check if there is a RefParameter without a condition.
2024-10-04 09:29:18,913 [WARN] IP:2120 - Analog_Filter not found: check if there is a RefParameter without a condition.
2024-10-04 09:29:18,915 [WARN] IP:2120 - I2C_Coeff_DF not found: check if there is a RefParameter without a condition.
2024-10-04 09:29:18,915 [WARN] IP:2120 - Analog_Filter not found: check if there is a RefParameter without a condition.
2024-10-04 09:29:18,918 [WARN] IP:2120 - I2C_Coeff_DF not found: check if there is a RefParameter without a condition.
2024-10-04 09:29:18,919 [WARN] IP:2120 - Analog_Filter not found: check if there is a RefParameter without a condition.
2024-10-04 09:29:35,109 [WARN] IP:2120 - I2C_Coeff_DF not found: check if there is a RefParameter without a condition.
2024-10-04 09:29:35,109 [WARN] IP:2120 - Analog_Filter not found: check if there is a RefParameter without a condition.
2024-10-04 09:29:35,109 [WARN] IP:2120 - I2C_Coeff_DF not found: check if there is a RefParameter without a condition.
2024-10-04 09:29:35,109 [WARN] IP:2120 - Analog_Filter not found: check if there is a RefParameter without a condition.
2024-10-04 09:29:35,112 [WARN] IP:2120 - I2C_Coeff_DF not found: check if there is a RefParameter without a condition.
2024-10-04 09:29:35,112 [WARN] IP:2120 - Analog_Filter not found: check if there is a RefParameter without a condition.
2024-10-04 09:29:35,113 [WARN] IP:2120 - I2C_Coeff_DF not found: check if there is a RefParameter without a condition.
2024-10-04 09:29:35,113 [WARN] IP:2120 - Analog_Filter not found: check if there is a RefParameter without a condition.
2024-10-04 09:29:35,115 [WARN] IP:2120 - I2C_Coeff_DF not found: check if there is a RefParameter without a condition.
2024-10-04 09:29:35,115 [WARN] IP:2120 - Analog_Filter not found: check if there is a RefParameter without a condition.
2024-10-04 09:29:35,116 [WARN] IP:2120 - I2C_Coeff_DF not found: check if there is a RefParameter without a condition.
2024-10-04 09:29:35,116 [WARN] IP:2120 - Analog_Filter not found: check if there is a RefParameter without a condition.
2024-10-04 09:29:35,194 [WARN] IP:2120 - I2C_Coeff_DF not found: check if there is a RefParameter without a condition.
2024-10-04 09:29:35,195 [WARN] IP:2120 - Analog_Filter not found: check if there is a RefParameter without a condition.
2024-10-04 09:29:35,197 [WARN] IP:2120 - I2C_Coeff_DF not found: check if there is a RefParameter without a condition.
2024-10-04 09:29:35,197 [WARN] IP:2120 - Analog_Filter not found: check if there is a RefParameter without a condition.
2024-10-04 09:29:35,200 [WARN] IP:2120 - I2C_Coeff_DF not found: check if there is a RefParameter without a condition.
2024-10-04 09:29:35,200 [WARN] IP:2120 - Analog_Filter not found: check if there is a RefParameter without a condition.
2024-10-04 09:29:35,255 [WARN] IP:2120 - I2C_Coeff_DF not found: check if there is a RefParameter without a condition.
2024-10-04 09:29:35,255 [WARN] IP:2120 - Analog_Filter not found: check if there is a RefParameter without a condition.
2024-10-04 09:29:35,258 [WARN] IP:2120 - I2C_Coeff_DF not found: check if there is a RefParameter without a condition.
2024-10-04 09:29:35,258 [WARN] IP:2120 - Analog_Filter not found: check if there is a RefParameter without a condition.
2024-10-04 09:29:35,261 [WARN] IP:2120 - I2C_Coeff_DF not found: check if there is a RefParameter without a condition.
2024-10-04 09:29:35,261 [WARN] IP:2120 - Analog_Filter not found: check if there is a RefParameter without a condition.
2024-10-04 09:29:39,466 [WARN] IP:2120 - I2C_Coeff_DF not found: check if there is a RefParameter without a condition.
2024-10-04 09:29:39,466 [WARN] IP:2120 - Analog_Filter not found: check if there is a RefParameter without a condition.
2024-10-04 09:29:39,467 [WARN] IP:2120 - I2C_Coeff_DF not found: check if there is a RefParameter without a condition.
2024-10-04 09:29:39,467 [WARN] IP:2120 - Analog_Filter not found: check if there is a RefParameter without a condition.
2024-10-04 09:29:39,470 [WARN] IP:2120 - I2C_Coeff_DF not found: check if there is a RefParameter without a condition.
2024-10-04 09:29:39,470 [WARN] IP:2120 - Analog_Filter not found: check if there is a RefParameter without a condition.
2024-10-04 09:29:39,470 [WARN] IP:2120 - I2C_Coeff_DF not found: check if there is a RefParameter without a condition.
2024-10-04 09:29:39,470 [WARN] IP:2120 - Analog_Filter not found: check if there is a RefParameter without a condition.
2024-10-04 09:29:39,473 [WARN] IP:2120 - I2C_Coeff_DF not found: check if there is a RefParameter without a condition.
2024-10-04 09:29:39,473 [WARN] IP:2120 - Analog_Filter not found: check if there is a RefParameter without a condition.
2024-10-04 09:29:39,473 [WARN] IP:2120 - I2C_Coeff_DF not found: check if there is a RefParameter without a condition.
2024-10-04 09:29:39,473 [WARN] IP:2120 - Analog_Filter not found: check if there is a RefParameter without a condition.
2024-10-04 09:29:39,516 [WARN] IP:2120 - I2C_Coeff_DF not found: check if there is a RefParameter without a condition.
2024-10-04 09:29:39,516 [WARN] IP:2120 - Analog_Filter not found: check if there is a RefParameter without a condition.
2024-10-04 09:29:39,519 [WARN] IP:2120 - I2C_Coeff_DF not found: check if there is a RefParameter without a condition.
2024-10-04 09:29:39,520 [WARN] IP:2120 - Analog_Filter not found: check if there is a RefParameter without a condition.
2024-10-04 09:29:39,522 [WARN] IP:2120 - I2C_Coeff_DF not found: check if there is a RefParameter without a condition.
2024-10-04 09:29:39,522 [WARN] IP:2120 - Analog_Filter not found: check if there is a RefParameter without a condition.
2024-10-04 09:29:39,566 [WARN] IP:2120 - I2C_Coeff_DF not found: check if there is a RefParameter without a condition.
2024-10-04 09:29:39,566 [WARN] IP:2120 - Analog_Filter not found: check if there is a RefParameter without a condition.
2024-10-04 09:29:39,569 [WARN] IP:2120 - I2C_Coeff_DF not found: check if there is a RefParameter without a condition.
2024-10-04 09:29:39,569 [WARN] IP:2120 - Analog_Filter not found: check if there is a RefParameter without a condition.
2024-10-04 09:29:39,572 [WARN] IP:2120 - I2C_Coeff_DF not found: check if there is a RefParameter without a condition.
2024-10-04 09:29:39,572 [WARN] IP:2120 - Analog_Filter not found: check if there is a RefParameter without a condition.
2024-10-04 09:29:41,605 [INFO] UtilMem:75 - End SaveConfig() Used Memory: 921600728 Bytes (1073741824)
2024-10-04 09:29:44,111 [INFO] UtilMem:75 - End SaveConfig() Used Memory: 958300888 Bytes (1073741824)
2024-10-04 09:29:45,563 [INFO] UtilMem:75 - End SaveConfig() Used Memory: 674227608 Bytes (1073741824)
2024-10-04 09:29:45,820 [INFO] BlockDiagram:2759 - set Specific Code input for plugin: SPI
2024-10-04 09:29:45,821 [INFO] BlockDiagram:2759 - set Specific Code input for plugin: SPI
2024-10-04 09:29:45,821 [INFO] BlockDiagram:2759 - set Specific Code input for plugin: SPI
2024-10-04 09:29:45,822 [INFO] BlockDiagram:2759 - set Specific Code input for plugin: CAN
2024-10-04 09:29:45,822 [INFO] BlockDiagram:2759 - set Specific Code input for plugin: CAN
2024-10-04 09:29:45,822 [INFO] BlockDiagram:2759 - set Specific Code input for plugin: SYS
2024-10-04 09:29:45,822 [INFO] BlockDiagram:2759 - set Specific Code input for plugin: RCC
2024-10-04 09:29:45,822 [INFO] BlockDiagram:2759 - set Specific Code input for plugin: I2C
2024-10-04 09:29:45,822 [INFO] BlockDiagram:2759 - set Specific Code input for plugin: I2C
2024-10-04 09:29:45,822 [INFO] BlockDiagram:2759 - set Specific Code input for plugin: I2C
2024-10-04 09:29:45,822 [INFO] BlockDiagram:2759 - set Specific Code input for plugin: NVIC
2024-10-04 09:29:45,822 [INFO] BlockDiagram:2759 - set Specific Code input for plugin: USART
2024-10-04 09:29:45,822 [INFO] BlockDiagram:2759 - set Specific Code input for plugin: USART
2024-10-04 09:29:45,822 [INFO] BlockDiagram:2759 - set Specific Code input for plugin: UART
2024-10-04 09:29:45,822 [INFO] BlockDiagram:2759 - set Specific Code input for plugin: UART
2024-10-04 09:29:45,823 [INFO] BlockDiagram:2759 - set Specific Code input for plugin: GPIO
2024-10-04 09:29:45,825 [INFO] CodeGenerator:807 - code generatio: config db path: C:\ST\STM32CubeIDE_1.15.1\STM32CubeIDE\plugins\com.st.stm32cube.common.mx_6.11.1.202404110753\\db\
2024-10-04 09:29:45,829 [WARN] IP:2120 - I2C_Coeff_DF not found: check if there is a RefParameter without a condition.
2024-10-04 09:29:45,829 [WARN] IP:2120 - Analog_Filter not found: check if there is a RefParameter without a condition.
2024-10-04 09:29:45,830 [WARN] IP:2120 - I2C_Coeff_DF not found: check if there is a RefParameter without a condition.
2024-10-04 09:29:45,830 [WARN] IP:2120 - Analog_Filter not found: check if there is a RefParameter without a condition.
2024-10-04 09:29:45,831 [WARN] IP:2120 - I2C_Coeff_DF not found: check if there is a RefParameter without a condition.
2024-10-04 09:29:45,831 [WARN] IP:2120 - Analog_Filter not found: check if there is a RefParameter without a condition.
2024-10-04 09:29:46,008 [INFO] CodeEngine:255 - oldGeneratedFile, D:\Projetos\Firmware\firmware\Freelancer_1\MXTmpFiles\license.tmp_save
2024-10-04 09:29:46,323 [INFO] CodeEngine:279 - Generated code: D:\Projetos\Firmware\firmware\Freelancer_1\MXTmpFiles\license.tmp
2024-10-04 09:29:46,429 [INFO] CodeEngine:255 - oldGeneratedFile, D:\Projetos\Firmware\firmware\Freelancer_1\MXTmpFiles\gpio.tmp_save
2024-10-04 09:29:46,542 [INFO] CodeEngine:279 - Generated code: D:\Projetos\Firmware\firmware\Freelancer_1\MXTmpFiles\gpio.tmp
2024-10-04 09:29:47,807 [INFO] CodeEngine:255 - oldGeneratedFile, D:\Projetos\Firmware\firmware\Freelancer_1\Core\Src\stm32f4xx_it.c_save
2024-10-04 09:29:47,922 [INFO] CodeEngine:279 - Generated code: D:\Projetos\Firmware\firmware\Freelancer_1\Core\Src\stm32f4xx_it.c
2024-10-04 09:29:47,936 [INFO] CodeEngine:255 - oldGeneratedFile, D:\Projetos\Firmware\firmware\Freelancer_1\Core\Inc\stm32f4xx_it.h_save
2024-10-04 09:29:48,068 [INFO] CodeEngine:279 - Generated code: D:\Projetos\Firmware\firmware\Freelancer_1\Core\Inc\stm32f4xx_it.h
2024-10-04 09:29:48,108 [INFO] CodeEngine:255 - oldGeneratedFile, D:\Projetos\Firmware\firmware\Freelancer_1\Core\Src\stm32f4xx_hal_msp.c_save
2024-10-04 09:29:48,298 [INFO] CodeEngine:279 - Generated code: D:\Projetos\Firmware\firmware\Freelancer_1\Core\Src\stm32f4xx_hal_msp.c
2024-10-04 09:29:48,305 [INFO] CodeEngine:255 - oldGeneratedFile, D:\Projetos\Firmware\firmware\Freelancer_1\MXTmpFiles\system.tmp_save
2024-10-04 09:29:48,386 [INFO] CodeEngine:279 - Generated code: D:\Projetos\Firmware\firmware\Freelancer_1\MXTmpFiles\system.tmp
2024-10-04 09:29:48,409 [INFO] CodeEngine:311 - oldGeneratedFile, D:\Projetos\Firmware\firmware\Freelancer_1\Core\Inc\stm32f4xx_hal_conf.h_save
2024-10-04 09:29:48,564 [INFO] CodeEngine:335 - Generated code: D:\Projetos\Firmware\firmware\Freelancer_1\Core\Inc\stm32f4xx_hal_conf.h
2024-10-04 09:29:48,628 [INFO] CodeEngine:255 - oldGeneratedFile, D:\Projetos\Firmware\firmware\Freelancer_1\Core\Inc\main.h_save
2024-10-04 09:29:48,729 [INFO] CodeEngine:279 - Generated code: D:\Projetos\Firmware\firmware\Freelancer_1\Core\Inc\main.h
2024-10-04 09:29:48,747 [INFO] CodeEngine:255 - oldGeneratedFile, D:\Projetos\Firmware\firmware\Freelancer_1\Core\Src\main.c_save
2024-10-04 09:29:48,921 [INFO] CodeEngine:279 - Generated code: D:\Projetos\Firmware\firmware\Freelancer_1\Core\Src\main.c
2024-10-04 09:29:49,489 [INFO] ProjectBuilder:3163 - Time for Copy HAL[1] : 339mS.
2024-10-04 09:29:49,495 [INFO] ProjectBuilder:4736 - Project Generator version: 4.3.0-B58
2024-10-04 09:29:49,609 [INFO] ConfigFileManager:1503 - The Die is : DIE413
2024-10-04 09:29:51,921 [INFO] ProjectBuilder:5002 - Time for Generating toolchain IDE Files: 2426mS.
2024-10-04 09:29:51,922 [INFO] ProjectBuilder:3034 - Time for Copy CMSIS : 1mS.
2024-10-04 09:29:51,929 [INFO] ProjectBuilder:3034 - Time for Copy CMSIS : 1mS.
2024-10-04 09:30:07,788 [WARN] IP:2120 - I2C_Coeff_DF not found: check if there is a RefParameter without a condition.
2024-10-04 09:30:07,788 [WARN] IP:2120 - Analog_Filter not found: check if there is a RefParameter without a condition.
2024-10-04 09:30:07,788 [WARN] IP:2120 - I2C_Coeff_DF not found: check if there is a RefParameter without a condition.
2024-10-04 09:30:07,788 [WARN] IP:2120 - Analog_Filter not found: check if there is a RefParameter without a condition.
2024-10-04 09:30:07,790 [WARN] IP:2120 - I2C_Coeff_DF not found: check if there is a RefParameter without a condition.
2024-10-04 09:30:07,791 [WARN] IP:2120 - Analog_Filter not found: check if there is a RefParameter without a condition.
2024-10-04 09:30:07,791 [WARN] IP:2120 - I2C_Coeff_DF not found: check if there is a RefParameter without a condition.
2024-10-04 09:30:07,791 [WARN] IP:2120 - Analog_Filter not found: check if there is a RefParameter without a condition.
2024-10-04 09:30:07,793 [WARN] IP:2120 - I2C_Coeff_DF not found: check if there is a RefParameter without a condition.
2024-10-04 09:30:07,793 [WARN] IP:2120 - Analog_Filter not found: check if there is a RefParameter without a condition.
2024-10-04 09:30:07,794 [WARN] IP:2120 - I2C_Coeff_DF not found: check if there is a RefParameter without a condition.
2024-10-04 09:30:07,794 [WARN] IP:2120 - Analog_Filter not found: check if there is a RefParameter without a condition.
2024-10-04 09:30:07,837 [WARN] IP:2120 - I2C_Coeff_DF not found: check if there is a RefParameter without a condition.
2024-10-04 09:30:07,837 [WARN] IP:2120 - Analog_Filter not found: check if there is a RefParameter without a condition.
2024-10-04 09:30:07,839 [WARN] IP:2120 - I2C_Coeff_DF not found: check if there is a RefParameter without a condition.
2024-10-04 09:30:07,839 [WARN] IP:2120 - Analog_Filter not found: check if there is a RefParameter without a condition.
2024-10-04 09:30:07,841 [WARN] IP:2120 - I2C_Coeff_DF not found: check if there is a RefParameter without a condition.
2024-10-04 09:30:07,841 [WARN] IP:2120 - Analog_Filter not found: check if there is a RefParameter without a condition.
2024-10-04 09:30:07,880 [WARN] IP:2120 - I2C_Coeff_DF not found: check if there is a RefParameter without a condition.
2024-10-04 09:30:07,881 [WARN] IP:2120 - Analog_Filter not found: check if there is a RefParameter without a condition.
2024-10-04 09:30:07,883 [WARN] IP:2120 - I2C_Coeff_DF not found: check if there is a RefParameter without a condition.
2024-10-04 09:30:07,883 [WARN] IP:2120 - Analog_Filter not found: check if there is a RefParameter without a condition.
2024-10-04 09:30:07,885 [WARN] IP:2120 - I2C_Coeff_DF not found: check if there is a RefParameter without a condition.
2024-10-04 09:30:07,885 [WARN] IP:2120 - Analog_Filter not found: check if there is a RefParameter without a condition.
2024-10-04 09:30:11,538 [WARN] IP:2120 - I2C_Coeff_DF not found: check if there is a RefParameter without a condition.
2024-10-04 09:30:11,538 [WARN] IP:2120 - Analog_Filter not found: check if there is a RefParameter without a condition.
2024-10-04 09:30:11,539 [WARN] IP:2120 - I2C_Coeff_DF not found: check if there is a RefParameter without a condition.
2024-10-04 09:30:11,539 [WARN] IP:2120 - Analog_Filter not found: check if there is a RefParameter without a condition.
2024-10-04 09:30:11,541 [WARN] IP:2120 - I2C_Coeff_DF not found: check if there is a RefParameter without a condition.
2024-10-04 09:30:11,541 [WARN] IP:2120 - Analog_Filter not found: check if there is a RefParameter without a condition.
2024-10-04 09:30:11,542 [WARN] IP:2120 - I2C_Coeff_DF not found: check if there is a RefParameter without a condition.
2024-10-04 09:30:11,542 [WARN] IP:2120 - Analog_Filter not found: check if there is a RefParameter without a condition.
2024-10-04 09:30:11,544 [WARN] IP:2120 - I2C_Coeff_DF not found: check if there is a RefParameter without a condition.
2024-10-04 09:30:11,544 [WARN] IP:2120 - Analog_Filter not found: check if there is a RefParameter without a condition.
2024-10-04 09:30:11,545 [WARN] IP:2120 - I2C_Coeff_DF not found: check if there is a RefParameter without a condition.
2024-10-04 09:30:11,545 [WARN] IP:2120 - Analog_Filter not found: check if there is a RefParameter without a condition.
2024-10-04 09:30:11,595 [WARN] IP:2120 - I2C_Coeff_DF not found: check if there is a RefParameter without a condition.
2024-10-04 09:30:11,595 [WARN] IP:2120 - Analog_Filter not found: check if there is a RefParameter without a condition.
2024-10-04 09:30:11,599 [WARN] IP:2120 - I2C_Coeff_DF not found: check if there is a RefParameter without a condition.
2024-10-04 09:30:11,599 [WARN] IP:2120 - Analog_Filter not found: check if there is a RefParameter without a condition.
2024-10-04 09:30:11,601 [WARN] IP:2120 - I2C_Coeff_DF not found: check if there is a RefParameter without a condition.
2024-10-04 09:30:11,601 [WARN] IP:2120 - Analog_Filter not found: check if there is a RefParameter without a condition.
2024-10-04 09:30:11,684 [WARN] IP:2120 - I2C_Coeff_DF not found: check if there is a RefParameter without a condition.
2024-10-04 09:30:11,684 [WARN] IP:2120 - Analog_Filter not found: check if there is a RefParameter without a condition.
2024-10-04 09:30:11,687 [WARN] IP:2120 - I2C_Coeff_DF not found: check if there is a RefParameter without a condition.
2024-10-04 09:30:11,687 [WARN] IP:2120 - Analog_Filter not found: check if there is a RefParameter without a condition.
2024-10-04 09:30:11,690 [WARN] IP:2120 - I2C_Coeff_DF not found: check if there is a RefParameter without a condition.
2024-10-04 09:30:11,690 [WARN] IP:2120 - Analog_Filter not found: check if there is a RefParameter without a condition.
2024-10-04 12:10:50,329 [INFO] WebApp:354 - JxBrowser engine has been closed 
2024-10-04 14:14:19,813 [INFO] Activator:176 - 


2024-10-04 14:14:19,815 [INFO] Activator:177 - !SESSION log4j initialized
2024-10-04 14:14:22,864 [INFO] ApplicationProperties:184 - Using Application install path: C:\ST\STM32CubeIDE_1.15.1\STM32CubeIDE\plugins\com.st.stm32cube.common.mx_6.11.1.202404110753
2024-10-04 14:14:22,886 [INFO] DbMcusXml:78 - Set database path to: C:\ST\STM32CubeIDE_1.15.1\STM32CubeIDE\plugins\com.st.stm32cube.common.mx_6.11.1.202404110753\\db\/mcu/
2024-10-04 14:14:22,887 [INFO] ApiDb:274 - Set plugin database path to: C:\ST\STM32CubeIDE_1.15.1\STM32CubeIDE\plugins\com.st.stm32cube.common.mx_6.11.1.202404110753\\db\/plugins/boardmanager/
2024-10-04 14:14:22,887 [WARN] ApiDb:259 - Overriding images path with different value:  => C:\ST\STM32CubeIDE_1.15.1\STM32CubeIDE\plugins\com.st.stm32cube.common.mx_6.11.1.202404110753\\db\/plugins/mcufinder/images/
2024-10-04 14:14:22,895 [INFO] ApiDb:250 - Set database path to: C:\Users\Matheus Markies\.stmcufinder\plugins\mcufinder//mcu/
2024-10-04 14:14:22,896 [INFO] DbMcusAds:125 - Set database path to: C:\Users\Matheus Markies\.stmcufinder\plugins\mcufinder//mcu/
2024-10-04 14:14:22,974 [INFO] CrossReferenceDbSqlite:203 - Set database path to: C:\Users\Matheus Markies\.stmcufinder\plugins\mcufinder//mcu/cs/
2024-10-04 14:14:23,185 [INFO] RulesReader:64 - Compatibility file has been processed (297 Rules)
2024-10-04 14:14:23,376 [INFO] DbMcusXml:78 - Set database path to: C:\ST\STM32CubeIDE_1.15.1\STM32CubeIDE\plugins\com.st.stm32cube.common.mx_6.11.1.202404110753\\db\/mcu/
2024-10-04 14:14:23,376 [INFO] ApiDb:274 - Set plugin database path to: C:\ST\STM32CubeIDE_1.15.1\STM32CubeIDE\plugins\com.st.stm32cube.common.mx_6.11.1.202404110753\\db\/plugins/boardmanager/
2024-10-04 14:14:23,376 [INFO] ApiDb:261 - Set plugin images path to: C:\ST\STM32CubeIDE_1.15.1\STM32CubeIDE\plugins\com.st.stm32cube.common.mx_6.11.1.202404110753\\db\/plugins/mcufinder/images/
2024-10-04 14:14:23,376 [WARN] DbFile:41 - Overriding database path with different value: C:\Users\Matheus Markies\.stmcufinder\plugins\mcufinder/ => C:\Users\Matheus Markies\.stmcufinder\plugins\mcufinder
2024-10-04 14:14:23,376 [INFO] ApiDb:250 - Set database path to: C:\Users\Matheus Markies\.stmcufinder\plugins\mcufinder//mcu/
2024-10-04 14:14:23,376 [WARN] DbFile:41 - Overriding database path with different value: C:\Users\Matheus Markies\.stmcufinder\plugins\mcufinder/ => C:\Users\Matheus Markies\.stmcufinder\plugins\mcufinder
2024-10-04 14:14:23,376 [INFO] DbMcusAds:125 - Set database path to: C:\Users\Matheus Markies\.stmcufinder\plugins\mcufinder//mcu/
2024-10-04 14:14:23,377 [WARN] DbFile:41 - Overriding database path with different value: C:\Users\Matheus Markies\.stmcufinder\plugins\mcufinder/ => C:\Users\Matheus Markies\.stmcufinder\plugins\mcufinder
2024-10-04 14:14:23,377 [WARN] DbFile:41 - Overriding database path with different value: C:\Users\Matheus Markies\.stmcufinder\plugins\mcufinder/ => C:\Users\Matheus Markies\.stmcufinder\plugins\mcufinder
2024-10-04 14:14:23,377 [INFO] CrossReferenceDbSqlite:203 - Set database path to: C:\Users\Matheus Markies\.stmcufinder\plugins\mcufinder//mcu/cs/
2024-10-04 14:14:23,555 [INFO] MainPanel:264 - HeapMemory: 268435456
2024-10-04 14:14:23,782 [INFO] DbMcusXml:78 - Set database path to: C:\ST\STM32CubeIDE_1.15.1\STM32CubeIDE\plugins\com.st.stm32cube.common.mx_6.11.1.202404110753\\db\/mcu/
2024-10-04 14:14:23,782 [INFO] ApiDb:274 - Set plugin database path to: C:\ST\STM32CubeIDE_1.15.1\STM32CubeIDE\plugins\com.st.stm32cube.common.mx_6.11.1.202404110753\\db\/plugins/boardmanager/
2024-10-04 14:14:23,782 [INFO] ApiDb:261 - Set plugin images path to: C:\ST\STM32CubeIDE_1.15.1\STM32CubeIDE\plugins\com.st.stm32cube.common.mx_6.11.1.202404110753\\db\/plugins/mcufinder/images/
2024-10-04 14:14:23,784 [WARN] DbFile:41 - Overriding database path with different value: C:\Users\Matheus Markies\.stmcufinder\plugins\mcufinder/ => C:\Users\Matheus Markies\.stmcufinder\plugins\mcufinder
2024-10-04 14:14:23,784 [INFO] ApiDb:250 - Set database path to: C:\Users\Matheus Markies\.stmcufinder\plugins\mcufinder//mcu/
2024-10-04 14:14:23,784 [WARN] DbFile:41 - Overriding database path with different value: C:\Users\Matheus Markies\.stmcufinder\plugins\mcufinder/ => C:\Users\Matheus Markies\.stmcufinder\plugins\mcufinder
2024-10-04 14:14:23,784 [INFO] DbMcusAds:125 - Set database path to: C:\Users\Matheus Markies\.stmcufinder\plugins\mcufinder//mcu/
2024-10-04 14:14:23,784 [WARN] DbFile:41 - Overriding database path with different value: C:\Users\Matheus Markies\.stmcufinder\plugins\mcufinder/ => C:\Users\Matheus Markies\.stmcufinder\plugins\mcufinder
2024-10-04 14:14:23,784 [WARN] DbFile:41 - Overriding database path with different value: C:\Users\Matheus Markies\.stmcufinder\plugins\mcufinder/ => C:\Users\Matheus Markies\.stmcufinder\plugins\mcufinder
2024-10-04 14:14:23,785 [INFO] CrossReferenceDbSqlite:203 - Set database path to: C:\Users\Matheus Markies\.stmcufinder\plugins\mcufinder//mcu/cs/
2024-10-04 14:14:23,820 [INFO] ApplicationProperties:184 - Using Application install path: C:\ST\STM32CubeIDE_1.15.1\STM32CubeIDE\plugins\com.st.stm32cube.common.mx_6.11.1.202404110753
2024-10-04 14:14:23,825 [INFO] PluginManage:196 - Search for loadable plugins [exclusion list=, ]
2024-10-04 14:14:23,828 [INFO] PluginManage:310 - Check plugin analytics
2024-10-04 14:14:24,420 [INFO] AnalyticsPlugin:253 - Accepted Software Licenses: 
2024-10-04 14:14:24,420 [INFO] AnalyticsPlugin:255 - Accepted CMSIS Pack Licenses: 
2024-10-04 14:14:24,420 [INFO] AnalyticsPlugin:257 - Accepted Firmware Licenses: FW.F4.1.28.0
2024-10-04 14:14:24,432 [INFO] PluginManage:359 - Loaded plugin analytics (category:tool,tabindex:-1)
2024-10-04 14:14:24,432 [INFO] PluginManage:310 - Check plugin cadmodel
2024-10-04 14:14:24,522 [INFO] CADModel:105 - Init CAD model plugin
2024-10-04 14:14:24,522 [INFO] PluginManage:359 - Loaded plugin cadmodel (category:power,tabindex:5)
2024-10-04 14:14:24,522 [INFO] PluginManage:310 - Check plugin clock
2024-10-04 14:14:24,537 [INFO] PluginManage:359 - Loaded plugin clock (category:base,tabindex:2)
2024-10-04 14:14:24,537 [INFO] PluginManage:310 - Check plugin ddr
2024-10-04 14:14:24,541 [INFO] PluginManage:359 - Loaded plugin ddr (category:tool,tabindex:6)
2024-10-04 14:14:24,542 [INFO] PluginManage:310 - Check plugin filemanager
2024-10-04 14:14:24,753 [INFO] PluginManage:359 - Loaded plugin filemanager (category:base,tabindex:10)
2024-10-04 14:14:24,753 [INFO] PluginManage:310 - Check plugin ipmanager
2024-10-04 14:14:24,763 [INFO] PluginManage:359 - Loaded plugin ipmanager (category:base,tabindex:5)
2024-10-04 14:14:24,764 [INFO] PluginManage:310 - Check plugin lpbam
2024-10-04 14:14:24,773 [INFO] PluginManage:359 - Loaded plugin lpbam (category:base,tabindex:0)
2024-10-04 14:14:24,773 [INFO] PluginManage:310 - Check plugin memorymap
2024-10-04 14:14:24,796 [INFO] PluginManage:359 - Loaded plugin memorymap (category:base,tabindex:4)
2024-10-04 14:14:24,796 [INFO] PluginManage:310 - Check plugin pinoutandconfiguration
2024-10-04 14:14:24,804 [INFO] PluginManage:359 - Loaded plugin pinoutandconfiguration (category:base,tabindex:1)
2024-10-04 14:14:24,805 [INFO] PluginManage:310 - Check plugin pinoutconfig
2024-10-04 14:14:24,932 [WARN] SupportedApi:132 - Cannot load RTOS API schema: s4s-elt-must-match.1: The content of 'definitions' must match (annotation?, (simpleType | complexType)?, (unique | key | keyref)*)). A problem was found starting at: attribute.
2024-10-04 14:14:25,187 [INFO] PluginManage:359 - Loaded plugin pinoutconfig (category:base,tabindex:0)
2024-10-04 14:14:25,187 [INFO] PluginManage:310 - Check plugin power
2024-10-04 14:14:25,206 [INFO] PluginManage:359 - Loaded plugin power (category:power,tabindex:4)
2024-10-04 14:14:25,206 [INFO] PluginManage:310 - Check plugin projectmanager
2024-10-04 14:14:25,224 [INFO] PluginManage:359 - Loaded plugin projectmanager (category:projectmanager,tabindex:3)
2024-10-04 14:14:25,224 [INFO] PluginManage:310 - Check plugin thirdparty
2024-10-04 14:14:25,443 [INFO] PluginManage:359 - Loaded plugin thirdparty (category:base,tabindex:-1)
2024-10-04 14:14:25,443 [INFO] PluginManage:310 - Check plugin tools
2024-10-04 14:14:25,449 [INFO] PluginManage:359 - Loaded plugin tools (category:base,tabindex:7)
2024-10-04 14:14:25,449 [INFO] PluginManage:310 - Check plugin tutovideos
2024-10-04 14:14:25,443 [WARN] IntegrityCheckThread:84 - waiting for thirdparty lock release [integrity check]
2024-10-04 14:14:25,453 [INFO] IntegrityCheckThread:86 - entering critical section [integrity check]
2024-10-04 14:14:25,453 [INFO] ThirdPartyUpdaterWithRetryManager:70 - Updater plugin not ready yet. [1/15]
2024-10-04 14:14:25,708 [INFO] PluginManage:359 - Loaded plugin tutovideos (category:base,tabindex:-1)
2024-10-04 14:14:25,708 [INFO] PluginManage:310 - Check plugin updater
2024-10-04 14:14:25,720 [INFO] PluginManage:359 - Loaded plugin updater (category:base,tabindex:12)
2024-10-04 14:14:25,720 [INFO] PluginManage:310 - Check plugin userauth
2024-10-04 14:14:25,726 [INFO] UserAuth:114 - Init User Auth plugin
2024-10-04 14:14:25,726 [INFO] PluginManage:359 - Loaded plugin userauth (category:base,tabindex:14)
2024-10-04 14:14:25,726 [INFO] PluginManage:283 - PluginManage : Loaded plugins [17]
2024-10-04 14:14:26,096 [INFO] PinOutPanel:1561 - setPackage(No Configuration,No Configuration)
2024-10-04 14:14:26,341 [INFO] CADModel:165 - CPN selected for project level
2024-10-04 14:14:26,342 [INFO] CADModel:114 - Register for checkConnection events
2024-10-04 14:14:26,388 [INFO] IPUIPlugin:80 - create IPUIPlugin
2024-10-04 14:14:26,389 [INFO] PluginManager:220 - loadIPPluginJar : add adc
2024-10-04 14:14:26,397 [INFO] IPUIPlugin:80 - create IPUIPlugin
2024-10-04 14:14:26,397 [INFO] PluginManager:220 - loadIPPluginJar : add aes
2024-10-04 14:14:26,401 [INFO] IPUIPlugin:80 - create IPUIPlugin
2024-10-04 14:14:26,401 [INFO] PluginManager:220 - loadIPPluginJar : add can
2024-10-04 14:14:26,404 [INFO] IPUIPlugin:80 - create IPUIPlugin
2024-10-04 14:14:26,405 [INFO] PluginManager:220 - loadIPPluginJar : add comp
2024-10-04 14:14:26,408 [INFO] IPUIPlugin:80 - create IPUIPlugin
2024-10-04 14:14:26,408 [INFO] PluginManager:220 - loadIPPluginJar : add cryp
2024-10-04 14:14:26,413 [INFO] IPUIPlugin:80 - create IPUIPlugin
2024-10-04 14:14:26,413 [INFO] PluginManager:220 - loadIPPluginJar : add dfsdm
2024-10-04 14:14:26,420 [INFO] IPUIPlugin:80 - create IPUIPlugin
2024-10-04 14:14:26,421 [INFO] PluginManager:220 - loadIPPluginJar : add dma
2024-10-04 14:14:26,426 [INFO] IPUIPlugin:80 - create IPUIPlugin
2024-10-04 14:14:26,426 [INFO] PluginManager:220 - loadIPPluginJar : add dma3
2024-10-04 14:14:26,430 [INFO] IPUIPlugin:80 - create IPUIPlugin
2024-10-04 14:14:26,432 [INFO] PluginManager:220 - loadIPPluginJar : add extmemmanager
2024-10-04 14:14:26,436 [INFO] IPUIPlugin:80 - create IPUIPlugin
2024-10-04 14:14:26,436 [INFO] PluginManager:220 - loadIPPluginJar : add fatfs
2024-10-04 14:14:26,442 [INFO] IPUIPlugin:80 - create IPUIPlugin
2024-10-04 14:14:26,442 [INFO] PluginManager:220 - loadIPPluginJar : add fmc
2024-10-04 14:14:26,452 [INFO] IPUIPlugin:80 - create IPUIPlugin
2024-10-04 14:14:26,452 [INFO] PluginManager:220 - loadIPPluginJar : add freertos
2024-10-04 14:14:26,454 [INFO] IPUIPlugin:80 - create IPUIPlugin
2024-10-04 14:14:26,455 [INFO] PluginManager:220 - loadIPPluginJar : add genericplugin
2024-10-04 14:14:26,460 [INFO] IPUIPlugin:80 - create IPUIPlugin
2024-10-04 14:14:26,460 [INFO] PluginManager:220 - loadIPPluginJar : add gfxmmu
2024-10-04 14:14:26,466 [INFO] IPUIPlugin:80 - create IPUIPlugin
2024-10-04 14:14:26,466 [INFO] PluginManager:220 - loadIPPluginJar : add gic
2024-10-04 14:14:26,472 [INFO] IPUIPlugin:80 - create IPUIPlugin
2024-10-04 14:14:26,472 [INFO] PluginManager:220 - loadIPPluginJar : add gpio
2024-10-04 14:14:26,478 [INFO] IPUIPlugin:80 - create IPUIPlugin
2024-10-04 14:14:26,479 [INFO] PluginManager:220 - loadIPPluginJar : add gtzc
2024-10-04 14:14:26,483 [INFO] IPUIPlugin:80 - create IPUIPlugin
2024-10-04 14:14:26,483 [INFO] PluginManager:220 - loadIPPluginJar : add hash
2024-10-04 14:14:26,499 [INFO] IPUIPlugin:80 - create IPUIPlugin
2024-10-04 14:14:26,523 [INFO] PluginManager:220 - loadIPPluginJar : add i2c
2024-10-04 14:14:26,527 [INFO] IPUIPlugin:80 - create IPUIPlugin
2024-10-04 14:14:26,528 [INFO] PluginManager:220 - loadIPPluginJar : add i2s
2024-10-04 14:14:26,532 [INFO] IPUIPlugin:80 - create IPUIPlugin
2024-10-04 14:14:26,532 [INFO] PluginManager:220 - loadIPPluginJar : add i3c
2024-10-04 14:14:26,536 [INFO] IPUIPlugin:80 - create IPUIPlugin
2024-10-04 14:14:26,537 [INFO] PluginManager:220 - loadIPPluginJar : add ipddr
2024-10-04 14:14:26,546 [INFO] IPUIPlugin:80 - create IPUIPlugin
2024-10-04 14:14:26,546 [INFO] PluginManager:220 - loadIPPluginJar : add linkedlist
2024-10-04 14:14:26,550 [INFO] IPUIPlugin:80 - create IPUIPlugin
2024-10-04 14:14:26,550 [INFO] PluginManager:220 - loadIPPluginJar : add lorawan
2024-10-04 14:14:26,553 [INFO] IPUIPlugin:80 - create IPUIPlugin
2024-10-04 14:14:26,554 [INFO] PluginManager:220 - loadIPPluginJar : add ltdc
2024-10-04 14:14:26,561 [INFO] IPUIPlugin:80 - create IPUIPlugin
2024-10-04 14:14:26,561 [INFO] PluginManager:220 - loadIPPluginJar : add mdma
2024-10-04 14:14:26,567 [INFO] IPUIPlugin:80 - create IPUIPlugin
2024-10-04 14:14:26,567 [INFO] PluginManager:220 - loadIPPluginJar : add nvic
2024-10-04 14:14:26,571 [INFO] IPUIPlugin:80 - create IPUIPlugin
2024-10-04 14:14:26,571 [INFO] PluginManager:220 - loadIPPluginJar : add opamp
2024-10-04 14:14:26,576 [INFO] IPUIPlugin:80 - create IPUIPlugin
2024-10-04 14:14:26,577 [INFO] PluginManager:220 - loadIPPluginJar : add openamp
2024-10-04 14:14:26,582 [INFO] IPUIPlugin:80 - create IPUIPlugin
2024-10-04 14:14:26,582 [INFO] PluginManager:220 - loadIPPluginJar : add pdm2pcm
2024-10-04 14:14:26,591 [INFO] IPUIPlugin:80 - create IPUIPlugin
2024-10-04 14:14:26,600 [INFO] PluginManager:220 - loadIPPluginJar : add plateformsettings
2024-10-04 14:14:26,608 [INFO] IPUIPlugin:80 - create IPUIPlugin
2024-10-04 14:14:26,608 [INFO] PluginManager:220 - loadIPPluginJar : add quadspi
2024-10-04 14:14:26,613 [INFO] IPUIPlugin:80 - create IPUIPlugin
2024-10-04 14:14:26,614 [INFO] PluginManager:220 - loadIPPluginJar : add resmgrutility
2024-10-04 14:14:26,618 [INFO] IPUIPlugin:80 - create IPUIPlugin
2024-10-04 14:14:26,618 [INFO] PluginManager:220 - loadIPPluginJar : add sai
2024-10-04 14:14:26,622 [INFO] IPUIPlugin:80 - create IPUIPlugin
2024-10-04 14:14:26,622 [INFO] PluginManager:220 - loadIPPluginJar : add spi
2024-10-04 14:14:26,629 [INFO] IPUIPlugin:80 - create IPUIPlugin
2024-10-04 14:14:26,629 [INFO] PluginManager:220 - loadIPPluginJar : add stm32_wpan
2024-10-04 14:14:26,631 [INFO] IPUIPlugin:80 - create IPUIPlugin
2024-10-04 14:14:26,631 [INFO] PluginManager:220 - loadIPPluginJar : add tim
2024-10-04 14:14:26,636 [INFO] IPUIPlugin:80 - create IPUIPlugin
2024-10-04 14:14:26,636 [INFO] PluginManager:220 - loadIPPluginJar : add touchsensing
2024-10-04 14:14:26,639 [INFO] IPUIPlugin:80 - create IPUIPlugin
2024-10-04 14:14:26,639 [INFO] PluginManager:220 - loadIPPluginJar : add tracer_emb
2024-10-04 14:14:26,645 [INFO] IPUIPlugin:80 - create IPUIPlugin
2024-10-04 14:14:26,646 [INFO] PluginManager:220 - loadIPPluginJar : add ts
2024-10-04 14:14:26,657 [INFO] IPUIPlugin:80 - create IPUIPlugin
2024-10-04 14:14:26,657 [INFO] PluginManager:220 - loadIPPluginJar : add tsc
2024-10-04 14:14:26,660 [INFO] IPUIPlugin:80 - create IPUIPlugin
2024-10-04 14:14:26,661 [INFO] PluginManager:220 - loadIPPluginJar : add ucpd
2024-10-04 14:14:26,665 [INFO] IPUIPlugin:80 - create IPUIPlugin
2024-10-04 14:14:26,666 [INFO] PluginManager:220 - loadIPPluginJar : add usart
2024-10-04 14:14:26,670 [INFO] IPUIPlugin:80 - create IPUIPlugin
2024-10-04 14:14:26,670 [INFO] PluginManager:220 - loadIPPluginJar : add usbx
2024-10-04 14:14:26,853 [INFO] CADModel:165 - CPN selected for project level
2024-10-04 14:14:26,854 [INFO] CADModel:114 - Register for checkConnection events
2024-10-04 14:14:26,854 [FATAL] Updater:308 - Updater called before beeing initialized
2024-10-04 14:14:26,854 [ERROR] CADModel:125 - Updater not yet initialized, retry later 
2024-10-04 14:14:27,159 [INFO] CADModel:165 - CPN selected for project level
2024-10-04 14:14:27,159 [INFO] CADModel:114 - Register for checkConnection events
2024-10-04 14:14:27,159 [FATAL] Updater:308 - Updater called before beeing initialized
2024-10-04 14:14:27,161 [ERROR] CADModel:125 - Updater not yet initialized, retry later 
2024-10-04 14:14:27,166 [FATAL] Updater:308 - Updater called before beeing initialized
2024-10-04 14:14:27,353 [FATAL] Updater:308 - Updater called before beeing initialized
2024-10-04 14:14:27,359 [INFO] DbMcusAds:53 - JSON generation date=Fri Sep 20 10:04:23 BRT 2024 (1726837463113)
2024-10-04 14:14:27,359 [FATAL] Updater:308 - Updater called before beeing initialized
2024-10-04 14:14:27,414 [WARN] DetailPanel:346 - Failed to get advertising image, set to default
2024-10-04 14:14:27,540 [FATAL] Updater:308 - Updater called before beeing initialized
2024-10-04 14:14:27,543 [FATAL] Updater:308 - Updater called before beeing initialized
2024-10-04 14:14:27,543 [FATAL] Updater:308 - Updater called before beeing initialized
2024-10-04 14:14:27,543 [WARN] DetailPanel:346 - Failed to get advertising image, set to default
2024-10-04 14:14:27,545 [FATAL] Updater:308 - Updater called before beeing initialized
2024-10-04 14:14:27,610 [ERROR] Updater:1120 - MainUpdater not yet initialized. External WinMGr cannot be set.
2024-10-04 14:14:27,613 [INFO] Updater:1056 - Updater Version found : 6.11.1
2024-10-04 14:14:27,634 [INFO] ApplicationProperties:184 - Using Application install path: C:\ST\STM32CubeIDE_1.15.1\STM32CubeIDE\plugins\com.st.stm32cube.common.mx_6.11.1.202404110753
2024-10-04 14:14:28,458 [INFO] ThirdPartyUpdaterWithRetryManager:70 - Updater plugin not ready yet. [2/15]
2024-10-04 14:14:29,235 [ERROR] LogOutputStream:75 - [STDERR_REDIRECT] Oct 04, 2024 2:14:29 PM java.util.prefs.WindowsPreferences <init>
2024-10-04 14:14:29,238 [ERROR] LogOutputStream:75 - [STDERR_REDIRECT] WARNING: Could not open/create prefs root node Software\JavaSoft\Prefs at root 0xffffffff80000002. Windows RegCreateKeyEx(...) returned error code 5.
2024-10-04 14:14:29,238 [ERROR] LogOutputStream:75 - [STDERR_REDIRECT] 
2024-10-04 14:14:29,740 [INFO] MainUpdater:2873 - connection check result : 10
2024-10-04 14:14:29,741 [INFO] MainUpdater:290 - Updater Check For Update Now.
2024-10-04 14:14:29,741 [INFO] MicroXplorer:498 - Change Database Version : DB.6.0.111
2024-10-04 14:14:30,134 [INFO] CheckServerUpdateThread:120 - End of CheckServer Thread
2024-10-04 14:14:30,179 [INFO] MainUpdater:2873 - connection check result : 10
2024-10-04 14:14:30,180 [INFO] MainUpdater:2873 - connection check result : 10
2024-10-04 14:14:30,285 [INFO] MicroXplorer:468 - Change Database Path : 
2024-10-04 14:14:30,286 [INFO] MicroXplorer:498 - Change Database Version : DB.6.0.111
2024-10-04 14:14:30,297 [WARN] ThirdParty:871 - waiting for thirdparty lock release [close project]
2024-10-04 14:14:31,959 [WARN] PackLoader:240 - Cannot read IP mode file for STMicroelectronics.FP-SNS-MOTENVWB1.1.4.0
2024-10-04 14:14:31,986 [WARN] PackLoader:240 - Cannot read IP mode file for STMicroelectronics.X-CUBE-SMBUS.2.1.0
2024-10-04 14:14:32,008 [WARN] PackLoader:240 - Cannot read IP mode file for STMicroelectronics.X-CUBE-WB05N.1.1.0
2024-10-04 14:14:32,021 [WARN] PackLoader:240 - Cannot read IP mode file for STMicroelectronics.X-CUBE-TOUCHGFX.4.23.2
2024-10-04 14:14:32,090 [WARN] PackLoader:240 - Cannot read IP mode file for STMicroelectronics.X-CUBE-AZRTOS-F7.1.1.0
2024-10-04 14:14:32,347 [WARN] PackLoader:240 - Cannot read IP mode file for STMicroelectronics.X-CUBE-MEMS1.11.0.0
2024-10-04 14:14:32,649 [WARN] PackLoader:240 - Cannot read IP mode file for STMicroelectronics.FP-SNS-FLIGHT1.5.0.2
2024-10-04 14:14:32,694 [WARN] PackLoader:240 - Cannot read IP mode file for STMicroelectronics.X-CUBE-DISPLAY.3.0.0
2024-10-04 14:14:32,715 [WARN] PackLoader:240 - Cannot read IP mode file for STMicroelectronics.X-CUBE-BLE1.7.0.0
2024-10-04 14:14:32,745 [WARN] PackLoader:240 - Cannot read IP mode file for STMicroelectronics.X-CUBE-NFC10.1.0.0
2024-10-04 14:14:32,982 [WARN] PackLoader:240 - Cannot read IP mode file for emotas.I-CUBE-CANOPEN.1.3.0
2024-10-04 14:14:33,017 [WARN] PackLoader:240 - Cannot read IP mode file for STMicroelectronics.X-CUBE-BLEMGR.3.1.0
2024-10-04 14:14:33,045 [WARN] PackLoader:240 - Cannot read IP mode file for STMicroelectronics.FP-SNS-SMARTAG2.1.2.0
2024-10-04 14:14:33,191 [INFO] LogOutputStream:77 - [STDOUT_REDIRECT] 1 : Invalid condition id : UX_CORESTACK_Condition cause : null
2024-10-04 14:14:33,191 [INFO] LogOutputStream:77 - [STDOUT_REDIRECT] 1 : Invalid condition id : UX_CORESTACK_Condition cause : null
2024-10-04 14:14:33,193 [INFO] LogOutputStream:77 - [STDOUT_REDIRECT] 1 : Invalid condition id : UX_CORESTACK_Condition cause : null
2024-10-04 14:14:33,195 [INFO] LogOutputStream:77 - [STDOUT_REDIRECT] 1 : Invalid condition id : UX_CORESTACK_Condition cause : null
2024-10-04 14:14:33,196 [INFO] LogOutputStream:77 - [STDOUT_REDIRECT] 1 : Invalid condition id : UX_CORESTACK_Condition cause : null
2024-10-04 14:14:33,202 [WARN] PackLoader:240 - Cannot read IP mode file for STMicroelectronics.X-CUBE-AZRTOS-WL.2.0.0
2024-10-04 14:14:33,219 [WARN] PackLoader:240 - Cannot read IP mode file for STMicroelectronics.FP-SNS-MOTENV1.5.0.0
2024-10-04 14:14:33,229 [WARN] PackLoader:240 - Cannot read IP mode file for wolfSSL.I-CUBE-wolfMQTT.1.19.0
2024-10-04 14:14:33,249 [WARN] PackLoader:240 - Cannot read IP mode file for WES.I-CUBE-Cesium.1.3.0
2024-10-04 14:14:33,259 [WARN] PackLoader:240 - Cannot read IP mode file for STMicroelectronics.X-CUBE-BLE2.3.3.0
2024-10-04 14:14:33,269 [WARN] PackLoader:240 - Cannot read IP mode file for STMicroelectronics.X-CUBE-NFC9.1.0.0
2024-10-04 14:14:33,281 [WARN] PackLoader:240 - Cannot read IP mode file for STMicroelectronics.X-CUBE-TCPP.4.1.0
2024-10-04 14:14:33,320 [WARN] PackLoader:240 - Cannot read IP mode file for STMicroelectronics.X-CUBE-AZRTOS-G0.1.1.0
2024-10-04 14:14:33,334 [WARN] PackLoader:240 - Cannot read IP mode file for STMicroelectronics.X-CUBE-SAFEA1.1.2.2
2024-10-04 14:14:33,345 [WARN] PackLoader:240 - Cannot read IP mode file for STMicroelectronics.X-CUBE-NFC4.3.0.0
2024-10-04 14:14:33,349 [WARN] PackLoader:240 - Cannot read IP mode file for wolfSSL.I-CUBE-wolfMQTT.1.18.0
2024-10-04 14:14:33,379 [WARN] PackLoader:240 - Cannot read IP mode file for EmbeddedOffice.I-CUBE-FS-RTOS.1.0.1
2024-10-04 14:14:33,380 [ERROR] ConditionMgr:805 - Attr not supported : Dmpu
2024-10-04 14:14:33,380 [ERROR] ConditionMgr:805 - Attr not supported : Dmpu
2024-10-04 14:14:33,380 [ERROR] ConditionMgr:805 - Attr not supported : Dmpu
2024-10-04 14:14:33,380 [ERROR] ConditionMgr:805 - Attr not supported : Dmpu
2024-10-04 14:14:33,380 [ERROR] ConditionMgr:805 - Attr not supported : Dmpu
2024-10-04 14:14:33,380 [ERROR] ConditionMgr:805 - Attr not supported : Dmpu
2024-10-04 14:14:33,380 [ERROR] ConditionMgr:805 - Attr not supported : Dmpu
2024-10-04 14:14:33,380 [ERROR] ConditionMgr:805 - Attr not supported : Dmpu
2024-10-04 14:14:33,384 [ERROR] ConditionMgr:805 - Attr not supported : Dmpu
2024-10-04 14:14:33,384 [ERROR] ConditionMgr:805 - Attr not supported : Dmpu
2024-10-04 14:14:33,384 [ERROR] ConditionMgr:805 - Attr not supported : Dmpu
2024-10-04 14:14:33,384 [ERROR] ConditionMgr:805 - Attr not supported : Dmpu
2024-10-04 14:14:33,384 [ERROR] ConditionMgr:805 - Attr not supported : Dmpu
2024-10-04 14:14:33,385 [ERROR] ConditionMgr:805 - Attr not supported : Dmpu
2024-10-04 14:14:33,385 [ERROR] ConditionMgr:805 - Attr not supported : Dmpu
2024-10-04 14:14:33,385 [ERROR] ConditionMgr:805 - Attr not supported : Dmpu
2024-10-04 14:14:33,385 [ERROR] ConditionMgr:805 - Attr not supported : Dmpu
2024-10-04 14:14:33,385 [ERROR] ConditionMgr:805 - Attr not supported : Dmpu
2024-10-04 14:14:33,385 [ERROR] ConditionMgr:805 - Attr not supported : Dmpu
2024-10-04 14:14:33,385 [ERROR] ConditionMgr:805 - Attr not supported : Dmpu
2024-10-04 14:14:33,385 [ERROR] ConditionMgr:805 - Attr not supported : Dmpu
2024-10-04 14:14:33,385 [ERROR] ConditionMgr:805 - Attr not supported : Dmpu
2024-10-04 14:14:33,385 [ERROR] ConditionMgr:805 - Attr not supported : Dmpu
2024-10-04 14:14:33,385 [ERROR] ConditionMgr:805 - Attr not supported : Dmpu
2024-10-04 14:14:33,386 [ERROR] ConditionMgr:805 - Attr not supported : Dmpu
2024-10-04 14:14:33,386 [ERROR] ConditionMgr:805 - Attr not supported : Dmpu
2024-10-04 14:14:33,387 [ERROR] ConditionMgr:805 - Attr not supported : Dmpu
2024-10-04 14:14:33,400 [ERROR] ConditionMgr:805 - Attr not supported : Dmpu
2024-10-04 14:14:33,404 [ERROR] ConditionMgr:805 - Attr not supported : Dmpu
2024-10-04 14:14:33,405 [ERROR] ConditionMgr:805 - Attr not supported : Dmpu
2024-10-04 14:14:33,405 [ERROR] ConditionMgr:805 - Attr not supported : Dmpu
2024-10-04 14:14:33,409 [ERROR] ConditionMgr:805 - Attr not supported : Dmpu
2024-10-04 14:14:33,410 [ERROR] ConditionMgr:805 - Attr not supported : Dmpu
2024-10-04 14:14:33,416 [ERROR] ConditionMgr:805 - Attr not supported : Dmpu
2024-10-04 14:14:33,421 [ERROR] ConditionMgr:805 - Attr not supported : Dmpu
2024-10-04 14:14:33,421 [ERROR] ConditionMgr:805 - Attr not supported : Dmpu
2024-10-04 14:14:33,421 [ERROR] ConditionMgr:805 - Attr not supported : Dmpu
2024-10-04 14:14:33,421 [ERROR] ConditionMgr:805 - Attr not supported : Dmpu
2024-10-04 14:14:33,421 [ERROR] ConditionMgr:805 - Attr not supported : Dmpu
2024-10-04 14:14:33,421 [ERROR] ConditionMgr:805 - Attr not supported : Dmpu
2024-10-04 14:14:33,421 [ERROR] ConditionMgr:805 - Attr not supported : Dmpu
2024-10-04 14:14:33,421 [ERROR] ConditionMgr:805 - Attr not supported : Dmpu
2024-10-04 14:14:33,426 [ERROR] ConditionMgr:805 - Attr not supported : Dmpu
2024-10-04 14:14:33,426 [ERROR] ConditionMgr:805 - Attr not supported : Dmpu
2024-10-04 14:14:33,426 [ERROR] ConditionMgr:805 - Attr not supported : Dmpu
2024-10-04 14:14:33,426 [ERROR] ConditionMgr:805 - Attr not supported : Dmpu
2024-10-04 14:14:33,426 [ERROR] ConditionMgr:805 - Attr not supported : Dmpu
2024-10-04 14:14:33,426 [ERROR] ConditionMgr:805 - Attr not supported : Dmpu
2024-10-04 14:14:33,426 [ERROR] ConditionMgr:805 - Attr not supported : Dmpu
2024-10-04 14:14:33,426 [ERROR] ConditionMgr:805 - Attr not supported : Dmpu
2024-10-04 14:14:33,426 [ERROR] ConditionMgr:805 - Attr not supported : Dmpu
2024-10-04 14:14:33,427 [ERROR] ConditionMgr:805 - Attr not supported : Dmpu
2024-10-04 14:14:33,427 [ERROR] ConditionMgr:805 - Attr not supported : Dmpu
2024-10-04 14:14:33,427 [ERROR] ConditionMgr:805 - Attr not supported : Dmpu
2024-10-04 14:14:33,427 [ERROR] ConditionMgr:805 - Attr not supported : Dmpu
2024-10-04 14:14:33,427 [ERROR] ConditionMgr:805 - Attr not supported : Dmpu
2024-10-04 14:14:33,427 [ERROR] ConditionMgr:805 - Attr not supported : Dmpu
2024-10-04 14:14:33,427 [ERROR] ConditionMgr:805 - Attr not supported : Dmpu
2024-10-04 14:14:33,427 [ERROR] ConditionMgr:805 - Attr not supported : Dmpu
2024-10-04 14:14:33,427 [ERROR] ConditionMgr:805 - Attr not supported : Dmpu
2024-10-04 14:14:33,428 [ERROR] ConditionMgr:805 - Attr not supported : Dmpu
2024-10-04 14:14:33,428 [ERROR] ConditionMgr:805 - Attr not supported : Dmpu
2024-10-04 14:14:33,428 [ERROR] ConditionMgr:805 - Attr not supported : Dmpu
2024-10-04 14:14:33,428 [ERROR] ConditionMgr:805 - Attr not supported : Dmpu
2024-10-04 14:14:33,437 [WARN] PackLoader:240 - Cannot read IP mode file for RealThread.X-CUBE-RT-Thread_Nano.4.1.1
2024-10-04 14:14:33,461 [WARN] PackLoader:240 - Cannot read IP mode file for wolfSSL.I-CUBE-wolfSSL.5.7.0
2024-10-04 14:14:33,480 [WARN] PackLoader:240 - Cannot read IP mode file for STMicroelectronics.FP-ATR-SIGFOX1.3.2.0
2024-10-04 14:14:33,561 [WARN] PackLoader:240 - Cannot read IP mode file for STMicroelectronics.X-CUBE-EEPRMA1.5.1.0
2024-10-04 14:14:33,572 [WARN] PackLoader:240 - Cannot read IP mode file for ITTIA_DB.I-CUBE-ITTIADB.8.9.0
2024-10-04 14:14:33,646 [WARN] PackLoader:240 - Cannot read IP mode file for SEGGER.I-CUBE-embOS.1.3.1
2024-10-04 14:14:33,788 [WARN] PackLoader:240 - Cannot read IP mode file for STMicroelectronics.X-CUBE-ALGOBUILD.1.4.0
2024-10-04 14:14:33,798 [WARN] PackLoader:240 - Cannot read IP mode file for STMicroelectronics.X-CUBE-AI.9.1.0
2024-10-04 14:14:33,828 [WARN] PackLoader:240 - Cannot read IP mode file for STMicroelectronics.X-CUBE-GNSS1.6.0.0
2024-10-04 14:14:33,863 [WARN] PackLoader:240 - Cannot read IP mode file for STMicroelectronics.X-CUBE-AZRTOS-F4.1.1.0
2024-10-04 14:14:33,881 [WARN] PackLoader:240 - Cannot read IP mode file for STMicroelectronics.X-CUBE-ISPU.2.1.0
2024-10-04 14:14:33,913 [WARN] PackLoader:240 - Cannot read IP mode file for STMicroelectronics.X-CUBE-FREERTOS.1.2.0
2024-10-04 14:14:33,937 [WARN] PackLoader:240 - Cannot read IP mode file for STMicroelectronics.X-CUBE-AZRTOS-L5.2.0.0
2024-10-04 14:14:33,956 [WARN] PackLoader:240 - Cannot read IP mode file for STMicroelectronics.X-CUBE-NFC6.3.1.0
2024-10-04 14:14:34,022 [WARN] PackLoader:240 - Cannot read IP mode file for STMicroelectronics.X-CUBE-DPower.1.2.0
2024-10-04 14:14:34,029 [WARN] PackLoader:240 - Cannot read IP mode file for STMicroelectronics.X-CUBE-AI.9.0.0
2024-10-04 14:14:34,039 [WARN] PackLoader:240 - Cannot read IP mode file for STMicroelectronics.X-CUBE-NFC7.1.0.1
2024-10-04 14:14:34,050 [WARN] PackLoader:240 - Cannot read IP mode file for wolfSSL.I-CUBE-wolfTPM.3.2.0
2024-10-04 14:14:34,102 [WARN] ConditionMgr:438 - getConditionDescription Invalid condition id : LAN8742 Phy interface Condition cause : null
2024-10-04 14:14:34,103 [WARN] PackLoader:240 - Cannot read IP mode file for STMicroelectronics.X-CUBE-AZRTOS-L4.2.0.0
2024-10-04 14:14:34,106 [WARN] ConditionMgr:1039 - genDependencies : Invalid condition id : LAN8742 Phy interface Condition cause : null
2024-10-04 14:14:34,107 [WARN] ConditionMgr:1039 - genDependencies : Invalid condition id : LAN8742 Phy interface Condition cause : null
2024-10-04 14:14:34,108 [WARN] ConditionMgr:1039 - genDependencies : Invalid condition id : LAN8742 Phy interface Condition cause : null
2024-10-04 14:14:34,123 [WARN] PackLoader:240 - Cannot read IP mode file for STMicroelectronics.X-CUBE-SFXS2LP1.4.0.0
2024-10-04 14:14:34,202 [WARN] PackLoader:240 - Cannot read IP mode file for STMicroelectronics.X-CUBE-AZRTOS-H7.3.3.0
2024-10-04 14:14:34,228 [WARN] PackLoader:240 - Cannot read IP mode file for STMicroelectronics.X-CUBE-IPS.3.0.0
2024-10-04 14:14:34,302 [WARN] ConditionMgr:438 - getConditionDescription Invalid condition id : UX DEVICE CLASS RTOS Condition cause : null
2024-10-04 14:14:34,302 [WARN] ConditionMgr:438 - getConditionDescription Invalid condition id : UX DEVICE CLASS RTOS Condition cause : null
2024-10-04 14:14:34,321 [WARN] PackLoader:240 - Cannot read IP mode file for STMicroelectronics.X-CUBE-AZRTOS-WB.2.0.0
2024-10-04 14:14:34,322 [WARN] ConditionMgr:1039 - genDependencies : Invalid condition id : UX DEVICE CLASS RTOS Condition cause : null
2024-10-04 14:14:34,323 [WARN] ConditionMgr:1039 - genDependencies : Invalid condition id : UX DEVICE CLASS RTOS Condition cause : null
2024-10-04 14:14:34,323 [WARN] ConditionMgr:1039 - genDependencies : Invalid condition id : UX DEVICE CLASS RTOS Condition cause : null
2024-10-04 14:14:34,323 [WARN] ConditionMgr:1039 - genDependencies : Invalid condition id : UX DEVICE CLASS RTOS Condition cause : null
2024-10-04 14:14:34,324 [WARN] ConditionMgr:1039 - genDependencies : Invalid condition id : UX DEVICE CLASS RTOS Condition cause : null
2024-10-04 14:14:34,333 [WARN] PackLoader:240 - Cannot read IP mode file for STMicroelectronics.X-CUBE-GNSS1.7.0.0
2024-10-04 14:14:34,344 [WARN] PackLoader:240 - Cannot read IP mode file for STMicroelectronics.FP-SNS-STBOX1.2.0.0
2024-10-04 14:14:34,415 [WARN] PackLoader:240 - Cannot read IP mode file for STMicroelectronics.X-CUBE-SUBG2.5.0.0
2024-10-04 14:14:34,443 [WARN] PackLoader:240 - Cannot read IP mode file for STMicroelectronics.X-CUBE-AZRTOS-G4.2.0.0
2024-10-04 14:14:34,452 [WARN] PackLoader:240 - Cannot read IP mode file for STMicroelectronics.X-CUBE-ISPU.2.0.0
2024-10-04 14:14:34,478 [WARN] PackLoader:240 - Cannot read IP mode file for STMicroelectronics.X-CUBE-ALS.1.0.2
2024-10-04 14:14:34,683 [WARN] PackLoader:240 - Cannot read IP mode file for STMicroelectronics.X-CUBE-MEMS1.10.0.0
2024-10-04 14:14:34,846 [WARN] PackLoader:240 - Cannot read IP mode file for STMicroelectronics.X-CUBE-TOUCHGFX.4.24.0
2024-10-04 14:14:34,850 [WARN] PackLoader:240 - Cannot read IP mode file for STMicroelectronics.X-CUBE-TOUCHGFX.4.24.1
2024-10-04 14:14:34,858 [WARN] PackLoader:240 - Cannot read IP mode file for portGmbH.I-Cube-SoM-uGOAL.1.1.0
2024-10-04 14:14:34,863 [WARN] PackLoader:240 - Cannot read IP mode file for STMicroelectronics.X-CUBE-ALS.1.0.1
2024-10-04 14:14:34,893 [WARN] PackLoader:240 - Cannot read IP mode file for STMicroelectronics.X-CUBE-AZRTOS-H7RS.1.0.0
2024-10-04 14:14:34,921 [WARN] PackLoader:240 - Cannot read IP mode file for STMicroelectronics.FP-ATR-ASTRA1.2.0.0
2024-10-04 14:14:34,946 [WARN] PackLoader:240 - Cannot read IP mode file for STMicroelectronics.X-CUBE-TOF1.3.4.2
2024-10-04 14:14:35,051 [WARN] PackLoader:240 - Cannot read IP mode file for STMicroelectronics.X-CUBE-TOF1.3.4.1
2024-10-04 14:14:35,092 [WARN] PackLoader:240 - Cannot read IP mode file for STMicroelectronics.X-CUBE-AZRTOS-H7.3.2.0
2024-10-04 14:14:35,161 [WARN] PackLoader:240 - Cannot read IP mode file for Infineon.AIROC-Wi-Fi-Bluetooth-STM32.1.6.0
2024-10-04 14:14:35,177 [WARN] PackLoader:240 - Cannot read IP mode file for wolfSSL.I-CUBE-wolfSSH.1.4.17
2024-10-04 14:14:35,179 [INFO] ThirdParty:978 - Integrity check success = true
2024-10-04 14:14:35,179 [INFO] IntegrityCheckThread:100 - exiting critical section [integrity check]
2024-10-04 14:14:35,180 [INFO] IntegrityCheckThread:103 - End integrity checks thread
2024-10-04 14:14:35,182 [INFO] ThirdParty:873 - entering critical section [close project]
2024-10-04 14:14:35,184 [INFO] ThirdParty:883 - exiting critical section [close project]
2024-10-04 14:14:35,186 [INFO] PinOutPanel:1561 - setPackage(No Configuration,No Configuration)
2024-10-04 14:14:35,190 [INFO] UtilMem:75 - Begin LoadConfig() Used Memory: 175127104 Bytes (268435456)
2024-10-04 14:14:35,196 [INFO] MicroXplorer:468 - Change Database Path : 
2024-10-04 14:14:35,197 [INFO] MicroXplorer:498 - Change Database Version : DB.6.0.111
2024-10-04 14:14:35,197 [INFO] OpenFileManager:312 - Change cursor
2024-10-04 14:14:35,348 [INFO] Mcu:2021 - Initializing MCU STM32F407Z(E-G)Tx STM32F407ZETx STM32F407ZET7
2024-10-04 14:14:38,308 [INFO] Context:663 - Trying to add GPIOservice into a context  which must be forbidden
2024-10-04 14:14:39,752 [INFO] RtosManager:555 - Registered RTOS mode: class=CMSIS, group=RTOS, mode=CMSIS_V1, owner=FREERTOS
2024-10-04 14:14:39,752 [INFO] RtosManager:555 - Registered RTOS mode: class=CMSIS, group=RTOS2, mode=CMSIS_V2, owner=FREERTOS
2024-10-04 14:14:39,752 [INFO] RtosManager:555 - Registered RTOS mode: class=RTOS, group=Core, mode=CMSIS_V1, owner=FREERTOS
2024-10-04 14:14:39,752 [INFO] RtosManager:555 - Registered RTOS mode: class=RTOS, group=Core, mode=CMSIS_V2, owner=FREERTOS
2024-10-04 14:14:39,752 [WARN] ModelIntegratedComponent:184 - Missing modes for component STMicroelectronics:FreeRTOS:0.0.1:STMicroelectronics:RTOS:FreeRTOS:Core:::10.2.0:
2024-10-04 14:14:39,799 [WARN] ModelIntegratedComponent:63 - No mode defined for component null
2024-10-04 14:14:39,800 [WARN] ModelIntegratedComponent:63 - No mode defined for component null
2024-10-04 14:14:39,800 [WARN] ModelIntegratedComponent:63 - No mode defined for component null
2024-10-04 14:14:39,800 [WARN] ModelIntegratedComponent:63 - No mode defined for component null
2024-10-04 14:14:39,800 [WARN] ModelIntegratedComponent:63 - No mode defined for component null
2024-10-04 14:14:39,800 [WARN] ModelIntegratedComponent:63 - No mode defined for component null
2024-10-04 14:14:39,800 [WARN] ModelIntegratedComponent:63 - No mode defined for component null
2024-10-04 14:14:39,800 [WARN] ModelIntegratedComponent:63 - No mode defined for component null
2024-10-04 14:14:39,800 [WARN] ModelIntegratedComponent:63 - No mode defined for component null
2024-10-04 14:14:39,800 [WARN] ModelIntegratedComponent:63 - No mode defined for component null
2024-10-04 14:14:39,800 [WARN] ModelIntegratedComponent:63 - No mode defined for component null
2024-10-04 14:14:39,800 [WARN] ModelIntegratedComponent:63 - No mode defined for component null
2024-10-04 14:14:39,800 [WARN] ModelIntegratedComponent:63 - No mode defined for component null
2024-10-04 14:14:39,801 [WARN] ModelIntegratedComponent:63 - No mode defined for component null
2024-10-04 14:14:39,802 [WARN] ModelIntegratedComponent:63 - No mode defined for component null
2024-10-04 14:14:39,802 [WARN] ModelIntegratedComponent:63 - No mode defined for component null
2024-10-04 14:14:39,802 [WARN] ModelIntegratedComponent:63 - No mode defined for component null
2024-10-04 14:14:39,802 [WARN] ModelIntegratedComponent:63 - No mode defined for component null
2024-10-04 14:14:39,802 [WARN] ModelIntegratedComponent:63 - No mode defined for component null
2024-10-04 14:14:39,802 [WARN] ModelIntegratedComponent:63 - No mode defined for component null
2024-10-04 14:14:39,803 [WARN] ModelIntegratedComponent:63 - No mode defined for component null
2024-10-04 14:14:39,803 [WARN] ModelIntegratedComponent:63 - No mode defined for component null
2024-10-04 14:14:39,803 [WARN] ModelIntegratedComponent:63 - No mode defined for component null
2024-10-04 14:14:39,803 [WARN] ModelIntegratedComponent:63 - No mode defined for component null
2024-10-04 14:14:39,803 [WARN] ModelIntegratedComponent:63 - No mode defined for component null
2024-10-04 14:14:39,803 [WARN] ModelIntegratedComponent:63 - No mode defined for component null
2024-10-04 14:14:39,806 [WARN] ModelIntegratedComponent:63 - No mode defined for component null
2024-10-04 14:14:39,808 [WARN] ModelIntegratedComponent:63 - No mode defined for component null
2024-10-04 14:14:39,809 [WARN] ModelIntegratedComponent:63 - No mode defined for component null
2024-10-04 14:14:39,810 [WARN] ModelIntegratedComponent:63 - No mode defined for component null
2024-10-04 14:14:39,810 [WARN] ModelIntegratedComponent:63 - No mode defined for component null
2024-10-04 14:14:39,812 [WARN] ModelIntegratedComponent:63 - No mode defined for component null
2024-10-04 14:14:39,813 [WARN] ModelIntegratedComponent:63 - No mode defined for component null
2024-10-04 14:14:39,813 [WARN] ModelIntegratedComponent:63 - No mode defined for component null
2024-10-04 14:14:39,970 [INFO] ThirdPartyModel:298 - Start build external matchings
2024-10-04 14:14:40,730 [INFO] ThirdPartyModel:316 - End build external matchings
2024-10-04 14:14:41,579 [INFO] ApiDb:581 - Connected to CubeFinder SQLite database (C:\Users\Matheus Markies\.stmcufinder\plugins\mcufinder\mcu\cube-finder-db.db)
2024-10-04 14:14:41,853 [INFO] ApiDb:668 - CubeFinder database Data Model version=2.1
2024-10-04 14:14:41,853 [INFO] ApiDb:669 - CubeFinder database Configuration version=3.0.39
2024-10-04 14:14:41,854 [INFO] ApiDb:670 - CubeFinder database generation date=2024-09-16 (1726485674)
2024-10-04 14:14:41,854 [INFO] ApiDb:671 - CubeFinder database FW Pack versions=[FP-ATR-ASTRA1_V2.0.0, FP-SNS-FLIGHT1_V5.0.2, FP-SNS-MOTENV1_V5.0.0, FP-SNS-MOTENVWB1_V1.4.0, FP-SNS-SMARTAG2_V1.2.0, FP-SNS-STBOX1_V2.0.0, STM32Cube_FW_C0_V1.2.0, STM32Cube_FW_F4_V1.28.1, STM32Cube_FW_F7_V1.17.2, STM32Cube_FW_G0_V1.6.2, STM32Cube_FW_G4_V1.6.0, STM32Cube_FW_H5_V1.3.0, STM32Cube_FW_H7RS_V1.1.0, STM32Cube_FW_H7_V1.11.2, STM32Cube_FW_L0_V1.12.2, STM32Cube_FW_L5_V1.5.1, STM32Cube_FW_U0_V1.1.0, STM32Cube_FW_U5_V1.6.0, STM32Cube_FW_WB0_V1.0.0, STM32Cube_FW_WBA_V1.4.1, STM32Cube_FW_WB_V1.20.0, STM32Cube_FW_WL_V1.3.0, X-CUBE-ALGOBUILD_V1.4.0, X-CUBE-ALS_V1.0.2, X-CUBE-AZRTOS-F4_V1.1.0, X-CUBE-AZRTOS-F7_V1.1.0, X-CUBE-AZRTOS-G0_V1.1.0, X-CUBE-AZRTOS-G4_V2.0.0, X-CUBE-AZRTOS-H7RS_V1.0.0, X-CUBE-AZRTOS-H7_V3.2.0, X-CUBE-AZRTOS-L4_V2.0.0, X-CUBE-AZRTOS-L5_V2.0.0, X-CUBE-AZRTOS-WB_V2.0.0, X-CUBE-AZRTOS-WL_V2.0.0, X-CUBE-BLE1_V7.0.0, X-CUBE-BLE2_V3.3.0, X-CUBE-BLEMGR_V3.1.0, X-CUBE-EEPRMA1_V5.1.0, X-CUBE-FREERTOS_V1.2.0, X-CUBE-GNSS1_V6.0.0, X-CUBE-MEMS1_V11.0.0, X-CUBE-NFC4_V3.0.0, X-CUBE-NFC7_V1.0.1, X-CUBE-SFXS2LP1_V4.0.0, X-CUBE-SUBG2_V5.0.0, X-CUBE-TOF1_V3.4.2]
2024-10-04 14:14:42,157 [INFO] DbBoardsSqlite:226 - include board P-NUCLEO-WB55-NUCLEO as a kit item of type 'Nucleo-64'
2024-10-04 14:14:42,157 [INFO] DbBoardsSqlite:226 - include board P-NUCLEO-WB55-USBDONGLE as a kit item of type 'Nucleo USB Dongle'
2024-10-04 14:14:42,160 [INFO] DbBoardsSqlite:226 - include board STEVAL-IDP005V1 as a kit item of type 'Evaluation Board'
2024-10-04 14:14:42,161 [INFO] DbBoardsSqlite:226 - include board STEVAL-IDP005V2 as a kit item of type 'Evaluation Board'
2024-10-04 14:14:43,845 [INFO] ApiDb:240 - Found 483 in-development CPN: [B-G473E-ZEST1S, B-WB1M-WPAN1, B-WL5M-SUBG1, NUCLEO-C031C6, NUCLEO-H503RB, NUCLEO-H533RE, NUCLEO-H563ZI, NUCLEO-H7S3L8, NUCLEO-U031R8, NUCLEO-U083RC, NUCLEO-U545RE-Q, NUCLEO-U5A5ZJ-Q, NUCLEO-WBA52CG, NUCLEO-WBA55CG, STEVAL-PROTEUS1, STEVAL-SMARTAG2, STEVAL-STWINBX1, STM320518-EVAL, STM32C0116-DK, STM32C011D6Y3TR, STM32C011D6Y6TR, STM32C011F4P3, STM32C011F4P6, STM32C011F4U3, STM32C011F4U6TR, STM32C011F6P3, STM32C011F6P6, STM32C011F6U3, STM32C011F6U6TR, STM32C011J4M3, STM32C011J4M6, STM32C011J6M3, STM32C011J6M6, STM32C0316-DK, STM32C031C4T3, STM32C031C4T6, STM32C031C4U3, STM32C031C4U6, STM32C031C6T3, STM32C031C6T6, STM32C031C6U3, STM32C031C6U6, STM32C031F4P3, STM32C031F4P6, STM32C031F6P3, STM32C031F6P6, STM32C031G4U3, STM32C031G4U6, STM32C031G6U3, STM32C031G6U6, STM32C031K4T3, STM32C031K4T6, STM32C031K4U3, STM32C031K4U6, STM32C031K6T3, STM32C031K6T6, STM32C031K6U3, STM32C031K6U6, STM32G071K8TXN, STM32G071K8UXN, STM32G081GBU6N, STM32G081KBT6N, STM32G081KBUXN, STM32G0B1CCT6N, STM32G0B1KCT6, STM32G0B1NEY6TR, STM32G0B1RCT6N, STM32G0C1CCT6, STM32G0C1CCT6N, STM32G0C1CCU6N, STM32G0C1CET6N, STM32G0C1CEU6N, STM32G0C1KCT6, STM32G0C1NEY6TR, STM32G0C1RCI6N, STM32G0C1RCT6N, STM32G0C1REI6N, STM32G0C1RET6N, STM32G0C1VCI6, STM32G0C1VEI6, STM32G471CCT6, STM32G471CCU6, STM32G471CET3, STM32G471CET6, STM32G471CEU3, STM32G471CEU6, STM32G471MCT6, STM32G471MET3, STM32G471MET6, STM32G471MEY6TR, STM32G471QCT6, STM32G471QET3, STM32G471RCT6, STM32G471RET3, STM32G471RET6, STM32G471VCH6, STM32G471VCI6, STM32G471VCT6, STM32G471VEH3, STM32G471VEH6, STM32G471VEI3, STM32G471VEI6, STM32G471VET3, STM32G471VET6, STM32G474CCT6, STM32H503CBT6, STM32H503CBU6, STM32H503EBY6TR, STM32H503KBU6, STM32H503RBT6, STM32H523CCT6, STM32H523CCU6, STM32H523CET6, STM32H523CEU6, STM32H523HEY6TR, STM32H523RCT6, STM32H523RET6, STM32H523VCI6, STM32H523VCT6, STM32H523VEI6, STM32H523VET6, STM32H523ZCJ6, STM32H523ZCT6, STM32H523ZEJ6, STM32H523ZET6, STM32H533CET6, STM32H533CEU6, STM32H533HEY6TR, STM32H533RET6, STM32H533VEI6, STM32H533VET6, STM32H533ZEJ6, STM32H533ZET6, STM32H562AGI6, STM32H562AII6, STM32H562IGK6, STM32H562IGT6, STM32H562IIK6, STM32H562IIT6, STM32H562RGT6, STM32H562RGV6, STM32H562RIT6, STM32H562RIV6, STM32H562VGT6, STM32H562VIT6, STM32H562ZGT6, STM32H562ZIT6, STM32H563AGI6, STM32H563AII3Q, STM32H563AII6, STM32H563IGK6, STM32H563IGT6, STM32H563IIK3Q, STM32H563IIK6, STM32H563IIT3Q, STM32H563IIT6, STM32H563MIY3QTR, STM32H563RGT6, STM32H563RGV6, STM32H563RIT6, STM32H563RIV6, STM32H563VGT6, STM32H563VIT3Q, STM32H563VIT6, STM32H563ZGT6, STM32H563ZIT3Q, STM32H563ZIT6, STM32H573AII3Q, STM32H573AII6, STM32H573I-DK, STM32H573IIK3Q, STM32H573IIK6, STM32H573IIT3Q, STM32H573IIT6, STM32H573MIY3QTR, STM32H573RIT6, STM32H573RIV6, STM32H573VIT3Q, STM32H573VIT6, STM32H573ZIT3Q, STM32H573ZIT6, STM32H7R3A8I6, STM32H7R3I8K6, STM32H7R3I8T6, STM32H7R3L8H6, STM32H7R3L8H6H, STM32H7R3R8V6, STM32H7R3V8H6, STM32H7R3V8T6, STM32H7R3V8Y6, STM32H7R3Z8J6, STM32H7R3Z8T6, STM32H7R7A8I6, STM32H7R7I8K6, STM32H7R7I8T6, STM32H7R7L8H6, STM32H7R7L8H6H, STM32H7R7Z8J6, STM32H7S3A8I6, STM32H7S3I8K6, STM32H7S3I8T6, STM32H7S3L8H6, STM32H7S3L8H6H, STM32H7S3R8V6, STM32H7S3V8H6, STM32H7S3V8T6, STM32H7S3V8Y6, STM32H7S3Z8J6, STM32H7S3Z8T6, STM32H7S78-DK, STM32H7S7A8I6, STM32H7S7I8K6, STM32H7S7I8T6, STM32H7S7L8H6, STM32H7S7L8H6H, STM32H7S7Z8J6, STM32L4R5QGI6STR, STM32MP131AAE3, STM32MP131AAF3, STM32MP131AAG3, STM32MP131CAE3, STM32MP131CAF3, STM32MP131CAG3, STM32MP131DAE7, STM32MP131DAF7, STM32MP131DAG7, STM32MP131FAE7, STM32MP131FAF7, STM32MP131FAG7, STM32MP133AAE3, STM32MP133AAF3, STM32MP133AAG3, STM32MP133CAE3, STM32MP133CAF3, STM32MP133CAG3, STM32MP133DAE7, STM32MP133DAF7, STM32MP133DAG7, STM32MP133FAE7, STM32MP133FAF7, STM32MP133FAG7, STM32MP135AAE3, STM32MP135AAF3, STM32MP135AAG3, STM32MP135CAE3, STM32MP135CAF3, STM32MP135CAG3, STM32MP135DAE7, STM32MP135DAF7, STM32MP135DAG7, STM32MP135F-DK, STM32MP135FAE7, STM32MP135FAF7, STM32MP135FAF7T, STM32MP135FAF7U, STM32MP135FAG7, STM32U031C6T6, STM32U031C6U6, STM32U031C8T6, STM32U031C8U6, STM32U031F4P6, STM32U031F6P6, STM32U031F8P6, STM32U031G6Y6TR, STM32U031G8Y6TR, STM32U031K4U6, STM32U031K6U6, STM32U031K8U6, STM32U031R6I6, STM32U031R6T6, STM32U031R8I6, STM32U031R8T6, STM32U073C8T6, STM32U073C8U6, STM32U073CBT6, STM32U073CBU6, STM32U073CCT6, STM32U073CCU6, STM32U073H8Y6TR, STM32U073HBY6TR, STM32U073HCY6TR, STM32U073K8U6, STM32U073KBU6, STM32U073KCU6, STM32U073M8I6, STM32U073M8T6, STM32U073MBI6, STM32U073MBT6, STM32U073MCI6, STM32U073MCT6, STM32U073R8I6, STM32U073R8T6, STM32U073RBI6, STM32U073RBT6, STM32U073RCI6, STM32U073RCT6, STM32U083C-DK, STM32U083CCT6, STM32U083CCU6, STM32U083HCY6TR, STM32U083KCU6, STM32U083MCI6, STM32U083MCT6, STM32U083RCI6, STM32U083RCT6, STM32U535CBT6, STM32U535CBT6Q, STM32U535CBU6, STM32U535CBU6Q, STM32U535CCT6, STM32U535CCT6Q, STM32U535CCU6, STM32U535CCU6Q, STM32U535CET6, STM32U535CET6Q, STM32U535CEU6, STM32U535CEU6Q, STM32U535JEY6QTR, STM32U535NCY6QTR, STM32U535NEY6QTR, STM32U535RBI6, STM32U535RBI6Q, STM32U535RBT6, STM32U535RBT6Q, STM32U535RCI6, STM32U535RCI6Q, STM32U535RCT6, STM32U535RCT6Q, STM32U535REI6, STM32U535REI6Q, STM32U535RET6, STM32U535RET6Q, STM32U535VCI6, STM32U535VCI6Q, STM32U535VCT6, STM32U535VCT6Q, STM32U535VEI6, STM32U535VEI6Q, STM32U535VET6, STM32U535VET6Q, STM32U545CET6, STM32U545CET6Q, STM32U545CEU6, STM32U545CEU6Q, STM32U545JEY6QTR, STM32U545NEY6QTR, STM32U545REI6, STM32U545REI6Q, STM32U545RET6, STM32U545RET6Q, STM32U545VEI6, STM32U545VEI6Q, STM32U545VET6, STM32U545VET6Q, STM32U595AIH6, STM32U595AIH6Q, STM32U595AJH6, STM32U595AJH6Q, STM32U595QII6, STM32U595QII6Q, STM32U595QJI6, STM32U595QJI6Q, STM32U595RIT6, STM32U595RIT6Q, STM32U595RJT6, STM32U595RJT6Q, STM32U595VIT6, STM32U595VIT6Q, STM32U595VJT6, STM32U595VJT6Q, STM32U595ZIT6, STM32U595ZIT6Q, STM32U595ZIY6QTR, STM32U595ZJT6, STM32U595ZJT6Q, STM32U595ZJY6QTR, STM32U599BJY6QTR, STM32U599NIH6Q, STM32U599NJH6Q, STM32U599VIT6Q, STM32U599VJT6, STM32U599VJT6Q, STM32U599ZIT6Q, STM32U599ZIY6QTR, STM32U599ZJT6Q, STM32U599ZJY6QTR, STM32U5A5AJH6, STM32U5A5AJH6Q, STM32U5A5QII3Q , STM32U5A5QJI6, STM32U5A5QJI6Q, STM32U5A5RJT6, STM32U5A5RJT6Q, STM32U5A5VJT6, STM32U5A5VJT6Q, STM32U5A5ZJT6, STM32U5A5ZJT6Q, STM32U5A5ZJY6QTR, STM32U5A9BJY6QTR, STM32U5A9J-DK, STM32U5A9NJH6Q, STM32U5A9VJT6Q, STM32U5A9ZJT6Q, STM32U5A9ZJY6QTR, STM32U5F7VIT6, STM32U5F7VIT6Q, STM32U5F7VJT6, STM32U5F7VJT6Q, STM32U5F9BJY6QTR, STM32U5F9NJH6Q, STM32U5F9VIT6Q, STM32U5F9VJT6Q, STM32U5F9ZIJ6QTR, STM32U5F9ZIT6Q, STM32U5F9ZJJ6QTR, STM32U5F9ZJT6Q, STM32U5G7VJT6, STM32U5G7VJT6Q, STM32U5G9BJY6QTR, STM32U5G9J-DK1, STM32U5G9J-DK2, STM32U5G9NJH6Q, STM32U5G9VJT6Q, STM32U5G9ZJJ6QTR, STM32U5G9ZJT6Q, STM32WB1MMCH6, STM32WBA50KEU6, STM32WBA50KEU6TR, STM32WBA50KGU6, STM32WBA50KGU6TR, STM32WBA52CEU6, STM32WBA52CEU6TR, STM32WBA52CEU7, STM32WBA52CEU7TR, STM32WBA52CGU6, STM32WBA52CGU6TR, STM32WBA52CGU6U, STM32WBA52CGU7, STM32WBA52CGU7TR, STM32WBA52KEU6, STM32WBA52KEU6TR, STM32WBA52KGU6, STM32WBA52KGU6TR, STM32WBA54CEU6, STM32WBA54CEU6TR, STM32WBA54CEU7, STM32WBA54CEU7TR, STM32WBA54CGU6, STM32WBA54CGU6TR, STM32WBA54CGU7, STM32WBA54CGU7TR, STM32WBA54KEU6, STM32WBA54KEU6TR, STM32WBA54KEU7, STM32WBA54KEU7TR, STM32WBA54KGU6, STM32WBA54KGU6TR, STM32WBA54KGU7, STM32WBA54KGU7TR, STM32WBA55CEU6, STM32WBA55CEU6TR, STM32WBA55CEU7, STM32WBA55CEU7TR, STM32WBA55CGU6, STM32WBA55CGU6TR, STM32WBA55CGU6U, STM32WBA55CGU7, STM32WBA55CGU7TR, STM32WBA55G-DK1, STM32WBA55HEF6, STM32WBA55HEF7, STM32WBA55HGF6, STM32WBA55HGF7, STM32WBA55UEI6, STM32WBA55UEI6TR, STM32WBA55UEI7, STM32WBA55UEI7TR, STM32WBA55UGI6, STM32WBA55UGI6TR, STM32WBA55UGI7, STM32WBA55UGI7TR, STM32WL5MOCH6, STM32WL5MOCH6TR]
2024-10-04 14:14:43,849 [INFO] ApiDb:668 - CubeFinder database Data Model version=2.1
2024-10-04 14:14:43,849 [INFO] ApiDb:669 - CubeFinder database Configuration version=3.0.39
2024-10-04 14:14:43,849 [INFO] ApiDb:670 - CubeFinder database generation date=2024-09-16 (1726485674)
2024-10-04 14:14:43,849 [INFO] ApiDb:671 - CubeFinder database FW Pack versions=[FP-ATR-ASTRA1_V2.0.0, FP-SNS-FLIGHT1_V5.0.2, FP-SNS-MOTENV1_V5.0.0, FP-SNS-MOTENVWB1_V1.4.0, FP-SNS-SMARTAG2_V1.2.0, FP-SNS-STBOX1_V2.0.0, STM32Cube_FW_C0_V1.2.0, STM32Cube_FW_F4_V1.28.1, STM32Cube_FW_F7_V1.17.2, STM32Cube_FW_G0_V1.6.2, STM32Cube_FW_G4_V1.6.0, STM32Cube_FW_H5_V1.3.0, STM32Cube_FW_H7RS_V1.1.0, STM32Cube_FW_H7_V1.11.2, STM32Cube_FW_L0_V1.12.2, STM32Cube_FW_L5_V1.5.1, STM32Cube_FW_U0_V1.1.0, STM32Cube_FW_U5_V1.6.0, STM32Cube_FW_WB0_V1.0.0, STM32Cube_FW_WBA_V1.4.1, STM32Cube_FW_WB_V1.20.0, STM32Cube_FW_WL_V1.3.0, X-CUBE-ALGOBUILD_V1.4.0, X-CUBE-ALS_V1.0.2, X-CUBE-AZRTOS-F4_V1.1.0, X-CUBE-AZRTOS-F7_V1.1.0, X-CUBE-AZRTOS-G0_V1.1.0, X-CUBE-AZRTOS-G4_V2.0.0, X-CUBE-AZRTOS-H7RS_V1.0.0, X-CUBE-AZRTOS-H7_V3.2.0, X-CUBE-AZRTOS-L4_V2.0.0, X-CUBE-AZRTOS-L5_V2.0.0, X-CUBE-AZRTOS-WB_V2.0.0, X-CUBE-AZRTOS-WL_V2.0.0, X-CUBE-BLE1_V7.0.0, X-CUBE-BLE2_V3.3.0, X-CUBE-BLEMGR_V3.1.0, X-CUBE-EEPRMA1_V5.1.0, X-CUBE-FREERTOS_V1.2.0, X-CUBE-GNSS1_V6.0.0, X-CUBE-MEMS1_V11.0.0, X-CUBE-NFC4_V3.0.0, X-CUBE-NFC7_V1.0.1, X-CUBE-SFXS2LP1_V4.0.0, X-CUBE-SUBG2_V5.0.0, X-CUBE-TOF1_V3.4.2]
2024-10-04 14:14:46,062 [INFO] ApiDb:240 - Found 483 in-development CPN: [B-G473E-ZEST1S, B-WB1M-WPAN1, B-WL5M-SUBG1, NUCLEO-C031C6, NUCLEO-H503RB, NUCLEO-H533RE, NUCLEO-H563ZI, NUCLEO-H7S3L8, NUCLEO-U031R8, NUCLEO-U083RC, NUCLEO-U545RE-Q, NUCLEO-U5A5ZJ-Q, NUCLEO-WBA52CG, NUCLEO-WBA55CG, STEVAL-PROTEUS1, STEVAL-SMARTAG2, STEVAL-STWINBX1, STM320518-EVAL, STM32C0116-DK, STM32C011D6Y3TR, STM32C011D6Y6TR, STM32C011F4P3, STM32C011F4P6, STM32C011F4U3, STM32C011F4U6TR, STM32C011F6P3, STM32C011F6P6, STM32C011F6U3, STM32C011F6U6TR, STM32C011J4M3, STM32C011J4M6, STM32C011J6M3, STM32C011J6M6, STM32C0316-DK, STM32C031C4T3, STM32C031C4T6, STM32C031C4U3, STM32C031C4U6, STM32C031C6T3, STM32C031C6T6, STM32C031C6U3, STM32C031C6U6, STM32C031F4P3, STM32C031F4P6, STM32C031F6P3, STM32C031F6P6, STM32C031G4U3, STM32C031G4U6, STM32C031G6U3, STM32C031G6U6, STM32C031K4T3, STM32C031K4T6, STM32C031K4U3, STM32C031K4U6, STM32C031K6T3, STM32C031K6T6, STM32C031K6U3, STM32C031K6U6, STM32G071K8TXN, STM32G071K8UXN, STM32G081GBU6N, STM32G081KBT6N, STM32G081KBUXN, STM32G0B1CCT6N, STM32G0B1KCT6, STM32G0B1NEY6TR, STM32G0B1RCT6N, STM32G0C1CCT6, STM32G0C1CCT6N, STM32G0C1CCU6N, STM32G0C1CET6N, STM32G0C1CEU6N, STM32G0C1KCT6, STM32G0C1NEY6TR, STM32G0C1RCI6N, STM32G0C1RCT6N, STM32G0C1REI6N, STM32G0C1RET6N, STM32G0C1VCI6, STM32G0C1VEI6, STM32G471CCT6, STM32G471CCU6, STM32G471CET3, STM32G471CET6, STM32G471CEU3, STM32G471CEU6, STM32G471MCT6, STM32G471MET3, STM32G471MET6, STM32G471MEY6TR, STM32G471QCT6, STM32G471QET3, STM32G471RCT6, STM32G471RET3, STM32G471RET6, STM32G471VCH6, STM32G471VCI6, STM32G471VCT6, STM32G471VEH3, STM32G471VEH6, STM32G471VEI3, STM32G471VEI6, STM32G471VET3, STM32G471VET6, STM32G474CCT6, STM32H503CBT6, STM32H503CBU6, STM32H503EBY6TR, STM32H503KBU6, STM32H503RBT6, STM32H523CCT6, STM32H523CCU6, STM32H523CET6, STM32H523CEU6, STM32H523HEY6TR, STM32H523RCT6, STM32H523RET6, STM32H523VCI6, STM32H523VCT6, STM32H523VEI6, STM32H523VET6, STM32H523ZCJ6, STM32H523ZCT6, STM32H523ZEJ6, STM32H523ZET6, STM32H533CET6, STM32H533CEU6, STM32H533HEY6TR, STM32H533RET6, STM32H533VEI6, STM32H533VET6, STM32H533ZEJ6, STM32H533ZET6, STM32H562AGI6, STM32H562AII6, STM32H562IGK6, STM32H562IGT6, STM32H562IIK6, STM32H562IIT6, STM32H562RGT6, STM32H562RGV6, STM32H562RIT6, STM32H562RIV6, STM32H562VGT6, STM32H562VIT6, STM32H562ZGT6, STM32H562ZIT6, STM32H563AGI6, STM32H563AII3Q, STM32H563AII6, STM32H563IGK6, STM32H563IGT6, STM32H563IIK3Q, STM32H563IIK6, STM32H563IIT3Q, STM32H563IIT6, STM32H563MIY3QTR, STM32H563RGT6, STM32H563RGV6, STM32H563RIT6, STM32H563RIV6, STM32H563VGT6, STM32H563VIT3Q, STM32H563VIT6, STM32H563ZGT6, STM32H563ZIT3Q, STM32H563ZIT6, STM32H573AII3Q, STM32H573AII6, STM32H573I-DK, STM32H573IIK3Q, STM32H573IIK6, STM32H573IIT3Q, STM32H573IIT6, STM32H573MIY3QTR, STM32H573RIT6, STM32H573RIV6, STM32H573VIT3Q, STM32H573VIT6, STM32H573ZIT3Q, STM32H573ZIT6, STM32H7R3A8I6, STM32H7R3I8K6, STM32H7R3I8T6, STM32H7R3L8H6, STM32H7R3L8H6H, STM32H7R3R8V6, STM32H7R3V8H6, STM32H7R3V8T6, STM32H7R3V8Y6, STM32H7R3Z8J6, STM32H7R3Z8T6, STM32H7R7A8I6, STM32H7R7I8K6, STM32H7R7I8T6, STM32H7R7L8H6, STM32H7R7L8H6H, STM32H7R7Z8J6, STM32H7S3A8I6, STM32H7S3I8K6, STM32H7S3I8T6, STM32H7S3L8H6, STM32H7S3L8H6H, STM32H7S3R8V6, STM32H7S3V8H6, STM32H7S3V8T6, STM32H7S3V8Y6, STM32H7S3Z8J6, STM32H7S3Z8T6, STM32H7S78-DK, STM32H7S7A8I6, STM32H7S7I8K6, STM32H7S7I8T6, STM32H7S7L8H6, STM32H7S7L8H6H, STM32H7S7Z8J6, STM32L4R5QGI6STR, STM32MP131AAE3, STM32MP131AAF3, STM32MP131AAG3, STM32MP131CAE3, STM32MP131CAF3, STM32MP131CAG3, STM32MP131DAE7, STM32MP131DAF7, STM32MP131DAG7, STM32MP131FAE7, STM32MP131FAF7, STM32MP131FAG7, STM32MP133AAE3, STM32MP133AAF3, STM32MP133AAG3, STM32MP133CAE3, STM32MP133CAF3, STM32MP133CAG3, STM32MP133DAE7, STM32MP133DAF7, STM32MP133DAG7, STM32MP133FAE7, STM32MP133FAF7, STM32MP133FAG7, STM32MP135AAE3, STM32MP135AAF3, STM32MP135AAG3, STM32MP135CAE3, STM32MP135CAF3, STM32MP135CAG3, STM32MP135DAE7, STM32MP135DAF7, STM32MP135DAG7, STM32MP135F-DK, STM32MP135FAE7, STM32MP135FAF7, STM32MP135FAF7T, STM32MP135FAF7U, STM32MP135FAG7, STM32U031C6T6, STM32U031C6U6, STM32U031C8T6, STM32U031C8U6, STM32U031F4P6, STM32U031F6P6, STM32U031F8P6, STM32U031G6Y6TR, STM32U031G8Y6TR, STM32U031K4U6, STM32U031K6U6, STM32U031K8U6, STM32U031R6I6, STM32U031R6T6, STM32U031R8I6, STM32U031R8T6, STM32U073C8T6, STM32U073C8U6, STM32U073CBT6, STM32U073CBU6, STM32U073CCT6, STM32U073CCU6, STM32U073H8Y6TR, STM32U073HBY6TR, STM32U073HCY6TR, STM32U073K8U6, STM32U073KBU6, STM32U073KCU6, STM32U073M8I6, STM32U073M8T6, STM32U073MBI6, STM32U073MBT6, STM32U073MCI6, STM32U073MCT6, STM32U073R8I6, STM32U073R8T6, STM32U073RBI6, STM32U073RBT6, STM32U073RCI6, STM32U073RCT6, STM32U083C-DK, STM32U083CCT6, STM32U083CCU6, STM32U083HCY6TR, STM32U083KCU6, STM32U083MCI6, STM32U083MCT6, STM32U083RCI6, STM32U083RCT6, STM32U535CBT6, STM32U535CBT6Q, STM32U535CBU6, STM32U535CBU6Q, STM32U535CCT6, STM32U535CCT6Q, STM32U535CCU6, STM32U535CCU6Q, STM32U535CET6, STM32U535CET6Q, STM32U535CEU6, STM32U535CEU6Q, STM32U535JEY6QTR, STM32U535NCY6QTR, STM32U535NEY6QTR, STM32U535RBI6, STM32U535RBI6Q, STM32U535RBT6, STM32U535RBT6Q, STM32U535RCI6, STM32U535RCI6Q, STM32U535RCT6, STM32U535RCT6Q, STM32U535REI6, STM32U535REI6Q, STM32U535RET6, STM32U535RET6Q, STM32U535VCI6, STM32U535VCI6Q, STM32U535VCT6, STM32U535VCT6Q, STM32U535VEI6, STM32U535VEI6Q, STM32U535VET6, STM32U535VET6Q, STM32U545CET6, STM32U545CET6Q, STM32U545CEU6, STM32U545CEU6Q, STM32U545JEY6QTR, STM32U545NEY6QTR, STM32U545REI6, STM32U545REI6Q, STM32U545RET6, STM32U545RET6Q, STM32U545VEI6, STM32U545VEI6Q, STM32U545VET6, STM32U545VET6Q, STM32U595AIH6, STM32U595AIH6Q, STM32U595AJH6, STM32U595AJH6Q, STM32U595QII6, STM32U595QII6Q, STM32U595QJI6, STM32U595QJI6Q, STM32U595RIT6, STM32U595RIT6Q, STM32U595RJT6, STM32U595RJT6Q, STM32U595VIT6, STM32U595VIT6Q, STM32U595VJT6, STM32U595VJT6Q, STM32U595ZIT6, STM32U595ZIT6Q, STM32U595ZIY6QTR, STM32U595ZJT6, STM32U595ZJT6Q, STM32U595ZJY6QTR, STM32U599BJY6QTR, STM32U599NIH6Q, STM32U599NJH6Q, STM32U599VIT6Q, STM32U599VJT6, STM32U599VJT6Q, STM32U599ZIT6Q, STM32U599ZIY6QTR, STM32U599ZJT6Q, STM32U599ZJY6QTR, STM32U5A5AJH6, STM32U5A5AJH6Q, STM32U5A5QII3Q , STM32U5A5QJI6, STM32U5A5QJI6Q, STM32U5A5RJT6, STM32U5A5RJT6Q, STM32U5A5VJT6, STM32U5A5VJT6Q, STM32U5A5ZJT6, STM32U5A5ZJT6Q, STM32U5A5ZJY6QTR, STM32U5A9BJY6QTR, STM32U5A9J-DK, STM32U5A9NJH6Q, STM32U5A9VJT6Q, STM32U5A9ZJT6Q, STM32U5A9ZJY6QTR, STM32U5F7VIT6, STM32U5F7VIT6Q, STM32U5F7VJT6, STM32U5F7VJT6Q, STM32U5F9BJY6QTR, STM32U5F9NJH6Q, STM32U5F9VIT6Q, STM32U5F9VJT6Q, STM32U5F9ZIJ6QTR, STM32U5F9ZIT6Q, STM32U5F9ZJJ6QTR, STM32U5F9ZJT6Q, STM32U5G7VJT6, STM32U5G7VJT6Q, STM32U5G9BJY6QTR, STM32U5G9J-DK1, STM32U5G9J-DK2, STM32U5G9NJH6Q, STM32U5G9VJT6Q, STM32U5G9ZJJ6QTR, STM32U5G9ZJT6Q, STM32WB1MMCH6, STM32WBA50KEU6, STM32WBA50KEU6TR, STM32WBA50KGU6, STM32WBA50KGU6TR, STM32WBA52CEU6, STM32WBA52CEU6TR, STM32WBA52CEU7, STM32WBA52CEU7TR, STM32WBA52CGU6, STM32WBA52CGU6TR, STM32WBA52CGU6U, STM32WBA52CGU7, STM32WBA52CGU7TR, STM32WBA52KEU6, STM32WBA52KEU6TR, STM32WBA52KGU6, STM32WBA52KGU6TR, STM32WBA54CEU6, STM32WBA54CEU6TR, STM32WBA54CEU7, STM32WBA54CEU7TR, STM32WBA54CGU6, STM32WBA54CGU6TR, STM32WBA54CGU7, STM32WBA54CGU7TR, STM32WBA54KEU6, STM32WBA54KEU6TR, STM32WBA54KEU7, STM32WBA54KEU7TR, STM32WBA54KGU6, STM32WBA54KGU6TR, STM32WBA54KGU7, STM32WBA54KGU7TR, STM32WBA55CEU6, STM32WBA55CEU6TR, STM32WBA55CEU7, STM32WBA55CEU7TR, STM32WBA55CGU6, STM32WBA55CGU6TR, STM32WBA55CGU6U, STM32WBA55CGU7, STM32WBA55CGU7TR, STM32WBA55G-DK1, STM32WBA55HEF6, STM32WBA55HEF7, STM32WBA55HGF6, STM32WBA55HGF7, STM32WBA55UEI6, STM32WBA55UEI6TR, STM32WBA55UEI7, STM32WBA55UEI7TR, STM32WBA55UGI6, STM32WBA55UGI6TR, STM32WBA55UGI7, STM32WBA55UGI7TR, STM32WL5MOCH6, STM32WL5MOCH6TR]
2024-10-04 14:14:46,069 [INFO] DbMcus:218 - Found 4204 MCUs, 4204 are supported
2024-10-04 14:14:46,071 [INFO] ApiDb:423 - Load user favorites file C:\Users\Matheus Markies/.stm32cubeide/favorites.mcus.txt: 3 item(s)
2024-10-04 14:14:46,071 [INFO] ApiDb:427 - User favorites MCUs=[STM32F103RBT6, STM32F411RET7, STM32L053C8T6]
2024-10-04 14:14:46,071 [INFO] DbMcus:224 - Set 3 / 3 favorites MCUs
2024-10-04 14:14:46,559 [INFO] BoardInfo:889 - No configuration file found for board NUCLEO-WB05KZ
2024-10-04 14:14:46,560 [INFO] DbBoards:161 - Board is not supported: NUCLEO-WB05KZ
2024-10-04 14:14:46,561 [INFO] BoardInfo:889 - No configuration file found for board NUCLEO-WB07CC
2024-10-04 14:14:46,561 [INFO] DbBoards:161 - Board is not supported: NUCLEO-WB07CC
2024-10-04 14:14:46,563 [INFO] BoardInfo:889 - No configuration file found for board NUCLEO-WB09KE
2024-10-04 14:14:46,563 [INFO] DbBoards:161 - Board is not supported: NUCLEO-WB09KE
2024-10-04 14:14:46,578 [INFO] BoardInfo:889 - No configuration file found for board P-NUCLEO-WB55
2024-10-04 14:14:46,578 [INFO] DbBoards:161 - Kit is not supported: P-NUCLEO-WB55
2024-10-04 14:14:46,585 [INFO] BoardInfo:889 - No configuration file found for board STEVAL-BFA001V1B
2024-10-04 14:14:46,586 [INFO] DbBoards:161 - Kit is not supported: STEVAL-BFA001V1B
2024-10-04 14:14:46,587 [INFO] BoardInfo:889 - No configuration file found for board STEVAL-BFA001V2B
2024-10-04 14:14:46,588 [INFO] DbBoards:161 - Kit is not supported: STEVAL-BFA001V2B
2024-10-04 14:14:46,747 [INFO] BoardInfo:889 - No configuration file found for board STM32MP257F-DK
2024-10-04 14:14:46,747 [INFO] DbBoards:161 - Board is not supported: STM32MP257F-DK
2024-10-04 14:14:46,749 [INFO] BoardInfo:889 - No configuration file found for board STM32MP257F-EV1
2024-10-04 14:14:46,749 [INFO] DbBoards:161 - Board is not supported: STM32MP257F-EV1
2024-10-04 14:14:46,763 [INFO] DbBoards:168 - Found 200 boards, 192 are supported
2024-10-04 14:14:46,763 [INFO] DbBoards:169 - Found 200 boards, 8 of them is supported for  Bsp
2024-10-04 14:14:46,766 [INFO] ApiDb:423 - Load user favorites file C:\Users\Matheus Markies/.stm32cubeide/favorites.boards.txt: 0 item(s)
2024-10-04 14:14:46,766 [INFO] ApiDb:427 - User favorites Boards=[]
2024-10-04 14:14:46,767 [INFO] DbBoards:198 - Set 0 / 0 favorites Boards
2024-10-04 14:14:46,813 [INFO] UtilMem:75 - End LoadConfig() Used Memory: 268215136 Bytes (355467264)
2024-10-04 14:14:47,044 [WARN] ThirdParty:833 - waiting for thirdparty lock release [change project]
2024-10-04 14:14:47,044 [INFO] ThirdParty:835 - entering critical section [change project]
2024-10-04 14:14:47,045 [INFO] ThirdParty:1030 - CMSIS Pack Vendor :STMicroelectronics USBPD 4.1
2024-10-04 14:14:47,045 [INFO] ThirdParty:1030 - CMSIS Pack Vendor :STMicroelectronics X-CUBE-AZRTOS-H7 3.3.0
2024-10-04 14:14:47,045 [INFO] ThirdParty:1030 - CMSIS Pack Vendor :STMicroelectronics X-CUBE-NFC9 1.0.0
2024-10-04 14:14:47,045 [INFO] ThirdParty:1030 - CMSIS Pack Vendor :STMicroelectronics X-CUBE-GNSS1 6.0.0
2024-10-04 14:14:47,045 [INFO] ThirdParty:1030 - CMSIS Pack Vendor :STMicroelectronics USB_HOST 2.0.0
2024-10-04 14:14:47,045 [INFO] ThirdParty:1030 - CMSIS Pack Vendor :STMicroelectronics FP-SNS-MOTENVWB1 1.4.0
2024-10-04 14:14:47,045 [INFO] ThirdParty:1030 - CMSIS Pack Vendor :STMicroelectronics X-CUBE-AZRTOS-F4 1.1.0
2024-10-04 14:14:47,045 [INFO] ThirdParty:1030 - CMSIS Pack Vendor :STMicroelectronics LIBJPEG 8.0.0
2024-10-04 14:14:47,045 [INFO] ThirdParty:1030 - CMSIS Pack Vendor :STMicroelectronics X-CUBE-SMBUS 2.1.0
2024-10-04 14:14:47,045 [INFO] ThirdParty:1030 - CMSIS Pack Vendor :STMicroelectronics X-CUBE-WB05N 1.1.0
2024-10-04 14:14:47,045 [INFO] ThirdParty:1030 - CMSIS Pack Vendor :STMicroelectronics USB_DEVICE 3.0.0
2024-10-04 14:14:47,045 [INFO] ThirdParty:1030 - CMSIS Pack Vendor :STMicroelectronics X-CUBE-TCPP 4.1.0
2024-10-04 14:14:47,045 [INFO] ThirdParty:1030 - CMSIS Pack Vendor :STMicroelectronics X-CUBE-ISPU 2.1.0
2024-10-04 14:14:47,045 [INFO] ThirdParty:1030 - CMSIS Pack Vendor :STMicroelectronics X-CUBE-FREERTOS 1.2.0
2024-10-04 14:14:47,045 [INFO] ThirdParty:1030 - CMSIS Pack Vendor :STMicroelectronics X-CUBE-IPS 3.0.0
2024-10-04 14:14:47,045 [INFO] ThirdParty:1030 - CMSIS Pack Vendor :STMicroelectronics X-CUBE-AZRTOS-WB 2.0.0
2024-10-04 14:14:47,046 [INFO] ThirdParty:1030 - CMSIS Pack Vendor :STMicroelectronics X-CUBE-GNSS1 7.0.0
2024-10-04 14:14:47,046 [INFO] ThirdParty:1030 - CMSIS Pack Vendor :STMicroelectronics X-CUBE-TOUCHGFX 4.23.2
2024-10-04 14:14:47,046 [INFO] ThirdParty:1030 - CMSIS Pack Vendor :STMicroelectronics X-CUBE-AZRTOS-F7 1.1.0
2024-10-04 14:14:47,046 [INFO] ThirdParty:1030 - CMSIS Pack Vendor :STMicroelectronics X-CUBE-AZRTOS-L5 2.0.0
2024-10-04 14:14:47,046 [INFO] ThirdParty:1030 - CMSIS Pack Vendor :STMicroelectronics USB_DEVICE 2.0.0
2024-10-04 14:14:47,046 [INFO] ThirdParty:1030 - CMSIS Pack Vendor :STMicroelectronics X-CUBE-NFC6 3.1.0
2024-10-04 14:14:47,046 [INFO] ThirdParty:1030 - CMSIS Pack Vendor :STMicroelectronics FP-SNS-STBOX1 2.0.0
2024-10-04 14:14:47,046 [INFO] ThirdParty:1030 - CMSIS Pack Vendor :STMicroelectronics X-CUBE-MEMS1 11.0.0
2024-10-04 14:14:47,046 [INFO] ThirdParty:1030 - CMSIS Pack Vendor :STMicroelectronics FreeRTOS 0.0.1
2024-10-04 14:14:47,046 [INFO] ThirdParty:1030 - CMSIS Pack Vendor :STMicroelectronics X-CUBE-AZRTOS-G0 1.1.0
2024-10-04 14:14:47,046 [INFO] ThirdParty:1030 - CMSIS Pack Vendor :STMicroelectronics X-CUBE-SAFEA1 1.2.2
2024-10-04 14:14:47,046 [INFO] ThirdParty:1030 - CMSIS Pack Vendor :STMicroelectronics X-CUBE-NFC4 3.0.0
2024-10-04 14:14:47,046 [INFO] ThirdParty:1030 - CMSIS Pack Vendor :STMicroelectronics X-CUBE-DPower 1.2.0
2024-10-04 14:14:47,046 [INFO] ThirdParty:1030 - CMSIS Pack Vendor :STMicroelectronics X-CUBE-SUBG2 5.0.0
2024-10-04 14:14:47,046 [INFO] ThirdParty:1030 - CMSIS Pack Vendor :STMicroelectronics STM32_WPAN 1.0.0
2024-10-04 14:14:47,046 [INFO] ThirdParty:1030 - CMSIS Pack Vendor :wolfSSL I-CUBE-wolfMQTT 1.18.0
2024-10-04 14:14:47,046 [INFO] ThirdParty:1030 - CMSIS Pack Vendor :EmbeddedOffice I-CUBE-FS-RTOS 1.0.1
2024-10-04 14:14:47,047 [INFO] ThirdParty:1030 - CMSIS Pack Vendor :STMicroelectronics lwIP 2.0.3
2024-10-04 14:14:47,047 [INFO] ThirdParty:1030 - CMSIS Pack Vendor :STMicroelectronics FP-SNS-FLIGHT1 5.0.2
2024-10-04 14:14:47,047 [INFO] ThirdParty:1030 - CMSIS Pack Vendor :STMicroelectronics USB_HOST 1.0.0
2024-10-04 14:14:47,047 [INFO] ThirdParty:1030 - CMSIS Pack Vendor :STMicroelectronics X-CUBE-AI 9.0.0
2024-10-04 14:14:47,047 [INFO] ThirdParty:1030 - CMSIS Pack Vendor :STMicroelectronics X-CUBE-AZRTOS-G4 2.0.0
2024-10-04 14:14:47,047 [INFO] ThirdParty:1030 - CMSIS Pack Vendor :STMicroelectronics PDM2PCM 3.1.0
2024-10-04 14:14:47,047 [INFO] ThirdParty:1030 - CMSIS Pack Vendor :STMicroelectronics PDM2PCM 3.3.0
2024-10-04 14:14:47,047 [INFO] ThirdParty:1030 - CMSIS Pack Vendor :STMicroelectronics X-CUBE-DISPLAY 3.0.0
2024-10-04 14:14:47,047 [INFO] ThirdParty:1030 - CMSIS Pack Vendor :RealThread X-CUBE-RT-Thread_Nano 4.1.1
2024-10-04 14:14:47,047 [INFO] ThirdParty:1030 - CMSIS Pack Vendor :wolfSSL I-CUBE-wolfSSL 5.7.0
2024-10-04 14:14:47,047 [INFO] ThirdParty:1030 - CMSIS Pack Vendor :STMicroelectronics X-CUBE-BLE1 7.0.0
2024-10-04 14:14:47,047 [INFO] ThirdParty:1030 - CMSIS Pack Vendor :STMicroelectronics FP-ATR-SIGFOX1 3.2.0
2024-10-04 14:14:47,047 [INFO] ThirdParty:1030 - CMSIS Pack Vendor :STMicroelectronics X-CUBE-NFC10 1.0.0
2024-10-04 14:14:47,047 [INFO] ThirdParty:1030 - CMSIS Pack Vendor :STMicroelectronics X-CUBE-ISPU 2.0.0
2024-10-04 14:14:47,047 [INFO] ThirdParty:1030 - CMSIS Pack Vendor :STMicroelectronics X-CUBE-EEPRMA1 5.1.0
2024-10-04 14:14:47,047 [INFO] ThirdParty:1030 - CMSIS Pack Vendor :STMicroelectronics HAL Drivers 0.0.0
2024-10-04 14:14:47,047 [INFO] ThirdParty:1030 - CMSIS Pack Vendor :STMicroelectronics MBEDTLS 2.16.2
2024-10-04 14:14:47,048 [INFO] ThirdParty:1030 - CMSIS Pack Vendor :STMicroelectronics X-CUBE-ALS 1.0.2
2024-10-04 14:14:47,048 [INFO] ThirdParty:1030 - CMSIS Pack Vendor :emotas I-CUBE-CANOPEN 1.3.0
2024-10-04 14:14:47,048 [INFO] ThirdParty:1030 - CMSIS Pack Vendor :STMicroelectronics X-CUBE-MEMS1 10.0.0
2024-10-04 14:14:47,048 [INFO] ThirdParty:1030 - CMSIS Pack Vendor :STMicroelectronics X-CUBE-NFC7 1.0.1
2024-10-04 14:14:47,048 [INFO] ThirdParty:1030 - CMSIS Pack Vendor :STMicroelectronics MBEDTLS 2.14.1
2024-10-04 14:14:47,048 [INFO] ThirdParty:1030 - CMSIS Pack Vendor :STMicroelectronics X-CUBE-TOUCHGFX 4.24.0
2024-10-04 14:14:47,048 [INFO] ThirdParty:1030 - CMSIS Pack Vendor :ITTIA_DB I-CUBE-ITTIADB 8.9.0
2024-10-04 14:14:47,048 [INFO] ThirdParty:1030 - CMSIS Pack Vendor :wolfSSL I-CUBE-wolfTPM 3.2.0
2024-10-04 14:14:47,048 [INFO] ThirdParty:1030 - CMSIS Pack Vendor :STMicroelectronics X-CUBE-TOUCHGFX 4.24.1
2024-10-04 14:14:47,048 [INFO] ThirdParty:1030 - CMSIS Pack Vendor :portGmbH I-Cube-SoM-uGOAL 1.1.0
2024-10-04 14:14:47,048 [INFO] ThirdParty:1030 - CMSIS Pack Vendor :STMicroelectronics X-CUBE-ALS 1.0.1
2024-10-04 14:14:47,048 [INFO] ThirdParty:1030 - CMSIS Pack Vendor :STMicroelectronics X-CUBE-BLEMGR 3.1.0
2024-10-04 14:14:47,048 [INFO] ThirdParty:1030 - CMSIS Pack Vendor :STMicroelectronics ThreadX 1.0.0
2024-10-04 14:14:47,048 [INFO] ThirdParty:1030 - CMSIS Pack Vendor :STMicroelectronics FP-SNS-SMARTAG2 1.2.0
2024-10-04 14:14:47,048 [INFO] ThirdParty:1030 - CMSIS Pack Vendor :STMicroelectronics X-CUBE-AZRTOS-WL 2.0.0
2024-10-04 14:14:47,048 [INFO] ThirdParty:1030 - CMSIS Pack Vendor :SEGGER I-CUBE-embOS 1.3.1
2024-10-04 14:14:47,048 [INFO] ThirdParty:1030 - CMSIS Pack Vendor :STMicroelectronics X-CUBE-ALGOBUILD 1.4.0
2024-10-04 14:14:47,048 [INFO] ThirdParty:1030 - CMSIS Pack Vendor :STMicroelectronics FP-SNS-MOTENV1 5.0.0
2024-10-04 14:14:47,049 [INFO] ThirdParty:1030 - CMSIS Pack Vendor :STMicroelectronics USB_DEVICE 1.0.0
2024-10-04 14:14:47,049 [INFO] ThirdParty:1030 - CMSIS Pack Vendor :STMicroelectronics X-CUBE-AZRTOS-H7RS 1.0.0
2024-10-04 14:14:47,049 [INFO] ThirdParty:1030 - CMSIS Pack Vendor :wolfSSL I-CUBE-wolfMQTT 1.19.0
2024-10-04 14:14:47,049 [INFO] ThirdParty:1030 - CMSIS Pack Vendor :STMicroelectronics X-CUBE-AZRTOS-L4 2.0.0
2024-10-04 14:14:47,049 [INFO] ThirdParty:1030 - CMSIS Pack Vendor :STMicroelectronics ThreadX 0.0.2
2024-10-04 14:14:47,049 [INFO] ThirdParty:1030 - CMSIS Pack Vendor :WES I-CUBE-Cesium 1.3.0
2024-10-04 14:14:47,049 [INFO] ThirdParty:1030 - CMSIS Pack Vendor :STMicroelectronics FP-ATR-ASTRA1 2.0.0
2024-10-04 14:14:47,049 [INFO] ThirdParty:1030 - CMSIS Pack Vendor :STMicroelectronics lwIP 2.1.2
2024-10-04 14:14:47,049 [INFO] ThirdParty:1030 - CMSIS Pack Vendor :STMicroelectronics X-CUBE-SFXS2LP1 4.0.0
2024-10-04 14:14:47,049 [INFO] ThirdParty:1030 - CMSIS Pack Vendor :STMicroelectronics X-CUBE-BLE2 3.3.0
2024-10-04 14:14:47,049 [INFO] ThirdParty:1030 - CMSIS Pack Vendor :STMicroelectronics X-CUBE-TOF1 3.4.2
2024-10-04 14:14:47,049 [INFO] ThirdParty:1030 - CMSIS Pack Vendor :STMicroelectronics X-CUBE-AI 9.1.0
2024-10-04 14:14:47,049 [INFO] ThirdParty:1030 - CMSIS Pack Vendor :STMicroelectronics X-CUBE-TOF1 3.4.1
2024-10-04 14:14:47,049 [INFO] ThirdParty:1030 - CMSIS Pack Vendor :STMicroelectronics X-CUBE-AZRTOS-H7 3.2.0
2024-10-04 14:14:47,050 [INFO] ThirdParty:1030 - CMSIS Pack Vendor :Infineon AIROC-Wi-Fi-Bluetooth-STM32 1.6.0
2024-10-04 14:14:47,050 [INFO] ThirdParty:1030 - CMSIS Pack Vendor :STMicroelectronics PDM2PCM 3.2.0
2024-10-04 14:14:47,050 [INFO] ThirdParty:1030 - CMSIS Pack Vendor :wolfSSL I-CUBE-wolfSSH 1.4.17
2024-10-04 14:14:47,050 [INFO] ThirdParty:841 - exiting critical section [change project]
2024-10-04 14:14:47,952 [INFO] PinOutPanel:1561 - setPackage(No Configuration,No Configuration)
2024-10-04 14:14:47,954 [INFO] PinOutPanel:1561 - setPackage(STM32F407ZETx,LQFP144)
2024-10-04 14:14:48,653 [INFO] UtilMem:75 - Before build in PCC Used Memory: 175812608 Bytes (355467264)
2024-10-04 14:14:49,417 [INFO] UserBatteryFile:101 - Battery_LiPo 3500.0 0.0 3.7 0.0 0.0
2024-10-04 14:14:49,672 [INFO] UtilMem:75 - After build in PCC Used Memory: 256125760 Bytes (355467264)
2024-10-04 14:14:49,736 [INFO] IPUIPlugin:80 - create IPUIPlugin
2024-10-04 14:14:49,736 [INFO] IPUIPlugin:80 - create IPUIPlugin
2024-10-04 14:14:49,736 [INFO] IPUIPlugin:80 - create IPUIPlugin
2024-10-04 14:14:49,736 [INFO] IPUIPlugin:80 - create IPUIPlugin
2024-10-04 14:14:49,736 [INFO] IPUIPlugin:80 - create IPUIPlugin
2024-10-04 14:14:49,737 [INFO] IPUIPlugin:80 - create IPUIPlugin
2024-10-04 14:14:49,738 [INFO] IPUIPlugin:80 - create IPUIPlugin
2024-10-04 14:14:49,738 [INFO] IPUIPlugin:80 - create IPUIPlugin
2024-10-04 14:14:49,738 [INFO] IPUIPlugin:80 - create IPUIPlugin
2024-10-04 14:14:49,738 [INFO] IPUIPlugin:80 - create IPUIPlugin
2024-10-04 14:14:49,738 [INFO] IPUIPlugin:80 - create IPUIPlugin
2024-10-04 14:14:49,738 [INFO] IPUIPlugin:80 - create IPUIPlugin
2024-10-04 14:14:49,739 [INFO] IPUIPlugin:80 - create IPUIPlugin
2024-10-04 14:14:49,739 [INFO] IPUIPlugin:80 - create IPUIPlugin
2024-10-04 14:14:49,739 [INFO] IPUIPlugin:80 - create IPUIPlugin
2024-10-04 14:14:49,739 [INFO] IPUIPlugin:80 - create IPUIPlugin
2024-10-04 14:14:49,739 [INFO] IPUIPlugin:80 - create IPUIPlugin
2024-10-04 14:14:49,739 [INFO] IPUIPlugin:80 - create IPUIPlugin
2024-10-04 14:14:49,740 [INFO] IPUIPlugin:80 - create IPUIPlugin
2024-10-04 14:14:49,740 [INFO] IPUIPlugin:80 - create IPUIPlugin
2024-10-04 14:14:49,740 [INFO] IPUIPlugin:80 - create IPUIPlugin
2024-10-04 14:14:49,740 [INFO] IPUIPlugin:80 - create IPUIPlugin
2024-10-04 14:14:49,741 [INFO] IPUIPlugin:80 - create IPUIPlugin
2024-10-04 14:14:49,741 [INFO] IPUIPlugin:80 - create IPUIPlugin
2024-10-04 14:14:49,741 [INFO] IPUIPlugin:80 - create IPUIPlugin
2024-10-04 14:14:49,741 [INFO] IPUIPlugin:80 - create IPUIPlugin
2024-10-04 14:14:49,742 [INFO] IPUIPlugin:80 - create IPUIPlugin
2024-10-04 14:14:49,742 [INFO] IPUIPlugin:80 - create IPUIPlugin
2024-10-04 14:14:49,742 [INFO] IPUIPlugin:80 - create IPUIPlugin
2024-10-04 14:14:49,742 [INFO] IPUIPlugin:80 - create IPUIPlugin
2024-10-04 14:14:49,742 [INFO] IPUIPlugin:80 - create IPUIPlugin
2024-10-04 14:14:49,743 [INFO] IPUIPlugin:80 - create IPUIPlugin
2024-10-04 14:14:49,743 [INFO] IPUIPlugin:80 - create IPUIPlugin
2024-10-04 14:14:49,743 [INFO] IPUIPlugin:80 - create IPUIPlugin
2024-10-04 14:14:49,743 [INFO] IPUIPlugin:80 - create IPUIPlugin
2024-10-04 14:14:49,744 [INFO] IPUIPlugin:80 - create IPUIPlugin
2024-10-04 14:14:49,744 [INFO] IPUIPlugin:80 - create IPUIPlugin
2024-10-04 14:14:49,744 [INFO] IPUIPlugin:80 - create IPUIPlugin
2024-10-04 14:14:49,744 [INFO] IPUIPlugin:80 - create IPUIPlugin
2024-10-04 14:14:49,745 [INFO] IPUIPlugin:80 - create IPUIPlugin
2024-10-04 14:14:49,745 [INFO] IPUIPlugin:80 - create IPUIPlugin
2024-10-04 14:14:49,745 [INFO] IPUIPlugin:80 - create IPUIPlugin
2024-10-04 14:14:49,746 [INFO] IPUIPlugin:80 - create IPUIPlugin
2024-10-04 14:14:49,746 [INFO] IPUIPlugin:80 - create IPUIPlugin
2024-10-04 14:14:49,746 [INFO] IPUIPlugin:80 - create IPUIPlugin
2024-10-04 14:14:49,747 [INFO] IPUIPlugin:80 - create IPUIPlugin
2024-10-04 14:14:49,747 [INFO] IPUIPlugin:80 - create IPUIPlugin
2024-10-04 14:14:49,747 [INFO] IPUIPlugin:80 - create IPUIPlugin
2024-10-04 14:14:49,748 [INFO] IPUIPlugin:80 - create IPUIPlugin
2024-10-04 14:14:49,748 [INFO] IPUIPlugin:80 - create IPUIPlugin
2024-10-04 14:14:49,749 [INFO] IPUIPlugin:80 - create IPUIPlugin
2024-10-04 14:14:49,749 [INFO] IPUIPlugin:80 - create IPUIPlugin
2024-10-04 14:14:49,749 [INFO] IPUIPlugin:80 - create IPUIPlugin
2024-10-04 14:14:49,750 [INFO] IPUIPlugin:80 - create IPUIPlugin
2024-10-04 14:14:49,750 [INFO] IPUIPlugin:80 - create IPUIPlugin
2024-10-04 14:14:49,751 [INFO] IPUIPlugin:80 - create IPUIPlugin
2024-10-04 14:14:49,751 [INFO] IPUIPlugin:80 - create IPUIPlugin
2024-10-04 14:14:49,752 [INFO] IPUIPlugin:80 - create IPUIPlugin
2024-10-04 14:14:49,837 [INFO] ApiDbMcu:508 - Load IP Config File for PDM2PCM
2024-10-04 14:14:49,847 [INFO] Can:71 - Can Add PropertyChangeListener com.st.microxplorer.plugins.ip.can.Can@6ef50955
2024-10-04 14:14:49,848 [INFO] Can:71 - Can Add PropertyChangeListener com.st.microxplorer.plugins.ip.can.Can@1a45fc33
2024-10-04 14:14:49,850 [WARN] IP:2120 - I2C_Coeff_DF not found: check if there is a RefParameter without a condition.
2024-10-04 14:14:49,850 [WARN] IP:2120 - Analog_Filter not found: check if there is a RefParameter without a condition.
2024-10-04 14:14:49,851 [WARN] IP:2120 - I2C_Coeff_DF not found: check if there is a RefParameter without a condition.
2024-10-04 14:14:49,851 [WARN] IP:2120 - Analog_Filter not found: check if there is a RefParameter without a condition.
2024-10-04 14:14:49,853 [WARN] IP:2120 - I2C_Coeff_DF not found: check if there is a RefParameter without a condition.
2024-10-04 14:14:49,853 [WARN] IP:2120 - Analog_Filter not found: check if there is a RefParameter without a condition.
2024-10-04 14:14:50,256 [INFO] CADModel:165 - CPN selected for project levelSTM32F407ZET7
2024-10-04 14:14:50,256 [INFO] CADModel:114 - Register for checkConnection events
2024-10-04 14:14:50,304 [INFO] OpenFileManager:343 - Restore cursor
2024-10-04 14:14:50,740 [WARN] IP:2120 - I2C_Coeff_DF not found: check if there is a RefParameter without a condition.
2024-10-04 14:14:50,740 [WARN] IP:2120 - Analog_Filter not found: check if there is a RefParameter without a condition.
2024-10-04 14:14:50,742 [WARN] IP:2120 - I2C_Coeff_DF not found: check if there is a RefParameter without a condition.
2024-10-04 14:14:50,742 [WARN] IP:2120 - Analog_Filter not found: check if there is a RefParameter without a condition.
2024-10-04 14:14:50,759 [WARN] IP:2120 - I2C_Coeff_DF not found: check if there is a RefParameter without a condition.
2024-10-04 14:14:50,760 [WARN] IP:2120 - Analog_Filter not found: check if there is a RefParameter without a condition.
2024-10-04 14:14:50,760 [WARN] IP:2120 - I2C_Coeff_DF not found: check if there is a RefParameter without a condition.
2024-10-04 14:14:50,760 [WARN] IP:2120 - Analog_Filter not found: check if there is a RefParameter without a condition.
2024-10-04 14:14:50,772 [WARN] IP:2120 - I2C_Coeff_DF not found: check if there is a RefParameter without a condition.
2024-10-04 14:14:50,772 [WARN] IP:2120 - Analog_Filter not found: check if there is a RefParameter without a condition.
2024-10-04 14:14:50,772 [WARN] IP:2120 - I2C_Coeff_DF not found: check if there is a RefParameter without a condition.
2024-10-04 14:14:50,773 [WARN] IP:2120 - Analog_Filter not found: check if there is a RefParameter without a condition.
2024-10-04 14:14:53,825 [INFO] LogOutputStream:77 - [STDOUT_REDIRECT] 
2024-10-04 14:14:55,275 [INFO] McuFinderGlobals:63 - Set McuFinder mode to 2 (CubeIDE integrated)
2024-10-04 14:14:55,281 [INFO] UserAuth:415 - Internet connection configuration mode: 1
2024-10-04 14:14:55,304 [INFO] JxBrowserEngine:152 - Initiate JxBrowser Engine with user profile folder
2024-10-04 14:15:02,852 [INFO] WebApp:161 - Instantiating new browser for Auth
2024-10-04 14:15:06,409 [INFO] WebApp:779 - Register for checkConnection events
2024-10-04 14:15:06,409 [INFO] WebApp:414 - Apply proxy settings
2024-10-04 14:15:06,409 [INFO] WebApp:499 - Chromium requires no authentication
2024-10-04 14:15:06,424 [INFO] WebApp:442 - Direct internet connection detected
2024-10-04 14:15:06,747 [INFO] WebApp:192 - Starting web application
2024-10-04 14:15:06,747 [INFO] WebApp:544 - Web application path used C:\ST\STM32CubeIDE_1.15.1\STM32CubeIDE\plugins\com.st.stm32cube.common.mx_6.11.1.202404110753\db\plugins\mcufinder\reactClient1\index.html
2024-10-04 14:15:22,427 [INFO] MainUpdater:2873 - connection check result : 10
2024-10-04 14:15:22,427 [INFO] MainUpdater:2873 - connection check result : 10
2024-10-04 14:15:22,705 [INFO] MicroXplorer:468 - Change Database Path : 
2024-10-04 14:15:22,705 [INFO] MicroXplorer:498 - Change Database Version : DB.6.0.111
2024-10-04 14:15:22,719 [ERROR] ProjectManagerView:394 - 
java.lang.NullPointerException: Cannot invoke "javax.swing.JTextField.getText()" because the return value of "java.util.List.get(int)" is null
	at com.st.microxplorer.plugins.projectmanager.gui.ProjectChoiceTab$10.caretUpdate(ProjectChoiceTab.java:2504) ~[filemanager.jar:?]
	at javax.swing.text.JTextComponent.fireCaretUpdate(JTextComponent.java:412) ~[?:?]
	at javax.swing.text.JTextComponent$MutableCaretEvent.fire(JTextComponent.java:4491) ~[?:?]
	at javax.swing.text.JTextComponent$MutableCaretEvent.stateChanged(JTextComponent.java:4513) ~[?:?]
	at javax.swing.text.DefaultCaret.fireStateChanged(DefaultCaret.java:842) ~[?:?]
	at javax.swing.text.DefaultCaret.changeCaretPosition(DefaultCaret.java:1313) ~[?:?]
	at javax.swing.text.DefaultCaret.handleSetDot(DefaultCaret.java:1212) ~[?:?]
	at javax.swing.text.DefaultCaret.setDot(DefaultCaret.java:1193) ~[?:?]
	at javax.swing.text.DefaultCaret$Handler.insertUpdate(DefaultCaret.java:1789) ~[?:?]
	at javax.swing.text.AbstractDocument.fireInsertUpdate(AbstractDocument.java:226) ~[?:?]
	at javax.swing.text.AbstractDocument.handleInsertString(AbstractDocument.java:780) ~[?:?]
	at javax.swing.text.AbstractDocument.insertString(AbstractDocument.java:739) ~[?:?]
	at javax.swing.text.PlainDocument.insertString(PlainDocument.java:131) ~[?:?]
	at javax.swing.text.AbstractDocument.replace(AbstractDocument.java:698) ~[?:?]
	at javax.swing.text.JTextComponent.setText(JTextComponent.java:1729) ~[?:?]
	at com.st.microxplorer.plugins.projectmanager.gui.ProjectChoiceTab.createHeapStackFields(ProjectChoiceTab.java:944) ~[filemanager.jar:?]
	at com.st.microxplorer.plugins.projectmanager.gui.ProjectChoiceTab.buildLinkSettingsPanel(ProjectChoiceTab.java:3475) ~[filemanager.jar:?]
	at com.st.microxplorer.plugins.projectmanager.gui.ProjectChoiceTab.defineWindowsFields(ProjectChoiceTab.java:1816) ~[filemanager.jar:?]
	at com.st.microxplorer.plugins.projectmanager.gui.ProjectChoiceTab.updateSettings(ProjectChoiceTab.java:544) ~[filemanager.jar:?]
	at com.st.microxplorer.plugins.projectmanager.gui.ProjectSettingsPanel.UpdateDialog(ProjectSettingsPanel.java:245) ~[filemanager.jar:?]
	at com.st.microxplorer.plugins.projectmanager.ProjectManagerView.propertyChange(ProjectManagerView.java:391) ~[filemanager.jar:?]
	at java.beans.PropertyChangeSupport.fire(PropertyChangeSupport.java:343) ~[?:?]
	at java.beans.PropertyChangeSupport.firePropertyChange(PropertyChangeSupport.java:335) ~[?:?]
	at java.beans.PropertyChangeSupport.firePropertyChange(PropertyChangeSupport.java:268) ~[?:?]
	at com.st.microxplorer.util.MXPropertyChangeSupport.firePropertyChange(MXPropertyChangeSupport.java:54) ~[STM32CubeMX.jar:?]
	at com.st.microxplorer.mxsystem.MxSystem.closeConfig(MxSystem.java:900) ~[STM32CubeMX.jar:?]
	at com.st.microxplorer.maingui.MainPanel.closeConfig(MainPanel.java:776) ~[STM32CubeMX.jar:?]
	at com.st.microxplorer.plugins.filemanager.engine.OpenFileManager.loadConfigurationFile(OpenFileManager.java:245) ~[filemanager.jar:?]
	at com.st.microxplorer.plugins.filemanager.engine.MainFileManager.userLoadConfig(MainFileManager.java:315) ~[filemanager.jar:?]
	at com.st.microxplorer.plugins.filemanager.engine.MainFileManager.userLoadConfig(MainFileManager.java:293) ~[filemanager.jar:?]
	at com.st.microxplorer.plugins.filemanager.FileManagerView.getSpecificTask(FileManagerView.java:247) ~[filemanager.jar:?]
	at com.st.stm32cube.common.mx.editor.CubeMxEditor.getMxTabbedPaneInstance(CubeMxEditor.java:1198) ~[com.st.stm32cube.common.mx_6.11.1.202404110753/:?]
	at com.st.stm32cube.common.mx.editor.CubeMxEditor$12$1.createSwingComponent(CubeMxEditor.java:1068) ~[com.st.stm32cube.common.mx_6.11.1.202404110753/:?]
	at com.st.stm32cube.common.mx.oss.core.awtswtbridge.EmbeddedSwingComposite.doComponentCreation(EmbeddedSwingComposite.java:492) ~[com.st.stm32cube.common.mx.oss_6.11.1.202404110753/:?]
	at com.st.stm32cube.common.mx.oss.core.awtswtbridge.EmbeddedSwingComposite$4.run(EmbeddedSwingComposite.java:291) ~[com.st.stm32cube.common.mx.oss_6.11.1.202404110753/:?]
	at com.st.stm32cube.common.mx.oss.core.awtswtbridge.AwtEnvironment$2.run(AwtEnvironment.java:166) ~[com.st.stm32cube.common.mx.oss_6.11.1.202404110753/:?]
	at java.awt.event.InvocationEvent.dispatch(InvocationEvent.java:318) ~[?:?]
	at java.awt.EventQueue.dispatchEventImpl(EventQueue.java:773) ~[?:?]
	at java.awt.EventQueue$4.run(EventQueue.java:720) ~[?:?]
	at java.awt.EventQueue$4.run(EventQueue.java:714) ~[?:?]
	at java.security.AccessController.doPrivileged(AccessController.java:399) ~[?:?]
	at java.security.ProtectionDomain$JavaSecurityAccessImpl.doIntersectionPrivilege(ProtectionDomain.java:86) ~[?:?]
	at java.awt.EventQueue.dispatchEvent(EventQueue.java:742) ~[?:?]
	at java.awt.EventDispatchThread.pumpOneEventForFilters(EventDispatchThread.java:203) ~[?:?]
	at java.awt.EventDispatchThread.pumpEventsForFilter(EventDispatchThread.java:124) ~[?:?]
	at java.awt.EventDispatchThread.pumpEventsForHierarchy(EventDispatchThread.java:113) ~[?:?]
	at java.awt.EventDispatchThread.pumpEvents(EventDispatchThread.java:109) ~[?:?]
	at java.awt.EventDispatchThread.pumpEvents(EventDispatchThread.java:101) ~[?:?]
	at java.awt.EventDispatchThread.run(EventDispatchThread.java:90) ~[?:?]
2024-10-04 14:15:22,730 [WARN] ThirdParty:871 - waiting for thirdparty lock release [close project]
2024-10-04 14:15:22,730 [INFO] ThirdParty:873 - entering critical section [close project]
2024-10-04 14:15:22,730 [INFO] ThirdParty:883 - exiting critical section [close project]
2024-10-04 14:15:22,732 [INFO] PinOutPanel:1561 - setPackage(No Configuration,No Configuration)
2024-10-04 14:15:22,750 [WARN] IpParametersView:151 - Warning: This peripheral hasn't parameters
2024-10-04 14:15:22,767 [WARN] MainPanel:272 - <html><b><center>Warning: This peripheral has no parameters to be configured<br></b></html>
2024-10-04 14:15:22,779 [INFO] UtilMem:75 - Begin LoadConfig() Used Memory: 279814600 Bytes (355467264)
2024-10-04 14:15:25,213 [INFO] ServerAccessManage:473 - Download File stm32cube_db_v6090.zip
2024-10-04 14:15:29,863 [INFO] FileExtend:240 - Unzip File : stm32cube_db_v6090.zip
2024-10-04 14:15:29,865 [INFO] FileExtend:255 - Standard Zip Deflate
2024-10-04 14:16:08,227 [INFO] LoadServerPackagesThread:196 - End of LoadServerPackages Thread
2024-10-04 14:16:08,436 [INFO] CheckServerUpdateThread:120 - End of CheckServer Thread
2024-10-04 14:16:09,511 [INFO] ServerAccessManage:473 - Download File stm32cube_fw_g4_v150.zip
2024-10-04 14:17:21,669 [INFO] AnalyticsPlugin:368 - Accepted License(s): [FW.G4.1.5.0]
2024-10-04 14:17:21,669 [INFO] FileExtend:240 - Unzip File : stm32cube_fw_g4_v150.zip
2024-10-04 14:17:21,670 [INFO] FileExtend:255 - Standard Zip Deflate
2024-10-04 14:19:04,920 [INFO] ServerAccessManage:473 - Download File stm32cube_fw_g4_v151.zip
2024-10-04 14:19:04,982 [INFO] FileExtend:240 - Unzip File : stm32cube_fw_g4_v151.zip
2024-10-04 14:19:04,983 [INFO] FileExtend:255 - Standard Zip Deflate
2024-10-04 14:19:06,634 [INFO] LoadServerPackagesThread:196 - End of LoadServerPackages Thread
2024-10-04 14:19:06,775 [INFO] CheckServerUpdateThread:120 - End of CheckServer Thread
2024-10-04 14:19:06,794 [INFO] MicroXplorer:468 - Change Database Path : C:/Users/Matheus Markies/.stm32cubemx/databases/DB.6.0.90/db/
2024-10-04 14:19:06,794 [INFO] MicroXplorer:498 - Change Database Version : DB.6.0.90
2024-10-04 14:19:06,794 [INFO] OpenFileManager:312 - Change cursor
2024-10-04 14:19:06,808 [INFO] Mcu:2021 - Initializing MCU STM32G474R(B-C-E)Tx STM32G474RETx STM32G474RET3
2024-10-04 14:19:13,447 [INFO] Context:663 - Trying to add GPIOservice into a context  which must be forbidden
2024-10-04 14:19:16,360 [INFO] RtosManager:555 - Registered RTOS mode: class=CMSIS, group=RTOS, mode=CMSIS_V1, owner=FREERTOS
2024-10-04 14:19:16,361 [INFO] RtosManager:555 - Registered RTOS mode: class=CMSIS, group=RTOS2, mode=CMSIS_V2, owner=FREERTOS
2024-10-04 14:19:16,361 [INFO] RtosManager:555 - Registered RTOS mode: class=RTOS, group=Core, mode=CMSIS_V1, owner=FREERTOS
2024-10-04 14:19:16,361 [INFO] RtosManager:555 - Registered RTOS mode: class=RTOS, group=Core, mode=CMSIS_V2, owner=FREERTOS
2024-10-04 14:19:16,361 [WARN] ModelIntegratedComponent:184 - Missing modes for component STMicroelectronics:FreeRTOS:0.0.1:STMicroelectronics:RTOS:FreeRTOS:Core:::10.2.0:
2024-10-04 14:19:16,379 [WARN] ModelIntegratedComponent:63 - No mode defined for component null
2024-10-04 14:19:16,379 [WARN] ModelIntegratedComponent:63 - No mode defined for component null
2024-10-04 14:19:16,379 [WARN] ModelIntegratedComponent:63 - No mode defined for component null
2024-10-04 14:19:16,379 [WARN] ModelIntegratedComponent:63 - No mode defined for component null
2024-10-04 14:19:16,379 [WARN] ModelIntegratedComponent:63 - No mode defined for component null
2024-10-04 14:19:16,379 [WARN] ModelIntegratedComponent:63 - No mode defined for component null
2024-10-04 14:19:16,379 [WARN] ModelIntegratedComponent:63 - No mode defined for component null
2024-10-04 14:19:16,380 [WARN] ModelIntegratedComponent:63 - No mode defined for component null
2024-10-04 14:19:16,380 [WARN] ModelIntegratedComponent:63 - No mode defined for component null
2024-10-04 14:19:16,380 [WARN] ModelIntegratedComponent:63 - No mode defined for component null
2024-10-04 14:19:16,380 [WARN] ModelIntegratedComponent:63 - No mode defined for component null
2024-10-04 14:19:16,380 [WARN] ModelIntegratedComponent:63 - No mode defined for component null
2024-10-04 14:19:16,380 [WARN] ModelIntegratedComponent:63 - No mode defined for component null
2024-10-04 14:19:16,380 [WARN] ModelIntegratedComponent:63 - No mode defined for component null
2024-10-04 14:19:16,380 [WARN] ModelIntegratedComponent:63 - No mode defined for component null
2024-10-04 14:19:16,380 [WARN] ModelIntegratedComponent:63 - No mode defined for component null
2024-10-04 14:19:16,380 [WARN] ModelIntegratedComponent:63 - No mode defined for component null
2024-10-04 14:19:16,381 [WARN] ModelIntegratedComponent:63 - No mode defined for component null
2024-10-04 14:19:16,381 [WARN] ModelIntegratedComponent:63 - No mode defined for component null
2024-10-04 14:19:16,381 [WARN] ModelIntegratedComponent:63 - No mode defined for component null
2024-10-04 14:19:16,381 [WARN] ModelIntegratedComponent:63 - No mode defined for component null
2024-10-04 14:19:16,381 [WARN] ModelIntegratedComponent:63 - No mode defined for component null
2024-10-04 14:19:16,381 [WARN] ModelIntegratedComponent:63 - No mode defined for component null
2024-10-04 14:19:16,381 [WARN] ModelIntegratedComponent:63 - No mode defined for component null
2024-10-04 14:19:16,381 [WARN] ModelIntegratedComponent:63 - No mode defined for component null
2024-10-04 14:19:16,381 [WARN] ModelIntegratedComponent:63 - No mode defined for component null
2024-10-04 14:19:16,381 [WARN] ModelIntegratedComponent:63 - No mode defined for component null
2024-10-04 14:19:16,381 [WARN] ModelIntegratedComponent:63 - No mode defined for component null
2024-10-04 14:19:16,381 [WARN] ModelIntegratedComponent:63 - No mode defined for component null
2024-10-04 14:19:16,381 [WARN] ModelIntegratedComponent:63 - No mode defined for component null
2024-10-04 14:19:16,381 [WARN] ModelIntegratedComponent:63 - No mode defined for component null
2024-10-04 14:19:16,382 [WARN] ModelIntegratedComponent:63 - No mode defined for component null
2024-10-04 14:19:16,382 [WARN] ModelIntegratedComponent:63 - No mode defined for component null
2024-10-04 14:19:16,382 [WARN] ModelIntegratedComponent:63 - No mode defined for component null
2024-10-04 14:19:16,506 [INFO] ThirdPartyModel:298 - Start build external matchings
2024-10-04 14:19:17,317 [INFO] ThirdPartyModel:316 - End build external matchings
2024-10-04 14:19:17,336 [INFO] ImportTextPane:194 - (OptionalMessage_ERROR) IP (RCC) : Invalid parameter (FamilyName)
2024-10-04 14:19:17,338 [INFO] ImportTextPane:194 - (OptionalMessage_ERROR) IP (RCC) : Parameter (RNGFreq_Value) has invalid value (160000000)
2024-10-04 14:19:17,338 [INFO] ImportTextPane:194 - (OptionalMessage_ERROR) IP (RCC) : Parameter (USBFreq_Value) has invalid value (160000000)
2024-10-04 14:19:17,814 [INFO] UtilMem:75 - End LoadConfig() Used Memory: 723586592 Bytes (1073741824)
2024-10-04 14:19:18,170 [WARN] ThirdParty:833 - waiting for thirdparty lock release [change project]
2024-10-04 14:19:18,170 [INFO] ThirdParty:835 - entering critical section [change project]
2024-10-04 14:19:18,171 [INFO] ThirdParty:1030 - CMSIS Pack Vendor :STMicroelectronics USBPD 4.1
2024-10-04 14:19:18,171 [INFO] ThirdParty:1030 - CMSIS Pack Vendor :STMicroelectronics X-CUBE-AZRTOS-H7 3.3.0
2024-10-04 14:19:18,171 [INFO] ThirdParty:1030 - CMSIS Pack Vendor :STMicroelectronics X-CUBE-NFC9 1.0.0
2024-10-04 14:19:18,171 [INFO] ThirdParty:1030 - CMSIS Pack Vendor :STMicroelectronics X-CUBE-GNSS1 6.0.0
2024-10-04 14:19:18,171 [INFO] ThirdParty:1030 - CMSIS Pack Vendor :STMicroelectronics USB_HOST 2.0.0
2024-10-04 14:19:18,171 [INFO] ThirdParty:1030 - CMSIS Pack Vendor :STMicroelectronics FP-SNS-MOTENVWB1 1.4.0
2024-10-04 14:19:18,171 [INFO] ThirdParty:1030 - CMSIS Pack Vendor :STMicroelectronics X-CUBE-AZRTOS-F4 1.1.0
2024-10-04 14:19:18,171 [INFO] ThirdParty:1030 - CMSIS Pack Vendor :STMicroelectronics LIBJPEG 8.0.0
2024-10-04 14:19:18,171 [INFO] ThirdParty:1030 - CMSIS Pack Vendor :STMicroelectronics X-CUBE-SMBUS 2.1.0
2024-10-04 14:19:18,171 [INFO] ThirdParty:1030 - CMSIS Pack Vendor :STMicroelectronics X-CUBE-WB05N 1.1.0
2024-10-04 14:19:18,171 [INFO] ThirdParty:1030 - CMSIS Pack Vendor :STMicroelectronics USB_DEVICE 3.0.0
2024-10-04 14:19:18,171 [INFO] ThirdParty:1030 - CMSIS Pack Vendor :STMicroelectronics X-CUBE-TCPP 4.1.0
2024-10-04 14:19:18,171 [INFO] ThirdParty:1030 - CMSIS Pack Vendor :STMicroelectronics X-CUBE-ISPU 2.1.0
2024-10-04 14:19:18,171 [INFO] ThirdParty:1030 - CMSIS Pack Vendor :STMicroelectronics X-CUBE-FREERTOS 1.2.0
2024-10-04 14:19:18,171 [INFO] ThirdParty:1030 - CMSIS Pack Vendor :STMicroelectronics X-CUBE-IPS 3.0.0
2024-10-04 14:19:18,172 [INFO] ThirdParty:1030 - CMSIS Pack Vendor :STMicroelectronics X-CUBE-AZRTOS-WB 2.0.0
2024-10-04 14:19:18,172 [INFO] ThirdParty:1030 - CMSIS Pack Vendor :STMicroelectronics X-CUBE-GNSS1 7.0.0
2024-10-04 14:19:18,172 [INFO] ThirdParty:1030 - CMSIS Pack Vendor :STMicroelectronics X-CUBE-TOUCHGFX 4.23.2
2024-10-04 14:19:18,172 [INFO] ThirdParty:1030 - CMSIS Pack Vendor :STMicroelectronics X-CUBE-AZRTOS-F7 1.1.0
2024-10-04 14:19:18,172 [INFO] ThirdParty:1030 - CMSIS Pack Vendor :STMicroelectronics X-CUBE-AZRTOS-L5 2.0.0
2024-10-04 14:19:18,172 [INFO] ThirdParty:1030 - CMSIS Pack Vendor :STMicroelectronics USB_DEVICE 2.0.0
2024-10-04 14:19:18,172 [INFO] ThirdParty:1030 - CMSIS Pack Vendor :STMicroelectronics X-CUBE-NFC6 3.1.0
2024-10-04 14:19:18,172 [INFO] ThirdParty:1030 - CMSIS Pack Vendor :STMicroelectronics FP-SNS-STBOX1 2.0.0
2024-10-04 14:19:18,172 [INFO] ThirdParty:1030 - CMSIS Pack Vendor :STMicroelectronics X-CUBE-MEMS1 11.0.0
2024-10-04 14:19:18,172 [INFO] ThirdParty:1030 - CMSIS Pack Vendor :STMicroelectronics FreeRTOS 0.0.1
2024-10-04 14:19:18,172 [INFO] ThirdParty:1030 - CMSIS Pack Vendor :STMicroelectronics X-CUBE-AZRTOS-G0 1.1.0
2024-10-04 14:19:18,172 [INFO] ThirdParty:1030 - CMSIS Pack Vendor :STMicroelectronics X-CUBE-SAFEA1 1.2.2
2024-10-04 14:19:18,172 [INFO] ThirdParty:1030 - CMSIS Pack Vendor :STMicroelectronics X-CUBE-NFC4 3.0.0
2024-10-04 14:19:18,172 [INFO] ThirdParty:1030 - CMSIS Pack Vendor :STMicroelectronics X-CUBE-DPower 1.2.0
2024-10-04 14:19:18,172 [INFO] ThirdParty:1030 - CMSIS Pack Vendor :STMicroelectronics X-CUBE-SUBG2 5.0.0
2024-10-04 14:19:18,172 [INFO] ThirdParty:1030 - CMSIS Pack Vendor :STMicroelectronics STM32_WPAN 1.0.0
2024-10-04 14:19:18,172 [INFO] ThirdParty:1030 - CMSIS Pack Vendor :wolfSSL I-CUBE-wolfMQTT 1.18.0
2024-10-04 14:19:18,172 [INFO] ThirdParty:1030 - CMSIS Pack Vendor :EmbeddedOffice I-CUBE-FS-RTOS 1.0.1
2024-10-04 14:19:18,172 [INFO] ThirdParty:1030 - CMSIS Pack Vendor :STMicroelectronics lwIP 2.0.3
2024-10-04 14:19:18,172 [INFO] ThirdParty:1030 - CMSIS Pack Vendor :STMicroelectronics FP-SNS-FLIGHT1 5.0.2
2024-10-04 14:19:18,173 [INFO] ThirdParty:1030 - CMSIS Pack Vendor :STMicroelectronics USB_HOST 1.0.0
2024-10-04 14:19:18,173 [INFO] ThirdParty:1030 - CMSIS Pack Vendor :STMicroelectronics X-CUBE-AI 9.0.0
2024-10-04 14:19:18,173 [INFO] ThirdParty:1030 - CMSIS Pack Vendor :STMicroelectronics X-CUBE-AZRTOS-G4 2.0.0
2024-10-04 14:19:18,173 [INFO] ThirdParty:1030 - CMSIS Pack Vendor :STMicroelectronics PDM2PCM 3.1.0
2024-10-04 14:19:18,173 [INFO] ThirdParty:1030 - CMSIS Pack Vendor :STMicroelectronics PDM2PCM 3.3.0
2024-10-04 14:19:18,173 [INFO] ThirdParty:1030 - CMSIS Pack Vendor :STMicroelectronics X-CUBE-DISPLAY 3.0.0
2024-10-04 14:19:18,173 [INFO] ThirdParty:1030 - CMSIS Pack Vendor :RealThread X-CUBE-RT-Thread_Nano 4.1.1
2024-10-04 14:19:18,173 [INFO] ThirdParty:1030 - CMSIS Pack Vendor :wolfSSL I-CUBE-wolfSSL 5.7.0
2024-10-04 14:19:18,173 [INFO] ThirdParty:1030 - CMSIS Pack Vendor :STMicroelectronics X-CUBE-BLE1 7.0.0
2024-10-04 14:19:18,173 [INFO] ThirdParty:1030 - CMSIS Pack Vendor :STMicroelectronics FP-ATR-SIGFOX1 3.2.0
2024-10-04 14:19:18,173 [INFO] ThirdParty:1030 - CMSIS Pack Vendor :STMicroelectronics X-CUBE-NFC10 1.0.0
2024-10-04 14:19:18,173 [INFO] ThirdParty:1030 - CMSIS Pack Vendor :STMicroelectronics X-CUBE-ISPU 2.0.0
2024-10-04 14:19:18,173 [INFO] ThirdParty:1030 - CMSIS Pack Vendor :STMicroelectronics X-CUBE-EEPRMA1 5.1.0
2024-10-04 14:19:18,173 [INFO] ThirdParty:1030 - CMSIS Pack Vendor :STMicroelectronics HAL Drivers 0.0.0
2024-10-04 14:19:18,173 [INFO] ThirdParty:1030 - CMSIS Pack Vendor :STMicroelectronics MBEDTLS 2.16.2
2024-10-04 14:19:18,173 [INFO] ThirdParty:1030 - CMSIS Pack Vendor :STMicroelectronics X-CUBE-ALS 1.0.2
2024-10-04 14:19:18,173 [INFO] ThirdParty:1030 - CMSIS Pack Vendor :emotas I-CUBE-CANOPEN 1.3.0
2024-10-04 14:19:18,173 [INFO] ThirdParty:1030 - CMSIS Pack Vendor :STMicroelectronics X-CUBE-MEMS1 10.0.0
2024-10-04 14:19:18,173 [INFO] ThirdParty:1030 - CMSIS Pack Vendor :STMicroelectronics X-CUBE-NFC7 1.0.1
2024-10-04 14:19:18,173 [INFO] ThirdParty:1030 - CMSIS Pack Vendor :STMicroelectronics MBEDTLS 2.14.1
2024-10-04 14:19:18,174 [INFO] ThirdParty:1030 - CMSIS Pack Vendor :STMicroelectronics X-CUBE-TOUCHGFX 4.24.0
2024-10-04 14:19:18,174 [INFO] ThirdParty:1030 - CMSIS Pack Vendor :ITTIA_DB I-CUBE-ITTIADB 8.9.0
2024-10-04 14:19:18,174 [INFO] ThirdParty:1030 - CMSIS Pack Vendor :wolfSSL I-CUBE-wolfTPM 3.2.0
2024-10-04 14:19:18,174 [INFO] ThirdParty:1030 - CMSIS Pack Vendor :STMicroelectronics X-CUBE-TOUCHGFX 4.24.1
2024-10-04 14:19:18,174 [INFO] ThirdParty:1030 - CMSIS Pack Vendor :portGmbH I-Cube-SoM-uGOAL 1.1.0
2024-10-04 14:19:18,174 [INFO] ThirdParty:1030 - CMSIS Pack Vendor :STMicroelectronics X-CUBE-ALS 1.0.1
2024-10-04 14:19:18,174 [INFO] ThirdParty:1030 - CMSIS Pack Vendor :STMicroelectronics X-CUBE-BLEMGR 3.1.0
2024-10-04 14:19:18,174 [INFO] ThirdParty:1030 - CMSIS Pack Vendor :STMicroelectronics ThreadX 1.0.0
2024-10-04 14:19:18,174 [INFO] ThirdParty:1030 - CMSIS Pack Vendor :STMicroelectronics FP-SNS-SMARTAG2 1.2.0
2024-10-04 14:19:18,174 [INFO] ThirdParty:1030 - CMSIS Pack Vendor :STMicroelectronics X-CUBE-AZRTOS-WL 2.0.0
2024-10-04 14:19:18,174 [INFO] ThirdParty:1030 - CMSIS Pack Vendor :SEGGER I-CUBE-embOS 1.3.1
2024-10-04 14:19:18,174 [INFO] ThirdParty:1030 - CMSIS Pack Vendor :STMicroelectronics X-CUBE-ALGOBUILD 1.4.0
2024-10-04 14:19:18,174 [INFO] ThirdParty:1030 - CMSIS Pack Vendor :STMicroelectronics FP-SNS-MOTENV1 5.0.0
2024-10-04 14:19:18,174 [INFO] ThirdParty:1030 - CMSIS Pack Vendor :STMicroelectronics USB_DEVICE 1.0.0
2024-10-04 14:19:18,174 [INFO] ThirdParty:1030 - CMSIS Pack Vendor :STMicroelectronics X-CUBE-AZRTOS-H7RS 1.0.0
2024-10-04 14:19:18,174 [INFO] ThirdParty:1030 - CMSIS Pack Vendor :wolfSSL I-CUBE-wolfMQTT 1.19.0
2024-10-04 14:19:18,174 [INFO] ThirdParty:1030 - CMSIS Pack Vendor :STMicroelectronics X-CUBE-AZRTOS-L4 2.0.0
2024-10-04 14:19:18,174 [INFO] ThirdParty:1030 - CMSIS Pack Vendor :STMicroelectronics ThreadX 0.0.2
2024-10-04 14:19:18,175 [INFO] ThirdParty:1030 - CMSIS Pack Vendor :WES I-CUBE-Cesium 1.3.0
2024-10-04 14:19:18,175 [INFO] ThirdParty:1030 - CMSIS Pack Vendor :STMicroelectronics FP-ATR-ASTRA1 2.0.0
2024-10-04 14:19:18,175 [INFO] ThirdParty:1030 - CMSIS Pack Vendor :STMicroelectronics lwIP 2.1.2
2024-10-04 14:19:18,178 [INFO] ThirdParty:1030 - CMSIS Pack Vendor :STMicroelectronics X-CUBE-SFXS2LP1 4.0.0
2024-10-04 14:19:18,178 [INFO] ThirdParty:1030 - CMSIS Pack Vendor :STMicroelectronics X-CUBE-BLE2 3.3.0
2024-10-04 14:19:18,178 [INFO] ThirdParty:1030 - CMSIS Pack Vendor :STMicroelectronics X-CUBE-TOF1 3.4.2
2024-10-04 14:19:18,178 [INFO] ThirdParty:1030 - CMSIS Pack Vendor :STMicroelectronics X-CUBE-AI 9.1.0
2024-10-04 14:19:18,178 [INFO] ThirdParty:1030 - CMSIS Pack Vendor :STMicroelectronics X-CUBE-TOF1 3.4.1
2024-10-04 14:19:18,178 [INFO] ThirdParty:1030 - CMSIS Pack Vendor :STMicroelectronics X-CUBE-AZRTOS-H7 3.2.0
2024-10-04 14:19:18,178 [INFO] ThirdParty:1030 - CMSIS Pack Vendor :Infineon AIROC-Wi-Fi-Bluetooth-STM32 1.6.0
2024-10-04 14:19:18,178 [INFO] ThirdParty:1030 - CMSIS Pack Vendor :STMicroelectronics PDM2PCM 3.2.0
2024-10-04 14:19:18,178 [INFO] ThirdParty:1030 - CMSIS Pack Vendor :wolfSSL I-CUBE-wolfSSH 1.4.17
2024-10-04 14:19:18,178 [INFO] ThirdParty:841 - exiting critical section [change project]
2024-10-04 14:19:18,762 [INFO] PinOutPanel:1561 - setPackage(No Configuration,No Configuration)
2024-10-04 14:19:18,763 [INFO] PinOutPanel:1561 - setPackage(STM32G474RETx,LQFP64)
2024-10-04 14:19:19,367 [INFO] UtilMem:75 - Before build in PCC Used Memory: 799929344 Bytes (1073741824)
2024-10-04 14:19:19,817 [INFO] UserBatteryFile:101 - Battery_LiPo 3500.0 0.0 3.7 0.0 0.0
2024-10-04 14:19:19,900 [INFO] UtilMem:75 - After build in PCC Used Memory: 901114880 Bytes (1073741824)
2024-10-04 14:19:19,939 [INFO] IPUIPlugin:80 - create IPUIPlugin
2024-10-04 14:19:19,939 [INFO] IPUIPlugin:80 - create IPUIPlugin
2024-10-04 14:19:19,939 [INFO] IPUIPlugin:80 - create IPUIPlugin
2024-10-04 14:19:19,939 [INFO] IPUIPlugin:80 - create IPUIPlugin
2024-10-04 14:19:19,940 [INFO] IPUIPlugin:80 - create IPUIPlugin
2024-10-04 14:19:19,940 [INFO] IPUIPlugin:80 - create IPUIPlugin
2024-10-04 14:19:19,940 [INFO] IPUIPlugin:80 - create IPUIPlugin
2024-10-04 14:19:19,940 [INFO] IPUIPlugin:80 - create IPUIPlugin
2024-10-04 14:19:19,940 [INFO] IPUIPlugin:80 - create IPUIPlugin
2024-10-04 14:19:19,940 [INFO] IPUIPlugin:80 - create IPUIPlugin
2024-10-04 14:19:19,940 [INFO] IPUIPlugin:80 - create IPUIPlugin
2024-10-04 14:19:19,940 [INFO] IPUIPlugin:80 - create IPUIPlugin
2024-10-04 14:19:19,940 [INFO] IPUIPlugin:80 - create IPUIPlugin
2024-10-04 14:19:19,940 [INFO] IPUIPlugin:80 - create IPUIPlugin
2024-10-04 14:19:19,941 [INFO] IPUIPlugin:80 - create IPUIPlugin
2024-10-04 14:19:19,941 [INFO] IPUIPlugin:80 - create IPUIPlugin
2024-10-04 14:19:19,941 [INFO] IPUIPlugin:80 - create IPUIPlugin
2024-10-04 14:19:19,942 [INFO] IPUIPlugin:80 - create IPUIPlugin
2024-10-04 14:19:19,942 [INFO] IPUIPlugin:80 - create IPUIPlugin
2024-10-04 14:19:19,942 [INFO] IPUIPlugin:80 - create IPUIPlugin
2024-10-04 14:19:19,942 [INFO] IPUIPlugin:80 - create IPUIPlugin
2024-10-04 14:19:19,942 [INFO] IPUIPlugin:80 - create IPUIPlugin
2024-10-04 14:19:19,942 [INFO] IPUIPlugin:80 - create IPUIPlugin
2024-10-04 14:19:19,942 [INFO] IPUIPlugin:80 - create IPUIPlugin
2024-10-04 14:19:19,942 [INFO] IPUIPlugin:80 - create IPUIPlugin
2024-10-04 14:19:19,942 [INFO] IPUIPlugin:80 - create IPUIPlugin
2024-10-04 14:19:19,943 [INFO] IPUIPlugin:80 - create IPUIPlugin
2024-10-04 14:19:19,943 [INFO] IPUIPlugin:80 - create IPUIPlugin
2024-10-04 14:19:19,943 [INFO] IPUIPlugin:80 - create IPUIPlugin
2024-10-04 14:19:19,943 [INFO] IPUIPlugin:80 - create IPUIPlugin
2024-10-04 14:19:19,943 [INFO] IPUIPlugin:80 - create IPUIPlugin
2024-10-04 14:19:19,943 [INFO] IPUIPlugin:80 - create IPUIPlugin
2024-10-04 14:19:19,944 [INFO] IPUIPlugin:80 - create IPUIPlugin
2024-10-04 14:19:19,944 [INFO] IPUIPlugin:80 - create IPUIPlugin
2024-10-04 14:19:19,944 [INFO] IPUIPlugin:80 - create IPUIPlugin
2024-10-04 14:19:19,944 [INFO] IPUIPlugin:80 - create IPUIPlugin
2024-10-04 14:19:19,945 [INFO] IPUIPlugin:80 - create IPUIPlugin
2024-10-04 14:19:19,945 [INFO] IPUIPlugin:80 - create IPUIPlugin
2024-10-04 14:19:19,945 [INFO] IPUIPlugin:80 - create IPUIPlugin
2024-10-04 14:19:19,945 [INFO] IPUIPlugin:80 - create IPUIPlugin
2024-10-04 14:19:19,945 [INFO] IPUIPlugin:80 - create IPUIPlugin
2024-10-04 14:19:19,946 [INFO] IPUIPlugin:80 - create IPUIPlugin
2024-10-04 14:19:19,946 [INFO] IPUIPlugin:80 - create IPUIPlugin
2024-10-04 14:19:19,946 [INFO] IPUIPlugin:80 - create IPUIPlugin
2024-10-04 14:19:19,946 [INFO] IPUIPlugin:80 - create IPUIPlugin
2024-10-04 14:19:19,947 [INFO] IPUIPlugin:80 - create IPUIPlugin
2024-10-04 14:19:19,947 [INFO] IPUIPlugin:80 - create IPUIPlugin
2024-10-04 14:19:19,947 [INFO] IPUIPlugin:80 - create IPUIPlugin
2024-10-04 14:19:19,950 [INFO] IPUIPlugin:80 - create IPUIPlugin
2024-10-04 14:19:19,950 [INFO] IPUIPlugin:80 - create IPUIPlugin
2024-10-04 14:19:19,950 [INFO] IPUIPlugin:80 - create IPUIPlugin
2024-10-04 14:19:19,951 [INFO] IPUIPlugin:80 - create IPUIPlugin
2024-10-04 14:19:19,951 [INFO] IPUIPlugin:80 - create IPUIPlugin
2024-10-04 14:19:19,951 [INFO] IPUIPlugin:80 - create IPUIPlugin
2024-10-04 14:19:19,952 [INFO] IPUIPlugin:80 - create IPUIPlugin
2024-10-04 14:19:19,952 [INFO] IPUIPlugin:80 - create IPUIPlugin
2024-10-04 14:19:19,953 [INFO] IPUIPlugin:80 - create IPUIPlugin
2024-10-04 14:19:19,953 [INFO] IPUIPlugin:80 - create IPUIPlugin
2024-10-04 14:19:19,953 [INFO] IPUIPlugin:80 - create IPUIPlugin
2024-10-04 14:19:19,954 [INFO] IPUIPlugin:80 - create IPUIPlugin
2024-10-04 14:19:19,954 [INFO] IPUIPlugin:80 - create IPUIPlugin
2024-10-04 14:19:19,954 [INFO] IPUIPlugin:80 - create IPUIPlugin
2024-10-04 14:19:19,955 [INFO] IPUIPlugin:80 - create IPUIPlugin
2024-10-04 14:19:19,955 [INFO] IPUIPlugin:80 - create IPUIPlugin
2024-10-04 14:19:19,955 [INFO] IPUIPlugin:80 - create IPUIPlugin
2024-10-04 14:19:19,955 [INFO] IPUIPlugin:80 - create IPUIPlugin
2024-10-04 14:19:19,956 [INFO] IPUIPlugin:80 - create IPUIPlugin
2024-10-04 14:19:19,956 [INFO] IPUIPlugin:80 - create IPUIPlugin
2024-10-04 14:19:19,957 [INFO] IPUIPlugin:80 - create IPUIPlugin
2024-10-04 14:19:19,958 [INFO] IPUIPlugin:80 - create IPUIPlugin
2024-10-04 14:19:19,958 [INFO] IPUIPlugin:80 - create IPUIPlugin
2024-10-04 14:19:19,958 [INFO] IPUIPlugin:80 - create IPUIPlugin
2024-10-04 14:19:19,959 [INFO] IPUIPlugin:80 - create IPUIPlugin
2024-10-04 14:19:19,959 [INFO] IPUIPlugin:80 - create IPUIPlugin
2024-10-04 14:19:19,960 [INFO] IPUIPlugin:80 - create IPUIPlugin
2024-10-04 14:19:19,960 [INFO] IPUIPlugin:80 - create IPUIPlugin
2024-10-04 14:19:19,961 [INFO] IPUIPlugin:80 - create IPUIPlugin
2024-10-04 14:19:20,088 [INFO] CADModel:165 - CPN selected for project levelSTM32G474RET3
2024-10-04 14:19:20,088 [INFO] CADModel:114 - Register for checkConnection events
2024-10-04 14:19:20,129 [INFO] OpenFileManager:343 - Restore cursor
2024-10-04 14:35:59,711 [ERROR] LogOutputStream:75 - [STDERR_REDIRECT] 
2024-10-04 14:35:59,712 [ERROR] LogOutputStream:75 - [STDERR_REDIRECT] 
