2024-07-23 09:59:50,006 [INFO] Activator:176 - 


2024-07-23 09:59:50,013 [INFO] Activator:177 - !SESSION log4j initialized
2024-07-23 09:59:58,868 [INFO] LogOutputStream:77 - [STDOUT_REDIRECT] 
2024-07-23 10:00:02,504 [INFO] ApplicationProperties:184 - Using Application install path: C:\ST\STM32CubeIDE_1.15.1\STM32CubeIDE\plugins\com.st.stm32cube.common.mx_6.11.1.202404110753
2024-07-23 10:00:02,530 [INFO] DbMcusXml:78 - Set database path to: C:\ST\STM32CubeIDE_1.15.1\STM32CubeIDE\plugins\com.st.stm32cube.common.mx_6.11.1.202404110753\\db\/mcu/
2024-07-23 10:00:02,531 [INFO] ApiDb:274 - Set plugin database path to: C:\ST\STM32CubeIDE_1.15.1\STM32CubeIDE\plugins\com.st.stm32cube.common.mx_6.11.1.202404110753\\db\/plugins/boardmanager/
2024-07-23 10:00:02,531 [WARN] ApiDb:259 - Overriding images path with different value:  => C:\ST\STM32CubeIDE_1.15.1\STM32CubeIDE\plugins\com.st.stm32cube.common.mx_6.11.1.202404110753\\db\/plugins/mcufinder/images/
2024-07-23 10:00:02,545 [INFO] ApiDb:250 - Set database path to: C:\Users\Matheus Markies\.stmcufinder\plugins\mcufinder//mcu/
2024-07-23 10:00:02,546 [INFO] DbMcusAds:125 - Set database path to: C:\Users\Matheus Markies\.stmcufinder\plugins\mcufinder//mcu/
2024-07-23 10:00:02,548 [INFO] CrossReferenceDbSqlite:203 - Set database path to: C:\Users\Matheus Markies\.stmcufinder\plugins\mcufinder//mcu/cs/
2024-07-23 10:00:02,722 [INFO] RulesReader:64 - Compatibility file has been processed (297 Rules)
2024-07-23 10:00:02,865 [INFO] DbMcusXml:78 - Set database path to: C:\ST\STM32CubeIDE_1.15.1\STM32CubeIDE\plugins\com.st.stm32cube.common.mx_6.11.1.202404110753\\db\/mcu/
2024-07-23 10:00:02,865 [INFO] ApiDb:274 - Set plugin database path to: C:\ST\STM32CubeIDE_1.15.1\STM32CubeIDE\plugins\com.st.stm32cube.common.mx_6.11.1.202404110753\\db\/plugins/boardmanager/
2024-07-23 10:00:02,865 [INFO] ApiDb:261 - Set plugin images path to: C:\ST\STM32CubeIDE_1.15.1\STM32CubeIDE\plugins\com.st.stm32cube.common.mx_6.11.1.202404110753\\db\/plugins/mcufinder/images/
2024-07-23 10:00:02,865 [WARN] DbFile:41 - Overriding database path with different value: C:\Users\Matheus Markies\.stmcufinder\plugins\mcufinder/ => C:\Users\Matheus Markies\.stmcufinder\plugins\mcufinder
2024-07-23 10:00:02,866 [INFO] ApiDb:250 - Set database path to: C:\Users\Matheus Markies\.stmcufinder\plugins\mcufinder//mcu/
2024-07-23 10:00:02,866 [WARN] DbFile:41 - Overriding database path with different value: C:\Users\Matheus Markies\.stmcufinder\plugins\mcufinder/ => C:\Users\Matheus Markies\.stmcufinder\plugins\mcufinder
2024-07-23 10:00:02,866 [INFO] DbMcusAds:125 - Set database path to: C:\Users\Matheus Markies\.stmcufinder\plugins\mcufinder//mcu/
2024-07-23 10:00:02,866 [WARN] DbFile:41 - Overriding database path with different value: C:\Users\Matheus Markies\.stmcufinder\plugins\mcufinder/ => C:\Users\Matheus Markies\.stmcufinder\plugins\mcufinder
2024-07-23 10:00:02,866 [WARN] DbFile:41 - Overriding database path with different value: C:\Users\Matheus Markies\.stmcufinder\plugins\mcufinder/ => C:\Users\Matheus Markies\.stmcufinder\plugins\mcufinder
2024-07-23 10:00:02,866 [INFO] CrossReferenceDbSqlite:203 - Set database path to: C:\Users\Matheus Markies\.stmcufinder\plugins\mcufinder//mcu/cs/
2024-07-23 10:00:02,983 [INFO] MainPanel:264 - HeapMemory: 268435456
2024-07-23 10:00:03,143 [INFO] DbMcusXml:78 - Set database path to: C:\ST\STM32CubeIDE_1.15.1\STM32CubeIDE\plugins\com.st.stm32cube.common.mx_6.11.1.202404110753\\db\/mcu/
2024-07-23 10:00:03,143 [INFO] ApiDb:274 - Set plugin database path to: C:\ST\STM32CubeIDE_1.15.1\STM32CubeIDE\plugins\com.st.stm32cube.common.mx_6.11.1.202404110753\\db\/plugins/boardmanager/
2024-07-23 10:00:03,143 [INFO] ApiDb:261 - Set plugin images path to: C:\ST\STM32CubeIDE_1.15.1\STM32CubeIDE\plugins\com.st.stm32cube.common.mx_6.11.1.202404110753\\db\/plugins/mcufinder/images/
2024-07-23 10:00:03,144 [WARN] DbFile:41 - Overriding database path with different value: C:\Users\Matheus Markies\.stmcufinder\plugins\mcufinder/ => C:\Users\Matheus Markies\.stmcufinder\plugins\mcufinder
2024-07-23 10:00:03,144 [INFO] ApiDb:250 - Set database path to: C:\Users\Matheus Markies\.stmcufinder\plugins\mcufinder//mcu/
2024-07-23 10:00:03,144 [WARN] DbFile:41 - Overriding database path with different value: C:\Users\Matheus Markies\.stmcufinder\plugins\mcufinder/ => C:\Users\Matheus Markies\.stmcufinder\plugins\mcufinder
2024-07-23 10:00:03,144 [INFO] DbMcusAds:125 - Set database path to: C:\Users\Matheus Markies\.stmcufinder\plugins\mcufinder//mcu/
2024-07-23 10:00:03,145 [WARN] DbFile:41 - Overriding database path with different value: C:\Users\Matheus Markies\.stmcufinder\plugins\mcufinder/ => C:\Users\Matheus Markies\.stmcufinder\plugins\mcufinder
2024-07-23 10:00:03,145 [WARN] DbFile:41 - Overriding database path with different value: C:\Users\Matheus Markies\.stmcufinder\plugins\mcufinder/ => C:\Users\Matheus Markies\.stmcufinder\plugins\mcufinder
2024-07-23 10:00:03,145 [INFO] CrossReferenceDbSqlite:203 - Set database path to: C:\Users\Matheus Markies\.stmcufinder\plugins\mcufinder//mcu/cs/
2024-07-23 10:00:03,179 [INFO] ApplicationProperties:184 - Using Application install path: C:\ST\STM32CubeIDE_1.15.1\STM32CubeIDE\plugins\com.st.stm32cube.common.mx_6.11.1.202404110753
2024-07-23 10:00:03,182 [INFO] PluginManage:196 - Search for loadable plugins [exclusion list=, ]
2024-07-23 10:00:03,184 [INFO] PluginManage:310 - Check plugin analytics
2024-07-23 10:00:03,432 [INFO] AnalyticsPlugin:253 - Accepted Software Licenses: 
2024-07-23 10:00:03,432 [INFO] AnalyticsPlugin:255 - Accepted CMSIS Pack Licenses: 
2024-07-23 10:00:03,433 [INFO] AnalyticsPlugin:257 - Accepted Firmware Licenses: FW.F4.1.28.0
2024-07-23 10:00:03,435 [INFO] PluginManage:359 - Loaded plugin analytics (category:tool,tabindex:-1)
2024-07-23 10:00:03,435 [INFO] PluginManage:310 - Check plugin cadmodel
2024-07-23 10:00:03,461 [INFO] CADModel:105 - Init CAD model plugin
2024-07-23 10:00:03,461 [INFO] PluginManage:359 - Loaded plugin cadmodel (category:power,tabindex:5)
2024-07-23 10:00:03,461 [INFO] PluginManage:310 - Check plugin clock
2024-07-23 10:00:03,503 [INFO] PluginManage:359 - Loaded plugin clock (category:base,tabindex:2)
2024-07-23 10:00:03,503 [INFO] PluginManage:310 - Check plugin ddr
2024-07-23 10:00:03,506 [INFO] PluginManage:359 - Loaded plugin ddr (category:tool,tabindex:6)
2024-07-23 10:00:03,506 [INFO] PluginManage:310 - Check plugin filemanager
2024-07-23 10:00:03,696 [INFO] PluginManage:359 - Loaded plugin filemanager (category:base,tabindex:10)
2024-07-23 10:00:03,696 [INFO] PluginManage:310 - Check plugin ipmanager
2024-07-23 10:00:03,706 [INFO] PluginManage:359 - Loaded plugin ipmanager (category:base,tabindex:5)
2024-07-23 10:00:03,706 [INFO] PluginManage:310 - Check plugin lpbam
2024-07-23 10:00:03,735 [INFO] PluginManage:359 - Loaded plugin lpbam (category:base,tabindex:0)
2024-07-23 10:00:03,735 [INFO] PluginManage:310 - Check plugin memorymap
2024-07-23 10:00:03,778 [INFO] PluginManage:359 - Loaded plugin memorymap (category:base,tabindex:4)
2024-07-23 10:00:03,778 [INFO] PluginManage:310 - Check plugin pinoutandconfiguration
2024-07-23 10:00:03,813 [INFO] PluginManage:359 - Loaded plugin pinoutandconfiguration (category:base,tabindex:1)
2024-07-23 10:00:03,814 [INFO] PluginManage:310 - Check plugin pinoutconfig
2024-07-23 10:00:03,954 [WARN] SupportedApi:132 - Cannot load RTOS API schema: s4s-elt-must-match.1: The content of 'definitions' must match (annotation?, (simpleType | complexType)?, (unique | key | keyref)*)). A problem was found starting at: attribute.
2024-07-23 10:00:04,145 [INFO] PluginManage:359 - Loaded plugin pinoutconfig (category:base,tabindex:0)
2024-07-23 10:00:04,145 [INFO] PluginManage:310 - Check plugin power
2024-07-23 10:00:04,188 [INFO] PluginManage:359 - Loaded plugin power (category:power,tabindex:4)
2024-07-23 10:00:04,188 [INFO] PluginManage:310 - Check plugin projectmanager
2024-07-23 10:00:04,209 [INFO] PluginManage:359 - Loaded plugin projectmanager (category:projectmanager,tabindex:3)
2024-07-23 10:00:04,210 [INFO] PluginManage:310 - Check plugin thirdparty
2024-07-23 10:00:04,604 [INFO] PluginManage:359 - Loaded plugin thirdparty (category:base,tabindex:-1)
2024-07-23 10:00:04,605 [INFO] PluginManage:310 - Check plugin tools
2024-07-23 10:00:04,604 [WARN] IntegrityCheckThread:84 - waiting for thirdparty lock release [integrity check]
2024-07-23 10:00:04,605 [INFO] IntegrityCheckThread:86 - entering critical section [integrity check]
2024-07-23 10:00:04,606 [INFO] ThirdPartyUpdaterWithRetryManager:70 - Updater plugin not ready yet. [1/15]
2024-07-23 10:00:04,651 [INFO] PluginManage:359 - Loaded plugin tools (category:base,tabindex:7)
2024-07-23 10:00:04,652 [INFO] PluginManage:310 - Check plugin tutovideos
2024-07-23 10:00:04,918 [INFO] PluginManage:359 - Loaded plugin tutovideos (category:base,tabindex:-1)
2024-07-23 10:00:04,919 [INFO] PluginManage:310 - Check plugin updater
2024-07-23 10:00:04,941 [INFO] PluginManage:359 - Loaded plugin updater (category:base,tabindex:12)
2024-07-23 10:00:04,941 [INFO] PluginManage:310 - Check plugin userauth
2024-07-23 10:00:04,949 [INFO] UserAuth:114 - Init User Auth plugin
2024-07-23 10:00:04,949 [INFO] PluginManage:359 - Loaded plugin userauth (category:base,tabindex:14)
2024-07-23 10:00:04,950 [INFO] PluginManage:283 - PluginManage : Loaded plugins [17]
2024-07-23 10:00:05,280 [INFO] PinOutPanel:1561 - setPackage(No Configuration,No Configuration)
2024-07-23 10:00:05,396 [INFO] CADModel:165 - CPN selected for project level
2024-07-23 10:00:05,396 [INFO] CADModel:114 - Register for checkConnection events
2024-07-23 10:00:05,431 [INFO] IPUIPlugin:80 - create IPUIPlugin
2024-07-23 10:00:05,431 [INFO] PluginManager:220 - loadIPPluginJar : add adc
2024-07-23 10:00:05,478 [INFO] IPUIPlugin:80 - create IPUIPlugin
2024-07-23 10:00:05,478 [INFO] PluginManager:220 - loadIPPluginJar : add aes
2024-07-23 10:00:05,535 [INFO] IPUIPlugin:80 - create IPUIPlugin
2024-07-23 10:00:05,535 [INFO] PluginManager:220 - loadIPPluginJar : add can
2024-07-23 10:00:05,566 [INFO] IPUIPlugin:80 - create IPUIPlugin
2024-07-23 10:00:05,566 [INFO] PluginManager:220 - loadIPPluginJar : add comp
2024-07-23 10:00:05,616 [INFO] IPUIPlugin:80 - create IPUIPlugin
2024-07-23 10:00:05,616 [INFO] PluginManager:220 - loadIPPluginJar : add cryp
2024-07-23 10:00:05,656 [INFO] IPUIPlugin:80 - create IPUIPlugin
2024-07-23 10:00:05,657 [INFO] PluginManager:220 - loadIPPluginJar : add dfsdm
2024-07-23 10:00:05,675 [INFO] IPUIPlugin:80 - create IPUIPlugin
2024-07-23 10:00:05,676 [INFO] PluginManager:220 - loadIPPluginJar : add dma
2024-07-23 10:00:05,735 [INFO] IPUIPlugin:80 - create IPUIPlugin
2024-07-23 10:00:05,735 [INFO] PluginManager:220 - loadIPPluginJar : add dma3
2024-07-23 10:00:05,797 [INFO] IPUIPlugin:80 - create IPUIPlugin
2024-07-23 10:00:05,797 [INFO] PluginManager:220 - loadIPPluginJar : add extmemmanager
2024-07-23 10:00:05,825 [INFO] IPUIPlugin:80 - create IPUIPlugin
2024-07-23 10:00:05,825 [INFO] PluginManager:220 - loadIPPluginJar : add fatfs
2024-07-23 10:00:05,887 [INFO] IPUIPlugin:80 - create IPUIPlugin
2024-07-23 10:00:05,887 [INFO] PluginManager:220 - loadIPPluginJar : add fmc
2024-07-23 10:00:05,907 [INFO] IPUIPlugin:80 - create IPUIPlugin
2024-07-23 10:00:05,908 [INFO] PluginManager:220 - loadIPPluginJar : add freertos
2024-07-23 10:00:05,935 [INFO] IPUIPlugin:80 - create IPUIPlugin
2024-07-23 10:00:05,935 [INFO] PluginManager:220 - loadIPPluginJar : add genericplugin
2024-07-23 10:00:06,065 [INFO] IPUIPlugin:80 - create IPUIPlugin
2024-07-23 10:00:06,066 [INFO] PluginManager:220 - loadIPPluginJar : add gfxmmu
2024-07-23 10:00:06,247 [INFO] IPUIPlugin:80 - create IPUIPlugin
2024-07-23 10:00:06,247 [INFO] PluginManager:220 - loadIPPluginJar : add gic
2024-07-23 10:00:06,265 [INFO] IPUIPlugin:80 - create IPUIPlugin
2024-07-23 10:00:06,265 [INFO] PluginManager:220 - loadIPPluginJar : add gpio
2024-07-23 10:00:06,385 [INFO] IPUIPlugin:80 - create IPUIPlugin
2024-07-23 10:00:06,385 [INFO] PluginManager:220 - loadIPPluginJar : add gtzc
2024-07-23 10:00:06,429 [INFO] IPUIPlugin:80 - create IPUIPlugin
2024-07-23 10:00:06,429 [INFO] PluginManager:220 - loadIPPluginJar : add hash
2024-07-23 10:00:06,500 [INFO] IPUIPlugin:80 - create IPUIPlugin
2024-07-23 10:00:06,500 [INFO] PluginManager:220 - loadIPPluginJar : add i2c
2024-07-23 10:00:06,551 [INFO] IPUIPlugin:80 - create IPUIPlugin
2024-07-23 10:00:06,552 [INFO] PluginManager:220 - loadIPPluginJar : add i2s
2024-07-23 10:00:06,605 [INFO] IPUIPlugin:80 - create IPUIPlugin
2024-07-23 10:00:06,606 [INFO] PluginManager:220 - loadIPPluginJar : add i3c
2024-07-23 10:00:06,741 [INFO] IPUIPlugin:80 - create IPUIPlugin
2024-07-23 10:00:06,741 [INFO] PluginManager:220 - loadIPPluginJar : add ipddr
2024-07-23 10:00:06,867 [INFO] IPUIPlugin:80 - create IPUIPlugin
2024-07-23 10:00:06,867 [INFO] PluginManager:220 - loadIPPluginJar : add linkedlist
2024-07-23 10:00:06,917 [INFO] IPUIPlugin:80 - create IPUIPlugin
2024-07-23 10:00:06,917 [INFO] PluginManager:220 - loadIPPluginJar : add lorawan
2024-07-23 10:00:06,967 [INFO] IPUIPlugin:80 - create IPUIPlugin
2024-07-23 10:00:06,967 [INFO] PluginManager:220 - loadIPPluginJar : add ltdc
2024-07-23 10:00:06,985 [INFO] IPUIPlugin:80 - create IPUIPlugin
2024-07-23 10:00:06,985 [INFO] PluginManager:220 - loadIPPluginJar : add mdma
2024-07-23 10:00:07,003 [INFO] IPUIPlugin:80 - create IPUIPlugin
2024-07-23 10:00:07,003 [INFO] PluginManager:220 - loadIPPluginJar : add nvic
2024-07-23 10:00:07,050 [INFO] IPUIPlugin:80 - create IPUIPlugin
2024-07-23 10:00:07,051 [INFO] PluginManager:220 - loadIPPluginJar : add opamp
2024-07-23 10:00:07,137 [INFO] IPUIPlugin:80 - create IPUIPlugin
2024-07-23 10:00:07,137 [INFO] PluginManager:220 - loadIPPluginJar : add openamp
2024-07-23 10:00:07,199 [INFO] IPUIPlugin:80 - create IPUIPlugin
2024-07-23 10:00:07,199 [INFO] PluginManager:220 - loadIPPluginJar : add pdm2pcm
2024-07-23 10:00:07,218 [INFO] IPUIPlugin:80 - create IPUIPlugin
2024-07-23 10:00:07,221 [INFO] PluginManager:220 - loadIPPluginJar : add plateformsettings
2024-07-23 10:00:07,254 [INFO] IPUIPlugin:80 - create IPUIPlugin
2024-07-23 10:00:07,254 [INFO] PluginManager:220 - loadIPPluginJar : add quadspi
2024-07-23 10:00:07,273 [INFO] IPUIPlugin:80 - create IPUIPlugin
2024-07-23 10:00:07,273 [INFO] PluginManager:220 - loadIPPluginJar : add resmgrutility
2024-07-23 10:00:07,336 [INFO] IPUIPlugin:80 - create IPUIPlugin
2024-07-23 10:00:07,336 [INFO] PluginManager:220 - loadIPPluginJar : add sai
2024-07-23 10:00:07,385 [INFO] IPUIPlugin:80 - create IPUIPlugin
2024-07-23 10:00:07,386 [INFO] PluginManager:220 - loadIPPluginJar : add spi
2024-07-23 10:00:07,475 [INFO] IPUIPlugin:80 - create IPUIPlugin
2024-07-23 10:00:07,476 [INFO] PluginManager:220 - loadIPPluginJar : add stm32_wpan
2024-07-23 10:00:07,506 [INFO] IPUIPlugin:80 - create IPUIPlugin
2024-07-23 10:00:07,506 [INFO] PluginManager:220 - loadIPPluginJar : add tim
2024-07-23 10:00:07,588 [INFO] IPUIPlugin:80 - create IPUIPlugin
2024-07-23 10:00:07,588 [INFO] PluginManager:220 - loadIPPluginJar : add touchsensing
2024-07-23 10:00:07,610 [INFO] ThirdPartyUpdaterWithRetryManager:70 - Updater plugin not ready yet. [2/15]
2024-07-23 10:00:07,620 [INFO] IPUIPlugin:80 - create IPUIPlugin
2024-07-23 10:00:07,620 [INFO] PluginManager:220 - loadIPPluginJar : add tracer_emb
2024-07-23 10:00:07,651 [INFO] IPUIPlugin:80 - create IPUIPlugin
2024-07-23 10:00:07,651 [INFO] PluginManager:220 - loadIPPluginJar : add ts
2024-07-23 10:00:07,682 [INFO] IPUIPlugin:80 - create IPUIPlugin
2024-07-23 10:00:07,682 [INFO] PluginManager:220 - loadIPPluginJar : add tsc
2024-07-23 10:00:07,714 [INFO] IPUIPlugin:80 - create IPUIPlugin
2024-07-23 10:00:07,714 [INFO] PluginManager:220 - loadIPPluginJar : add ucpd
2024-07-23 10:00:07,770 [INFO] IPUIPlugin:80 - create IPUIPlugin
2024-07-23 10:00:07,770 [INFO] PluginManager:220 - loadIPPluginJar : add usart
2024-07-23 10:00:07,827 [INFO] IPUIPlugin:80 - create IPUIPlugin
2024-07-23 10:00:07,827 [INFO] PluginManager:220 - loadIPPluginJar : add usbx
2024-07-23 10:00:07,975 [INFO] CADModel:165 - CPN selected for project level
2024-07-23 10:00:07,976 [INFO] CADModel:114 - Register for checkConnection events
2024-07-23 10:00:07,976 [FATAL] Updater:308 - Updater called before beeing initialized
2024-07-23 10:00:07,976 [ERROR] CADModel:125 - Updater not yet initialized, retry later 
2024-07-23 10:00:08,203 [INFO] CADModel:165 - CPN selected for project level
2024-07-23 10:00:08,203 [INFO] CADModel:114 - Register for checkConnection events
2024-07-23 10:00:08,203 [FATAL] Updater:308 - Updater called before beeing initialized
2024-07-23 10:00:08,203 [ERROR] CADModel:125 - Updater not yet initialized, retry later 
2024-07-23 10:00:08,207 [FATAL] Updater:308 - Updater called before beeing initialized
2024-07-23 10:00:08,349 [FATAL] Updater:308 - Updater called before beeing initialized
2024-07-23 10:00:08,363 [INFO] DbMcusAds:53 - JSON generation date=Thu May 16 06:22:01 BRT 2024 (1715851321109)
2024-07-23 10:00:08,364 [FATAL] Updater:308 - Updater called before beeing initialized
2024-07-23 10:00:08,473 [WARN] DetailPanel:346 - Failed to get advertising image, set to default
2024-07-23 10:00:08,584 [FATAL] Updater:308 - Updater called before beeing initialized
2024-07-23 10:00:08,587 [FATAL] Updater:308 - Updater called before beeing initialized
2024-07-23 10:00:08,587 [FATAL] Updater:308 - Updater called before beeing initialized
2024-07-23 10:00:08,587 [WARN] DetailPanel:346 - Failed to get advertising image, set to default
2024-07-23 10:00:08,588 [FATAL] Updater:308 - Updater called before beeing initialized
2024-07-23 10:00:08,671 [ERROR] Updater:1120 - MainUpdater not yet initialized. External WinMGr cannot be set.
2024-07-23 10:00:08,684 [INFO] Updater:1056 - Updater Version found : 6.11.1
2024-07-23 10:00:08,722 [INFO] ApplicationProperties:184 - Using Application install path: C:\ST\STM32CubeIDE_1.15.1\STM32CubeIDE\plugins\com.st.stm32cube.common.mx_6.11.1.202404110753
2024-07-23 10:00:10,310 [ERROR] LogOutputStream:75 - [STDERR_REDIRECT] Jul 23, 2024 10:00:10 AM java.util.prefs.WindowsPreferences <init>
2024-07-23 10:00:10,313 [ERROR] LogOutputStream:75 - [STDERR_REDIRECT] WARNING: Could not open/create prefs root node Software\JavaSoft\Prefs at root 0xffffffff80000002. Windows RegCreateKeyEx(...) returned error code 5.
2024-07-23 10:00:10,313 [ERROR] LogOutputStream:75 - [STDERR_REDIRECT] 
2024-07-23 10:00:10,612 [INFO] ThirdPartyUpdaterWithRetryManager:70 - Updater plugin not ready yet. [3/15]
2024-07-23 10:00:10,725 [INFO] MainUpdater:2873 - connection check result : 10
2024-07-23 10:00:10,725 [INFO] MainUpdater:3567 - Updater definition file requires update
2024-07-23 10:00:10,727 [INFO] MainUpdater:290 - Updater Check For Update Now.
2024-07-23 10:00:10,727 [INFO] MicroXplorer:498 - Change Database Version : DB.6.0.111
2024-07-23 10:00:10,750 [INFO] McuFinderGlobals:63 - Set McuFinder mode to 2 (CubeIDE integrated)
2024-07-23 10:00:10,764 [INFO] UserAuth:415 - Internet connection configuration mode: 1
2024-07-23 10:00:10,787 [INFO] ServerAccessManage:473 - Download File updaters.zip
2024-07-23 10:00:10,822 [INFO] JxBrowserEngine:152 - Initiate JxBrowser Engine with user profile folder
2024-07-23 10:00:10,880 [INFO] FileExtend:240 - Unzip File : updaters.zip
2024-07-23 10:00:10,880 [INFO] FileExtend:255 - Standard Zip Deflate
2024-07-23 10:00:11,418 [INFO] ServerAccessManage:473 - Download File PacksControlFlags.xml
2024-07-23 10:00:11,545 [INFO] ServerAccessManage:473 - Download File cubemx.pidx
2024-07-23 10:00:11,954 [INFO] ServerAccessManage:473 - Download File STMicroelectronics.FP-SNS-STBOX1.pdsc
2024-07-23 10:00:13,620 [WARN] MainUpdater:1194 - Updater busy. Cannot search thirdparties
2024-07-23 10:00:13,621 [INFO] ThirdPartyUpdaterWithRetryManager:96 - Updater plugin is busy. [1/15]
2024-07-23 10:00:15,408 [WARN] PackLoader:240 - Cannot read IP mode file for STMicroelectronics.FP-SNS-STBOX1.2.0.0
2024-07-23 10:00:15,418 [INFO] PopulateThirdPartyThread:66 - Ending populate Thread
2024-07-23 10:00:15,420 [INFO] ThirdParty:1030 - CMSIS Pack Vendor :STMicroelectronics FP-SNS-STBOX1 2.0.0
2024-07-23 10:00:15,420 [INFO] LoadServerUpdatesThread:375 - End of LoadServerUpdate Thread
2024-07-23 10:00:15,570 [INFO] CheckServerUpdateThread:120 - End of CheckServer Thread
2024-07-23 10:00:16,908 [WARN] PackLoader:240 - Cannot read IP mode file for STMicroelectronics.FP-SNS-MOTENVWB1.1.4.0
2024-07-23 10:00:16,929 [WARN] PackLoader:240 - Cannot read IP mode file for STMicroelectronics.X-CUBE-SMBUS.2.1.0
2024-07-23 10:00:16,944 [WARN] PackLoader:240 - Cannot read IP mode file for STMicroelectronics.X-CUBE-TOUCHGFX.4.23.2
2024-07-23 10:00:17,005 [WARN] PackLoader:240 - Cannot read IP mode file for STMicroelectronics.X-CUBE-AZRTOS-F7.1.1.0
2024-07-23 10:00:17,037 [WARN] PackLoader:240 - Cannot read IP mode file for STMicroelectronics.FP-SNS-FLIGHT1.5.0.2
2024-07-23 10:00:17,134 [WARN] PackLoader:240 - Cannot read IP mode file for STMicroelectronics.X-CUBE-DISPLAY.3.0.0
2024-07-23 10:00:17,156 [WARN] PackLoader:240 - Cannot read IP mode file for STMicroelectronics.X-CUBE-BLE1.7.0.0
2024-07-23 10:00:17,172 [WARN] PackLoader:240 - Cannot read IP mode file for emotas.I-CUBE-CANOPEN.1.3.0
2024-07-23 10:00:17,195 [WARN] PackLoader:240 - Cannot read IP mode file for STMicroelectronics.X-CUBE-BLEMGR.3.1.0
2024-07-23 10:00:17,215 [WARN] PackLoader:240 - Cannot read IP mode file for STMicroelectronics.FP-SNS-SMARTAG2.1.2.0
2024-07-23 10:00:17,238 [INFO] LogOutputStream:77 - [STDOUT_REDIRECT] 1 : Invalid condition id : UX_CORESTACK_Condition cause : null
2024-07-23 10:00:17,239 [INFO] LogOutputStream:77 - [STDOUT_REDIRECT] 1 : Invalid condition id : UX_CORESTACK_Condition cause : null
2024-07-23 10:00:17,240 [INFO] LogOutputStream:77 - [STDOUT_REDIRECT] 1 : Invalid condition id : UX_CORESTACK_Condition cause : null
2024-07-23 10:00:17,242 [INFO] LogOutputStream:77 - [STDOUT_REDIRECT] 1 : Invalid condition id : UX_CORESTACK_Condition cause : null
2024-07-23 10:00:17,243 [INFO] LogOutputStream:77 - [STDOUT_REDIRECT] 1 : Invalid condition id : UX_CORESTACK_Condition cause : null
2024-07-23 10:00:17,247 [WARN] PackLoader:240 - Cannot read IP mode file for STMicroelectronics.X-CUBE-AZRTOS-WL.2.0.0
2024-07-23 10:00:17,266 [WARN] PackLoader:240 - Cannot read IP mode file for STMicroelectronics.FP-SNS-MOTENV1.5.0.0
2024-07-23 10:00:17,286 [WARN] PackLoader:240 - Cannot read IP mode file for wolfSSL.I-CUBE-wolfMQTT.1.19.0
2024-07-23 10:00:17,305 [WARN] PackLoader:240 - Cannot read IP mode file for WES.I-CUBE-Cesium.1.3.0
2024-07-23 10:00:17,323 [WARN] PackLoader:240 - Cannot read IP mode file for STMicroelectronics.X-CUBE-BLE2.3.3.0
2024-07-23 10:00:17,340 [WARN] PackLoader:240 - Cannot read IP mode file for STMicroelectronics.X-CUBE-TCPP.4.1.0
2024-07-23 10:00:17,383 [WARN] PackLoader:240 - Cannot read IP mode file for STMicroelectronics.X-CUBE-AZRTOS-G0.1.1.0
2024-07-23 10:00:17,407 [WARN] PackLoader:240 - Cannot read IP mode file for STMicroelectronics.X-CUBE-SAFEA1.1.2.2
2024-07-23 10:00:17,426 [WARN] PackLoader:240 - Cannot read IP mode file for STMicroelectronics.X-CUBE-NFC4.3.0.0
2024-07-23 10:00:17,442 [WARN] PackLoader:240 - Cannot read IP mode file for wolfSSL.I-CUBE-wolfMQTT.1.18.0
2024-07-23 10:00:17,519 [WARN] PackLoader:240 - Cannot read IP mode file for EmbeddedOffice.I-CUBE-FS-RTOS.1.0.1
2024-07-23 10:00:17,520 [ERROR] ConditionMgr:805 - Attr not supported : Dmpu
2024-07-23 10:00:17,520 [ERROR] ConditionMgr:805 - Attr not supported : Dmpu
2024-07-23 10:00:17,520 [ERROR] ConditionMgr:805 - Attr not supported : Dmpu
2024-07-23 10:00:17,520 [ERROR] ConditionMgr:805 - Attr not supported : Dmpu
2024-07-23 10:00:17,529 [ERROR] ConditionMgr:805 - Attr not supported : Dmpu
2024-07-23 10:00:17,539 [ERROR] ConditionMgr:805 - Attr not supported : Dmpu
2024-07-23 10:00:17,547 [ERROR] ConditionMgr:805 - Attr not supported : Dmpu
2024-07-23 10:00:17,547 [ERROR] ConditionMgr:805 - Attr not supported : Dmpu
2024-07-23 10:00:17,547 [ERROR] ConditionMgr:805 - Attr not supported : Dmpu
2024-07-23 10:00:17,547 [ERROR] ConditionMgr:805 - Attr not supported : Dmpu
2024-07-23 10:00:17,547 [ERROR] ConditionMgr:805 - Attr not supported : Dmpu
2024-07-23 10:00:17,548 [ERROR] ConditionMgr:805 - Attr not supported : Dmpu
2024-07-23 10:00:17,548 [ERROR] ConditionMgr:805 - Attr not supported : Dmpu
2024-07-23 10:00:17,548 [ERROR] ConditionMgr:805 - Attr not supported : Dmpu
2024-07-23 10:00:17,548 [ERROR] ConditionMgr:805 - Attr not supported : Dmpu
2024-07-23 10:00:17,548 [ERROR] ConditionMgr:805 - Attr not supported : Dmpu
2024-07-23 10:00:17,548 [ERROR] ConditionMgr:805 - Attr not supported : Dmpu
2024-07-23 10:00:17,548 [ERROR] ConditionMgr:805 - Attr not supported : Dmpu
2024-07-23 10:00:17,548 [ERROR] ConditionMgr:805 - Attr not supported : Dmpu
2024-07-23 10:00:17,548 [ERROR] ConditionMgr:805 - Attr not supported : Dmpu
2024-07-23 10:00:17,548 [ERROR] ConditionMgr:805 - Attr not supported : Dmpu
2024-07-23 10:00:17,549 [ERROR] ConditionMgr:805 - Attr not supported : Dmpu
2024-07-23 10:00:17,549 [ERROR] ConditionMgr:805 - Attr not supported : Dmpu
2024-07-23 10:00:17,549 [ERROR] ConditionMgr:805 - Attr not supported : Dmpu
2024-07-23 10:00:17,549 [ERROR] ConditionMgr:805 - Attr not supported : Dmpu
2024-07-23 10:00:17,549 [ERROR] ConditionMgr:805 - Attr not supported : Dmpu
2024-07-23 10:00:17,549 [ERROR] ConditionMgr:805 - Attr not supported : Dmpu
2024-07-23 10:00:17,549 [ERROR] ConditionMgr:805 - Attr not supported : Dmpu
2024-07-23 10:00:17,549 [ERROR] ConditionMgr:805 - Attr not supported : Dmpu
2024-07-23 10:00:17,549 [ERROR] ConditionMgr:805 - Attr not supported : Dmpu
2024-07-23 10:00:17,549 [ERROR] ConditionMgr:805 - Attr not supported : Dmpu
2024-07-23 10:00:17,549 [ERROR] ConditionMgr:805 - Attr not supported : Dmpu
2024-07-23 10:00:17,549 [ERROR] ConditionMgr:805 - Attr not supported : Dmpu
2024-07-23 10:00:17,550 [ERROR] ConditionMgr:805 - Attr not supported : Dmpu
2024-07-23 10:00:17,550 [ERROR] ConditionMgr:805 - Attr not supported : Dmpu
2024-07-23 10:00:17,550 [ERROR] ConditionMgr:805 - Attr not supported : Dmpu
2024-07-23 10:00:17,550 [ERROR] ConditionMgr:805 - Attr not supported : Dmpu
2024-07-23 10:00:17,550 [ERROR] ConditionMgr:805 - Attr not supported : Dmpu
2024-07-23 10:00:17,550 [ERROR] ConditionMgr:805 - Attr not supported : Dmpu
2024-07-23 10:00:17,550 [ERROR] ConditionMgr:805 - Attr not supported : Dmpu
2024-07-23 10:00:17,550 [ERROR] ConditionMgr:805 - Attr not supported : Dmpu
2024-07-23 10:00:17,550 [ERROR] ConditionMgr:805 - Attr not supported : Dmpu
2024-07-23 10:00:17,550 [ERROR] ConditionMgr:805 - Attr not supported : Dmpu
2024-07-23 10:00:17,550 [ERROR] ConditionMgr:805 - Attr not supported : Dmpu
2024-07-23 10:00:17,550 [ERROR] ConditionMgr:805 - Attr not supported : Dmpu
2024-07-23 10:00:17,551 [ERROR] ConditionMgr:805 - Attr not supported : Dmpu
2024-07-23 10:00:17,551 [ERROR] ConditionMgr:805 - Attr not supported : Dmpu
2024-07-23 10:00:17,551 [ERROR] ConditionMgr:805 - Attr not supported : Dmpu
2024-07-23 10:00:17,551 [ERROR] ConditionMgr:805 - Attr not supported : Dmpu
2024-07-23 10:00:17,551 [ERROR] ConditionMgr:805 - Attr not supported : Dmpu
2024-07-23 10:00:17,551 [ERROR] ConditionMgr:805 - Attr not supported : Dmpu
2024-07-23 10:00:17,551 [ERROR] ConditionMgr:805 - Attr not supported : Dmpu
2024-07-23 10:00:17,551 [ERROR] ConditionMgr:805 - Attr not supported : Dmpu
2024-07-23 10:00:17,551 [ERROR] ConditionMgr:805 - Attr not supported : Dmpu
2024-07-23 10:00:17,551 [ERROR] ConditionMgr:805 - Attr not supported : Dmpu
2024-07-23 10:00:17,551 [ERROR] ConditionMgr:805 - Attr not supported : Dmpu
2024-07-23 10:00:17,552 [ERROR] ConditionMgr:805 - Attr not supported : Dmpu
2024-07-23 10:00:17,552 [ERROR] ConditionMgr:805 - Attr not supported : Dmpu
2024-07-23 10:00:17,552 [ERROR] ConditionMgr:805 - Attr not supported : Dmpu
2024-07-23 10:00:17,552 [ERROR] ConditionMgr:805 - Attr not supported : Dmpu
2024-07-23 10:00:17,552 [ERROR] ConditionMgr:805 - Attr not supported : Dmpu
2024-07-23 10:00:17,552 [ERROR] ConditionMgr:805 - Attr not supported : Dmpu
2024-07-23 10:00:17,552 [ERROR] ConditionMgr:805 - Attr not supported : Dmpu
2024-07-23 10:00:17,552 [ERROR] ConditionMgr:805 - Attr not supported : Dmpu
2024-07-23 10:00:17,568 [WARN] PackLoader:240 - Cannot read IP mode file for RealThread.X-CUBE-RT-Thread_Nano.4.1.1
2024-07-23 10:00:17,585 [WARN] PackLoader:240 - Cannot read IP mode file for wolfSSL.I-CUBE-wolfSSL.5.7.0
2024-07-23 10:00:17,600 [WARN] PackLoader:240 - Cannot read IP mode file for STMicroelectronics.FP-ATR-SIGFOX1.3.2.0
2024-07-23 10:00:17,634 [WARN] PackLoader:240 - Cannot read IP mode file for STMicroelectronics.X-CUBE-EEPRMA1.5.1.0
2024-07-23 10:00:17,656 [WARN] PackLoader:240 - Cannot read IP mode file for ITTIA_DB.I-CUBE-ITTIADB.8.9.0
2024-07-23 10:00:17,713 [WARN] PackLoader:240 - Cannot read IP mode file for SEGGER.I-CUBE-embOS.1.3.1
2024-07-23 10:00:17,820 [WARN] PackLoader:240 - Cannot read IP mode file for STMicroelectronics.X-CUBE-ALGOBUILD.1.4.0
2024-07-23 10:00:17,843 [WARN] PackLoader:240 - Cannot read IP mode file for STMicroelectronics.X-CUBE-GNSS1.6.0.0
2024-07-23 10:00:17,885 [WARN] PackLoader:240 - Cannot read IP mode file for STMicroelectronics.X-CUBE-AZRTOS-F4.1.1.0
2024-07-23 10:00:17,909 [WARN] PackLoader:240 - Cannot read IP mode file for STMicroelectronics.X-CUBE-FREERTOS.1.2.0
2024-07-23 10:00:17,948 [WARN] PackLoader:240 - Cannot read IP mode file for STMicroelectronics.X-CUBE-AZRTOS-L5.2.0.0
2024-07-23 10:00:17,970 [WARN] PackLoader:240 - Cannot read IP mode file for STMicroelectronics.X-CUBE-NFC6.3.1.0
2024-07-23 10:00:17,989 [WARN] PackLoader:240 - Cannot read IP mode file for STMicroelectronics.X-CUBE-DPower.1.2.0
2024-07-23 10:00:18,006 [WARN] PackLoader:240 - Cannot read IP mode file for STMicroelectronics.X-CUBE-AI.9.0.0
2024-07-23 10:00:18,023 [WARN] PackLoader:240 - Cannot read IP mode file for STMicroelectronics.X-CUBE-NFC7.1.0.1
2024-07-23 10:00:18,062 [WARN] PackLoader:240 - Cannot read IP mode file for wolfSSL.I-CUBE-wolfTPM.3.2.0
2024-07-23 10:00:18,113 [WARN] ConditionMgr:438 - getConditionDescription Invalid condition id : LAN8742 Phy interface Condition cause : null
2024-07-23 10:00:18,114 [WARN] PackLoader:240 - Cannot read IP mode file for STMicroelectronics.X-CUBE-AZRTOS-L4.2.0.0
2024-07-23 10:00:18,115 [WARN] ConditionMgr:1039 - genDependencies : Invalid condition id : LAN8742 Phy interface Condition cause : null
2024-07-23 10:00:18,116 [WARN] ConditionMgr:1039 - genDependencies : Invalid condition id : LAN8742 Phy interface Condition cause : null
2024-07-23 10:00:18,116 [WARN] ConditionMgr:1039 - genDependencies : Invalid condition id : LAN8742 Phy interface Condition cause : null
2024-07-23 10:00:18,142 [WARN] PackLoader:240 - Cannot read IP mode file for STMicroelectronics.X-CUBE-SFXS2LP1.4.0.0
2024-07-23 10:00:18,174 [WARN] ConditionMgr:438 - getConditionDescription Invalid condition id : UX DEVICE CLASS RTOS Condition cause : null
2024-07-23 10:00:18,174 [WARN] ConditionMgr:438 - getConditionDescription Invalid condition id : UX DEVICE CLASS RTOS Condition cause : null
2024-07-23 10:00:18,176 [WARN] PackLoader:240 - Cannot read IP mode file for STMicroelectronics.X-CUBE-AZRTOS-WB.2.0.0
2024-07-23 10:00:18,177 [WARN] ConditionMgr:1039 - genDependencies : Invalid condition id : UX DEVICE CLASS RTOS Condition cause : null
2024-07-23 10:00:18,177 [WARN] ConditionMgr:1039 - genDependencies : Invalid condition id : UX DEVICE CLASS RTOS Condition cause : null
2024-07-23 10:00:18,178 [WARN] ConditionMgr:1039 - genDependencies : Invalid condition id : UX DEVICE CLASS RTOS Condition cause : null
2024-07-23 10:00:18,178 [WARN] ConditionMgr:1039 - genDependencies : Invalid condition id : UX DEVICE CLASS RTOS Condition cause : null
2024-07-23 10:00:18,178 [WARN] ConditionMgr:1039 - genDependencies : Invalid condition id : UX DEVICE CLASS RTOS Condition cause : null
2024-07-23 10:00:18,185 [WARN] PackLoader:240 - Cannot read IP mode file for STMicroelectronics.FP-SNS-STBOX1.2.0.0
2024-07-23 10:00:18,219 [WARN] PackLoader:240 - Cannot read IP mode file for STMicroelectronics.X-CUBE-SUBG2.5.0.0
2024-07-23 10:00:18,263 [WARN] PackLoader:240 - Cannot read IP mode file for STMicroelectronics.X-CUBE-AZRTOS-G4.2.0.0
2024-07-23 10:00:18,297 [WARN] PackLoader:240 - Cannot read IP mode file for STMicroelectronics.X-CUBE-ISPU.2.0.0
2024-07-23 10:00:18,316 [WARN] PackLoader:240 - Cannot read IP mode file for STMicroelectronics.X-CUBE-ALS.1.0.2
2024-07-23 10:00:18,378 [WARN] PackLoader:240 - Cannot read IP mode file for STMicroelectronics.X-CUBE-MEMS1.10.0.0
2024-07-23 10:00:18,495 [WARN] PackLoader:240 - Cannot read IP mode file for STMicroelectronics.X-CUBE-TOUCHGFX.4.24.0
2024-07-23 10:00:18,513 [WARN] PackLoader:240 - Cannot read IP mode file for portGmbH.I-Cube-SoM-uGOAL.1.1.0
2024-07-23 10:00:18,529 [WARN] PackLoader:240 - Cannot read IP mode file for STMicroelectronics.X-CUBE-ALS.1.0.1
2024-07-23 10:00:18,591 [WARN] PackLoader:240 - Cannot read IP mode file for STMicroelectronics.X-CUBE-AZRTOS-H7RS.1.0.0
2024-07-23 10:00:18,610 [WARN] PackLoader:240 - Cannot read IP mode file for STMicroelectronics.FP-ATR-ASTRA1.2.0.0
2024-07-23 10:00:18,635 [WARN] PackLoader:240 - Cannot read IP mode file for STMicroelectronics.X-CUBE-TOF1.3.4.1
2024-07-23 10:00:18,685 [WARN] PackLoader:240 - Cannot read IP mode file for STMicroelectronics.X-CUBE-AZRTOS-H7.3.2.0
2024-07-23 10:00:18,718 [WARN] PackLoader:240 - Cannot read IP mode file for Infineon.AIROC-Wi-Fi-Bluetooth-STM32.1.6.0
2024-07-23 10:00:18,730 [WARN] PackLoader:240 - Cannot read IP mode file for wolfSSL.I-CUBE-wolfSSH.1.4.17
2024-07-23 10:00:18,731 [INFO] ThirdParty:978 - Integrity check success = true
2024-07-23 10:00:18,731 [INFO] IntegrityCheckThread:100 - exiting critical section [integrity check]
2024-07-23 10:00:18,731 [INFO] IntegrityCheckThread:103 - End integrity checks thread
2024-07-23 10:00:21,595 [INFO] WebApp:161 - Instantiating new browser for Auth
2024-07-23 10:00:23,124 [INFO] WebApp:779 - Register for checkConnection events
2024-07-23 10:00:23,124 [INFO] WebApp:414 - Apply proxy settings
2024-07-23 10:00:23,124 [INFO] WebApp:499 - Chromium requires no authentication
2024-07-23 10:00:23,136 [INFO] WebApp:442 - Direct internet connection detected
2024-07-23 10:00:23,447 [INFO] WebApp:192 - Starting web application
2024-07-23 10:00:23,447 [INFO] WebApp:544 - Web application path used C:\ST\STM32CubeIDE_1.15.1\STM32CubeIDE\plugins\com.st.stm32cube.common.mx_6.11.1.202404110753\db\plugins\mcufinder\reactClient1\index.html
2024-07-23 10:50:42,629 [INFO] McuFinderGlobals:63 - Set McuFinder mode to 2 (CubeIDE integrated)
2024-07-23 10:50:42,663 [INFO] MainUpdater:2873 - connection check result : 10
2024-07-23 10:50:42,671 [INFO] MainUpdater:2873 - connection check result : 10
2024-07-23 10:50:42,902 [INFO] MicroXplorer:468 - Change Database Path : 
2024-07-23 10:50:42,902 [INFO] MicroXplorer:498 - Change Database Version : DB.6.0.111
2024-07-23 10:50:42,908 [WARN] ThirdParty:871 - waiting for thirdparty lock release [close project]
2024-07-23 10:50:42,908 [INFO] ThirdParty:873 - entering critical section [close project]
2024-07-23 10:50:42,910 [INFO] ThirdParty:883 - exiting critical section [close project]
2024-07-23 10:50:42,912 [INFO] PinOutPanel:1561 - setPackage(No Configuration,No Configuration)
2024-07-23 10:50:42,915 [INFO] UtilMem:75 - Begin LoadConfig() Used Memory: 738156944 Bytes (1073741824)
2024-07-23 10:50:42,916 [INFO] MicroXplorer:468 - Change Database Path : 
2024-07-23 10:50:42,916 [INFO] MicroXplorer:498 - Change Database Version : DB.6.0.111
2024-07-23 10:50:42,917 [INFO] OpenFileManager:312 - Change cursor
2024-07-23 10:50:42,984 [INFO] Mcu:2021 - Initializing MCU STM32L053C(6-8)Tx STM32L053C8Tx STM32L053C8T6
2024-07-23 10:50:44,522 [INFO] Context:663 - Trying to add GPIOservice into a context  which must be forbidden
2024-07-23 10:50:45,005 [INFO] RtosManager:555 - Registered RTOS mode: class=CMSIS, group=RTOS, mode=CMSIS_V1, owner=FREERTOS
2024-07-23 10:50:45,005 [INFO] RtosManager:555 - Registered RTOS mode: class=CMSIS, group=RTOS2, mode=CMSIS_V2, owner=FREERTOS
2024-07-23 10:50:45,005 [INFO] RtosManager:555 - Registered RTOS mode: class=RTOS, group=Core, mode=CMSIS_V1, owner=FREERTOS
2024-07-23 10:50:45,005 [INFO] RtosManager:555 - Registered RTOS mode: class=RTOS, group=Core, mode=CMSIS_V2, owner=FREERTOS
2024-07-23 10:50:45,005 [WARN] ModelIntegratedComponent:184 - Missing modes for component STMicroelectronics:FreeRTOS:0.0.1:STMicroelectronics:RTOS:FreeRTOS:Core:::10.2.0:
2024-07-23 10:50:45,020 [WARN] ModelIntegratedComponent:63 - No mode defined for component null
2024-07-23 10:50:45,020 [WARN] ModelIntegratedComponent:63 - No mode defined for component null
2024-07-23 10:50:45,020 [WARN] ModelIntegratedComponent:63 - No mode defined for component null
2024-07-23 10:50:45,020 [WARN] ModelIntegratedComponent:63 - No mode defined for component null
2024-07-23 10:50:45,021 [WARN] ModelIntegratedComponent:63 - No mode defined for component null
2024-07-23 10:50:45,021 [WARN] ModelIntegratedComponent:63 - No mode defined for component null
2024-07-23 10:50:45,021 [WARN] ModelIntegratedComponent:63 - No mode defined for component null
2024-07-23 10:50:45,021 [WARN] ModelIntegratedComponent:63 - No mode defined for component null
2024-07-23 10:50:45,021 [WARN] ModelIntegratedComponent:63 - No mode defined for component null
2024-07-23 10:50:45,021 [WARN] ModelIntegratedComponent:63 - No mode defined for component null
2024-07-23 10:50:45,021 [WARN] ModelIntegratedComponent:63 - No mode defined for component null
2024-07-23 10:50:45,021 [WARN] ModelIntegratedComponent:63 - No mode defined for component null
2024-07-23 10:50:45,021 [WARN] ModelIntegratedComponent:63 - No mode defined for component null
2024-07-23 10:50:45,021 [WARN] ModelIntegratedComponent:63 - No mode defined for component null
2024-07-23 10:50:45,021 [WARN] ModelIntegratedComponent:63 - No mode defined for component null
2024-07-23 10:50:45,021 [WARN] ModelIntegratedComponent:63 - No mode defined for component null
2024-07-23 10:50:45,022 [WARN] ModelIntegratedComponent:63 - No mode defined for component null
2024-07-23 10:50:45,022 [WARN] ModelIntegratedComponent:63 - No mode defined for component null
2024-07-23 10:50:45,022 [WARN] ModelIntegratedComponent:63 - No mode defined for component null
2024-07-23 10:50:45,022 [WARN] ModelIntegratedComponent:63 - No mode defined for component null
2024-07-23 10:50:45,022 [WARN] ModelIntegratedComponent:63 - No mode defined for component null
2024-07-23 10:50:45,022 [WARN] ModelIntegratedComponent:63 - No mode defined for component null
2024-07-23 10:50:45,022 [WARN] ModelIntegratedComponent:63 - No mode defined for component null
2024-07-23 10:50:45,022 [WARN] ModelIntegratedComponent:63 - No mode defined for component null
2024-07-23 10:50:45,022 [WARN] ModelIntegratedComponent:63 - No mode defined for component null
2024-07-23 10:50:45,022 [WARN] ModelIntegratedComponent:63 - No mode defined for component null
2024-07-23 10:50:45,022 [WARN] ModelIntegratedComponent:63 - No mode defined for component null
2024-07-23 10:50:45,022 [WARN] ModelIntegratedComponent:63 - No mode defined for component null
2024-07-23 10:50:45,022 [WARN] ModelIntegratedComponent:63 - No mode defined for component null
2024-07-23 10:50:45,022 [WARN] ModelIntegratedComponent:63 - No mode defined for component null
2024-07-23 10:50:45,022 [WARN] ModelIntegratedComponent:63 - No mode defined for component null
2024-07-23 10:50:45,023 [WARN] ModelIntegratedComponent:63 - No mode defined for component null
2024-07-23 10:50:45,023 [WARN] ModelIntegratedComponent:63 - No mode defined for component null
2024-07-23 10:50:45,023 [WARN] ModelIntegratedComponent:63 - No mode defined for component null
2024-07-23 10:50:45,135 [INFO] ThirdPartyModel:298 - Start build external matchings
2024-07-23 10:50:45,457 [INFO] ThirdPartyModel:316 - End build external matchings
2024-07-23 10:50:45,474 [INFO] ImportTextPane:194 - (OptionalMessage_ERROR) IP (RCC) : Invalid parameter (FamilyName)
2024-07-23 10:50:45,477 [INFO] ImportTextPane:194 - (OptionalMessage_ERROR) IP (RCC) : Parameter (RTCHSEDivFreq_Value) has invalid value (12500000)
2024-07-23 10:50:45,477 [INFO] ImportTextPane:194 - (OptionalMessage_ERROR) IP (RCC) : Invalid parameter (TIMFreq_Value)
2024-07-23 10:50:45,912 [INFO] ApiDb:581 - Connected to CubeFinder SQLite database (C:\Users\Matheus Markies\.stmcufinder\plugins\mcufinder\mcu\cube-finder-db.db)
2024-07-23 10:50:46,113 [INFO] ApiDb:668 - CubeFinder database Data Model version=2.1
2024-07-23 10:50:46,113 [INFO] ApiDb:669 - CubeFinder database Configuration version=3.0.39
2024-07-23 10:50:46,114 [INFO] ApiDb:670 - CubeFinder database generation date=2024-06-20 (1718880634)
2024-07-23 10:50:46,114 [INFO] ApiDb:671 - CubeFinder database FW Pack versions=[FP-ATR-ASTRA1_V2.0.0, FP-SNS-FLIGHT1_V5.0.2, FP-SNS-MOTENV1_V5.0.0, FP-SNS-MOTENVWB1_V1.4.0, FP-SNS-SMARTAG2_V1.2.0, STM32Cube_FW_C0_V1.2.0, STM32Cube_FW_F4_V1.28.0, STM32Cube_FW_F7_V1.17.2, STM32Cube_FW_G0_V1.6.2, STM32Cube_FW_G4_V1.6.0, STM32Cube_FW_H5_V1.3.0, STM32Cube_FW_H7RS_V1.1.0, STM32Cube_FW_H7_V1.11.2, STM32Cube_FW_L0_V1.12.2, STM32Cube_FW_L5_V1.5.1, STM32Cube_FW_U0_V1.1.0, STM32Cube_FW_U5_V1.6.0, STM32Cube_FW_WB0_V1.0.0, STM32Cube_FW_WBA_V1.4.0, STM32Cube_FW_WB_V1.20.0, STM32Cube_FW_WL_V1.3.0, X-CUBE-ALGOBUILD_V1.4.0, X-CUBE-ALS_V1.0.2, X-CUBE-AZRTOS-F4_V1.1.0, X-CUBE-AZRTOS-F7_V1.1.0, X-CUBE-AZRTOS-G0_V1.1.0, X-CUBE-AZRTOS-G4_V2.0.0, X-CUBE-AZRTOS-H7RS_V1.0.0, X-CUBE-AZRTOS-H7_V3.2.0, X-CUBE-AZRTOS-L4_V2.0.0, X-CUBE-AZRTOS-L5_V1.1.0, X-CUBE-AZRTOS-WB_V2.0.0, X-CUBE-AZRTOS-WL_V2.0.0, X-CUBE-BLE1_V7.0.0, X-CUBE-BLE2_V3.3.0, X-CUBE-BLEMGR_V3.1.0, X-CUBE-EEPRMA1_V5.1.0, X-CUBE-FREERTOS_V1.2.0, X-CUBE-GNSS1_V6.0.0, X-CUBE-MEMS1_V10.0.0, X-CUBE-NFC4_V3.0.0, X-CUBE-NFC7_V1.0.1, X-CUBE-SFXS2LP1_V4.0.0, X-CUBE-SUBG2_V5.0.0, X-CUBE-TOF1_V3.4.1]
2024-07-23 10:50:46,389 [INFO] DbBoardsSqlite:226 - include board P-NUCLEO-WB55-NUCLEO as a kit item of type 'Nucleo-64'
2024-07-23 10:50:46,389 [INFO] DbBoardsSqlite:226 - include board P-NUCLEO-WB55-USBDONGLE as a kit item of type 'Nucleo USB Dongle'
2024-07-23 10:50:46,392 [INFO] DbBoardsSqlite:226 - include board STEVAL-IDP005V1 as a kit item of type 'Evaluation Board'
2024-07-23 10:50:46,392 [INFO] DbBoardsSqlite:226 - include board STEVAL-IDP005V2 as a kit item of type 'Evaluation Board'
2024-07-23 10:50:48,108 [INFO] ApiDb:240 - Found 483 in-development CPN: [B-G473E-ZEST1S, B-WB1M-WPAN1, B-WL5M-SUBG1, NUCLEO-C031C6, NUCLEO-H503RB, NUCLEO-H533RE, NUCLEO-H563ZI, NUCLEO-H7S3L8, NUCLEO-U031R8, NUCLEO-U083RC, NUCLEO-U545RE-Q, NUCLEO-U5A5ZJ-Q, NUCLEO-WBA52CG, NUCLEO-WBA55CG, STEVAL-PROTEUS1, STEVAL-SMARTAG2, STEVAL-STWINBX1, STM320518-EVAL, STM32C0116-DK, STM32C011D6Y3TR, STM32C011D6Y6TR, STM32C011F4P3, STM32C011F4P6, STM32C011F4U3, STM32C011F4U6TR, STM32C011F6P3, STM32C011F6P6, STM32C011F6U3, STM32C011F6U6TR, STM32C011J4M3, STM32C011J4M6, STM32C011J6M3, STM32C011J6M6, STM32C0316-DK, STM32C031C4T3, STM32C031C4T6, STM32C031C4U3, STM32C031C4U6, STM32C031C6T3, STM32C031C6T6, STM32C031C6U3, STM32C031C6U6, STM32C031F4P3, STM32C031F4P6, STM32C031F6P3, STM32C031F6P6, STM32C031G4U3, STM32C031G4U6, STM32C031G6U3, STM32C031G6U6, STM32C031K4T3, STM32C031K4T6, STM32C031K4U3, STM32C031K4U6, STM32C031K6T3, STM32C031K6T6, STM32C031K6U3, STM32C031K6U6, STM32G071K8TXN, STM32G071K8UXN, STM32G081GBU6N, STM32G081KBT6N, STM32G081KBUXN, STM32G0B1CCT6N, STM32G0B1KCT6, STM32G0B1NEY6TR, STM32G0B1RCT6N, STM32G0C1CCT6, STM32G0C1CCT6N, STM32G0C1CCU6N, STM32G0C1CET6N, STM32G0C1CEU6N, STM32G0C1KCT6, STM32G0C1NEY6TR, STM32G0C1RCI6N, STM32G0C1RCT6N, STM32G0C1REI6N, STM32G0C1RET6N, STM32G0C1VCI6, STM32G0C1VEI6, STM32G471CCT6, STM32G471CCU6, STM32G471CET3, STM32G471CET6, STM32G471CEU3, STM32G471CEU6, STM32G471MCT6, STM32G471MET3, STM32G471MET6, STM32G471MEY6TR, STM32G471QCT6, STM32G471QET3, STM32G471RCT6, STM32G471RET3, STM32G471RET6, STM32G471VCH6, STM32G471VCI6, STM32G471VCT6, STM32G471VEH3, STM32G471VEH6, STM32G471VEI3, STM32G471VEI6, STM32G471VET3, STM32G471VET6, STM32G474CCT6, STM32H503CBT6, STM32H503CBU6, STM32H503EBY6TR, STM32H503KBU6, STM32H503RBT6, STM32H523CCT6, STM32H523CCU6, STM32H523CET6, STM32H523CEU6, STM32H523HEY6TR, STM32H523RCT6, STM32H523RET6, STM32H523VCI6, STM32H523VCT6, STM32H523VEI6, STM32H523VET6, STM32H523ZCJ6, STM32H523ZCT6, STM32H523ZEJ6, STM32H523ZET6, STM32H533CET6, STM32H533CEU6, STM32H533HEY6TR, STM32H533RET6, STM32H533VEI6, STM32H533VET6, STM32H533ZEJ6, STM32H533ZET6, STM32H562AGI6, STM32H562AII6, STM32H562IGK6, STM32H562IGT6, STM32H562IIK6, STM32H562IIT6, STM32H562RGT6, STM32H562RGV6, STM32H562RIT6, STM32H562RIV6, STM32H562VGT6, STM32H562VIT6, STM32H562ZGT6, STM32H562ZIT6, STM32H563AGI6, STM32H563AII3Q, STM32H563AII6, STM32H563IGK6, STM32H563IGT6, STM32H563IIK3Q, STM32H563IIK6, STM32H563IIT3Q, STM32H563IIT6, STM32H563MIY3QTR, STM32H563RGT6, STM32H563RGV6, STM32H563RIT6, STM32H563RIV6, STM32H563VGT6, STM32H563VIT3Q, STM32H563VIT6, STM32H563ZGT6, STM32H563ZIT3Q, STM32H563ZIT6, STM32H573AII3Q, STM32H573AII6, STM32H573I-DK, STM32H573IIK3Q, STM32H573IIK6, STM32H573IIT3Q, STM32H573IIT6, STM32H573MIY3QTR, STM32H573RIT6, STM32H573RIV6, STM32H573VIT3Q, STM32H573VIT6, STM32H573ZIT3Q, STM32H573ZIT6, STM32H7R3A8I6, STM32H7R3I8K6, STM32H7R3I8T6, STM32H7R3L8H6, STM32H7R3L8H6H, STM32H7R3R8V6, STM32H7R3V8H6, STM32H7R3V8T6, STM32H7R3V8Y6, STM32H7R3Z8J6, STM32H7R3Z8T6, STM32H7R7A8I6, STM32H7R7I8K6, STM32H7R7I8T6, STM32H7R7L8H6, STM32H7R7L8H6H, STM32H7R7Z8J6, STM32H7S3A8I6, STM32H7S3I8K6, STM32H7S3I8T6, STM32H7S3L8H6, STM32H7S3L8H6H, STM32H7S3R8V6, STM32H7S3V8H6, STM32H7S3V8T6, STM32H7S3V8Y6, STM32H7S3Z8J6, STM32H7S3Z8T6, STM32H7S78-DK, STM32H7S7A8I6, STM32H7S7I8K6, STM32H7S7I8T6, STM32H7S7L8H6, STM32H7S7L8H6H, STM32H7S7Z8J6, STM32L4R5QGI6STR, STM32MP131AAE3, STM32MP131AAF3, STM32MP131AAG3, STM32MP131CAE3, STM32MP131CAF3, STM32MP131CAG3, STM32MP131DAE7, STM32MP131DAF7, STM32MP131DAG7, STM32MP131FAE7, STM32MP131FAF7, STM32MP131FAG7, STM32MP133AAE3, STM32MP133AAF3, STM32MP133AAG3, STM32MP133CAE3, STM32MP133CAF3, STM32MP133CAG3, STM32MP133DAE7, STM32MP133DAF7, STM32MP133DAG7, STM32MP133FAE7, STM32MP133FAF7, STM32MP133FAG7, STM32MP135AAE3, STM32MP135AAF3, STM32MP135AAG3, STM32MP135CAE3, STM32MP135CAF3, STM32MP135CAG3, STM32MP135DAE7, STM32MP135DAF7, STM32MP135DAG7, STM32MP135F-DK, STM32MP135FAE7, STM32MP135FAF7, STM32MP135FAF7T, STM32MP135FAF7U, STM32MP135FAG7, STM32U031C6T6, STM32U031C6U6, STM32U031C8T6, STM32U031C8U6, STM32U031F4P6, STM32U031F6P6, STM32U031F8P6, STM32U031G6Y6TR, STM32U031G8Y6TR, STM32U031K4U6, STM32U031K6U6, STM32U031K8U6, STM32U031R6I6, STM32U031R6T6, STM32U031R8I6, STM32U031R8T6, STM32U073C8T6, STM32U073C8U6, STM32U073CBT6, STM32U073CBU6, STM32U073CCT6, STM32U073CCU6, STM32U073H8Y6TR, STM32U073HBY6TR, STM32U073HCY6TR, STM32U073K8U6, STM32U073KBU6, STM32U073KCU6, STM32U073M8I6, STM32U073M8T6, STM32U073MBI6, STM32U073MBT6, STM32U073MCI6, STM32U073MCT6, STM32U073R8I6, STM32U073R8T6, STM32U073RBI6, STM32U073RBT6, STM32U073RCI6, STM32U073RCT6, STM32U083C-DK, STM32U083CCT6, STM32U083CCU6, STM32U083HCY6TR, STM32U083KCU6, STM32U083MCI6, STM32U083MCT6, STM32U083RCI6, STM32U083RCT6, STM32U535CBT6, STM32U535CBT6Q, STM32U535CBU6, STM32U535CBU6Q, STM32U535CCT6, STM32U535CCT6Q, STM32U535CCU6, STM32U535CCU6Q, STM32U535CET6, STM32U535CET6Q, STM32U535CEU6, STM32U535CEU6Q, STM32U535JEY6QTR, STM32U535NCY6QTR, STM32U535NEY6QTR, STM32U535RBI6, STM32U535RBI6Q, STM32U535RBT6, STM32U535RBT6Q, STM32U535RCI6, STM32U535RCI6Q, STM32U535RCT6, STM32U535RCT6Q, STM32U535REI6, STM32U535REI6Q, STM32U535RET6, STM32U535RET6Q, STM32U535VCI6, STM32U535VCI6Q, STM32U535VCT6, STM32U535VCT6Q, STM32U535VEI6, STM32U535VEI6Q, STM32U535VET6, STM32U535VET6Q, STM32U545CET6, STM32U545CET6Q, STM32U545CEU6, STM32U545CEU6Q, STM32U545JEY6QTR, STM32U545NEY6QTR, STM32U545REI6, STM32U545REI6Q, STM32U545RET6, STM32U545RET6Q, STM32U545VEI6, STM32U545VEI6Q, STM32U545VET6, STM32U545VET6Q, STM32U595AIH6, STM32U595AIH6Q, STM32U595AJH6, STM32U595AJH6Q, STM32U595QII6, STM32U595QII6Q, STM32U595QJI6, STM32U595QJI6Q, STM32U595RIT6, STM32U595RIT6Q, STM32U595RJT6, STM32U595RJT6Q, STM32U595VIT6, STM32U595VIT6Q, STM32U595VJT6, STM32U595VJT6Q, STM32U595ZIT6, STM32U595ZIT6Q, STM32U595ZIY6QTR, STM32U595ZJT6, STM32U595ZJT6Q, STM32U595ZJY6QTR, STM32U599BJY6QTR, STM32U599NIH6Q, STM32U599NJH6Q, STM32U599VIT6Q, STM32U599VJT6, STM32U599VJT6Q, STM32U599ZIT6Q, STM32U599ZIY6QTR, STM32U599ZJT6Q, STM32U599ZJY6QTR, STM32U5A5AJH6, STM32U5A5AJH6Q, STM32U5A5QII3Q , STM32U5A5QJI6, STM32U5A5QJI6Q, STM32U5A5RJT6, STM32U5A5RJT6Q, STM32U5A5VJT6, STM32U5A5VJT6Q, STM32U5A5ZJT6, STM32U5A5ZJT6Q, STM32U5A5ZJY6QTR, STM32U5A9BJY6QTR, STM32U5A9J-DK, STM32U5A9NJH6Q, STM32U5A9VJT6Q, STM32U5A9ZJT6Q, STM32U5A9ZJY6QTR, STM32U5F7VIT6, STM32U5F7VIT6Q, STM32U5F7VJT6, STM32U5F7VJT6Q, STM32U5F9BJY6QTR, STM32U5F9NJH6Q, STM32U5F9VIT6Q, STM32U5F9VJT6Q, STM32U5F9ZIJ6QTR, STM32U5F9ZIT6Q, STM32U5F9ZJJ6QTR, STM32U5F9ZJT6Q, STM32U5G7VJT6, STM32U5G7VJT6Q, STM32U5G9BJY6QTR, STM32U5G9J-DK1, STM32U5G9J-DK2, STM32U5G9NJH6Q, STM32U5G9VJT6Q, STM32U5G9ZJJ6QTR, STM32U5G9ZJT6Q, STM32WB1MMCH6, STM32WBA50KEU6, STM32WBA50KEU6TR, STM32WBA50KGU6, STM32WBA50KGU6TR, STM32WBA52CEU6, STM32WBA52CEU6TR, STM32WBA52CEU7, STM32WBA52CEU7TR, STM32WBA52CGU6, STM32WBA52CGU6TR, STM32WBA52CGU6U, STM32WBA52CGU7, STM32WBA52CGU7TR, STM32WBA52KEU6, STM32WBA52KEU6TR, STM32WBA52KGU6, STM32WBA52KGU6TR, STM32WBA54CEU6, STM32WBA54CEU6TR, STM32WBA54CEU7, STM32WBA54CEU7TR, STM32WBA54CGU6, STM32WBA54CGU6TR, STM32WBA54CGU7, STM32WBA54CGU7TR, STM32WBA54KEU6, STM32WBA54KEU6TR, STM32WBA54KEU7, STM32WBA54KEU7TR, STM32WBA54KGU6, STM32WBA54KGU6TR, STM32WBA54KGU7, STM32WBA54KGU7TR, STM32WBA55CEU6, STM32WBA55CEU6TR, STM32WBA55CEU7, STM32WBA55CEU7TR, STM32WBA55CGU6, STM32WBA55CGU6TR, STM32WBA55CGU6U, STM32WBA55CGU7, STM32WBA55CGU7TR, STM32WBA55G-DK1, STM32WBA55HEF6, STM32WBA55HEF7, STM32WBA55HGF6, STM32WBA55HGF7, STM32WBA55UEI6, STM32WBA55UEI6TR, STM32WBA55UEI7, STM32WBA55UEI7TR, STM32WBA55UGI6, STM32WBA55UGI6TR, STM32WBA55UGI7, STM32WBA55UGI7TR, STM32WL5MOCH6, STM32WL5MOCH6TR]
2024-07-23 10:50:48,112 [INFO] ApiDb:668 - CubeFinder database Data Model version=2.1
2024-07-23 10:50:48,112 [INFO] ApiDb:669 - CubeFinder database Configuration version=3.0.39
2024-07-23 10:50:48,112 [INFO] ApiDb:670 - CubeFinder database generation date=2024-06-20 (1718880634)
2024-07-23 10:50:48,112 [INFO] ApiDb:671 - CubeFinder database FW Pack versions=[FP-ATR-ASTRA1_V2.0.0, FP-SNS-FLIGHT1_V5.0.2, FP-SNS-MOTENV1_V5.0.0, FP-SNS-MOTENVWB1_V1.4.0, FP-SNS-SMARTAG2_V1.2.0, STM32Cube_FW_C0_V1.2.0, STM32Cube_FW_F4_V1.28.0, STM32Cube_FW_F7_V1.17.2, STM32Cube_FW_G0_V1.6.2, STM32Cube_FW_G4_V1.6.0, STM32Cube_FW_H5_V1.3.0, STM32Cube_FW_H7RS_V1.1.0, STM32Cube_FW_H7_V1.11.2, STM32Cube_FW_L0_V1.12.2, STM32Cube_FW_L5_V1.5.1, STM32Cube_FW_U0_V1.1.0, STM32Cube_FW_U5_V1.6.0, STM32Cube_FW_WB0_V1.0.0, STM32Cube_FW_WBA_V1.4.0, STM32Cube_FW_WB_V1.20.0, STM32Cube_FW_WL_V1.3.0, X-CUBE-ALGOBUILD_V1.4.0, X-CUBE-ALS_V1.0.2, X-CUBE-AZRTOS-F4_V1.1.0, X-CUBE-AZRTOS-F7_V1.1.0, X-CUBE-AZRTOS-G0_V1.1.0, X-CUBE-AZRTOS-G4_V2.0.0, X-CUBE-AZRTOS-H7RS_V1.0.0, X-CUBE-AZRTOS-H7_V3.2.0, X-CUBE-AZRTOS-L4_V2.0.0, X-CUBE-AZRTOS-L5_V1.1.0, X-CUBE-AZRTOS-WB_V2.0.0, X-CUBE-AZRTOS-WL_V2.0.0, X-CUBE-BLE1_V7.0.0, X-CUBE-BLE2_V3.3.0, X-CUBE-BLEMGR_V3.1.0, X-CUBE-EEPRMA1_V5.1.0, X-CUBE-FREERTOS_V1.2.0, X-CUBE-GNSS1_V6.0.0, X-CUBE-MEMS1_V10.0.0, X-CUBE-NFC4_V3.0.0, X-CUBE-NFC7_V1.0.1, X-CUBE-SFXS2LP1_V4.0.0, X-CUBE-SUBG2_V5.0.0, X-CUBE-TOF1_V3.4.1]
2024-07-23 10:50:50,319 [INFO] ApiDb:240 - Found 483 in-development CPN: [B-G473E-ZEST1S, B-WB1M-WPAN1, B-WL5M-SUBG1, NUCLEO-C031C6, NUCLEO-H503RB, NUCLEO-H533RE, NUCLEO-H563ZI, NUCLEO-H7S3L8, NUCLEO-U031R8, NUCLEO-U083RC, NUCLEO-U545RE-Q, NUCLEO-U5A5ZJ-Q, NUCLEO-WBA52CG, NUCLEO-WBA55CG, STEVAL-PROTEUS1, STEVAL-SMARTAG2, STEVAL-STWINBX1, STM320518-EVAL, STM32C0116-DK, STM32C011D6Y3TR, STM32C011D6Y6TR, STM32C011F4P3, STM32C011F4P6, STM32C011F4U3, STM32C011F4U6TR, STM32C011F6P3, STM32C011F6P6, STM32C011F6U3, STM32C011F6U6TR, STM32C011J4M3, STM32C011J4M6, STM32C011J6M3, STM32C011J6M6, STM32C0316-DK, STM32C031C4T3, STM32C031C4T6, STM32C031C4U3, STM32C031C4U6, STM32C031C6T3, STM32C031C6T6, STM32C031C6U3, STM32C031C6U6, STM32C031F4P3, STM32C031F4P6, STM32C031F6P3, STM32C031F6P6, STM32C031G4U3, STM32C031G4U6, STM32C031G6U3, STM32C031G6U6, STM32C031K4T3, STM32C031K4T6, STM32C031K4U3, STM32C031K4U6, STM32C031K6T3, STM32C031K6T6, STM32C031K6U3, STM32C031K6U6, STM32G071K8TXN, STM32G071K8UXN, STM32G081GBU6N, STM32G081KBT6N, STM32G081KBUXN, STM32G0B1CCT6N, STM32G0B1KCT6, STM32G0B1NEY6TR, STM32G0B1RCT6N, STM32G0C1CCT6, STM32G0C1CCT6N, STM32G0C1CCU6N, STM32G0C1CET6N, STM32G0C1CEU6N, STM32G0C1KCT6, STM32G0C1NEY6TR, STM32G0C1RCI6N, STM32G0C1RCT6N, STM32G0C1REI6N, STM32G0C1RET6N, STM32G0C1VCI6, STM32G0C1VEI6, STM32G471CCT6, STM32G471CCU6, STM32G471CET3, STM32G471CET6, STM32G471CEU3, STM32G471CEU6, STM32G471MCT6, STM32G471MET3, STM32G471MET6, STM32G471MEY6TR, STM32G471QCT6, STM32G471QET3, STM32G471RCT6, STM32G471RET3, STM32G471RET6, STM32G471VCH6, STM32G471VCI6, STM32G471VCT6, STM32G471VEH3, STM32G471VEH6, STM32G471VEI3, STM32G471VEI6, STM32G471VET3, STM32G471VET6, STM32G474CCT6, STM32H503CBT6, STM32H503CBU6, STM32H503EBY6TR, STM32H503KBU6, STM32H503RBT6, STM32H523CCT6, STM32H523CCU6, STM32H523CET6, STM32H523CEU6, STM32H523HEY6TR, STM32H523RCT6, STM32H523RET6, STM32H523VCI6, STM32H523VCT6, STM32H523VEI6, STM32H523VET6, STM32H523ZCJ6, STM32H523ZCT6, STM32H523ZEJ6, STM32H523ZET6, STM32H533CET6, STM32H533CEU6, STM32H533HEY6TR, STM32H533RET6, STM32H533VEI6, STM32H533VET6, STM32H533ZEJ6, STM32H533ZET6, STM32H562AGI6, STM32H562AII6, STM32H562IGK6, STM32H562IGT6, STM32H562IIK6, STM32H562IIT6, STM32H562RGT6, STM32H562RGV6, STM32H562RIT6, STM32H562RIV6, STM32H562VGT6, STM32H562VIT6, STM32H562ZGT6, STM32H562ZIT6, STM32H563AGI6, STM32H563AII3Q, STM32H563AII6, STM32H563IGK6, STM32H563IGT6, STM32H563IIK3Q, STM32H563IIK6, STM32H563IIT3Q, STM32H563IIT6, STM32H563MIY3QTR, STM32H563RGT6, STM32H563RGV6, STM32H563RIT6, STM32H563RIV6, STM32H563VGT6, STM32H563VIT3Q, STM32H563VIT6, STM32H563ZGT6, STM32H563ZIT3Q, STM32H563ZIT6, STM32H573AII3Q, STM32H573AII6, STM32H573I-DK, STM32H573IIK3Q, STM32H573IIK6, STM32H573IIT3Q, STM32H573IIT6, STM32H573MIY3QTR, STM32H573RIT6, STM32H573RIV6, STM32H573VIT3Q, STM32H573VIT6, STM32H573ZIT3Q, STM32H573ZIT6, STM32H7R3A8I6, STM32H7R3I8K6, STM32H7R3I8T6, STM32H7R3L8H6, STM32H7R3L8H6H, STM32H7R3R8V6, STM32H7R3V8H6, STM32H7R3V8T6, STM32H7R3V8Y6, STM32H7R3Z8J6, STM32H7R3Z8T6, STM32H7R7A8I6, STM32H7R7I8K6, STM32H7R7I8T6, STM32H7R7L8H6, STM32H7R7L8H6H, STM32H7R7Z8J6, STM32H7S3A8I6, STM32H7S3I8K6, STM32H7S3I8T6, STM32H7S3L8H6, STM32H7S3L8H6H, STM32H7S3R8V6, STM32H7S3V8H6, STM32H7S3V8T6, STM32H7S3V8Y6, STM32H7S3Z8J6, STM32H7S3Z8T6, STM32H7S78-DK, STM32H7S7A8I6, STM32H7S7I8K6, STM32H7S7I8T6, STM32H7S7L8H6, STM32H7S7L8H6H, STM32H7S7Z8J6, STM32L4R5QGI6STR, STM32MP131AAE3, STM32MP131AAF3, STM32MP131AAG3, STM32MP131CAE3, STM32MP131CAF3, STM32MP131CAG3, STM32MP131DAE7, STM32MP131DAF7, STM32MP131DAG7, STM32MP131FAE7, STM32MP131FAF7, STM32MP131FAG7, STM32MP133AAE3, STM32MP133AAF3, STM32MP133AAG3, STM32MP133CAE3, STM32MP133CAF3, STM32MP133CAG3, STM32MP133DAE7, STM32MP133DAF7, STM32MP133DAG7, STM32MP133FAE7, STM32MP133FAF7, STM32MP133FAG7, STM32MP135AAE3, STM32MP135AAF3, STM32MP135AAG3, STM32MP135CAE3, STM32MP135CAF3, STM32MP135CAG3, STM32MP135DAE7, STM32MP135DAF7, STM32MP135DAG7, STM32MP135F-DK, STM32MP135FAE7, STM32MP135FAF7, STM32MP135FAF7T, STM32MP135FAF7U, STM32MP135FAG7, STM32U031C6T6, STM32U031C6U6, STM32U031C8T6, STM32U031C8U6, STM32U031F4P6, STM32U031F6P6, STM32U031F8P6, STM32U031G6Y6TR, STM32U031G8Y6TR, STM32U031K4U6, STM32U031K6U6, STM32U031K8U6, STM32U031R6I6, STM32U031R6T6, STM32U031R8I6, STM32U031R8T6, STM32U073C8T6, STM32U073C8U6, STM32U073CBT6, STM32U073CBU6, STM32U073CCT6, STM32U073CCU6, STM32U073H8Y6TR, STM32U073HBY6TR, STM32U073HCY6TR, STM32U073K8U6, STM32U073KBU6, STM32U073KCU6, STM32U073M8I6, STM32U073M8T6, STM32U073MBI6, STM32U073MBT6, STM32U073MCI6, STM32U073MCT6, STM32U073R8I6, STM32U073R8T6, STM32U073RBI6, STM32U073RBT6, STM32U073RCI6, STM32U073RCT6, STM32U083C-DK, STM32U083CCT6, STM32U083CCU6, STM32U083HCY6TR, STM32U083KCU6, STM32U083MCI6, STM32U083MCT6, STM32U083RCI6, STM32U083RCT6, STM32U535CBT6, STM32U535CBT6Q, STM32U535CBU6, STM32U535CBU6Q, STM32U535CCT6, STM32U535CCT6Q, STM32U535CCU6, STM32U535CCU6Q, STM32U535CET6, STM32U535CET6Q, STM32U535CEU6, STM32U535CEU6Q, STM32U535JEY6QTR, STM32U535NCY6QTR, STM32U535NEY6QTR, STM32U535RBI6, STM32U535RBI6Q, STM32U535RBT6, STM32U535RBT6Q, STM32U535RCI6, STM32U535RCI6Q, STM32U535RCT6, STM32U535RCT6Q, STM32U535REI6, STM32U535REI6Q, STM32U535RET6, STM32U535RET6Q, STM32U535VCI6, STM32U535VCI6Q, STM32U535VCT6, STM32U535VCT6Q, STM32U535VEI6, STM32U535VEI6Q, STM32U535VET6, STM32U535VET6Q, STM32U545CET6, STM32U545CET6Q, STM32U545CEU6, STM32U545CEU6Q, STM32U545JEY6QTR, STM32U545NEY6QTR, STM32U545REI6, STM32U545REI6Q, STM32U545RET6, STM32U545RET6Q, STM32U545VEI6, STM32U545VEI6Q, STM32U545VET6, STM32U545VET6Q, STM32U595AIH6, STM32U595AIH6Q, STM32U595AJH6, STM32U595AJH6Q, STM32U595QII6, STM32U595QII6Q, STM32U595QJI6, STM32U595QJI6Q, STM32U595RIT6, STM32U595RIT6Q, STM32U595RJT6, STM32U595RJT6Q, STM32U595VIT6, STM32U595VIT6Q, STM32U595VJT6, STM32U595VJT6Q, STM32U595ZIT6, STM32U595ZIT6Q, STM32U595ZIY6QTR, STM32U595ZJT6, STM32U595ZJT6Q, STM32U595ZJY6QTR, STM32U599BJY6QTR, STM32U599NIH6Q, STM32U599NJH6Q, STM32U599VIT6Q, STM32U599VJT6, STM32U599VJT6Q, STM32U599ZIT6Q, STM32U599ZIY6QTR, STM32U599ZJT6Q, STM32U599ZJY6QTR, STM32U5A5AJH6, STM32U5A5AJH6Q, STM32U5A5QII3Q , STM32U5A5QJI6, STM32U5A5QJI6Q, STM32U5A5RJT6, STM32U5A5RJT6Q, STM32U5A5VJT6, STM32U5A5VJT6Q, STM32U5A5ZJT6, STM32U5A5ZJT6Q, STM32U5A5ZJY6QTR, STM32U5A9BJY6QTR, STM32U5A9J-DK, STM32U5A9NJH6Q, STM32U5A9VJT6Q, STM32U5A9ZJT6Q, STM32U5A9ZJY6QTR, STM32U5F7VIT6, STM32U5F7VIT6Q, STM32U5F7VJT6, STM32U5F7VJT6Q, STM32U5F9BJY6QTR, STM32U5F9NJH6Q, STM32U5F9VIT6Q, STM32U5F9VJT6Q, STM32U5F9ZIJ6QTR, STM32U5F9ZIT6Q, STM32U5F9ZJJ6QTR, STM32U5F9ZJT6Q, STM32U5G7VJT6, STM32U5G7VJT6Q, STM32U5G9BJY6QTR, STM32U5G9J-DK1, STM32U5G9J-DK2, STM32U5G9NJH6Q, STM32U5G9VJT6Q, STM32U5G9ZJJ6QTR, STM32U5G9ZJT6Q, STM32WB1MMCH6, STM32WBA50KEU6, STM32WBA50KEU6TR, STM32WBA50KGU6, STM32WBA50KGU6TR, STM32WBA52CEU6, STM32WBA52CEU6TR, STM32WBA52CEU7, STM32WBA52CEU7TR, STM32WBA52CGU6, STM32WBA52CGU6TR, STM32WBA52CGU6U, STM32WBA52CGU7, STM32WBA52CGU7TR, STM32WBA52KEU6, STM32WBA52KEU6TR, STM32WBA52KGU6, STM32WBA52KGU6TR, STM32WBA54CEU6, STM32WBA54CEU6TR, STM32WBA54CEU7, STM32WBA54CEU7TR, STM32WBA54CGU6, STM32WBA54CGU6TR, STM32WBA54CGU7, STM32WBA54CGU7TR, STM32WBA54KEU6, STM32WBA54KEU6TR, STM32WBA54KEU7, STM32WBA54KEU7TR, STM32WBA54KGU6, STM32WBA54KGU6TR, STM32WBA54KGU7, STM32WBA54KGU7TR, STM32WBA55CEU6, STM32WBA55CEU6TR, STM32WBA55CEU7, STM32WBA55CEU7TR, STM32WBA55CGU6, STM32WBA55CGU6TR, STM32WBA55CGU6U, STM32WBA55CGU7, STM32WBA55CGU7TR, STM32WBA55G-DK1, STM32WBA55HEF6, STM32WBA55HEF7, STM32WBA55HGF6, STM32WBA55HGF7, STM32WBA55UEI6, STM32WBA55UEI6TR, STM32WBA55UEI7, STM32WBA55UEI7TR, STM32WBA55UGI6, STM32WBA55UGI6TR, STM32WBA55UGI7, STM32WBA55UGI7TR, STM32WL5MOCH6, STM32WL5MOCH6TR]
2024-07-23 10:50:50,322 [INFO] DbMcus:218 - Found 4203 MCUs, 4203 are supported
2024-07-23 10:50:50,331 [INFO] ApiDb:423 - Load user favorites file C:\Users\Matheus Markies/.stm32cubeide/favorites.mcus.txt: 3 item(s)
2024-07-23 10:50:50,332 [INFO] ApiDb:427 - User favorites MCUs=[STM32F103RBT6, STM32F411RET7, STM32L053C8T6]
2024-07-23 10:50:50,332 [INFO] DbMcus:224 - Set 3 / 3 favorites MCUs
2024-07-23 10:50:50,883 [INFO] BoardInfo:889 - No configuration file found for board P-NUCLEO-WB55
2024-07-23 10:50:50,883 [INFO] DbBoards:161 - Kit is not supported: P-NUCLEO-WB55
2024-07-23 10:50:50,889 [INFO] BoardInfo:889 - No configuration file found for board STEVAL-BFA001V1B
2024-07-23 10:50:50,889 [INFO] DbBoards:161 - Kit is not supported: STEVAL-BFA001V1B
2024-07-23 10:50:50,890 [INFO] BoardInfo:889 - No configuration file found for board STEVAL-BFA001V2B
2024-07-23 10:50:50,891 [INFO] DbBoards:161 - Kit is not supported: STEVAL-BFA001V2B
2024-07-23 10:50:51,050 [INFO] DbBoards:168 - Found 195 boards, 192 are supported
2024-07-23 10:50:51,050 [INFO] DbBoards:169 - Found 195 boards, 8 of them is supported for  Bsp
2024-07-23 10:50:51,053 [INFO] ApiDb:423 - Load user favorites file C:\Users\Matheus Markies/.stm32cubeide/favorites.boards.txt: 0 item(s)
2024-07-23 10:50:51,053 [INFO] ApiDb:427 - User favorites Boards=[]
2024-07-23 10:50:51,053 [INFO] DbBoards:198 - Set 0 / 0 favorites Boards
2024-07-23 10:50:51,111 [INFO] UtilMem:75 - End LoadConfig() Used Memory: 863971456 Bytes (1073741824)
2024-07-23 10:50:51,341 [WARN] ThirdParty:833 - waiting for thirdparty lock release [change project]
2024-07-23 10:50:51,341 [INFO] ThirdParty:835 - entering critical section [change project]
2024-07-23 10:50:51,341 [INFO] ThirdParty:1030 - CMSIS Pack Vendor :STMicroelectronics USBPD 4.1
2024-07-23 10:50:51,341 [INFO] ThirdParty:1030 - CMSIS Pack Vendor :STMicroelectronics X-CUBE-GNSS1 6.0.0
2024-07-23 10:50:51,341 [INFO] ThirdParty:1030 - CMSIS Pack Vendor :STMicroelectronics USB_HOST 2.0.0
2024-07-23 10:50:51,341 [INFO] ThirdParty:1030 - CMSIS Pack Vendor :STMicroelectronics FP-SNS-MOTENVWB1 1.4.0
2024-07-23 10:50:51,341 [INFO] ThirdParty:1030 - CMSIS Pack Vendor :STMicroelectronics X-CUBE-AZRTOS-F4 1.1.0
2024-07-23 10:50:51,341 [INFO] ThirdParty:1030 - CMSIS Pack Vendor :STMicroelectronics LIBJPEG 8.0.0
2024-07-23 10:50:51,341 [INFO] ThirdParty:1030 - CMSIS Pack Vendor :STMicroelectronics X-CUBE-SMBUS 2.1.0
2024-07-23 10:50:51,342 [INFO] ThirdParty:1030 - CMSIS Pack Vendor :STMicroelectronics USB_DEVICE 3.0.0
2024-07-23 10:50:51,342 [INFO] ThirdParty:1030 - CMSIS Pack Vendor :STMicroelectronics X-CUBE-TCPP 4.1.0
2024-07-23 10:50:51,342 [INFO] ThirdParty:1030 - CMSIS Pack Vendor :STMicroelectronics X-CUBE-FREERTOS 1.2.0
2024-07-23 10:50:51,342 [INFO] ThirdParty:1030 - CMSIS Pack Vendor :STMicroelectronics X-CUBE-AZRTOS-WB 2.0.0
2024-07-23 10:50:51,342 [INFO] ThirdParty:1030 - CMSIS Pack Vendor :STMicroelectronics X-CUBE-TOUCHGFX 4.23.2
2024-07-23 10:50:51,342 [INFO] ThirdParty:1030 - CMSIS Pack Vendor :STMicroelectronics X-CUBE-AZRTOS-F7 1.1.0
2024-07-23 10:50:51,342 [INFO] ThirdParty:1030 - CMSIS Pack Vendor :STMicroelectronics X-CUBE-AZRTOS-L5 2.0.0
2024-07-23 10:50:51,342 [INFO] ThirdParty:1030 - CMSIS Pack Vendor :STMicroelectronics USB_DEVICE 2.0.0
2024-07-23 10:50:51,342 [INFO] ThirdParty:1030 - CMSIS Pack Vendor :STMicroelectronics X-CUBE-NFC6 3.1.0
2024-07-23 10:50:51,342 [INFO] ThirdParty:1030 - CMSIS Pack Vendor :STMicroelectronics FP-SNS-STBOX1 2.0.0
2024-07-23 10:50:51,342 [INFO] ThirdParty:1030 - CMSIS Pack Vendor :STMicroelectronics FreeRTOS 0.0.1
2024-07-23 10:50:51,342 [INFO] ThirdParty:1030 - CMSIS Pack Vendor :STMicroelectronics X-CUBE-AZRTOS-G0 1.1.0
2024-07-23 10:50:51,342 [INFO] ThirdParty:1030 - CMSIS Pack Vendor :STMicroelectronics X-CUBE-SAFEA1 1.2.2
2024-07-23 10:50:51,342 [INFO] ThirdParty:1030 - CMSIS Pack Vendor :STMicroelectronics X-CUBE-NFC4 3.0.0
2024-07-23 10:50:51,342 [INFO] ThirdParty:1030 - CMSIS Pack Vendor :STMicroelectronics X-CUBE-DPower 1.2.0
2024-07-23 10:50:51,342 [INFO] ThirdParty:1030 - CMSIS Pack Vendor :STMicroelectronics X-CUBE-SUBG2 5.0.0
2024-07-23 10:50:51,343 [INFO] ThirdParty:1030 - CMSIS Pack Vendor :STMicroelectronics STM32_WPAN 1.0.0
2024-07-23 10:50:51,343 [INFO] ThirdParty:1030 - CMSIS Pack Vendor :wolfSSL I-CUBE-wolfMQTT 1.18.0
2024-07-23 10:50:51,343 [INFO] ThirdParty:1030 - CMSIS Pack Vendor :EmbeddedOffice I-CUBE-FS-RTOS 1.0.1
2024-07-23 10:50:51,343 [INFO] ThirdParty:1030 - CMSIS Pack Vendor :STMicroelectronics lwIP 2.0.3
2024-07-23 10:50:51,343 [INFO] ThirdParty:1030 - CMSIS Pack Vendor :STMicroelectronics FP-SNS-FLIGHT1 5.0.2
2024-07-23 10:50:51,343 [INFO] ThirdParty:1030 - CMSIS Pack Vendor :STMicroelectronics USB_HOST 1.0.0
2024-07-23 10:50:51,343 [INFO] ThirdParty:1030 - CMSIS Pack Vendor :STMicroelectronics X-CUBE-AI 9.0.0
2024-07-23 10:50:51,343 [INFO] ThirdParty:1030 - CMSIS Pack Vendor :STMicroelectronics X-CUBE-AZRTOS-G4 2.0.0
2024-07-23 10:50:51,343 [INFO] ThirdParty:1030 - CMSIS Pack Vendor :STMicroelectronics PDM2PCM 3.1.0
2024-07-23 10:50:51,343 [INFO] ThirdParty:1030 - CMSIS Pack Vendor :STMicroelectronics PDM2PCM 3.3.0
2024-07-23 10:50:51,343 [INFO] ThirdParty:1030 - CMSIS Pack Vendor :STMicroelectronics X-CUBE-DISPLAY 3.0.0
2024-07-23 10:50:51,343 [INFO] ThirdParty:1030 - CMSIS Pack Vendor :RealThread X-CUBE-RT-Thread_Nano 4.1.1
2024-07-23 10:50:51,344 [INFO] ThirdParty:1030 - CMSIS Pack Vendor :wolfSSL I-CUBE-wolfSSL 5.7.0
2024-07-23 10:50:51,344 [INFO] ThirdParty:1030 - CMSIS Pack Vendor :STMicroelectronics X-CUBE-BLE1 7.0.0
2024-07-23 10:50:51,344 [INFO] ThirdParty:1030 - CMSIS Pack Vendor :STMicroelectronics FP-ATR-SIGFOX1 3.2.0
2024-07-23 10:50:51,344 [INFO] ThirdParty:1030 - CMSIS Pack Vendor :STMicroelectronics X-CUBE-ISPU 2.0.0
2024-07-23 10:50:51,344 [INFO] ThirdParty:1030 - CMSIS Pack Vendor :STMicroelectronics X-CUBE-EEPRMA1 5.1.0
2024-07-23 10:50:51,344 [INFO] ThirdParty:1030 - CMSIS Pack Vendor :STMicroelectronics HAL Drivers 0.0.0
2024-07-23 10:50:51,344 [INFO] ThirdParty:1030 - CMSIS Pack Vendor :STMicroelectronics MBEDTLS 2.16.2
2024-07-23 10:50:51,344 [INFO] ThirdParty:1030 - CMSIS Pack Vendor :STMicroelectronics X-CUBE-ALS 1.0.2
2024-07-23 10:50:51,344 [INFO] ThirdParty:1030 - CMSIS Pack Vendor :emotas I-CUBE-CANOPEN 1.3.0
2024-07-23 10:50:51,344 [INFO] ThirdParty:1030 - CMSIS Pack Vendor :STMicroelectronics X-CUBE-MEMS1 10.0.0
2024-07-23 10:50:51,344 [INFO] ThirdParty:1030 - CMSIS Pack Vendor :STMicroelectronics X-CUBE-NFC7 1.0.1
2024-07-23 10:50:51,344 [INFO] ThirdParty:1030 - CMSIS Pack Vendor :STMicroelectronics MBEDTLS 2.14.1
2024-07-23 10:50:51,344 [INFO] ThirdParty:1030 - CMSIS Pack Vendor :STMicroelectronics X-CUBE-TOUCHGFX 4.24.0
2024-07-23 10:50:51,344 [INFO] ThirdParty:1030 - CMSIS Pack Vendor :ITTIA_DB I-CUBE-ITTIADB 8.9.0
2024-07-23 10:50:51,344 [INFO] ThirdParty:1030 - CMSIS Pack Vendor :wolfSSL I-CUBE-wolfTPM 3.2.0
2024-07-23 10:50:51,345 [INFO] ThirdParty:1030 - CMSIS Pack Vendor :portGmbH I-Cube-SoM-uGOAL 1.1.0
2024-07-23 10:50:51,345 [INFO] ThirdParty:1030 - CMSIS Pack Vendor :STMicroelectronics X-CUBE-ALS 1.0.1
2024-07-23 10:50:51,345 [INFO] ThirdParty:1030 - CMSIS Pack Vendor :STMicroelectronics X-CUBE-BLEMGR 3.1.0
2024-07-23 10:50:51,345 [INFO] ThirdParty:1030 - CMSIS Pack Vendor :STMicroelectronics ThreadX 1.0.0
2024-07-23 10:50:51,345 [INFO] ThirdParty:1030 - CMSIS Pack Vendor :STMicroelectronics FP-SNS-SMARTAG2 1.2.0
2024-07-23 10:50:51,345 [INFO] ThirdParty:1030 - CMSIS Pack Vendor :STMicroelectronics X-CUBE-AZRTOS-WL 2.0.0
2024-07-23 10:50:51,345 [INFO] ThirdParty:1030 - CMSIS Pack Vendor :SEGGER I-CUBE-embOS 1.3.1
2024-07-23 10:50:51,345 [INFO] ThirdParty:1030 - CMSIS Pack Vendor :STMicroelectronics X-CUBE-ALGOBUILD 1.4.0
2024-07-23 10:50:51,345 [INFO] ThirdParty:1030 - CMSIS Pack Vendor :STMicroelectronics FP-SNS-MOTENV1 5.0.0
2024-07-23 10:50:51,345 [INFO] ThirdParty:1030 - CMSIS Pack Vendor :STMicroelectronics USB_DEVICE 1.0.0
2024-07-23 10:50:51,345 [INFO] ThirdParty:1030 - CMSIS Pack Vendor :STMicroelectronics X-CUBE-AZRTOS-H7RS 1.0.0
2024-07-23 10:50:51,345 [INFO] ThirdParty:1030 - CMSIS Pack Vendor :wolfSSL I-CUBE-wolfMQTT 1.19.0
2024-07-23 10:50:51,345 [INFO] ThirdParty:1030 - CMSIS Pack Vendor :STMicroelectronics X-CUBE-AZRTOS-L4 2.0.0
2024-07-23 10:50:51,345 [INFO] ThirdParty:1030 - CMSIS Pack Vendor :STMicroelectronics ThreadX 0.0.2
2024-07-23 10:50:51,345 [INFO] ThirdParty:1030 - CMSIS Pack Vendor :WES I-CUBE-Cesium 1.3.0
2024-07-23 10:50:51,345 [INFO] ThirdParty:1030 - CMSIS Pack Vendor :STMicroelectronics FP-ATR-ASTRA1 2.0.0
2024-07-23 10:50:51,346 [INFO] ThirdParty:1030 - CMSIS Pack Vendor :STMicroelectronics lwIP 2.1.2
2024-07-23 10:50:51,346 [INFO] ThirdParty:1030 - CMSIS Pack Vendor :STMicroelectronics X-CUBE-SFXS2LP1 4.0.0
2024-07-23 10:50:51,346 [INFO] ThirdParty:1030 - CMSIS Pack Vendor :STMicroelectronics X-CUBE-BLE2 3.3.0
2024-07-23 10:50:51,346 [INFO] ThirdParty:1030 - CMSIS Pack Vendor :STMicroelectronics X-CUBE-TOF1 3.4.1
2024-07-23 10:50:51,346 [INFO] ThirdParty:1030 - CMSIS Pack Vendor :STMicroelectronics X-CUBE-AZRTOS-H7 3.2.0
2024-07-23 10:50:51,346 [INFO] ThirdParty:1030 - CMSIS Pack Vendor :Infineon AIROC-Wi-Fi-Bluetooth-STM32 1.6.0
2024-07-23 10:50:51,346 [INFO] ThirdParty:1030 - CMSIS Pack Vendor :STMicroelectronics PDM2PCM 3.2.0
2024-07-23 10:50:51,346 [INFO] ThirdParty:1030 - CMSIS Pack Vendor :wolfSSL I-CUBE-wolfSSH 1.4.17
2024-07-23 10:50:51,346 [INFO] ThirdParty:841 - exiting critical section [change project]
2024-07-23 10:50:51,794 [INFO] PinOutPanel:1561 - setPackage(No Configuration,No Configuration)
2024-07-23 10:50:51,796 [INFO] PinOutPanel:1561 - setPackage(STM32L053C8Tx,LQFP48)
2024-07-23 10:50:52,683 [INFO] UtilMem:75 - Before build in PCC Used Memory: 619775488 Bytes (1073741824)
2024-07-23 10:50:53,962 [INFO] UserBatteryFile:101 - Battery_LiPo 3500.0 0.0 3.7 0.0 0.0
2024-07-23 10:50:54,311 [INFO] UtilMem:75 - After build in PCC Used Memory: 730398208 Bytes (1073741824)
2024-07-23 10:50:54,358 [INFO] IPUIPlugin:80 - create IPUIPlugin
2024-07-23 10:50:54,358 [INFO] IPUIPlugin:80 - create IPUIPlugin
2024-07-23 10:50:54,358 [INFO] IPUIPlugin:80 - create IPUIPlugin
2024-07-23 10:50:54,358 [INFO] IPUIPlugin:80 - create IPUIPlugin
2024-07-23 10:50:54,358 [INFO] IPUIPlugin:80 - create IPUIPlugin
2024-07-23 10:50:54,359 [INFO] IPUIPlugin:80 - create IPUIPlugin
2024-07-23 10:50:54,359 [INFO] IPUIPlugin:80 - create IPUIPlugin
2024-07-23 10:50:54,359 [INFO] IPUIPlugin:80 - create IPUIPlugin
2024-07-23 10:50:54,359 [INFO] IPUIPlugin:80 - create IPUIPlugin
2024-07-23 10:50:54,359 [INFO] IPUIPlugin:80 - create IPUIPlugin
2024-07-23 10:50:54,360 [INFO] IPUIPlugin:80 - create IPUIPlugin
2024-07-23 10:50:54,360 [INFO] IPUIPlugin:80 - create IPUIPlugin
2024-07-23 10:50:54,360 [INFO] IPUIPlugin:80 - create IPUIPlugin
2024-07-23 10:50:54,360 [INFO] IPUIPlugin:80 - create IPUIPlugin
2024-07-23 10:50:54,360 [INFO] IPUIPlugin:80 - create IPUIPlugin
2024-07-23 10:50:54,361 [INFO] IPUIPlugin:80 - create IPUIPlugin
2024-07-23 10:50:54,361 [INFO] IPUIPlugin:80 - create IPUIPlugin
2024-07-23 10:50:54,361 [INFO] IPUIPlugin:80 - create IPUIPlugin
2024-07-23 10:50:54,361 [INFO] IPUIPlugin:80 - create IPUIPlugin
2024-07-23 10:50:54,361 [INFO] IPUIPlugin:80 - create IPUIPlugin
2024-07-23 10:50:54,362 [INFO] IPUIPlugin:80 - create IPUIPlugin
2024-07-23 10:50:54,362 [INFO] IPUIPlugin:80 - create IPUIPlugin
2024-07-23 10:50:54,362 [INFO] IPUIPlugin:80 - create IPUIPlugin
2024-07-23 10:50:54,362 [INFO] IPUIPlugin:80 - create IPUIPlugin
2024-07-23 10:50:54,363 [INFO] IPUIPlugin:80 - create IPUIPlugin
2024-07-23 10:50:54,363 [INFO] IPUIPlugin:80 - create IPUIPlugin
2024-07-23 10:50:54,363 [INFO] IPUIPlugin:80 - create IPUIPlugin
2024-07-23 10:50:54,363 [INFO] IPUIPlugin:80 - create IPUIPlugin
2024-07-23 10:50:54,364 [INFO] IPUIPlugin:80 - create IPUIPlugin
2024-07-23 10:50:54,364 [INFO] IPUIPlugin:80 - create IPUIPlugin
2024-07-23 10:50:54,364 [INFO] IPUIPlugin:80 - create IPUIPlugin
2024-07-23 10:50:54,365 [INFO] IPUIPlugin:80 - create IPUIPlugin
2024-07-23 10:50:54,365 [INFO] IPUIPlugin:80 - create IPUIPlugin
2024-07-23 10:50:54,365 [INFO] IPUIPlugin:80 - create IPUIPlugin
2024-07-23 10:50:54,667 [INFO] CADModel:165 - CPN selected for project levelSTM32L053C8T6
2024-07-23 10:50:54,667 [INFO] CADModel:114 - Register for checkConnection events
2024-07-23 10:50:54,723 [INFO] OpenFileManager:343 - Restore cursor
2024-07-23 11:01:11,102 [INFO] UtilMem:75 - End SaveConfig() Used Memory: 752155904 Bytes (1073741824)
2024-07-23 11:01:12,608 [INFO] UtilMem:75 - End SaveConfig() Used Memory: 773656408 Bytes (1073741824)
2024-07-23 11:01:14,376 [INFO] UtilMem:75 - End SaveConfig() Used Memory: 822940960 Bytes (1073741824)
2024-07-23 11:01:15,076 [INFO] BlockDiagram:2759 - set Specific Code input for plugin: SPI
2024-07-23 11:01:15,076 [INFO] BlockDiagram:2759 - set Specific Code input for plugin: SPI
2024-07-23 11:01:15,077 [INFO] BlockDiagram:2759 - set Specific Code input for plugin: NVIC
2024-07-23 11:01:15,077 [INFO] BlockDiagram:2759 - set Specific Code input for plugin: USART
2024-07-23 11:01:15,077 [INFO] BlockDiagram:2759 - set Specific Code input for plugin: SYS
2024-07-23 11:01:15,077 [INFO] BlockDiagram:2759 - set Specific Code input for plugin: GPIO
2024-07-23 11:01:15,077 [INFO] BlockDiagram:2759 - set Specific Code input for plugin: RCC
2024-07-23 11:01:15,077 [INFO] BlockDiagram:2759 - set Specific Code input for plugin: I2C
2024-07-23 11:01:15,077 [INFO] BlockDiagram:2759 - set Specific Code input for plugin: I2C
2024-07-23 11:01:15,079 [INFO] CodeGenerator:807 - code generatio: config db path: C:\ST\STM32CubeIDE_1.15.1\STM32CubeIDE\plugins\com.st.stm32cube.common.mx_6.11.1.202404110753\\db\
2024-07-23 11:01:15,326 [INFO] CodeEngine:255 - oldGeneratedFile, D:\Projetos\Firmware\firmware\Debug\MXTmpFiles\license.tmp_save
2024-07-23 11:01:15,960 [INFO] CodeEngine:279 - Generated code: D:\Projetos\Firmware\firmware\Debug\MXTmpFiles\license.tmp
2024-07-23 11:01:16,299 [INFO] CodeEngine:255 - oldGeneratedFile, D:\Projetos\Firmware\firmware\Debug\MXTmpFiles\gpio.tmp_save
2024-07-23 11:01:16,520 [INFO] CodeEngine:279 - Generated code: D:\Projetos\Firmware\firmware\Debug\MXTmpFiles\gpio.tmp
2024-07-23 11:01:17,466 [INFO] CodeEngine:255 - oldGeneratedFile, D:\Projetos\Firmware\firmware\Debug\Core\Src\stm32l0xx_it.c_save
2024-07-23 11:01:17,642 [INFO] CodeEngine:279 - Generated code: D:\Projetos\Firmware\firmware\Debug\Core\Src\stm32l0xx_it.c
2024-07-23 11:01:17,670 [INFO] CodeEngine:255 - oldGeneratedFile, D:\Projetos\Firmware\firmware\Debug\Core\Inc\stm32l0xx_it.h_save
2024-07-23 11:01:17,817 [INFO] CodeEngine:279 - Generated code: D:\Projetos\Firmware\firmware\Debug\Core\Inc\stm32l0xx_it.h
2024-07-23 11:01:17,889 [INFO] CodeEngine:255 - oldGeneratedFile, D:\Projetos\Firmware\firmware\Debug\Core\Src\stm32l0xx_hal_msp.c_save
2024-07-23 11:01:18,213 [INFO] CodeEngine:279 - Generated code: D:\Projetos\Firmware\firmware\Debug\Core\Src\stm32l0xx_hal_msp.c
2024-07-23 11:01:18,229 [INFO] CodeEngine:255 - oldGeneratedFile, D:\Projetos\Firmware\firmware\Debug\MXTmpFiles\system.tmp_save
2024-07-23 11:01:18,361 [INFO] CodeEngine:279 - Generated code: D:\Projetos\Firmware\firmware\Debug\MXTmpFiles\system.tmp
2024-07-23 11:01:18,399 [INFO] CodeEngine:311 - oldGeneratedFile, D:\Projetos\Firmware\firmware\Debug\Core\Inc\stm32l0xx_hal_conf.h_save
2024-07-23 11:01:18,545 [INFO] CodeEngine:335 - Generated code: D:\Projetos\Firmware\firmware\Debug\Core\Inc\stm32l0xx_hal_conf.h
2024-07-23 11:01:18,698 [INFO] CodeEngine:255 - oldGeneratedFile, D:\Projetos\Firmware\firmware\Debug\Core\Inc\main.h_save
2024-07-23 11:01:18,942 [INFO] CodeEngine:279 - Generated code: D:\Projetos\Firmware\firmware\Debug\Core\Inc\main.h
2024-07-23 11:01:18,971 [INFO] CodeEngine:255 - oldGeneratedFile, D:\Projetos\Firmware\firmware\Debug\Core\Src\main.c_save
2024-07-23 11:01:19,410 [INFO] CodeEngine:279 - Generated code: D:\Projetos\Firmware\firmware\Debug\Core\Src\main.c
2024-07-23 11:01:20,540 [INFO] ProjectBuilder:3163 - Time for Copy HAL[1] : 376mS.
2024-07-23 11:01:20,547 [INFO] ProjectBuilder:4736 - Project Generator version: 4.3.0-B58
2024-07-23 11:01:20,712 [INFO] ConfigFileManager:1503 - The Die is : DIE417
2024-07-23 11:01:20,732 [INFO] ApiDbMcu:508 - Load IP Config File for FATFS
2024-07-23 11:01:20,767 [INFO] ApiDbMcu:508 - Load IP Config File for FREERTOS
2024-07-23 11:01:20,798 [INFO] ApiDbMcu:508 - Load IP Config File for TOUCHSENSING
2024-07-23 11:01:20,825 [INFO] ApiDbMcu:508 - Load IP Config File for USB_DEVICE
2024-07-23 11:01:21,711 [INFO] LogOutputStream:77 - [STDOUT_REDIRECT] 
2024-07-23 11:01:24,250 [INFO] ProjectBuilder:5002 - Time for Generating toolchain IDE Files: 3703mS.
2024-07-23 11:01:24,251 [INFO] ProjectBuilder:3034 - Time for Copy CMSIS : 1mS.
2024-07-23 11:01:24,256 [INFO] ProjectBuilder:3034 - Time for Copy CMSIS : 0mS.
2024-07-23 11:03:43,465 [INFO] I2cTimingTraitement:330 - 0x00100413
2024-07-23 11:03:43,580 [INFO] I2cTimingTraitement:330 - 0x00100413
2024-07-23 11:03:46,708 [INFO] UtilMem:75 - End SaveConfig() Used Memory: 865253248 Bytes (1073741824)
2024-07-23 11:03:48,238 [INFO] UtilMem:75 - End SaveConfig() Used Memory: 881397472 Bytes (1073741824)
2024-07-23 11:03:49,731 [INFO] UtilMem:75 - End SaveConfig() Used Memory: 924111992 Bytes (1073741824)
2024-07-23 11:03:49,991 [INFO] BlockDiagram:2759 - set Specific Code input for plugin: SPI
2024-07-23 11:03:49,992 [INFO] BlockDiagram:2759 - set Specific Code input for plugin: SPI
2024-07-23 11:03:49,992 [INFO] BlockDiagram:2759 - set Specific Code input for plugin: NVIC
2024-07-23 11:03:49,992 [INFO] BlockDiagram:2759 - set Specific Code input for plugin: USART
2024-07-23 11:03:49,992 [INFO] BlockDiagram:2759 - set Specific Code input for plugin: SYS
2024-07-23 11:03:49,992 [INFO] BlockDiagram:2759 - set Specific Code input for plugin: GPIO
2024-07-23 11:03:49,992 [INFO] BlockDiagram:2759 - set Specific Code input for plugin: RCC
2024-07-23 11:03:49,992 [INFO] BlockDiagram:2759 - set Specific Code input for plugin: I2C
2024-07-23 11:03:49,992 [INFO] BlockDiagram:2759 - set Specific Code input for plugin: I2C
2024-07-23 11:03:49,993 [INFO] CodeGenerator:807 - code generatio: config db path: C:\ST\STM32CubeIDE_1.15.1\STM32CubeIDE\plugins\com.st.stm32cube.common.mx_6.11.1.202404110753\\db\
2024-07-23 11:03:50,137 [INFO] CodeEngine:255 - oldGeneratedFile, D:\Projetos\Firmware\firmware\Debug\MXTmpFiles\license.tmp_save
2024-07-23 11:03:50,297 [INFO] CodeEngine:279 - Generated code: D:\Projetos\Firmware\firmware\Debug\MXTmpFiles\license.tmp
2024-07-23 11:03:50,428 [INFO] CodeEngine:255 - oldGeneratedFile, D:\Projetos\Firmware\firmware\Debug\MXTmpFiles\gpio.tmp_save
2024-07-23 11:03:50,553 [INFO] CodeEngine:279 - Generated code: D:\Projetos\Firmware\firmware\Debug\MXTmpFiles\gpio.tmp
2024-07-23 11:03:51,214 [INFO] CodeEngine:255 - oldGeneratedFile, D:\Projetos\Firmware\firmware\Debug\Core\Src\stm32l0xx_it.c_save
2024-07-23 11:03:51,339 [INFO] CodeEngine:279 - Generated code: D:\Projetos\Firmware\firmware\Debug\Core\Src\stm32l0xx_it.c
2024-07-23 11:03:51,346 [INFO] CodeEngine:255 - oldGeneratedFile, D:\Projetos\Firmware\firmware\Debug\Core\Inc\stm32l0xx_it.h_save
2024-07-23 11:03:51,437 [INFO] CodeEngine:279 - Generated code: D:\Projetos\Firmware\firmware\Debug\Core\Inc\stm32l0xx_it.h
2024-07-23 11:03:51,479 [INFO] CodeEngine:255 - oldGeneratedFile, D:\Projetos\Firmware\firmware\Debug\Core\Src\stm32l0xx_hal_msp.c_save
2024-07-23 11:03:51,633 [INFO] CodeEngine:279 - Generated code: D:\Projetos\Firmware\firmware\Debug\Core\Src\stm32l0xx_hal_msp.c
2024-07-23 11:03:51,637 [INFO] CodeEngine:255 - oldGeneratedFile, D:\Projetos\Firmware\firmware\Debug\MXTmpFiles\system.tmp_save
2024-07-23 11:03:51,715 [INFO] CodeEngine:279 - Generated code: D:\Projetos\Firmware\firmware\Debug\MXTmpFiles\system.tmp
2024-07-23 11:03:51,735 [INFO] CodeEngine:311 - oldGeneratedFile, D:\Projetos\Firmware\firmware\Debug\Core\Inc\stm32l0xx_hal_conf.h_save
2024-07-23 11:03:51,854 [INFO] CodeEngine:335 - Generated code: D:\Projetos\Firmware\firmware\Debug\Core\Inc\stm32l0xx_hal_conf.h
2024-07-23 11:03:51,906 [INFO] CodeEngine:255 - oldGeneratedFile, D:\Projetos\Firmware\firmware\Debug\Core\Inc\main.h_save
2024-07-23 11:03:52,013 [INFO] CodeEngine:279 - Generated code: D:\Projetos\Firmware\firmware\Debug\Core\Inc\main.h
2024-07-23 11:03:52,029 [INFO] CodeEngine:255 - oldGeneratedFile, D:\Projetos\Firmware\firmware\Debug\Core\Src\main.c_save
2024-07-23 11:03:52,201 [INFO] CodeEngine:279 - Generated code: D:\Projetos\Firmware\firmware\Debug\Core\Src\main.c
2024-07-23 11:03:52,563 [INFO] ProjectBuilder:3163 - Time for Copy HAL[1] : 179mS.
2024-07-23 11:03:52,567 [INFO] ProjectBuilder:4736 - Project Generator version: 4.3.0-B58
2024-07-23 11:03:52,654 [INFO] ConfigFileManager:1503 - The Die is : DIE417
2024-07-23 11:03:54,097 [INFO] ProjectBuilder:5002 - Time for Generating toolchain IDE Files: 1530mS.
2024-07-23 11:03:54,098 [INFO] ProjectBuilder:3034 - Time for Copy CMSIS : 0mS.
2024-07-23 11:03:54,101 [INFO] ProjectBuilder:3034 - Time for Copy CMSIS : 0mS.
2024-07-23 11:04:13,150 [INFO] MainUpdater:2873 - connection check result : 10
2024-07-23 11:04:13,151 [INFO] MainUpdater:2873 - connection check result : 10
2024-07-23 11:04:13,255 [INFO] I2cTimingTraitement:330 - 0x00100413
2024-07-23 11:04:13,280 [INFO] I2cTimingTraitement:330 - 0x00100413
2024-07-23 11:04:13,283 [INFO] MicroXplorer:468 - Change Database Path : 
2024-07-23 11:04:13,283 [INFO] MicroXplorer:498 - Change Database Version : DB.6.0.111
2024-07-23 11:04:13,294 [ERROR] ProjectManagerView:394 - 
java.lang.NullPointerException: Cannot invoke "javax.swing.JTextField.getText()" because the return value of "java.util.List.get(int)" is null
	at com.st.microxplorer.plugins.projectmanager.gui.ProjectChoiceTab$10.caretUpdate(ProjectChoiceTab.java:2504) ~[filemanager.jar:?]
	at javax.swing.text.JTextComponent.fireCaretUpdate(JTextComponent.java:412) ~[?:?]
	at javax.swing.text.JTextComponent$MutableCaretEvent.fire(JTextComponent.java:4491) ~[?:?]
	at javax.swing.text.JTextComponent$MutableCaretEvent.stateChanged(JTextComponent.java:4513) ~[?:?]
	at javax.swing.text.DefaultCaret.fireStateChanged(DefaultCaret.java:842) ~[?:?]
	at javax.swing.text.DefaultCaret.changeCaretPosition(DefaultCaret.java:1313) ~[?:?]
	at javax.swing.text.DefaultCaret.handleSetDot(DefaultCaret.java:1212) ~[?:?]
	at javax.swing.text.DefaultCaret.setDot(DefaultCaret.java:1193) ~[?:?]
	at javax.swing.text.DefaultCaret$Handler.insertUpdate(DefaultCaret.java:1789) ~[?:?]
	at javax.swing.text.AbstractDocument.fireInsertUpdate(AbstractDocument.java:226) ~[?:?]
	at javax.swing.text.AbstractDocument.handleInsertString(AbstractDocument.java:780) ~[?:?]
	at javax.swing.text.AbstractDocument.insertString(AbstractDocument.java:739) ~[?:?]
	at javax.swing.text.PlainDocument.insertString(PlainDocument.java:131) ~[?:?]
	at javax.swing.text.AbstractDocument.replace(AbstractDocument.java:698) ~[?:?]
	at javax.swing.text.JTextComponent.setText(JTextComponent.java:1729) ~[?:?]
	at com.st.microxplorer.plugins.projectmanager.gui.ProjectChoiceTab.createHeapStackFields(ProjectChoiceTab.java:944) ~[filemanager.jar:?]
	at com.st.microxplorer.plugins.projectmanager.gui.ProjectChoiceTab.buildLinkSettingsPanel(ProjectChoiceTab.java:3475) ~[filemanager.jar:?]
	at com.st.microxplorer.plugins.projectmanager.gui.ProjectChoiceTab.defineWindowsFields(ProjectChoiceTab.java:1816) ~[filemanager.jar:?]
	at com.st.microxplorer.plugins.projectmanager.gui.ProjectChoiceTab.updateSettings(ProjectChoiceTab.java:544) ~[filemanager.jar:?]
	at com.st.microxplorer.plugins.projectmanager.gui.ProjectSettingsPanel.UpdateDialog(ProjectSettingsPanel.java:245) ~[filemanager.jar:?]
	at com.st.microxplorer.plugins.projectmanager.ProjectManagerView.propertyChange(ProjectManagerView.java:391) ~[filemanager.jar:?]
	at java.beans.PropertyChangeSupport.fire(PropertyChangeSupport.java:343) ~[?:?]
	at java.beans.PropertyChangeSupport.firePropertyChange(PropertyChangeSupport.java:335) ~[?:?]
	at java.beans.PropertyChangeSupport.firePropertyChange(PropertyChangeSupport.java:268) ~[?:?]
	at com.st.microxplorer.util.MXPropertyChangeSupport.firePropertyChange(MXPropertyChangeSupport.java:54) ~[STM32CubeMX.jar:?]
	at com.st.microxplorer.mxsystem.MxSystem.closeConfig(MxSystem.java:900) ~[STM32CubeMX.jar:?]
	at com.st.microxplorer.maingui.MainPanel.closeConfig(MainPanel.java:776) ~[STM32CubeMX.jar:?]
	at com.st.microxplorer.plugins.filemanager.engine.OpenFileManager.loadConfigurationFile(OpenFileManager.java:245) ~[filemanager.jar:?]
	at com.st.microxplorer.plugins.filemanager.engine.MainFileManager.userLoadConfig(MainFileManager.java:315) ~[filemanager.jar:?]
	at com.st.microxplorer.plugins.filemanager.engine.MainFileManager.userLoadConfig(MainFileManager.java:293) ~[filemanager.jar:?]
	at com.st.microxplorer.plugins.filemanager.FileManagerView.getSpecificTask(FileManagerView.java:247) ~[filemanager.jar:?]
	at com.st.stm32cube.common.mx.editor.CubeMxEditor.getMxTabbedPaneInstance(CubeMxEditor.java:1198) ~[com.st.stm32cube.common.mx_6.11.1.202404110753/:?]
	at com.st.stm32cube.common.mx.editor.CubeMxEditor$12$1.createSwingComponent(CubeMxEditor.java:1068) ~[com.st.stm32cube.common.mx_6.11.1.202404110753/:?]
	at com.st.stm32cube.common.mx.oss.core.awtswtbridge.EmbeddedSwingComposite.doComponentCreation(EmbeddedSwingComposite.java:492) ~[com.st.stm32cube.common.mx.oss_6.11.1.202404110753/:?]
	at com.st.stm32cube.common.mx.oss.core.awtswtbridge.EmbeddedSwingComposite$4.run(EmbeddedSwingComposite.java:291) ~[com.st.stm32cube.common.mx.oss_6.11.1.202404110753/:?]
	at com.st.stm32cube.common.mx.oss.core.awtswtbridge.AwtEnvironment$2.run(AwtEnvironment.java:166) ~[com.st.stm32cube.common.mx.oss_6.11.1.202404110753/:?]
	at java.awt.event.InvocationEvent.dispatch(InvocationEvent.java:318) ~[?:?]
	at java.awt.EventQueue.dispatchEventImpl(EventQueue.java:773) ~[?:?]
	at java.awt.EventQueue$4.run(EventQueue.java:720) ~[?:?]
	at java.awt.EventQueue$4.run(EventQueue.java:714) ~[?:?]
	at java.security.AccessController.doPrivileged(AccessController.java:399) ~[?:?]
	at java.security.ProtectionDomain$JavaSecurityAccessImpl.doIntersectionPrivilege(ProtectionDomain.java:86) ~[?:?]
	at java.awt.EventQueue.dispatchEvent(EventQueue.java:742) ~[?:?]
	at java.awt.EventDispatchThread.pumpOneEventForFilters(EventDispatchThread.java:203) ~[?:?]
	at java.awt.EventDispatchThread.pumpEventsForFilter(EventDispatchThread.java:124) ~[?:?]
	at java.awt.EventDispatchThread.pumpEventsForHierarchy(EventDispatchThread.java:113) ~[?:?]
	at java.awt.EventDispatchThread.pumpEvents(EventDispatchThread.java:109) ~[?:?]
	at java.awt.EventDispatchThread.pumpEvents(EventDispatchThread.java:101) ~[?:?]
	at java.awt.EventDispatchThread.run(EventDispatchThread.java:90) ~[?:?]
2024-07-23 11:04:13,302 [WARN] ThirdParty:871 - waiting for thirdparty lock release [close project]
2024-07-23 11:04:13,302 [INFO] ThirdParty:873 - entering critical section [close project]
2024-07-23 11:04:13,302 [INFO] ThirdParty:883 - exiting critical section [close project]
2024-07-23 11:04:13,303 [INFO] PinOutPanel:1561 - setPackage(No Configuration,No Configuration)
2024-07-23 11:04:13,313 [INFO] UtilMem:75 - Begin LoadConfig() Used Memory: 675798016 Bytes (1073741824)
2024-07-23 11:04:13,314 [INFO] MicroXplorer:468 - Change Database Path : 
2024-07-23 11:04:13,314 [INFO] MicroXplorer:498 - Change Database Version : DB.6.0.111
2024-07-23 11:04:13,314 [INFO] OpenFileManager:312 - Change cursor
2024-07-23 11:04:13,330 [INFO] RulesReader:64 - Compatibility file has been processed (297 Rules)
2024-07-23 11:04:13,334 [INFO] Mcu:2021 - Initializing MCU STM32L053C(6-8)Tx STM32L053C8Tx STM32L053C8T6
2024-07-23 11:04:14,200 [INFO] Context:663 - Trying to add GPIOservice into a context  which must be forbidden
2024-07-23 11:04:14,773 [INFO] RtosManager:555 - Registered RTOS mode: class=CMSIS, group=RTOS, mode=CMSIS_V1, owner=FREERTOS
2024-07-23 11:04:14,773 [INFO] RtosManager:555 - Registered RTOS mode: class=CMSIS, group=RTOS2, mode=CMSIS_V2, owner=FREERTOS
2024-07-23 11:04:14,773 [INFO] RtosManager:555 - Registered RTOS mode: class=RTOS, group=Core, mode=CMSIS_V1, owner=FREERTOS
2024-07-23 11:04:14,773 [INFO] RtosManager:555 - Registered RTOS mode: class=RTOS, group=Core, mode=CMSIS_V2, owner=FREERTOS
2024-07-23 11:04:14,774 [WARN] ModelIntegratedComponent:184 - Missing modes for component STMicroelectronics:FreeRTOS:0.0.1:STMicroelectronics:RTOS:FreeRTOS:Core:::10.2.0:
2024-07-23 11:04:14,786 [WARN] ModelIntegratedComponent:63 - No mode defined for component null
2024-07-23 11:04:14,786 [WARN] ModelIntegratedComponent:63 - No mode defined for component null
2024-07-23 11:04:14,787 [WARN] ModelIntegratedComponent:63 - No mode defined for component null
2024-07-23 11:04:14,787 [WARN] ModelIntegratedComponent:63 - No mode defined for component null
2024-07-23 11:04:14,787 [WARN] ModelIntegratedComponent:63 - No mode defined for component null
2024-07-23 11:04:14,787 [WARN] ModelIntegratedComponent:63 - No mode defined for component null
2024-07-23 11:04:14,787 [WARN] ModelIntegratedComponent:63 - No mode defined for component null
2024-07-23 11:04:14,787 [WARN] ModelIntegratedComponent:63 - No mode defined for component null
2024-07-23 11:04:14,787 [WARN] ModelIntegratedComponent:63 - No mode defined for component null
2024-07-23 11:04:14,787 [WARN] ModelIntegratedComponent:63 - No mode defined for component null
2024-07-23 11:04:14,787 [WARN] ModelIntegratedComponent:63 - No mode defined for component null
2024-07-23 11:04:14,787 [WARN] ModelIntegratedComponent:63 - No mode defined for component null
2024-07-23 11:04:14,787 [WARN] ModelIntegratedComponent:63 - No mode defined for component null
2024-07-23 11:04:14,787 [WARN] ModelIntegratedComponent:63 - No mode defined for component null
2024-07-23 11:04:14,788 [WARN] ModelIntegratedComponent:63 - No mode defined for component null
2024-07-23 11:04:14,788 [WARN] ModelIntegratedComponent:63 - No mode defined for component null
2024-07-23 11:04:14,788 [WARN] ModelIntegratedComponent:63 - No mode defined for component null
2024-07-23 11:04:14,788 [WARN] ModelIntegratedComponent:63 - No mode defined for component null
2024-07-23 11:04:14,788 [WARN] ModelIntegratedComponent:63 - No mode defined for component null
2024-07-23 11:04:14,788 [WARN] ModelIntegratedComponent:63 - No mode defined for component null
2024-07-23 11:04:14,788 [WARN] ModelIntegratedComponent:63 - No mode defined for component null
2024-07-23 11:04:14,788 [WARN] ModelIntegratedComponent:63 - No mode defined for component null
2024-07-23 11:04:14,788 [WARN] ModelIntegratedComponent:63 - No mode defined for component null
2024-07-23 11:04:14,788 [WARN] ModelIntegratedComponent:63 - No mode defined for component null
2024-07-23 11:04:14,788 [WARN] ModelIntegratedComponent:63 - No mode defined for component null
2024-07-23 11:04:14,788 [WARN] ModelIntegratedComponent:63 - No mode defined for component null
2024-07-23 11:04:14,788 [WARN] ModelIntegratedComponent:63 - No mode defined for component null
2024-07-23 11:04:14,789 [WARN] ModelIntegratedComponent:63 - No mode defined for component null
2024-07-23 11:04:14,794 [WARN] ModelIntegratedComponent:63 - No mode defined for component null
2024-07-23 11:04:14,795 [WARN] ModelIntegratedComponent:63 - No mode defined for component null
2024-07-23 11:04:14,795 [WARN] ModelIntegratedComponent:63 - No mode defined for component null
2024-07-23 11:04:14,795 [WARN] ModelIntegratedComponent:63 - No mode defined for component null
2024-07-23 11:04:14,811 [WARN] ModelIntegratedComponent:63 - No mode defined for component null
2024-07-23 11:04:14,811 [WARN] ModelIntegratedComponent:63 - No mode defined for component null
2024-07-23 11:04:14,950 [INFO] ThirdPartyModel:298 - Start build external matchings
2024-07-23 11:04:15,256 [INFO] ThirdPartyModel:316 - End build external matchings
2024-07-23 11:04:15,269 [INFO] ImportTextPane:194 - (OptionalMessage_ERROR) IP (RCC) : Invalid parameter (FamilyName)
2024-07-23 11:04:15,270 [INFO] ImportTextPane:194 - (OptionalMessage_ERROR) IP (RCC) : Parameter (RTCHSEDivFreq_Value) has invalid value (4000000)
2024-07-23 11:04:15,270 [INFO] ImportTextPane:194 - (OptionalMessage_ERROR) IP (RCC) : Invalid parameter (TIMFreq_Value)
2024-07-23 11:04:15,437 [INFO] UtilMem:75 - End LoadConfig() Used Memory: 898770984 Bytes (1073741824)
2024-07-23 11:04:15,496 [WARN] ThirdParty:833 - waiting for thirdparty lock release [change project]
2024-07-23 11:04:15,497 [INFO] ThirdParty:835 - entering critical section [change project]
2024-07-23 11:04:15,497 [INFO] ThirdParty:1030 - CMSIS Pack Vendor :STMicroelectronics USBPD 4.1
2024-07-23 11:04:15,497 [INFO] ThirdParty:1030 - CMSIS Pack Vendor :STMicroelectronics X-CUBE-GNSS1 6.0.0
2024-07-23 11:04:15,497 [INFO] ThirdParty:1030 - CMSIS Pack Vendor :STMicroelectronics USB_HOST 2.0.0
2024-07-23 11:04:15,497 [INFO] ThirdParty:1030 - CMSIS Pack Vendor :STMicroelectronics FP-SNS-MOTENVWB1 1.4.0
2024-07-23 11:04:15,497 [INFO] ThirdParty:1030 - CMSIS Pack Vendor :STMicroelectronics X-CUBE-AZRTOS-F4 1.1.0
2024-07-23 11:04:15,497 [INFO] ThirdParty:1030 - CMSIS Pack Vendor :STMicroelectronics LIBJPEG 8.0.0
2024-07-23 11:04:15,497 [INFO] ThirdParty:1030 - CMSIS Pack Vendor :STMicroelectronics X-CUBE-SMBUS 2.1.0
2024-07-23 11:04:15,497 [INFO] ThirdParty:1030 - CMSIS Pack Vendor :STMicroelectronics USB_DEVICE 3.0.0
2024-07-23 11:04:15,497 [INFO] ThirdParty:1030 - CMSIS Pack Vendor :STMicroelectronics X-CUBE-TCPP 4.1.0
2024-07-23 11:04:15,497 [INFO] ThirdParty:1030 - CMSIS Pack Vendor :STMicroelectronics X-CUBE-FREERTOS 1.2.0
2024-07-23 11:04:15,497 [INFO] ThirdParty:1030 - CMSIS Pack Vendor :STMicroelectronics X-CUBE-AZRTOS-WB 2.0.0
2024-07-23 11:04:15,498 [INFO] ThirdParty:1030 - CMSIS Pack Vendor :STMicroelectronics X-CUBE-TOUCHGFX 4.23.2
2024-07-23 11:04:15,498 [INFO] ThirdParty:1030 - CMSIS Pack Vendor :STMicroelectronics X-CUBE-AZRTOS-F7 1.1.0
2024-07-23 11:04:15,498 [INFO] ThirdParty:1030 - CMSIS Pack Vendor :STMicroelectronics X-CUBE-AZRTOS-L5 2.0.0
2024-07-23 11:04:15,498 [INFO] ThirdParty:1030 - CMSIS Pack Vendor :STMicroelectronics USB_DEVICE 2.0.0
2024-07-23 11:04:15,498 [INFO] ThirdParty:1030 - CMSIS Pack Vendor :STMicroelectronics X-CUBE-NFC6 3.1.0
2024-07-23 11:04:15,498 [INFO] ThirdParty:1030 - CMSIS Pack Vendor :STMicroelectronics FP-SNS-STBOX1 2.0.0
2024-07-23 11:04:15,498 [INFO] ThirdParty:1030 - CMSIS Pack Vendor :STMicroelectronics FreeRTOS 0.0.1
2024-07-23 11:04:15,498 [INFO] ThirdParty:1030 - CMSIS Pack Vendor :STMicroelectronics X-CUBE-AZRTOS-G0 1.1.0
2024-07-23 11:04:15,498 [INFO] ThirdParty:1030 - CMSIS Pack Vendor :STMicroelectronics X-CUBE-SAFEA1 1.2.2
2024-07-23 11:04:15,498 [INFO] ThirdParty:1030 - CMSIS Pack Vendor :STMicroelectronics X-CUBE-NFC4 3.0.0
2024-07-23 11:04:15,498 [INFO] ThirdParty:1030 - CMSIS Pack Vendor :STMicroelectronics X-CUBE-DPower 1.2.0
2024-07-23 11:04:15,498 [INFO] ThirdParty:1030 - CMSIS Pack Vendor :STMicroelectronics X-CUBE-SUBG2 5.0.0
2024-07-23 11:04:15,498 [INFO] ThirdParty:1030 - CMSIS Pack Vendor :STMicroelectronics STM32_WPAN 1.0.0
2024-07-23 11:04:15,498 [INFO] ThirdParty:1030 - CMSIS Pack Vendor :wolfSSL I-CUBE-wolfMQTT 1.18.0
2024-07-23 11:04:15,498 [INFO] ThirdParty:1030 - CMSIS Pack Vendor :EmbeddedOffice I-CUBE-FS-RTOS 1.0.1
2024-07-23 11:04:15,498 [INFO] ThirdParty:1030 - CMSIS Pack Vendor :STMicroelectronics lwIP 2.0.3
2024-07-23 11:04:15,498 [INFO] ThirdParty:1030 - CMSIS Pack Vendor :STMicroelectronics FP-SNS-FLIGHT1 5.0.2
2024-07-23 11:04:15,498 [INFO] ThirdParty:1030 - CMSIS Pack Vendor :STMicroelectronics USB_HOST 1.0.0
2024-07-23 11:04:15,498 [INFO] ThirdParty:1030 - CMSIS Pack Vendor :STMicroelectronics X-CUBE-AI 9.0.0
2024-07-23 11:04:15,499 [INFO] ThirdParty:1030 - CMSIS Pack Vendor :STMicroelectronics X-CUBE-AZRTOS-G4 2.0.0
2024-07-23 11:04:15,499 [INFO] ThirdParty:1030 - CMSIS Pack Vendor :STMicroelectronics PDM2PCM 3.1.0
2024-07-23 11:04:15,499 [INFO] ThirdParty:1030 - CMSIS Pack Vendor :STMicroelectronics PDM2PCM 3.3.0
2024-07-23 11:04:15,499 [INFO] ThirdParty:1030 - CMSIS Pack Vendor :STMicroelectronics X-CUBE-DISPLAY 3.0.0
2024-07-23 11:04:15,499 [INFO] ThirdParty:1030 - CMSIS Pack Vendor :RealThread X-CUBE-RT-Thread_Nano 4.1.1
2024-07-23 11:04:15,499 [INFO] ThirdParty:1030 - CMSIS Pack Vendor :wolfSSL I-CUBE-wolfSSL 5.7.0
2024-07-23 11:04:15,499 [INFO] ThirdParty:1030 - CMSIS Pack Vendor :STMicroelectronics X-CUBE-BLE1 7.0.0
2024-07-23 11:04:15,499 [INFO] ThirdParty:1030 - CMSIS Pack Vendor :STMicroelectronics FP-ATR-SIGFOX1 3.2.0
2024-07-23 11:04:15,499 [INFO] ThirdParty:1030 - CMSIS Pack Vendor :STMicroelectronics X-CUBE-ISPU 2.0.0
2024-07-23 11:04:15,499 [INFO] ThirdParty:1030 - CMSIS Pack Vendor :STMicroelectronics X-CUBE-EEPRMA1 5.1.0
2024-07-23 11:04:15,499 [INFO] ThirdParty:1030 - CMSIS Pack Vendor :STMicroelectronics HAL Drivers 0.0.0
2024-07-23 11:04:15,499 [INFO] ThirdParty:1030 - CMSIS Pack Vendor :STMicroelectronics MBEDTLS 2.16.2
2024-07-23 11:04:15,499 [INFO] ThirdParty:1030 - CMSIS Pack Vendor :STMicroelectronics X-CUBE-ALS 1.0.2
2024-07-23 11:04:15,499 [INFO] ThirdParty:1030 - CMSIS Pack Vendor :emotas I-CUBE-CANOPEN 1.3.0
2024-07-23 11:04:15,499 [INFO] ThirdParty:1030 - CMSIS Pack Vendor :STMicroelectronics X-CUBE-MEMS1 10.0.0
2024-07-23 11:04:15,500 [INFO] ThirdParty:1030 - CMSIS Pack Vendor :STMicroelectronics X-CUBE-NFC7 1.0.1
2024-07-23 11:04:15,500 [INFO] ThirdParty:1030 - CMSIS Pack Vendor :STMicroelectronics MBEDTLS 2.14.1
2024-07-23 11:04:15,500 [INFO] ThirdParty:1030 - CMSIS Pack Vendor :STMicroelectronics X-CUBE-TOUCHGFX 4.24.0
2024-07-23 11:04:15,500 [INFO] ThirdParty:1030 - CMSIS Pack Vendor :ITTIA_DB I-CUBE-ITTIADB 8.9.0
2024-07-23 11:04:15,500 [INFO] ThirdParty:1030 - CMSIS Pack Vendor :wolfSSL I-CUBE-wolfTPM 3.2.0
2024-07-23 11:04:15,500 [INFO] ThirdParty:1030 - CMSIS Pack Vendor :portGmbH I-Cube-SoM-uGOAL 1.1.0
2024-07-23 11:04:15,500 [INFO] ThirdParty:1030 - CMSIS Pack Vendor :STMicroelectronics X-CUBE-ALS 1.0.1
2024-07-23 11:04:15,500 [INFO] ThirdParty:1030 - CMSIS Pack Vendor :STMicroelectronics X-CUBE-BLEMGR 3.1.0
2024-07-23 11:04:15,500 [INFO] ThirdParty:1030 - CMSIS Pack Vendor :STMicroelectronics ThreadX 1.0.0
2024-07-23 11:04:15,500 [INFO] ThirdParty:1030 - CMSIS Pack Vendor :STMicroelectronics FP-SNS-SMARTAG2 1.2.0
2024-07-23 11:04:15,500 [INFO] ThirdParty:1030 - CMSIS Pack Vendor :STMicroelectronics X-CUBE-AZRTOS-WL 2.0.0
2024-07-23 11:04:15,500 [INFO] ThirdParty:1030 - CMSIS Pack Vendor :SEGGER I-CUBE-embOS 1.3.1
2024-07-23 11:04:15,500 [INFO] ThirdParty:1030 - CMSIS Pack Vendor :STMicroelectronics X-CUBE-ALGOBUILD 1.4.0
2024-07-23 11:04:15,500 [INFO] ThirdParty:1030 - CMSIS Pack Vendor :STMicroelectronics FP-SNS-MOTENV1 5.0.0
2024-07-23 11:04:15,500 [INFO] ThirdParty:1030 - CMSIS Pack Vendor :STMicroelectronics USB_DEVICE 1.0.0
2024-07-23 11:04:15,500 [INFO] ThirdParty:1030 - CMSIS Pack Vendor :STMicroelectronics X-CUBE-AZRTOS-H7RS 1.0.0
2024-07-23 11:04:15,500 [INFO] ThirdParty:1030 - CMSIS Pack Vendor :wolfSSL I-CUBE-wolfMQTT 1.19.0
2024-07-23 11:04:15,500 [INFO] ThirdParty:1030 - CMSIS Pack Vendor :STMicroelectronics X-CUBE-AZRTOS-L4 2.0.0
2024-07-23 11:04:15,501 [INFO] ThirdParty:1030 - CMSIS Pack Vendor :STMicroelectronics ThreadX 0.0.2
2024-07-23 11:04:15,501 [INFO] ThirdParty:1030 - CMSIS Pack Vendor :WES I-CUBE-Cesium 1.3.0
2024-07-23 11:04:15,501 [INFO] ThirdParty:1030 - CMSIS Pack Vendor :STMicroelectronics FP-ATR-ASTRA1 2.0.0
2024-07-23 11:04:15,501 [INFO] ThirdParty:1030 - CMSIS Pack Vendor :STMicroelectronics lwIP 2.1.2
2024-07-23 11:04:15,501 [INFO] ThirdParty:1030 - CMSIS Pack Vendor :STMicroelectronics X-CUBE-SFXS2LP1 4.0.0
2024-07-23 11:04:15,501 [INFO] ThirdParty:1030 - CMSIS Pack Vendor :STMicroelectronics X-CUBE-BLE2 3.3.0
2024-07-23 11:04:15,501 [INFO] ThirdParty:1030 - CMSIS Pack Vendor :STMicroelectronics X-CUBE-TOF1 3.4.1
2024-07-23 11:04:15,501 [INFO] ThirdParty:1030 - CMSIS Pack Vendor :STMicroelectronics X-CUBE-AZRTOS-H7 3.2.0
2024-07-23 11:04:15,502 [INFO] ThirdParty:1030 - CMSIS Pack Vendor :Infineon AIROC-Wi-Fi-Bluetooth-STM32 1.6.0
2024-07-23 11:04:15,502 [INFO] ThirdParty:1030 - CMSIS Pack Vendor :STMicroelectronics PDM2PCM 3.2.0
2024-07-23 11:04:15,502 [INFO] ThirdParty:1030 - CMSIS Pack Vendor :wolfSSL I-CUBE-wolfSSH 1.4.17
2024-07-23 11:04:15,502 [INFO] ThirdParty:841 - exiting critical section [change project]
2024-07-23 11:04:15,702 [INFO] PinOutPanel:1561 - setPackage(No Configuration,No Configuration)
2024-07-23 11:04:15,703 [INFO] PinOutPanel:1561 - setPackage(STM32L053C8Tx,LQFP48)
2024-07-23 11:04:15,931 [INFO] UtilMem:75 - Before build in PCC Used Memory: 683573008 Bytes (1073741824)
2024-07-23 11:04:16,201 [INFO] UserBatteryFile:101 - Battery_LiPo 3500.0 0.0 3.7 0.0 0.0
2024-07-23 11:04:16,296 [INFO] UtilMem:75 - After build in PCC Used Memory: 735475472 Bytes (1073741824)
2024-07-23 11:04:16,324 [INFO] IPUIPlugin:80 - create IPUIPlugin
2024-07-23 11:04:16,324 [INFO] IPUIPlugin:80 - create IPUIPlugin
2024-07-23 11:04:16,325 [INFO] IPUIPlugin:80 - create IPUIPlugin
2024-07-23 11:04:16,325 [INFO] IPUIPlugin:80 - create IPUIPlugin
2024-07-23 11:04:16,325 [INFO] IPUIPlugin:80 - create IPUIPlugin
2024-07-23 11:04:16,325 [INFO] IPUIPlugin:80 - create IPUIPlugin
2024-07-23 11:04:16,325 [INFO] IPUIPlugin:80 - create IPUIPlugin
2024-07-23 11:04:16,326 [INFO] IPUIPlugin:80 - create IPUIPlugin
2024-07-23 11:04:16,326 [INFO] IPUIPlugin:80 - create IPUIPlugin
2024-07-23 11:04:16,326 [INFO] IPUIPlugin:80 - create IPUIPlugin
2024-07-23 11:04:16,326 [INFO] IPUIPlugin:80 - create IPUIPlugin
2024-07-23 11:04:16,326 [INFO] IPUIPlugin:80 - create IPUIPlugin
2024-07-23 11:04:16,326 [INFO] IPUIPlugin:80 - create IPUIPlugin
2024-07-23 11:04:16,326 [INFO] IPUIPlugin:80 - create IPUIPlugin
2024-07-23 11:04:16,327 [INFO] IPUIPlugin:80 - create IPUIPlugin
2024-07-23 11:04:16,327 [INFO] IPUIPlugin:80 - create IPUIPlugin
2024-07-23 11:04:16,327 [INFO] IPUIPlugin:80 - create IPUIPlugin
2024-07-23 11:04:16,327 [INFO] IPUIPlugin:80 - create IPUIPlugin
2024-07-23 11:04:16,327 [INFO] IPUIPlugin:80 - create IPUIPlugin
2024-07-23 11:04:16,328 [INFO] IPUIPlugin:80 - create IPUIPlugin
2024-07-23 11:04:16,328 [INFO] IPUIPlugin:80 - create IPUIPlugin
2024-07-23 11:04:16,328 [INFO] IPUIPlugin:80 - create IPUIPlugin
2024-07-23 11:04:16,328 [INFO] IPUIPlugin:80 - create IPUIPlugin
2024-07-23 11:04:16,328 [INFO] IPUIPlugin:80 - create IPUIPlugin
2024-07-23 11:04:16,329 [INFO] IPUIPlugin:80 - create IPUIPlugin
2024-07-23 11:04:16,329 [INFO] IPUIPlugin:80 - create IPUIPlugin
2024-07-23 11:04:16,329 [INFO] IPUIPlugin:80 - create IPUIPlugin
2024-07-23 11:04:16,329 [INFO] IPUIPlugin:80 - create IPUIPlugin
2024-07-23 11:04:16,330 [INFO] IPUIPlugin:80 - create IPUIPlugin
2024-07-23 11:04:16,330 [INFO] IPUIPlugin:80 - create IPUIPlugin
2024-07-23 11:04:16,330 [INFO] IPUIPlugin:80 - create IPUIPlugin
2024-07-23 11:04:16,330 [INFO] IPUIPlugin:80 - create IPUIPlugin
2024-07-23 11:04:16,331 [INFO] IPUIPlugin:80 - create IPUIPlugin
2024-07-23 11:04:16,331 [INFO] IPUIPlugin:80 - create IPUIPlugin
2024-07-23 11:04:16,407 [INFO] CADModel:165 - CPN selected for project levelSTM32L053C8T6
2024-07-23 11:04:16,408 [INFO] CADModel:114 - Register for checkConnection events
2024-07-23 11:04:16,463 [INFO] OpenFileManager:343 - Restore cursor
2024-07-23 11:04:24,708 [INFO] UtilMem:75 - End SaveConfig() Used Memory: 694658560 Bytes (1073741824)
2024-07-23 11:04:25,888 [INFO] UtilMem:75 - End SaveConfig() Used Memory: 719102864 Bytes (1073741824)
2024-07-23 11:04:27,056 [INFO] UtilMem:75 - End SaveConfig() Used Memory: 763864576 Bytes (1073741824)
2024-07-23 11:04:27,299 [INFO] BlockDiagram:2759 - set Specific Code input for plugin: SPI
2024-07-23 11:04:27,299 [INFO] BlockDiagram:2759 - set Specific Code input for plugin: NVIC
2024-07-23 11:04:27,299 [INFO] BlockDiagram:2759 - set Specific Code input for plugin: USART
2024-07-23 11:04:27,299 [INFO] BlockDiagram:2759 - set Specific Code input for plugin: USART
2024-07-23 11:04:27,299 [INFO] BlockDiagram:2759 - set Specific Code input for plugin: SYS
2024-07-23 11:04:27,299 [INFO] BlockDiagram:2759 - set Specific Code input for plugin: GPIO
2024-07-23 11:04:27,299 [INFO] BlockDiagram:2759 - set Specific Code input for plugin: RCC
2024-07-23 11:04:27,299 [INFO] BlockDiagram:2759 - set Specific Code input for plugin: I2C
2024-07-23 11:04:27,300 [INFO] CodeGenerator:807 - code generatio: config db path: C:\ST\STM32CubeIDE_1.15.1\STM32CubeIDE\plugins\com.st.stm32cube.common.mx_6.11.1.202404110753\\db\
2024-07-23 11:04:27,438 [INFO] CodeEngine:255 - oldGeneratedFile, D:\Projetos\Firmware\firmware\Mainboard MonoChip\MXTmpFiles\license.tmp_save
2024-07-23 11:04:27,555 [INFO] CodeEngine:279 - Generated code: D:\Projetos\Firmware\firmware\Mainboard MonoChip\MXTmpFiles\license.tmp
2024-07-23 11:04:27,646 [INFO] CodeEngine:255 - oldGeneratedFile, D:\Projetos\Firmware\firmware\Mainboard MonoChip\MXTmpFiles\gpio.tmp_save
2024-07-23 11:04:27,774 [INFO] CodeEngine:279 - Generated code: D:\Projetos\Firmware\firmware\Mainboard MonoChip\MXTmpFiles\gpio.tmp
2024-07-23 11:04:28,171 [INFO] CodeEngine:255 - oldGeneratedFile, D:\Projetos\Firmware\firmware\Mainboard MonoChip\Core\Src\stm32l0xx_it.c_save
2024-07-23 11:04:28,297 [INFO] CodeEngine:279 - Generated code: D:\Projetos\Firmware\firmware\Mainboard MonoChip\Core\Src\stm32l0xx_it.c
2024-07-23 11:04:28,302 [INFO] CodeEngine:255 - oldGeneratedFile, D:\Projetos\Firmware\firmware\Mainboard MonoChip\Core\Inc\stm32l0xx_it.h_save
2024-07-23 11:04:28,385 [INFO] CodeEngine:279 - Generated code: D:\Projetos\Firmware\firmware\Mainboard MonoChip\Core\Inc\stm32l0xx_it.h
2024-07-23 11:04:28,412 [INFO] CodeEngine:255 - oldGeneratedFile, D:\Projetos\Firmware\firmware\Mainboard MonoChip\Core\Src\stm32l0xx_hal_msp.c_save
2024-07-23 11:04:28,552 [INFO] CodeEngine:279 - Generated code: D:\Projetos\Firmware\firmware\Mainboard MonoChip\Core\Src\stm32l0xx_hal_msp.c
2024-07-23 11:04:28,557 [INFO] CodeEngine:255 - oldGeneratedFile, D:\Projetos\Firmware\firmware\Mainboard MonoChip\MXTmpFiles\system.tmp_save
2024-07-23 11:04:28,630 [INFO] CodeEngine:279 - Generated code: D:\Projetos\Firmware\firmware\Mainboard MonoChip\MXTmpFiles\system.tmp
2024-07-23 11:04:28,651 [INFO] CodeEngine:311 - oldGeneratedFile, D:\Projetos\Firmware\firmware\Mainboard MonoChip\Core\Inc\stm32l0xx_hal_conf.h_save
2024-07-23 11:04:28,767 [INFO] CodeEngine:335 - Generated code: D:\Projetos\Firmware\firmware\Mainboard MonoChip\Core\Inc\stm32l0xx_hal_conf.h
2024-07-23 11:04:28,813 [INFO] CodeEngine:255 - oldGeneratedFile, D:\Projetos\Firmware\firmware\Mainboard MonoChip\Core\Inc\main.h_save
2024-07-23 11:04:28,927 [INFO] CodeEngine:279 - Generated code: D:\Projetos\Firmware\firmware\Mainboard MonoChip\Core\Inc\main.h
2024-07-23 11:04:28,944 [INFO] CodeEngine:255 - oldGeneratedFile, D:\Projetos\Firmware\firmware\Mainboard MonoChip\Core\Src\main.c_save
2024-07-23 11:04:29,094 [INFO] CodeEngine:279 - Generated code: D:\Projetos\Firmware\firmware\Mainboard MonoChip\Core\Src\main.c
2024-07-23 11:04:29,456 [INFO] ProjectBuilder:3163 - Time for Copy HAL[1] : 177mS.
2024-07-23 11:04:29,461 [INFO] ProjectBuilder:4736 - Project Generator version: 4.3.0-B58
2024-07-23 11:04:29,546 [INFO] ConfigFileManager:1503 - The Die is : DIE417
2024-07-23 11:04:29,549 [INFO] ApiDbMcu:508 - Load IP Config File for FATFS
2024-07-23 11:04:29,552 [INFO] ApiDbMcu:508 - Load IP Config File for FREERTOS
2024-07-23 11:04:29,565 [INFO] ApiDbMcu:508 - Load IP Config File for TOUCHSENSING
2024-07-23 11:04:29,570 [INFO] ApiDbMcu:508 - Load IP Config File for USB_DEVICE
2024-07-23 11:04:30,820 [INFO] ProjectBuilder:5002 - Time for Generating toolchain IDE Files: 1359mS.
2024-07-23 11:04:30,821 [INFO] ProjectBuilder:3034 - Time for Copy CMSIS : 1mS.
2024-07-23 11:04:30,826 [INFO] ProjectBuilder:3034 - Time for Copy CMSIS : 0mS.
2024-07-23 11:04:45,245 [INFO] I2cTimingTraitement:330 - 0x00100413
2024-07-23 11:04:49,634 [INFO] I2cTimingTraitement:330 - 0x00401242
2024-07-23 11:04:51,100 [INFO] I2cTimingTraitement:330 - 0x00401242
2024-07-23 11:05:03,314 [INFO] I2cTimingTraitement:330 - 0x00100413
2024-07-23 11:05:06,366 [INFO] UtilMem:75 - End SaveConfig() Used Memory: 807337712 Bytes (1073741824)
2024-07-23 11:05:07,466 [INFO] UtilMem:75 - End SaveConfig() Used Memory: 825337208 Bytes (1073741824)
2024-07-23 11:05:08,628 [INFO] UtilMem:75 - End SaveConfig() Used Memory: 869019360 Bytes (1073741824)
2024-07-23 11:05:08,765 [INFO] BlockDiagram:2759 - set Specific Code input for plugin: SPI
2024-07-23 11:05:08,765 [INFO] BlockDiagram:2759 - set Specific Code input for plugin: NVIC
2024-07-23 11:05:08,765 [INFO] BlockDiagram:2759 - set Specific Code input for plugin: USART
2024-07-23 11:05:08,765 [INFO] BlockDiagram:2759 - set Specific Code input for plugin: USART
2024-07-23 11:05:08,765 [INFO] BlockDiagram:2759 - set Specific Code input for plugin: SYS
2024-07-23 11:05:08,765 [INFO] BlockDiagram:2759 - set Specific Code input for plugin: GPIO
2024-07-23 11:05:08,766 [INFO] BlockDiagram:2759 - set Specific Code input for plugin: RCC
2024-07-23 11:05:08,766 [INFO] BlockDiagram:2759 - set Specific Code input for plugin: I2C
2024-07-23 11:05:08,766 [INFO] CodeGenerator:807 - code generatio: config db path: C:\ST\STM32CubeIDE_1.15.1\STM32CubeIDE\plugins\com.st.stm32cube.common.mx_6.11.1.202404110753\\db\
2024-07-23 11:05:08,937 [INFO] CodeEngine:255 - oldGeneratedFile, D:\Projetos\Firmware\firmware\Mainboard MonoChip\MXTmpFiles\license.tmp_save
2024-07-23 11:05:09,070 [INFO] CodeEngine:279 - Generated code: D:\Projetos\Firmware\firmware\Mainboard MonoChip\MXTmpFiles\license.tmp
2024-07-23 11:05:09,141 [INFO] CodeEngine:255 - oldGeneratedFile, D:\Projetos\Firmware\firmware\Mainboard MonoChip\MXTmpFiles\gpio.tmp_save
2024-07-23 11:05:09,244 [INFO] CodeEngine:279 - Generated code: D:\Projetos\Firmware\firmware\Mainboard MonoChip\MXTmpFiles\gpio.tmp
2024-07-23 11:05:09,629 [INFO] CodeEngine:255 - oldGeneratedFile, D:\Projetos\Firmware\firmware\Mainboard MonoChip\Core\Src\stm32l0xx_it.c_save
2024-07-23 11:05:09,755 [INFO] CodeEngine:279 - Generated code: D:\Projetos\Firmware\firmware\Mainboard MonoChip\Core\Src\stm32l0xx_it.c
2024-07-23 11:05:09,764 [INFO] CodeEngine:255 - oldGeneratedFile, D:\Projetos\Firmware\firmware\Mainboard MonoChip\Core\Inc\stm32l0xx_it.h_save
2024-07-23 11:05:09,842 [INFO] CodeEngine:279 - Generated code: D:\Projetos\Firmware\firmware\Mainboard MonoChip\Core\Inc\stm32l0xx_it.h
2024-07-23 11:05:09,866 [INFO] CodeEngine:255 - oldGeneratedFile, D:\Projetos\Firmware\firmware\Mainboard MonoChip\Core\Src\stm32l0xx_hal_msp.c_save
2024-07-23 11:05:10,012 [INFO] CodeEngine:279 - Generated code: D:\Projetos\Firmware\firmware\Mainboard MonoChip\Core\Src\stm32l0xx_hal_msp.c
2024-07-23 11:05:10,017 [INFO] CodeEngine:255 - oldGeneratedFile, D:\Projetos\Firmware\firmware\Mainboard MonoChip\MXTmpFiles\system.tmp_save
2024-07-23 11:05:10,095 [INFO] CodeEngine:279 - Generated code: D:\Projetos\Firmware\firmware\Mainboard MonoChip\MXTmpFiles\system.tmp
2024-07-23 11:05:10,118 [INFO] CodeEngine:311 - oldGeneratedFile, D:\Projetos\Firmware\firmware\Mainboard MonoChip\Core\Inc\stm32l0xx_hal_conf.h_save
2024-07-23 11:05:10,250 [INFO] CodeEngine:335 - Generated code: D:\Projetos\Firmware\firmware\Mainboard MonoChip\Core\Inc\stm32l0xx_hal_conf.h
2024-07-23 11:05:10,304 [INFO] CodeEngine:255 - oldGeneratedFile, D:\Projetos\Firmware\firmware\Mainboard MonoChip\Core\Inc\main.h_save
2024-07-23 11:05:10,388 [INFO] CodeEngine:279 - Generated code: D:\Projetos\Firmware\firmware\Mainboard MonoChip\Core\Inc\main.h
2024-07-23 11:05:10,403 [INFO] CodeEngine:255 - oldGeneratedFile, D:\Projetos\Firmware\firmware\Mainboard MonoChip\Core\Src\main.c_save
2024-07-23 11:05:10,572 [INFO] CodeEngine:279 - Generated code: D:\Projetos\Firmware\firmware\Mainboard MonoChip\Core\Src\main.c
2024-07-23 11:05:10,968 [INFO] ProjectBuilder:3163 - Time for Copy HAL[1] : 179mS.
2024-07-23 11:05:10,973 [INFO] ProjectBuilder:4736 - Project Generator version: 4.3.0-B58
2024-07-23 11:05:11,066 [INFO] ConfigFileManager:1503 - The Die is : DIE417
2024-07-23 11:05:12,415 [INFO] ProjectBuilder:5002 - Time for Generating toolchain IDE Files: 1442mS.
2024-07-23 11:05:12,416 [INFO] ProjectBuilder:3034 - Time for Copy CMSIS : 1mS.
2024-07-23 11:05:12,420 [INFO] ProjectBuilder:3034 - Time for Copy CMSIS : 0mS.
2024-07-23 11:05:52,690 [INFO] MainUpdater:2873 - connection check result : 10
2024-07-23 11:05:52,690 [INFO] MainUpdater:2873 - connection check result : 10
2024-07-23 11:05:52,776 [INFO] I2cTimingTraitement:330 - 0x00100413
2024-07-23 11:05:52,778 [INFO] MicroXplorer:468 - Change Database Path : 
2024-07-23 11:05:52,778 [INFO] MicroXplorer:498 - Change Database Version : DB.6.0.111
2024-07-23 11:05:52,787 [ERROR] ProjectManagerView:394 - 
java.lang.NullPointerException: Cannot invoke "javax.swing.JTextField.getText()" because the return value of "java.util.List.get(int)" is null
	at com.st.microxplorer.plugins.projectmanager.gui.ProjectChoiceTab$10.caretUpdate(ProjectChoiceTab.java:2504) ~[filemanager.jar:?]
	at javax.swing.text.JTextComponent.fireCaretUpdate(JTextComponent.java:412) ~[?:?]
	at javax.swing.text.JTextComponent$MutableCaretEvent.fire(JTextComponent.java:4491) ~[?:?]
	at javax.swing.text.JTextComponent$MutableCaretEvent.stateChanged(JTextComponent.java:4513) ~[?:?]
	at javax.swing.text.DefaultCaret.fireStateChanged(DefaultCaret.java:842) ~[?:?]
	at javax.swing.text.DefaultCaret.changeCaretPosition(DefaultCaret.java:1313) ~[?:?]
	at javax.swing.text.DefaultCaret.handleSetDot(DefaultCaret.java:1212) ~[?:?]
	at javax.swing.text.DefaultCaret.setDot(DefaultCaret.java:1193) ~[?:?]
	at javax.swing.text.DefaultCaret$Handler.insertUpdate(DefaultCaret.java:1789) ~[?:?]
	at javax.swing.text.AbstractDocument.fireInsertUpdate(AbstractDocument.java:226) ~[?:?]
	at javax.swing.text.AbstractDocument.handleInsertString(AbstractDocument.java:780) ~[?:?]
	at javax.swing.text.AbstractDocument.insertString(AbstractDocument.java:739) ~[?:?]
	at javax.swing.text.PlainDocument.insertString(PlainDocument.java:131) ~[?:?]
	at javax.swing.text.AbstractDocument.replace(AbstractDocument.java:698) ~[?:?]
	at javax.swing.text.JTextComponent.setText(JTextComponent.java:1729) ~[?:?]
	at com.st.microxplorer.plugins.projectmanager.gui.ProjectChoiceTab.createHeapStackFields(ProjectChoiceTab.java:944) ~[filemanager.jar:?]
	at com.st.microxplorer.plugins.projectmanager.gui.ProjectChoiceTab.buildLinkSettingsPanel(ProjectChoiceTab.java:3475) ~[filemanager.jar:?]
	at com.st.microxplorer.plugins.projectmanager.gui.ProjectChoiceTab.defineWindowsFields(ProjectChoiceTab.java:1816) ~[filemanager.jar:?]
	at com.st.microxplorer.plugins.projectmanager.gui.ProjectChoiceTab.updateSettings(ProjectChoiceTab.java:544) ~[filemanager.jar:?]
	at com.st.microxplorer.plugins.projectmanager.gui.ProjectSettingsPanel.UpdateDialog(ProjectSettingsPanel.java:245) ~[filemanager.jar:?]
	at com.st.microxplorer.plugins.projectmanager.ProjectManagerView.propertyChange(ProjectManagerView.java:391) ~[filemanager.jar:?]
	at java.beans.PropertyChangeSupport.fire(PropertyChangeSupport.java:343) ~[?:?]
	at java.beans.PropertyChangeSupport.firePropertyChange(PropertyChangeSupport.java:335) ~[?:?]
	at java.beans.PropertyChangeSupport.firePropertyChange(PropertyChangeSupport.java:268) ~[?:?]
	at com.st.microxplorer.util.MXPropertyChangeSupport.firePropertyChange(MXPropertyChangeSupport.java:54) ~[STM32CubeMX.jar:?]
	at com.st.microxplorer.mxsystem.MxSystem.closeConfig(MxSystem.java:900) ~[STM32CubeMX.jar:?]
	at com.st.microxplorer.maingui.MainPanel.closeConfig(MainPanel.java:776) ~[STM32CubeMX.jar:?]
	at com.st.microxplorer.plugins.filemanager.engine.OpenFileManager.loadConfigurationFile(OpenFileManager.java:245) ~[filemanager.jar:?]
	at com.st.microxplorer.plugins.filemanager.engine.MainFileManager.userLoadConfig(MainFileManager.java:315) ~[filemanager.jar:?]
	at com.st.microxplorer.plugins.filemanager.engine.MainFileManager.userLoadConfig(MainFileManager.java:293) ~[filemanager.jar:?]
	at com.st.microxplorer.plugins.filemanager.FileManagerView.getSpecificTask(FileManagerView.java:247) ~[filemanager.jar:?]
	at com.st.stm32cube.common.mx.editor.CubeMxEditor.getMxTabbedPaneInstance(CubeMxEditor.java:1198) ~[com.st.stm32cube.common.mx_6.11.1.202404110753/:?]
	at com.st.stm32cube.common.mx.editor.CubeMxEditor$12$1.createSwingComponent(CubeMxEditor.java:1068) ~[com.st.stm32cube.common.mx_6.11.1.202404110753/:?]
	at com.st.stm32cube.common.mx.oss.core.awtswtbridge.EmbeddedSwingComposite.doComponentCreation(EmbeddedSwingComposite.java:492) ~[com.st.stm32cube.common.mx.oss_6.11.1.202404110753/:?]
	at com.st.stm32cube.common.mx.oss.core.awtswtbridge.EmbeddedSwingComposite$4.run(EmbeddedSwingComposite.java:291) ~[com.st.stm32cube.common.mx.oss_6.11.1.202404110753/:?]
	at com.st.stm32cube.common.mx.oss.core.awtswtbridge.AwtEnvironment$2.run(AwtEnvironment.java:166) ~[com.st.stm32cube.common.mx.oss_6.11.1.202404110753/:?]
	at java.awt.event.InvocationEvent.dispatch(InvocationEvent.java:318) ~[?:?]
	at java.awt.EventQueue.dispatchEventImpl(EventQueue.java:773) ~[?:?]
	at java.awt.EventQueue$4.run(EventQueue.java:720) ~[?:?]
	at java.awt.EventQueue$4.run(EventQueue.java:714) ~[?:?]
	at java.security.AccessController.doPrivileged(AccessController.java:399) ~[?:?]
	at java.security.ProtectionDomain$JavaSecurityAccessImpl.doIntersectionPrivilege(ProtectionDomain.java:86) ~[?:?]
	at java.awt.EventQueue.dispatchEvent(EventQueue.java:742) ~[?:?]
	at java.awt.EventDispatchThread.pumpOneEventForFilters(EventDispatchThread.java:203) ~[?:?]
	at java.awt.EventDispatchThread.pumpEventsForFilter(EventDispatchThread.java:124) ~[?:?]
	at java.awt.EventDispatchThread.pumpEventsForHierarchy(EventDispatchThread.java:113) ~[?:?]
	at java.awt.EventDispatchThread.pumpEvents(EventDispatchThread.java:109) ~[?:?]
	at java.awt.EventDispatchThread.pumpEvents(EventDispatchThread.java:101) ~[?:?]
	at java.awt.EventDispatchThread.run(EventDispatchThread.java:90) ~[?:?]
2024-07-23 11:05:52,788 [WARN] ThirdParty:871 - waiting for thirdparty lock release [close project]
2024-07-23 11:05:52,788 [INFO] ThirdParty:873 - entering critical section [close project]
2024-07-23 11:05:52,788 [INFO] ThirdParty:883 - exiting critical section [close project]
2024-07-23 11:05:52,790 [INFO] PinOutPanel:1561 - setPackage(No Configuration,No Configuration)
2024-07-23 11:05:52,792 [INFO] UtilMem:75 - Begin LoadConfig() Used Memory: 806184448 Bytes (1073741824)
2024-07-23 11:05:52,793 [INFO] MicroXplorer:468 - Change Database Path : 
2024-07-23 11:05:52,793 [INFO] MicroXplorer:498 - Change Database Version : DB.6.0.111
2024-07-23 11:05:52,793 [INFO] OpenFileManager:312 - Change cursor
2024-07-23 11:05:52,802 [INFO] RulesReader:64 - Compatibility file has been processed (297 Rules)
2024-07-23 11:05:52,805 [INFO] Mcu:2021 - Initializing MCU STM32L053C(6-8)Tx STM32L053C8Tx STM32L053C8T6
2024-07-23 11:05:53,639 [INFO] Context:663 - Trying to add GPIOservice into a context  which must be forbidden
2024-07-23 11:05:54,200 [INFO] RtosManager:555 - Registered RTOS mode: class=CMSIS, group=RTOS, mode=CMSIS_V1, owner=FREERTOS
2024-07-23 11:05:54,200 [INFO] RtosManager:555 - Registered RTOS mode: class=CMSIS, group=RTOS2, mode=CMSIS_V2, owner=FREERTOS
2024-07-23 11:05:54,200 [INFO] RtosManager:555 - Registered RTOS mode: class=RTOS, group=Core, mode=CMSIS_V1, owner=FREERTOS
2024-07-23 11:05:54,200 [INFO] RtosManager:555 - Registered RTOS mode: class=RTOS, group=Core, mode=CMSIS_V2, owner=FREERTOS
2024-07-23 11:05:54,200 [WARN] ModelIntegratedComponent:184 - Missing modes for component STMicroelectronics:FreeRTOS:0.0.1:STMicroelectronics:RTOS:FreeRTOS:Core:::10.2.0:
2024-07-23 11:05:54,207 [WARN] ModelIntegratedComponent:63 - No mode defined for component null
2024-07-23 11:05:54,208 [WARN] ModelIntegratedComponent:63 - No mode defined for component null
2024-07-23 11:05:54,208 [WARN] ModelIntegratedComponent:63 - No mode defined for component null
2024-07-23 11:05:54,208 [WARN] ModelIntegratedComponent:63 - No mode defined for component null
2024-07-23 11:05:54,208 [WARN] ModelIntegratedComponent:63 - No mode defined for component null
2024-07-23 11:05:54,208 [WARN] ModelIntegratedComponent:63 - No mode defined for component null
2024-07-23 11:05:54,208 [WARN] ModelIntegratedComponent:63 - No mode defined for component null
2024-07-23 11:05:54,208 [WARN] ModelIntegratedComponent:63 - No mode defined for component null
2024-07-23 11:05:54,208 [WARN] ModelIntegratedComponent:63 - No mode defined for component null
2024-07-23 11:05:54,208 [WARN] ModelIntegratedComponent:63 - No mode defined for component null
2024-07-23 11:05:54,208 [WARN] ModelIntegratedComponent:63 - No mode defined for component null
2024-07-23 11:05:54,208 [WARN] ModelIntegratedComponent:63 - No mode defined for component null
2024-07-23 11:05:54,208 [WARN] ModelIntegratedComponent:63 - No mode defined for component null
2024-07-23 11:05:54,208 [WARN] ModelIntegratedComponent:63 - No mode defined for component null
2024-07-23 11:05:54,208 [WARN] ModelIntegratedComponent:63 - No mode defined for component null
2024-07-23 11:05:54,208 [WARN] ModelIntegratedComponent:63 - No mode defined for component null
2024-07-23 11:05:54,208 [WARN] ModelIntegratedComponent:63 - No mode defined for component null
2024-07-23 11:05:54,208 [WARN] ModelIntegratedComponent:63 - No mode defined for component null
2024-07-23 11:05:54,208 [WARN] ModelIntegratedComponent:63 - No mode defined for component null
2024-07-23 11:05:54,209 [WARN] ModelIntegratedComponent:63 - No mode defined for component null
2024-07-23 11:05:54,209 [WARN] ModelIntegratedComponent:63 - No mode defined for component null
2024-07-23 11:05:54,209 [WARN] ModelIntegratedComponent:63 - No mode defined for component null
2024-07-23 11:05:54,209 [WARN] ModelIntegratedComponent:63 - No mode defined for component null
2024-07-23 11:05:54,209 [WARN] ModelIntegratedComponent:63 - No mode defined for component null
2024-07-23 11:05:54,209 [WARN] ModelIntegratedComponent:63 - No mode defined for component null
2024-07-23 11:05:54,209 [WARN] ModelIntegratedComponent:63 - No mode defined for component null
2024-07-23 11:05:54,209 [WARN] ModelIntegratedComponent:63 - No mode defined for component null
2024-07-23 11:05:54,209 [WARN] ModelIntegratedComponent:63 - No mode defined for component null
2024-07-23 11:05:54,209 [WARN] ModelIntegratedComponent:63 - No mode defined for component null
2024-07-23 11:05:54,209 [WARN] ModelIntegratedComponent:63 - No mode defined for component null
2024-07-23 11:05:54,209 [WARN] ModelIntegratedComponent:63 - No mode defined for component null
2024-07-23 11:05:54,209 [WARN] ModelIntegratedComponent:63 - No mode defined for component null
2024-07-23 11:05:54,209 [WARN] ModelIntegratedComponent:63 - No mode defined for component null
2024-07-23 11:05:54,209 [WARN] ModelIntegratedComponent:63 - No mode defined for component null
2024-07-23 11:05:54,324 [INFO] ThirdPartyModel:298 - Start build external matchings
2024-07-23 11:05:54,635 [INFO] ThirdPartyModel:316 - End build external matchings
2024-07-23 11:05:54,643 [INFO] ImportTextPane:194 - (OptionalMessage_ERROR) IP (RCC) : Parameter (48USBFreq_Value) has invalid value (32000000)
2024-07-23 11:05:54,644 [INFO] ImportTextPane:194 - (OptionalMessage_ERROR) IP (RCC) : Invalid parameter (FamilyName)
2024-07-23 11:05:54,644 [INFO] ImportTextPane:194 - (OptionalMessage_ERROR) IP (RCC) : Parameter (RTCHSEDivFreq_Value) has invalid value (12500000)
2024-07-23 11:05:54,645 [INFO] ImportTextPane:194 - (OptionalMessage_ERROR) IP (RCC) : Invalid parameter (TIMFreq_Value)
2024-07-23 11:05:54,793 [INFO] UtilMem:75 - End LoadConfig() Used Memory: 863868808 Bytes (1073741824)
2024-07-23 11:05:54,832 [WARN] ThirdParty:833 - waiting for thirdparty lock release [change project]
2024-07-23 11:05:54,832 [INFO] ThirdParty:835 - entering critical section [change project]
2024-07-23 11:05:54,832 [INFO] ThirdParty:1030 - CMSIS Pack Vendor :STMicroelectronics USBPD 4.1
2024-07-23 11:05:54,832 [INFO] ThirdParty:1030 - CMSIS Pack Vendor :STMicroelectronics X-CUBE-GNSS1 6.0.0
2024-07-23 11:05:54,832 [INFO] ThirdParty:1030 - CMSIS Pack Vendor :STMicroelectronics USB_HOST 2.0.0
2024-07-23 11:05:54,832 [INFO] ThirdParty:1030 - CMSIS Pack Vendor :STMicroelectronics FP-SNS-MOTENVWB1 1.4.0
2024-07-23 11:05:54,832 [INFO] ThirdParty:1030 - CMSIS Pack Vendor :STMicroelectronics X-CUBE-AZRTOS-F4 1.1.0
2024-07-23 11:05:54,832 [INFO] ThirdParty:1030 - CMSIS Pack Vendor :STMicroelectronics LIBJPEG 8.0.0
2024-07-23 11:05:54,832 [INFO] ThirdParty:1030 - CMSIS Pack Vendor :STMicroelectronics X-CUBE-SMBUS 2.1.0
2024-07-23 11:05:54,832 [INFO] ThirdParty:1030 - CMSIS Pack Vendor :STMicroelectronics USB_DEVICE 3.0.0
2024-07-23 11:05:54,832 [INFO] ThirdParty:1030 - CMSIS Pack Vendor :STMicroelectronics X-CUBE-TCPP 4.1.0
2024-07-23 11:05:54,832 [INFO] ThirdParty:1030 - CMSIS Pack Vendor :STMicroelectronics X-CUBE-FREERTOS 1.2.0
2024-07-23 11:05:54,832 [INFO] ThirdParty:1030 - CMSIS Pack Vendor :STMicroelectronics X-CUBE-AZRTOS-WB 2.0.0
2024-07-23 11:05:54,832 [INFO] ThirdParty:1030 - CMSIS Pack Vendor :STMicroelectronics X-CUBE-TOUCHGFX 4.23.2
2024-07-23 11:05:54,832 [INFO] ThirdParty:1030 - CMSIS Pack Vendor :STMicroelectronics X-CUBE-AZRTOS-F7 1.1.0
2024-07-23 11:05:54,833 [INFO] ThirdParty:1030 - CMSIS Pack Vendor :STMicroelectronics X-CUBE-AZRTOS-L5 2.0.0
2024-07-23 11:05:54,833 [INFO] ThirdParty:1030 - CMSIS Pack Vendor :STMicroelectronics USB_DEVICE 2.0.0
2024-07-23 11:05:54,833 [INFO] ThirdParty:1030 - CMSIS Pack Vendor :STMicroelectronics X-CUBE-NFC6 3.1.0
2024-07-23 11:05:54,833 [INFO] ThirdParty:1030 - CMSIS Pack Vendor :STMicroelectronics FP-SNS-STBOX1 2.0.0
2024-07-23 11:05:54,833 [INFO] ThirdParty:1030 - CMSIS Pack Vendor :STMicroelectronics FreeRTOS 0.0.1
2024-07-23 11:05:54,833 [INFO] ThirdParty:1030 - CMSIS Pack Vendor :STMicroelectronics X-CUBE-AZRTOS-G0 1.1.0
2024-07-23 11:05:54,833 [INFO] ThirdParty:1030 - CMSIS Pack Vendor :STMicroelectronics X-CUBE-SAFEA1 1.2.2
2024-07-23 11:05:54,833 [INFO] ThirdParty:1030 - CMSIS Pack Vendor :STMicroelectronics X-CUBE-NFC4 3.0.0
2024-07-23 11:05:54,833 [INFO] ThirdParty:1030 - CMSIS Pack Vendor :STMicroelectronics X-CUBE-DPower 1.2.0
2024-07-23 11:05:54,833 [INFO] ThirdParty:1030 - CMSIS Pack Vendor :STMicroelectronics X-CUBE-SUBG2 5.0.0
2024-07-23 11:05:54,833 [INFO] ThirdParty:1030 - CMSIS Pack Vendor :STMicroelectronics STM32_WPAN 1.0.0
2024-07-23 11:05:54,833 [INFO] ThirdParty:1030 - CMSIS Pack Vendor :wolfSSL I-CUBE-wolfMQTT 1.18.0
2024-07-23 11:05:54,833 [INFO] ThirdParty:1030 - CMSIS Pack Vendor :EmbeddedOffice I-CUBE-FS-RTOS 1.0.1
2024-07-23 11:05:54,833 [INFO] ThirdParty:1030 - CMSIS Pack Vendor :STMicroelectronics lwIP 2.0.3
2024-07-23 11:05:54,834 [INFO] ThirdParty:1030 - CMSIS Pack Vendor :STMicroelectronics FP-SNS-FLIGHT1 5.0.2
2024-07-23 11:05:54,834 [INFO] ThirdParty:1030 - CMSIS Pack Vendor :STMicroelectronics USB_HOST 1.0.0
2024-07-23 11:05:54,834 [INFO] ThirdParty:1030 - CMSIS Pack Vendor :STMicroelectronics X-CUBE-AI 9.0.0
2024-07-23 11:05:54,834 [INFO] ThirdParty:1030 - CMSIS Pack Vendor :STMicroelectronics X-CUBE-AZRTOS-G4 2.0.0
2024-07-23 11:05:54,834 [INFO] ThirdParty:1030 - CMSIS Pack Vendor :STMicroelectronics PDM2PCM 3.1.0
2024-07-23 11:05:54,834 [INFO] ThirdParty:1030 - CMSIS Pack Vendor :STMicroelectronics PDM2PCM 3.3.0
2024-07-23 11:05:54,834 [INFO] ThirdParty:1030 - CMSIS Pack Vendor :STMicroelectronics X-CUBE-DISPLAY 3.0.0
2024-07-23 11:05:54,834 [INFO] ThirdParty:1030 - CMSIS Pack Vendor :RealThread X-CUBE-RT-Thread_Nano 4.1.1
2024-07-23 11:05:54,834 [INFO] ThirdParty:1030 - CMSIS Pack Vendor :wolfSSL I-CUBE-wolfSSL 5.7.0
2024-07-23 11:05:54,834 [INFO] ThirdParty:1030 - CMSIS Pack Vendor :STMicroelectronics X-CUBE-BLE1 7.0.0
2024-07-23 11:05:54,834 [INFO] ThirdParty:1030 - CMSIS Pack Vendor :STMicroelectronics FP-ATR-SIGFOX1 3.2.0
2024-07-23 11:05:54,834 [INFO] ThirdParty:1030 - CMSIS Pack Vendor :STMicroelectronics X-CUBE-ISPU 2.0.0
2024-07-23 11:05:54,834 [INFO] ThirdParty:1030 - CMSIS Pack Vendor :STMicroelectronics X-CUBE-EEPRMA1 5.1.0
2024-07-23 11:05:54,834 [INFO] ThirdParty:1030 - CMSIS Pack Vendor :STMicroelectronics HAL Drivers 0.0.0
2024-07-23 11:05:54,834 [INFO] ThirdParty:1030 - CMSIS Pack Vendor :STMicroelectronics MBEDTLS 2.16.2
2024-07-23 11:05:54,834 [INFO] ThirdParty:1030 - CMSIS Pack Vendor :STMicroelectronics X-CUBE-ALS 1.0.2
2024-07-23 11:05:54,834 [INFO] ThirdParty:1030 - CMSIS Pack Vendor :emotas I-CUBE-CANOPEN 1.3.0
2024-07-23 11:05:54,835 [INFO] ThirdParty:1030 - CMSIS Pack Vendor :STMicroelectronics X-CUBE-MEMS1 10.0.0
2024-07-23 11:05:54,835 [INFO] ThirdParty:1030 - CMSIS Pack Vendor :STMicroelectronics X-CUBE-NFC7 1.0.1
2024-07-23 11:05:54,835 [INFO] ThirdParty:1030 - CMSIS Pack Vendor :STMicroelectronics MBEDTLS 2.14.1
2024-07-23 11:05:54,835 [INFO] ThirdParty:1030 - CMSIS Pack Vendor :STMicroelectronics X-CUBE-TOUCHGFX 4.24.0
2024-07-23 11:05:54,835 [INFO] ThirdParty:1030 - CMSIS Pack Vendor :ITTIA_DB I-CUBE-ITTIADB 8.9.0
2024-07-23 11:05:54,835 [INFO] ThirdParty:1030 - CMSIS Pack Vendor :wolfSSL I-CUBE-wolfTPM 3.2.0
2024-07-23 11:05:54,835 [INFO] ThirdParty:1030 - CMSIS Pack Vendor :portGmbH I-Cube-SoM-uGOAL 1.1.0
2024-07-23 11:05:54,835 [INFO] ThirdParty:1030 - CMSIS Pack Vendor :STMicroelectronics X-CUBE-ALS 1.0.1
2024-07-23 11:05:54,835 [INFO] ThirdParty:1030 - CMSIS Pack Vendor :STMicroelectronics X-CUBE-BLEMGR 3.1.0
2024-07-23 11:05:54,835 [INFO] ThirdParty:1030 - CMSIS Pack Vendor :STMicroelectronics ThreadX 1.0.0
2024-07-23 11:05:54,835 [INFO] ThirdParty:1030 - CMSIS Pack Vendor :STMicroelectronics FP-SNS-SMARTAG2 1.2.0
2024-07-23 11:05:54,835 [INFO] ThirdParty:1030 - CMSIS Pack Vendor :STMicroelectronics X-CUBE-AZRTOS-WL 2.0.0
2024-07-23 11:05:54,835 [INFO] ThirdParty:1030 - CMSIS Pack Vendor :SEGGER I-CUBE-embOS 1.3.1
2024-07-23 11:05:54,835 [INFO] ThirdParty:1030 - CMSIS Pack Vendor :STMicroelectronics X-CUBE-ALGOBUILD 1.4.0
2024-07-23 11:05:54,835 [INFO] ThirdParty:1030 - CMSIS Pack Vendor :STMicroelectronics FP-SNS-MOTENV1 5.0.0
2024-07-23 11:05:54,836 [INFO] ThirdParty:1030 - CMSIS Pack Vendor :STMicroelectronics USB_DEVICE 1.0.0
2024-07-23 11:05:54,836 [INFO] ThirdParty:1030 - CMSIS Pack Vendor :STMicroelectronics X-CUBE-AZRTOS-H7RS 1.0.0
2024-07-23 11:05:54,836 [INFO] ThirdParty:1030 - CMSIS Pack Vendor :wolfSSL I-CUBE-wolfMQTT 1.19.0
2024-07-23 11:05:54,836 [INFO] ThirdParty:1030 - CMSIS Pack Vendor :STMicroelectronics X-CUBE-AZRTOS-L4 2.0.0
2024-07-23 11:05:54,836 [INFO] ThirdParty:1030 - CMSIS Pack Vendor :STMicroelectronics ThreadX 0.0.2
2024-07-23 11:05:54,836 [INFO] ThirdParty:1030 - CMSIS Pack Vendor :WES I-CUBE-Cesium 1.3.0
2024-07-23 11:05:54,836 [INFO] ThirdParty:1030 - CMSIS Pack Vendor :STMicroelectronics FP-ATR-ASTRA1 2.0.0
2024-07-23 11:05:54,836 [INFO] ThirdParty:1030 - CMSIS Pack Vendor :STMicroelectronics lwIP 2.1.2
2024-07-23 11:05:54,836 [INFO] ThirdParty:1030 - CMSIS Pack Vendor :STMicroelectronics X-CUBE-SFXS2LP1 4.0.0
2024-07-23 11:05:54,836 [INFO] ThirdParty:1030 - CMSIS Pack Vendor :STMicroelectronics X-CUBE-BLE2 3.3.0
2024-07-23 11:05:54,836 [INFO] ThirdParty:1030 - CMSIS Pack Vendor :STMicroelectronics X-CUBE-TOF1 3.4.1
2024-07-23 11:05:54,836 [INFO] ThirdParty:1030 - CMSIS Pack Vendor :STMicroelectronics X-CUBE-AZRTOS-H7 3.2.0
2024-07-23 11:05:54,836 [INFO] ThirdParty:1030 - CMSIS Pack Vendor :Infineon AIROC-Wi-Fi-Bluetooth-STM32 1.6.0
2024-07-23 11:05:54,836 [INFO] ThirdParty:1030 - CMSIS Pack Vendor :STMicroelectronics PDM2PCM 3.2.0
2024-07-23 11:05:54,836 [INFO] ThirdParty:1030 - CMSIS Pack Vendor :wolfSSL I-CUBE-wolfSSH 1.4.17
2024-07-23 11:05:54,836 [INFO] ThirdParty:841 - exiting critical section [change project]
2024-07-23 11:05:54,970 [INFO] PinOutPanel:1561 - setPackage(No Configuration,No Configuration)
2024-07-23 11:05:54,971 [INFO] PinOutPanel:1561 - setPackage(STM32L053C8Tx,LQFP48)
2024-07-23 11:05:55,166 [INFO] UtilMem:75 - Before build in PCC Used Memory: 682716160 Bytes (1073741824)
2024-07-23 11:05:55,326 [INFO] UserBatteryFile:101 - Battery_LiPo 3500.0 0.0 3.7 0.0 0.0
2024-07-23 11:05:55,363 [INFO] UtilMem:75 - After build in PCC Used Memory: 734622736 Bytes (1073741824)
2024-07-23 11:05:55,380 [INFO] IPUIPlugin:80 - create IPUIPlugin
2024-07-23 11:05:55,380 [INFO] IPUIPlugin:80 - create IPUIPlugin
2024-07-23 11:05:55,380 [INFO] IPUIPlugin:80 - create IPUIPlugin
2024-07-23 11:05:55,380 [INFO] IPUIPlugin:80 - create IPUIPlugin
2024-07-23 11:05:55,380 [INFO] IPUIPlugin:80 - create IPUIPlugin
2024-07-23 11:05:55,381 [INFO] IPUIPlugin:80 - create IPUIPlugin
2024-07-23 11:05:55,381 [INFO] IPUIPlugin:80 - create IPUIPlugin
2024-07-23 11:05:55,381 [INFO] IPUIPlugin:80 - create IPUIPlugin
2024-07-23 11:05:55,381 [INFO] IPUIPlugin:80 - create IPUIPlugin
2024-07-23 11:05:55,381 [INFO] IPUIPlugin:80 - create IPUIPlugin
2024-07-23 11:05:55,381 [INFO] IPUIPlugin:80 - create IPUIPlugin
2024-07-23 11:05:55,381 [INFO] IPUIPlugin:80 - create IPUIPlugin
2024-07-23 11:05:55,381 [INFO] IPUIPlugin:80 - create IPUIPlugin
2024-07-23 11:05:55,382 [INFO] IPUIPlugin:80 - create IPUIPlugin
2024-07-23 11:05:55,382 [INFO] IPUIPlugin:80 - create IPUIPlugin
2024-07-23 11:05:55,382 [INFO] IPUIPlugin:80 - create IPUIPlugin
2024-07-23 11:05:55,382 [INFO] IPUIPlugin:80 - create IPUIPlugin
2024-07-23 11:05:55,383 [INFO] IPUIPlugin:80 - create IPUIPlugin
2024-07-23 11:05:55,383 [INFO] IPUIPlugin:80 - create IPUIPlugin
2024-07-23 11:05:55,383 [INFO] IPUIPlugin:80 - create IPUIPlugin
2024-07-23 11:05:55,383 [INFO] IPUIPlugin:80 - create IPUIPlugin
2024-07-23 11:05:55,383 [INFO] IPUIPlugin:80 - create IPUIPlugin
2024-07-23 11:05:55,383 [INFO] IPUIPlugin:80 - create IPUIPlugin
2024-07-23 11:05:55,384 [INFO] IPUIPlugin:80 - create IPUIPlugin
2024-07-23 11:05:55,384 [INFO] IPUIPlugin:80 - create IPUIPlugin
2024-07-23 11:05:55,384 [INFO] IPUIPlugin:80 - create IPUIPlugin
2024-07-23 11:05:55,384 [INFO] IPUIPlugin:80 - create IPUIPlugin
2024-07-23 11:05:55,384 [INFO] IPUIPlugin:80 - create IPUIPlugin
2024-07-23 11:05:55,385 [INFO] IPUIPlugin:80 - create IPUIPlugin
2024-07-23 11:05:55,385 [INFO] IPUIPlugin:80 - create IPUIPlugin
2024-07-23 11:05:55,385 [INFO] IPUIPlugin:80 - create IPUIPlugin
2024-07-23 11:05:55,385 [INFO] IPUIPlugin:80 - create IPUIPlugin
2024-07-23 11:05:55,386 [INFO] IPUIPlugin:80 - create IPUIPlugin
2024-07-23 11:05:55,386 [INFO] IPUIPlugin:80 - create IPUIPlugin
2024-07-23 11:05:55,444 [INFO] CADModel:165 - CPN selected for project levelSTM32L053C8T6
2024-07-23 11:05:55,444 [INFO] CADModel:114 - Register for checkConnection events
2024-07-23 11:05:55,497 [INFO] OpenFileManager:343 - Restore cursor
2024-07-23 11:11:06,983 [INFO] I2cTimingTraitement:330 - 0x00100413
2024-07-23 11:11:07,007 [INFO] I2cTimingTraitement:330 - 0x00100413
2024-07-23 11:11:13,354 [INFO] UtilMem:75 - End SaveConfig() Used Memory: 840746224 Bytes (1073741824)
2024-07-23 11:11:14,343 [INFO] UtilMem:75 - End SaveConfig() Used Memory: 856208328 Bytes (1073741824)
2024-07-23 11:11:16,892 [INFO] UtilMem:75 - End SaveConfig() Used Memory: 923701680 Bytes (1073741824)
2024-07-23 11:11:17,031 [INFO] BlockDiagram:2759 - set Specific Code input for plugin: SPI
2024-07-23 11:11:17,032 [INFO] BlockDiagram:2759 - set Specific Code input for plugin: SPI
2024-07-23 11:11:17,032 [INFO] BlockDiagram:2759 - set Specific Code input for plugin: NVIC
2024-07-23 11:11:17,032 [INFO] BlockDiagram:2759 - set Specific Code input for plugin: USART
2024-07-23 11:11:17,032 [INFO] BlockDiagram:2759 - set Specific Code input for plugin: SYS
2024-07-23 11:11:17,032 [INFO] BlockDiagram:2759 - set Specific Code input for plugin: GPIO
2024-07-23 11:11:17,032 [INFO] BlockDiagram:2759 - set Specific Code input for plugin: RCC
2024-07-23 11:11:17,032 [INFO] BlockDiagram:2759 - set Specific Code input for plugin: I2C
2024-07-23 11:11:17,032 [INFO] BlockDiagram:2759 - set Specific Code input for plugin: I2C
2024-07-23 11:11:17,033 [INFO] CodeGenerator:807 - code generatio: config db path: C:\ST\STM32CubeIDE_1.15.1\STM32CubeIDE\plugins\com.st.stm32cube.common.mx_6.11.1.202404110753\\db\
2024-07-23 11:11:17,224 [INFO] CodeEngine:255 - oldGeneratedFile, D:\Projetos\Firmware\firmware\Debug\MXTmpFiles\license.tmp_save
2024-07-23 11:11:17,345 [INFO] CodeEngine:279 - Generated code: D:\Projetos\Firmware\firmware\Debug\MXTmpFiles\license.tmp
2024-07-23 11:11:17,446 [INFO] CodeEngine:255 - oldGeneratedFile, D:\Projetos\Firmware\firmware\Debug\MXTmpFiles\gpio.tmp_save
2024-07-23 11:11:17,600 [INFO] CodeEngine:279 - Generated code: D:\Projetos\Firmware\firmware\Debug\MXTmpFiles\gpio.tmp
2024-07-23 11:11:18,303 [INFO] CodeEngine:255 - oldGeneratedFile, D:\Projetos\Firmware\firmware\Debug\Core\Src\stm32l0xx_it.c_save
2024-07-23 11:11:18,563 [INFO] CodeEngine:279 - Generated code: D:\Projetos\Firmware\firmware\Debug\Core\Src\stm32l0xx_it.c
2024-07-23 11:11:18,588 [INFO] CodeEngine:255 - oldGeneratedFile, D:\Projetos\Firmware\firmware\Debug\Core\Inc\stm32l0xx_it.h_save
2024-07-23 11:11:18,675 [INFO] CodeEngine:279 - Generated code: D:\Projetos\Firmware\firmware\Debug\Core\Inc\stm32l0xx_it.h
2024-07-23 11:11:18,702 [INFO] CodeEngine:255 - oldGeneratedFile, D:\Projetos\Firmware\firmware\Debug\Core\Src\stm32l0xx_hal_msp.c_save
2024-07-23 11:11:18,905 [INFO] CodeEngine:279 - Generated code: D:\Projetos\Firmware\firmware\Debug\Core\Src\stm32l0xx_hal_msp.c
2024-07-23 11:11:18,910 [INFO] CodeEngine:255 - oldGeneratedFile, D:\Projetos\Firmware\firmware\Debug\MXTmpFiles\system.tmp_save
2024-07-23 11:11:19,029 [INFO] CodeEngine:279 - Generated code: D:\Projetos\Firmware\firmware\Debug\MXTmpFiles\system.tmp
2024-07-23 11:11:19,053 [INFO] CodeEngine:311 - oldGeneratedFile, D:\Projetos\Firmware\firmware\Debug\Core\Inc\stm32l0xx_hal_conf.h_save
2024-07-23 11:11:19,187 [INFO] CodeEngine:335 - Generated code: D:\Projetos\Firmware\firmware\Debug\Core\Inc\stm32l0xx_hal_conf.h
2024-07-23 11:11:19,252 [INFO] CodeEngine:255 - oldGeneratedFile, D:\Projetos\Firmware\firmware\Debug\Core\Inc\main.h_save
2024-07-23 11:11:19,386 [INFO] CodeEngine:279 - Generated code: D:\Projetos\Firmware\firmware\Debug\Core\Inc\main.h
2024-07-23 11:11:19,407 [INFO] CodeEngine:255 - oldGeneratedFile, D:\Projetos\Firmware\firmware\Debug\Core\Src\main.c_save
2024-07-23 11:11:19,770 [INFO] CodeEngine:279 - Generated code: D:\Projetos\Firmware\firmware\Debug\Core\Src\main.c
2024-07-23 11:11:20,190 [INFO] ProjectBuilder:3163 - Time for Copy HAL[1] : 213mS.
2024-07-23 11:11:20,194 [INFO] ProjectBuilder:4736 - Project Generator version: 4.3.0-B58
2024-07-23 11:11:20,293 [INFO] ConfigFileManager:1503 - The Die is : DIE417
2024-07-23 11:11:20,295 [INFO] ApiDbMcu:508 - Load IP Config File for FATFS
2024-07-23 11:11:20,302 [INFO] ApiDbMcu:508 - Load IP Config File for FREERTOS
2024-07-23 11:11:20,317 [INFO] ApiDbMcu:508 - Load IP Config File for TOUCHSENSING
2024-07-23 11:11:20,322 [INFO] ApiDbMcu:508 - Load IP Config File for USB_DEVICE
2024-07-23 11:11:21,696 [INFO] ProjectBuilder:5002 - Time for Generating toolchain IDE Files: 1502mS.
2024-07-23 11:11:21,703 [INFO] ProjectBuilder:3034 - Time for Copy CMSIS : 7mS.
2024-07-23 11:11:21,707 [INFO] ProjectBuilder:3034 - Time for Copy CMSIS : 1mS.
2024-07-23 11:11:35,025 [INFO] I2cTimingTraitement:330 - 0x00100413
2024-07-23 11:11:35,046 [INFO] I2cTimingTraitement:330 - 0x00100413
2024-07-23 11:12:06,014 [INFO] NvicIntPanel:101 - NVIC parent = com.st.microxplorer.plugins.ip.nvic.MultiNvicIntPanel[,0,0,0x0,invalid,layout=javax.swing.BoxLayout,alignmentX=0.0,alignmentY=0.0,border=,flags=9,maximumSize=,minimumSize=,preferredSize=]
2024-07-23 11:12:06,122 [INFO] NvicIntPanel:101 - NVIC parent = com.st.microxplorer.plugins.ip.nvic.MultiNvicIntPanel[,0,0,0x0,invalid,layout=javax.swing.BoxLayout,alignmentX=0.0,alignmentY=0.0,border=,flags=9,maximumSize=,minimumSize=,preferredSize=]
2024-07-23 11:12:35,350 [INFO] NvicIntPanel:101 - NVIC parent = com.st.microxplorer.plugins.ip.nvic.MultiNvicIntPanel[,0,0,0x0,invalid,layout=javax.swing.BoxLayout,alignmentX=0.0,alignmentY=0.0,border=,flags=9,maximumSize=,minimumSize=,preferredSize=]
2024-07-23 11:12:35,435 [INFO] NvicIntPanel:101 - NVIC parent = com.st.microxplorer.plugins.ip.nvic.MultiNvicIntPanel[,0,0,0x0,invalid,layout=javax.swing.BoxLayout,alignmentX=0.0,alignmentY=0.0,border=,flags=9,maximumSize=,minimumSize=,preferredSize=]
2024-07-23 11:12:38,385 [INFO] NvicIntPanel:101 - NVIC parent = com.st.microxplorer.plugins.ip.nvic.MultiNvicIntPanel[,0,0,0x0,invalid,layout=javax.swing.BoxLayout,alignmentX=0.0,alignmentY=0.0,border=,flags=9,maximumSize=,minimumSize=,preferredSize=]
2024-07-23 11:12:38,471 [INFO] NvicIntPanel:101 - NVIC parent = com.st.microxplorer.plugins.ip.nvic.MultiNvicIntPanel[,0,0,0x0,invalid,layout=javax.swing.BoxLayout,alignmentX=0.0,alignmentY=0.0,border=,flags=9,maximumSize=,minimumSize=,preferredSize=]
2024-07-23 11:12:39,833 [INFO] NvicIntPanel:101 - NVIC parent = com.st.microxplorer.plugins.ip.nvic.MultiNvicIntPanel[,0,0,0x0,invalid,layout=javax.swing.BoxLayout,alignmentX=0.0,alignmentY=0.0,border=,flags=9,maximumSize=,minimumSize=,preferredSize=]
2024-07-23 11:12:39,922 [INFO] NvicIntPanel:101 - NVIC parent = com.st.microxplorer.plugins.ip.nvic.MultiNvicIntPanel[,0,0,0x0,invalid,layout=javax.swing.BoxLayout,alignmentX=0.0,alignmentY=0.0,border=,flags=9,maximumSize=,minimumSize=,preferredSize=]
2024-07-23 11:14:03,488 [INFO] Gpio:277 - dependency for GPIO [I2C1, I2C2, RCC, SPI1, SPI2, SYS, USART1]
2024-07-23 11:15:26,397 [INFO] UtilMem:75 - End SaveConfig() Used Memory: 659266656 Bytes (1073741824)
2024-07-23 11:15:27,670 [INFO] UtilMem:75 - End SaveConfig() Used Memory: 633748272 Bytes (1073741824)
2024-07-23 11:15:28,808 [INFO] UtilMem:75 - End SaveConfig() Used Memory: 676490664 Bytes (1073741824)
2024-07-23 11:15:28,925 [INFO] BlockDiagram:2759 - set Specific Code input for plugin: SPI
2024-07-23 11:15:28,925 [INFO] BlockDiagram:2759 - set Specific Code input for plugin: SPI
2024-07-23 11:15:28,925 [INFO] BlockDiagram:2759 - set Specific Code input for plugin: NVIC
2024-07-23 11:15:28,925 [INFO] BlockDiagram:2759 - set Specific Code input for plugin: USART
2024-07-23 11:15:28,925 [INFO] BlockDiagram:2759 - set Specific Code input for plugin: SYS
2024-07-23 11:15:28,925 [INFO] BlockDiagram:2759 - set Specific Code input for plugin: GPIO
2024-07-23 11:15:28,925 [INFO] BlockDiagram:2759 - set Specific Code input for plugin: RCC
2024-07-23 11:15:28,925 [INFO] BlockDiagram:2759 - set Specific Code input for plugin: I2C
2024-07-23 11:15:28,926 [INFO] BlockDiagram:2759 - set Specific Code input for plugin: I2C
2024-07-23 11:15:28,926 [INFO] CodeGenerator:807 - code generatio: config db path: C:\ST\STM32CubeIDE_1.15.1\STM32CubeIDE\plugins\com.st.stm32cube.common.mx_6.11.1.202404110753\\db\
2024-07-23 11:15:29,027 [INFO] CodeEngine:255 - oldGeneratedFile, D:\Projetos\Firmware\firmware\Debug\MXTmpFiles\license.tmp_save
2024-07-23 11:15:29,123 [INFO] CodeEngine:279 - Generated code: D:\Projetos\Firmware\firmware\Debug\MXTmpFiles\license.tmp
2024-07-23 11:15:29,205 [INFO] CodeEngine:255 - oldGeneratedFile, D:\Projetos\Firmware\firmware\Debug\MXTmpFiles\gpio.tmp_save
2024-07-23 11:15:29,316 [INFO] CodeEngine:279 - Generated code: D:\Projetos\Firmware\firmware\Debug\MXTmpFiles\gpio.tmp
2024-07-23 11:15:29,833 [INFO] CodeEngine:255 - oldGeneratedFile, D:\Projetos\Firmware\firmware\Debug\Core\Src\stm32l0xx_it.c_save
2024-07-23 11:15:29,926 [INFO] CodeEngine:279 - Generated code: D:\Projetos\Firmware\firmware\Debug\Core\Src\stm32l0xx_it.c
2024-07-23 11:15:29,932 [INFO] CodeEngine:255 - oldGeneratedFile, D:\Projetos\Firmware\firmware\Debug\Core\Inc\stm32l0xx_it.h_save
2024-07-23 11:15:30,008 [INFO] CodeEngine:279 - Generated code: D:\Projetos\Firmware\firmware\Debug\Core\Inc\stm32l0xx_it.h
2024-07-23 11:15:30,031 [INFO] CodeEngine:255 - oldGeneratedFile, D:\Projetos\Firmware\firmware\Debug\Core\Src\stm32l0xx_hal_msp.c_save
2024-07-23 11:15:30,167 [INFO] CodeEngine:279 - Generated code: D:\Projetos\Firmware\firmware\Debug\Core\Src\stm32l0xx_hal_msp.c
2024-07-23 11:15:30,172 [INFO] CodeEngine:255 - oldGeneratedFile, D:\Projetos\Firmware\firmware\Debug\MXTmpFiles\system.tmp_save
2024-07-23 11:15:30,245 [INFO] CodeEngine:279 - Generated code: D:\Projetos\Firmware\firmware\Debug\MXTmpFiles\system.tmp
2024-07-23 11:15:30,265 [INFO] CodeEngine:311 - oldGeneratedFile, D:\Projetos\Firmware\firmware\Debug\Core\Inc\stm32l0xx_hal_conf.h_save
2024-07-23 11:15:30,378 [INFO] CodeEngine:335 - Generated code: D:\Projetos\Firmware\firmware\Debug\Core\Inc\stm32l0xx_hal_conf.h
2024-07-23 11:15:30,423 [INFO] CodeEngine:255 - oldGeneratedFile, D:\Projetos\Firmware\firmware\Debug\Core\Inc\main.h_save
2024-07-23 11:15:30,534 [INFO] CodeEngine:279 - Generated code: D:\Projetos\Firmware\firmware\Debug\Core\Inc\main.h
2024-07-23 11:15:30,549 [INFO] CodeEngine:255 - oldGeneratedFile, D:\Projetos\Firmware\firmware\Debug\Core\Src\main.c_save
2024-07-23 11:15:30,707 [INFO] CodeEngine:279 - Generated code: D:\Projetos\Firmware\firmware\Debug\Core\Src\main.c
2024-07-23 11:15:31,095 [INFO] ProjectBuilder:3163 - Time for Copy HAL[1] : 178mS.
2024-07-23 11:15:31,099 [INFO] ProjectBuilder:4736 - Project Generator version: 4.3.0-B58
2024-07-23 11:15:31,193 [INFO] ConfigFileManager:1503 - The Die is : DIE417
2024-07-23 11:15:32,311 [INFO] ProjectBuilder:5002 - Time for Generating toolchain IDE Files: 1211mS.
2024-07-23 11:15:32,311 [INFO] ProjectBuilder:3034 - Time for Copy CMSIS : 0mS.
2024-07-23 11:15:32,314 [INFO] ProjectBuilder:3034 - Time for Copy CMSIS : 0mS.
2024-07-23 11:15:43,547 [INFO] MainUpdater:2873 - connection check result : 10
2024-07-23 11:15:43,547 [INFO] MainUpdater:2873 - connection check result : 10
2024-07-23 11:15:43,648 [INFO] I2cTimingTraitement:330 - 0x00100413
2024-07-23 11:15:43,669 [INFO] I2cTimingTraitement:330 - 0x00100413
2024-07-23 11:15:43,671 [INFO] MicroXplorer:468 - Change Database Path : 
2024-07-23 11:15:43,671 [INFO] MicroXplorer:498 - Change Database Version : DB.6.0.111
2024-07-23 11:15:43,679 [ERROR] ProjectManagerView:394 - 
java.lang.NullPointerException: Cannot invoke "javax.swing.JTextField.getText()" because the return value of "java.util.List.get(int)" is null
	at com.st.microxplorer.plugins.projectmanager.gui.ProjectChoiceTab$10.caretUpdate(ProjectChoiceTab.java:2504) ~[filemanager.jar:?]
	at javax.swing.text.JTextComponent.fireCaretUpdate(JTextComponent.java:412) ~[?:?]
	at javax.swing.text.JTextComponent$MutableCaretEvent.fire(JTextComponent.java:4491) ~[?:?]
	at javax.swing.text.JTextComponent$MutableCaretEvent.stateChanged(JTextComponent.java:4513) ~[?:?]
	at javax.swing.text.DefaultCaret.fireStateChanged(DefaultCaret.java:842) ~[?:?]
	at javax.swing.text.DefaultCaret.changeCaretPosition(DefaultCaret.java:1313) ~[?:?]
	at javax.swing.text.DefaultCaret.handleSetDot(DefaultCaret.java:1212) ~[?:?]
	at javax.swing.text.DefaultCaret.setDot(DefaultCaret.java:1193) ~[?:?]
	at javax.swing.text.DefaultCaret$Handler.insertUpdate(DefaultCaret.java:1789) ~[?:?]
	at javax.swing.text.AbstractDocument.fireInsertUpdate(AbstractDocument.java:226) ~[?:?]
	at javax.swing.text.AbstractDocument.handleInsertString(AbstractDocument.java:780) ~[?:?]
	at javax.swing.text.AbstractDocument.insertString(AbstractDocument.java:739) ~[?:?]
	at javax.swing.text.PlainDocument.insertString(PlainDocument.java:131) ~[?:?]
	at javax.swing.text.AbstractDocument.replace(AbstractDocument.java:698) ~[?:?]
	at javax.swing.text.JTextComponent.setText(JTextComponent.java:1729) ~[?:?]
	at com.st.microxplorer.plugins.projectmanager.gui.ProjectChoiceTab.createHeapStackFields(ProjectChoiceTab.java:944) ~[filemanager.jar:?]
	at com.st.microxplorer.plugins.projectmanager.gui.ProjectChoiceTab.buildLinkSettingsPanel(ProjectChoiceTab.java:3475) ~[filemanager.jar:?]
	at com.st.microxplorer.plugins.projectmanager.gui.ProjectChoiceTab.defineWindowsFields(ProjectChoiceTab.java:1816) ~[filemanager.jar:?]
	at com.st.microxplorer.plugins.projectmanager.gui.ProjectChoiceTab.updateSettings(ProjectChoiceTab.java:544) ~[filemanager.jar:?]
	at com.st.microxplorer.plugins.projectmanager.gui.ProjectSettingsPanel.UpdateDialog(ProjectSettingsPanel.java:245) ~[filemanager.jar:?]
	at com.st.microxplorer.plugins.projectmanager.ProjectManagerView.propertyChange(ProjectManagerView.java:391) ~[filemanager.jar:?]
	at java.beans.PropertyChangeSupport.fire(PropertyChangeSupport.java:343) ~[?:?]
	at java.beans.PropertyChangeSupport.firePropertyChange(PropertyChangeSupport.java:335) ~[?:?]
	at java.beans.PropertyChangeSupport.firePropertyChange(PropertyChangeSupport.java:268) ~[?:?]
	at com.st.microxplorer.util.MXPropertyChangeSupport.firePropertyChange(MXPropertyChangeSupport.java:54) ~[STM32CubeMX.jar:?]
	at com.st.microxplorer.mxsystem.MxSystem.closeConfig(MxSystem.java:900) ~[STM32CubeMX.jar:?]
	at com.st.microxplorer.maingui.MainPanel.closeConfig(MainPanel.java:776) ~[STM32CubeMX.jar:?]
	at com.st.microxplorer.plugins.filemanager.engine.OpenFileManager.loadConfigurationFile(OpenFileManager.java:245) ~[filemanager.jar:?]
	at com.st.microxplorer.plugins.filemanager.engine.MainFileManager.userLoadConfig(MainFileManager.java:315) ~[filemanager.jar:?]
	at com.st.microxplorer.plugins.filemanager.engine.MainFileManager.userLoadConfig(MainFileManager.java:293) ~[filemanager.jar:?]
	at com.st.microxplorer.plugins.filemanager.FileManagerView.getSpecificTask(FileManagerView.java:247) ~[filemanager.jar:?]
	at com.st.stm32cube.common.mx.editor.CubeMxEditor.getMxTabbedPaneInstance(CubeMxEditor.java:1198) ~[com.st.stm32cube.common.mx_6.11.1.202404110753/:?]
	at com.st.stm32cube.common.mx.editor.CubeMxEditor$12$1.createSwingComponent(CubeMxEditor.java:1068) ~[com.st.stm32cube.common.mx_6.11.1.202404110753/:?]
	at com.st.stm32cube.common.mx.oss.core.awtswtbridge.EmbeddedSwingComposite.doComponentCreation(EmbeddedSwingComposite.java:492) ~[com.st.stm32cube.common.mx.oss_6.11.1.202404110753/:?]
	at com.st.stm32cube.common.mx.oss.core.awtswtbridge.EmbeddedSwingComposite$4.run(EmbeddedSwingComposite.java:291) ~[com.st.stm32cube.common.mx.oss_6.11.1.202404110753/:?]
	at com.st.stm32cube.common.mx.oss.core.awtswtbridge.AwtEnvironment$2.run(AwtEnvironment.java:166) ~[com.st.stm32cube.common.mx.oss_6.11.1.202404110753/:?]
	at java.awt.event.InvocationEvent.dispatch(InvocationEvent.java:318) ~[?:?]
	at java.awt.EventQueue.dispatchEventImpl(EventQueue.java:773) ~[?:?]
	at java.awt.EventQueue$4.run(EventQueue.java:720) ~[?:?]
	at java.awt.EventQueue$4.run(EventQueue.java:714) ~[?:?]
	at java.security.AccessController.doPrivileged(AccessController.java:399) ~[?:?]
	at java.security.ProtectionDomain$JavaSecurityAccessImpl.doIntersectionPrivilege(ProtectionDomain.java:86) ~[?:?]
	at java.awt.EventQueue.dispatchEvent(EventQueue.java:742) ~[?:?]
	at java.awt.EventDispatchThread.pumpOneEventForFilters(EventDispatchThread.java:203) ~[?:?]
	at java.awt.EventDispatchThread.pumpEventsForFilter(EventDispatchThread.java:124) ~[?:?]
	at java.awt.EventDispatchThread.pumpEventsForHierarchy(EventDispatchThread.java:113) ~[?:?]
	at java.awt.EventDispatchThread.pumpEvents(EventDispatchThread.java:109) ~[?:?]
	at java.awt.EventDispatchThread.pumpEvents(EventDispatchThread.java:101) ~[?:?]
	at java.awt.EventDispatchThread.run(EventDispatchThread.java:90) ~[?:?]
2024-07-23 11:15:43,680 [WARN] ThirdParty:871 - waiting for thirdparty lock release [close project]
2024-07-23 11:15:43,680 [INFO] ThirdParty:873 - entering critical section [close project]
2024-07-23 11:15:43,680 [INFO] ThirdParty:883 - exiting critical section [close project]
2024-07-23 11:15:43,681 [INFO] PinOutPanel:1561 - setPackage(No Configuration,No Configuration)
2024-07-23 11:15:43,684 [INFO] UtilMem:75 - Begin LoadConfig() Used Memory: 716134912 Bytes (1073741824)
2024-07-23 11:15:43,685 [INFO] MicroXplorer:468 - Change Database Path : 
2024-07-23 11:15:43,685 [INFO] MicroXplorer:498 - Change Database Version : DB.6.0.111
2024-07-23 11:15:43,685 [INFO] OpenFileManager:312 - Change cursor
2024-07-23 11:15:43,698 [INFO] RulesReader:64 - Compatibility file has been processed (297 Rules)
2024-07-23 11:15:43,700 [INFO] Mcu:2021 - Initializing MCU STM32L053C(6-8)Tx STM32L053C8Tx STM32L053C8T6
2024-07-23 11:15:44,407 [INFO] Context:663 - Trying to add GPIOservice into a context  which must be forbidden
2024-07-23 11:15:44,588 [INFO] RtosManager:555 - Registered RTOS mode: class=CMSIS, group=RTOS, mode=CMSIS_V1, owner=FREERTOS
2024-07-23 11:15:44,589 [INFO] RtosManager:555 - Registered RTOS mode: class=CMSIS, group=RTOS2, mode=CMSIS_V2, owner=FREERTOS
2024-07-23 11:15:44,589 [INFO] RtosManager:555 - Registered RTOS mode: class=RTOS, group=Core, mode=CMSIS_V1, owner=FREERTOS
2024-07-23 11:15:44,589 [INFO] RtosManager:555 - Registered RTOS mode: class=RTOS, group=Core, mode=CMSIS_V2, owner=FREERTOS
2024-07-23 11:15:44,589 [WARN] ModelIntegratedComponent:184 - Missing modes for component STMicroelectronics:FreeRTOS:0.0.1:STMicroelectronics:RTOS:FreeRTOS:Core:::10.2.0:
2024-07-23 11:15:44,594 [WARN] ModelIntegratedComponent:63 - No mode defined for component null
2024-07-23 11:15:44,594 [WARN] ModelIntegratedComponent:63 - No mode defined for component null
2024-07-23 11:15:44,595 [WARN] ModelIntegratedComponent:63 - No mode defined for component null
2024-07-23 11:15:44,595 [WARN] ModelIntegratedComponent:63 - No mode defined for component null
2024-07-23 11:15:44,595 [WARN] ModelIntegratedComponent:63 - No mode defined for component null
2024-07-23 11:15:44,595 [WARN] ModelIntegratedComponent:63 - No mode defined for component null
2024-07-23 11:15:44,595 [WARN] ModelIntegratedComponent:63 - No mode defined for component null
2024-07-23 11:15:44,595 [WARN] ModelIntegratedComponent:63 - No mode defined for component null
2024-07-23 11:15:44,595 [WARN] ModelIntegratedComponent:63 - No mode defined for component null
2024-07-23 11:15:44,595 [WARN] ModelIntegratedComponent:63 - No mode defined for component null
2024-07-23 11:15:44,595 [WARN] ModelIntegratedComponent:63 - No mode defined for component null
2024-07-23 11:15:44,595 [WARN] ModelIntegratedComponent:63 - No mode defined for component null
2024-07-23 11:15:44,595 [WARN] ModelIntegratedComponent:63 - No mode defined for component null
2024-07-23 11:15:44,595 [WARN] ModelIntegratedComponent:63 - No mode defined for component null
2024-07-23 11:15:44,595 [WARN] ModelIntegratedComponent:63 - No mode defined for component null
2024-07-23 11:15:44,595 [WARN] ModelIntegratedComponent:63 - No mode defined for component null
2024-07-23 11:15:44,595 [WARN] ModelIntegratedComponent:63 - No mode defined for component null
2024-07-23 11:15:44,595 [WARN] ModelIntegratedComponent:63 - No mode defined for component null
2024-07-23 11:15:44,595 [WARN] ModelIntegratedComponent:63 - No mode defined for component null
2024-07-23 11:15:44,595 [WARN] ModelIntegratedComponent:63 - No mode defined for component null
2024-07-23 11:15:44,595 [WARN] ModelIntegratedComponent:63 - No mode defined for component null
2024-07-23 11:15:44,595 [WARN] ModelIntegratedComponent:63 - No mode defined for component null
2024-07-23 11:15:44,595 [WARN] ModelIntegratedComponent:63 - No mode defined for component null
2024-07-23 11:15:44,596 [WARN] ModelIntegratedComponent:63 - No mode defined for component null
2024-07-23 11:15:44,596 [WARN] ModelIntegratedComponent:63 - No mode defined for component null
2024-07-23 11:15:44,596 [WARN] ModelIntegratedComponent:63 - No mode defined for component null
2024-07-23 11:15:44,596 [WARN] ModelIntegratedComponent:63 - No mode defined for component null
2024-07-23 11:15:44,596 [WARN] ModelIntegratedComponent:63 - No mode defined for component null
2024-07-23 11:15:44,596 [WARN] ModelIntegratedComponent:63 - No mode defined for component null
2024-07-23 11:15:44,596 [WARN] ModelIntegratedComponent:63 - No mode defined for component null
2024-07-23 11:15:44,596 [WARN] ModelIntegratedComponent:63 - No mode defined for component null
2024-07-23 11:15:44,596 [WARN] ModelIntegratedComponent:63 - No mode defined for component null
2024-07-23 11:15:44,596 [WARN] ModelIntegratedComponent:63 - No mode defined for component null
2024-07-23 11:15:44,596 [WARN] ModelIntegratedComponent:63 - No mode defined for component null
2024-07-23 11:15:44,691 [INFO] ThirdPartyModel:298 - Start build external matchings
2024-07-23 11:15:45,016 [INFO] ThirdPartyModel:316 - End build external matchings
2024-07-23 11:15:45,028 [INFO] ImportTextPane:194 - (OptionalMessage_ERROR) IP (RCC) : Parameter (48USBFreq_Value) has invalid value (32000000)
2024-07-23 11:15:45,028 [INFO] ImportTextPane:194 - (OptionalMessage_ERROR) IP (RCC) : Invalid parameter (FamilyName)
2024-07-23 11:15:45,029 [INFO] ImportTextPane:194 - (OptionalMessage_ERROR) IP (RCC) : Parameter (RTCHSEDivFreq_Value) has invalid value (12500000)
2024-07-23 11:15:45,029 [INFO] ImportTextPane:194 - (OptionalMessage_ERROR) IP (RCC) : Invalid parameter (TIMFreq_Value)
2024-07-23 11:15:45,265 [INFO] UtilMem:75 - End LoadConfig() Used Memory: 865064952 Bytes (1073741824)
2024-07-23 11:15:45,303 [WARN] ThirdParty:833 - waiting for thirdparty lock release [change project]
2024-07-23 11:15:45,303 [INFO] ThirdParty:835 - entering critical section [change project]
2024-07-23 11:15:45,303 [INFO] ThirdParty:1030 - CMSIS Pack Vendor :STMicroelectronics USBPD 4.1
2024-07-23 11:15:45,303 [INFO] ThirdParty:1030 - CMSIS Pack Vendor :STMicroelectronics X-CUBE-GNSS1 6.0.0
2024-07-23 11:15:45,303 [INFO] ThirdParty:1030 - CMSIS Pack Vendor :STMicroelectronics USB_HOST 2.0.0
2024-07-23 11:15:45,303 [INFO] ThirdParty:1030 - CMSIS Pack Vendor :STMicroelectronics FP-SNS-MOTENVWB1 1.4.0
2024-07-23 11:15:45,303 [INFO] ThirdParty:1030 - CMSIS Pack Vendor :STMicroelectronics X-CUBE-AZRTOS-F4 1.1.0
2024-07-23 11:15:45,303 [INFO] ThirdParty:1030 - CMSIS Pack Vendor :STMicroelectronics LIBJPEG 8.0.0
2024-07-23 11:15:45,303 [INFO] ThirdParty:1030 - CMSIS Pack Vendor :STMicroelectronics X-CUBE-SMBUS 2.1.0
2024-07-23 11:15:45,303 [INFO] ThirdParty:1030 - CMSIS Pack Vendor :STMicroelectronics USB_DEVICE 3.0.0
2024-07-23 11:15:45,303 [INFO] ThirdParty:1030 - CMSIS Pack Vendor :STMicroelectronics X-CUBE-TCPP 4.1.0
2024-07-23 11:15:45,303 [INFO] ThirdParty:1030 - CMSIS Pack Vendor :STMicroelectronics X-CUBE-FREERTOS 1.2.0
2024-07-23 11:15:45,303 [INFO] ThirdParty:1030 - CMSIS Pack Vendor :STMicroelectronics X-CUBE-AZRTOS-WB 2.0.0
2024-07-23 11:15:45,303 [INFO] ThirdParty:1030 - CMSIS Pack Vendor :STMicroelectronics X-CUBE-TOUCHGFX 4.23.2
2024-07-23 11:15:45,303 [INFO] ThirdParty:1030 - CMSIS Pack Vendor :STMicroelectronics X-CUBE-AZRTOS-F7 1.1.0
2024-07-23 11:15:45,303 [INFO] ThirdParty:1030 - CMSIS Pack Vendor :STMicroelectronics X-CUBE-AZRTOS-L5 2.0.0
2024-07-23 11:15:45,304 [INFO] ThirdParty:1030 - CMSIS Pack Vendor :STMicroelectronics USB_DEVICE 2.0.0
2024-07-23 11:15:45,304 [INFO] ThirdParty:1030 - CMSIS Pack Vendor :STMicroelectronics X-CUBE-NFC6 3.1.0
2024-07-23 11:15:45,304 [INFO] ThirdParty:1030 - CMSIS Pack Vendor :STMicroelectronics FP-SNS-STBOX1 2.0.0
2024-07-23 11:15:45,304 [INFO] ThirdParty:1030 - CMSIS Pack Vendor :STMicroelectronics FreeRTOS 0.0.1
2024-07-23 11:15:45,304 [INFO] ThirdParty:1030 - CMSIS Pack Vendor :STMicroelectronics X-CUBE-AZRTOS-G0 1.1.0
2024-07-23 11:15:45,304 [INFO] ThirdParty:1030 - CMSIS Pack Vendor :STMicroelectronics X-CUBE-SAFEA1 1.2.2
2024-07-23 11:15:45,304 [INFO] ThirdParty:1030 - CMSIS Pack Vendor :STMicroelectronics X-CUBE-NFC4 3.0.0
2024-07-23 11:15:45,304 [INFO] ThirdParty:1030 - CMSIS Pack Vendor :STMicroelectronics X-CUBE-DPower 1.2.0
2024-07-23 11:15:45,304 [INFO] ThirdParty:1030 - CMSIS Pack Vendor :STMicroelectronics X-CUBE-SUBG2 5.0.0
2024-07-23 11:15:45,304 [INFO] ThirdParty:1030 - CMSIS Pack Vendor :STMicroelectronics STM32_WPAN 1.0.0
2024-07-23 11:15:45,304 [INFO] ThirdParty:1030 - CMSIS Pack Vendor :wolfSSL I-CUBE-wolfMQTT 1.18.0
2024-07-23 11:15:45,304 [INFO] ThirdParty:1030 - CMSIS Pack Vendor :EmbeddedOffice I-CUBE-FS-RTOS 1.0.1
2024-07-23 11:15:45,304 [INFO] ThirdParty:1030 - CMSIS Pack Vendor :STMicroelectronics lwIP 2.0.3
2024-07-23 11:15:45,304 [INFO] ThirdParty:1030 - CMSIS Pack Vendor :STMicroelectronics FP-SNS-FLIGHT1 5.0.2
2024-07-23 11:15:45,304 [INFO] ThirdParty:1030 - CMSIS Pack Vendor :STMicroelectronics USB_HOST 1.0.0
2024-07-23 11:15:45,305 [INFO] ThirdParty:1030 - CMSIS Pack Vendor :STMicroelectronics X-CUBE-AI 9.0.0
2024-07-23 11:15:45,305 [INFO] ThirdParty:1030 - CMSIS Pack Vendor :STMicroelectronics X-CUBE-AZRTOS-G4 2.0.0
2024-07-23 11:15:45,305 [INFO] ThirdParty:1030 - CMSIS Pack Vendor :STMicroelectronics PDM2PCM 3.1.0
2024-07-23 11:15:45,305 [INFO] ThirdParty:1030 - CMSIS Pack Vendor :STMicroelectronics PDM2PCM 3.3.0
2024-07-23 11:15:45,305 [INFO] ThirdParty:1030 - CMSIS Pack Vendor :STMicroelectronics X-CUBE-DISPLAY 3.0.0
2024-07-23 11:15:45,305 [INFO] ThirdParty:1030 - CMSIS Pack Vendor :RealThread X-CUBE-RT-Thread_Nano 4.1.1
2024-07-23 11:15:45,305 [INFO] ThirdParty:1030 - CMSIS Pack Vendor :wolfSSL I-CUBE-wolfSSL 5.7.0
2024-07-23 11:15:45,305 [INFO] ThirdParty:1030 - CMSIS Pack Vendor :STMicroelectronics X-CUBE-BLE1 7.0.0
2024-07-23 11:15:45,305 [INFO] ThirdParty:1030 - CMSIS Pack Vendor :STMicroelectronics FP-ATR-SIGFOX1 3.2.0
2024-07-23 11:15:45,305 [INFO] ThirdParty:1030 - CMSIS Pack Vendor :STMicroelectronics X-CUBE-ISPU 2.0.0
2024-07-23 11:15:45,305 [INFO] ThirdParty:1030 - CMSIS Pack Vendor :STMicroelectronics X-CUBE-EEPRMA1 5.1.0
2024-07-23 11:15:45,305 [INFO] ThirdParty:1030 - CMSIS Pack Vendor :STMicroelectronics HAL Drivers 0.0.0
2024-07-23 11:15:45,305 [INFO] ThirdParty:1030 - CMSIS Pack Vendor :STMicroelectronics MBEDTLS 2.16.2
2024-07-23 11:15:45,305 [INFO] ThirdParty:1030 - CMSIS Pack Vendor :STMicroelectronics X-CUBE-ALS 1.0.2
2024-07-23 11:15:45,305 [INFO] ThirdParty:1030 - CMSIS Pack Vendor :emotas I-CUBE-CANOPEN 1.3.0
2024-07-23 11:15:45,306 [INFO] ThirdParty:1030 - CMSIS Pack Vendor :STMicroelectronics X-CUBE-MEMS1 10.0.0
2024-07-23 11:15:45,306 [INFO] ThirdParty:1030 - CMSIS Pack Vendor :STMicroelectronics X-CUBE-NFC7 1.0.1
2024-07-23 11:15:45,306 [INFO] ThirdParty:1030 - CMSIS Pack Vendor :STMicroelectronics MBEDTLS 2.14.1
2024-07-23 11:15:45,306 [INFO] ThirdParty:1030 - CMSIS Pack Vendor :STMicroelectronics X-CUBE-TOUCHGFX 4.24.0
2024-07-23 11:15:45,306 [INFO] ThirdParty:1030 - CMSIS Pack Vendor :ITTIA_DB I-CUBE-ITTIADB 8.9.0
2024-07-23 11:15:45,306 [INFO] ThirdParty:1030 - CMSIS Pack Vendor :wolfSSL I-CUBE-wolfTPM 3.2.0
2024-07-23 11:15:45,306 [INFO] ThirdParty:1030 - CMSIS Pack Vendor :portGmbH I-Cube-SoM-uGOAL 1.1.0
2024-07-23 11:15:45,306 [INFO] ThirdParty:1030 - CMSIS Pack Vendor :STMicroelectronics X-CUBE-ALS 1.0.1
2024-07-23 11:15:45,306 [INFO] ThirdParty:1030 - CMSIS Pack Vendor :STMicroelectronics X-CUBE-BLEMGR 3.1.0
2024-07-23 11:15:45,306 [INFO] ThirdParty:1030 - CMSIS Pack Vendor :STMicroelectronics ThreadX 1.0.0
2024-07-23 11:15:45,306 [INFO] ThirdParty:1030 - CMSIS Pack Vendor :STMicroelectronics FP-SNS-SMARTAG2 1.2.0
2024-07-23 11:15:45,306 [INFO] ThirdParty:1030 - CMSIS Pack Vendor :STMicroelectronics X-CUBE-AZRTOS-WL 2.0.0
2024-07-23 11:15:45,306 [INFO] ThirdParty:1030 - CMSIS Pack Vendor :SEGGER I-CUBE-embOS 1.3.1
2024-07-23 11:15:45,306 [INFO] ThirdParty:1030 - CMSIS Pack Vendor :STMicroelectronics X-CUBE-ALGOBUILD 1.4.0
2024-07-23 11:15:45,307 [INFO] ThirdParty:1030 - CMSIS Pack Vendor :STMicroelectronics FP-SNS-MOTENV1 5.0.0
2024-07-23 11:15:45,307 [INFO] ThirdParty:1030 - CMSIS Pack Vendor :STMicroelectronics USB_DEVICE 1.0.0
2024-07-23 11:15:45,307 [INFO] ThirdParty:1030 - CMSIS Pack Vendor :STMicroelectronics X-CUBE-AZRTOS-H7RS 1.0.0
2024-07-23 11:15:45,307 [INFO] ThirdParty:1030 - CMSIS Pack Vendor :wolfSSL I-CUBE-wolfMQTT 1.19.0
2024-07-23 11:15:45,307 [INFO] ThirdParty:1030 - CMSIS Pack Vendor :STMicroelectronics X-CUBE-AZRTOS-L4 2.0.0
2024-07-23 11:15:45,307 [INFO] ThirdParty:1030 - CMSIS Pack Vendor :STMicroelectronics ThreadX 0.0.2
2024-07-23 11:15:45,307 [INFO] ThirdParty:1030 - CMSIS Pack Vendor :WES I-CUBE-Cesium 1.3.0
2024-07-23 11:15:45,307 [INFO] ThirdParty:1030 - CMSIS Pack Vendor :STMicroelectronics FP-ATR-ASTRA1 2.0.0
2024-07-23 11:15:45,307 [INFO] ThirdParty:1030 - CMSIS Pack Vendor :STMicroelectronics lwIP 2.1.2
2024-07-23 11:15:45,307 [INFO] ThirdParty:1030 - CMSIS Pack Vendor :STMicroelectronics X-CUBE-SFXS2LP1 4.0.0
2024-07-23 11:15:45,307 [INFO] ThirdParty:1030 - CMSIS Pack Vendor :STMicroelectronics X-CUBE-BLE2 3.3.0
2024-07-23 11:15:45,307 [INFO] ThirdParty:1030 - CMSIS Pack Vendor :STMicroelectronics X-CUBE-TOF1 3.4.1
2024-07-23 11:15:45,307 [INFO] ThirdParty:1030 - CMSIS Pack Vendor :STMicroelectronics X-CUBE-AZRTOS-H7 3.2.0
2024-07-23 11:15:45,307 [INFO] ThirdParty:1030 - CMSIS Pack Vendor :Infineon AIROC-Wi-Fi-Bluetooth-STM32 1.6.0
2024-07-23 11:15:45,307 [INFO] ThirdParty:1030 - CMSIS Pack Vendor :STMicroelectronics PDM2PCM 3.2.0
2024-07-23 11:15:45,307 [INFO] ThirdParty:1030 - CMSIS Pack Vendor :wolfSSL I-CUBE-wolfSSH 1.4.17
2024-07-23 11:15:45,307 [INFO] ThirdParty:841 - exiting critical section [change project]
2024-07-23 11:15:45,453 [INFO] PinOutPanel:1561 - setPackage(No Configuration,No Configuration)
2024-07-23 11:15:45,454 [INFO] PinOutPanel:1561 - setPackage(STM32L053C8Tx,LQFP48)
2024-07-23 11:15:45,613 [INFO] UtilMem:75 - Before build in PCC Used Memory: 733958656 Bytes (1073741824)
2024-07-23 11:15:45,767 [INFO] UserBatteryFile:101 - Battery_LiPo 3500.0 0.0 3.7 0.0 0.0
2024-07-23 11:15:45,805 [INFO] UtilMem:75 - After build in PCC Used Memory: 785865216 Bytes (1073741824)
2024-07-23 11:15:45,822 [INFO] IPUIPlugin:80 - create IPUIPlugin
2024-07-23 11:15:45,822 [INFO] IPUIPlugin:80 - create IPUIPlugin
2024-07-23 11:15:45,823 [INFO] IPUIPlugin:80 - create IPUIPlugin
2024-07-23 11:15:45,823 [INFO] IPUIPlugin:80 - create IPUIPlugin
2024-07-23 11:15:45,823 [INFO] IPUIPlugin:80 - create IPUIPlugin
2024-07-23 11:15:45,823 [INFO] IPUIPlugin:80 - create IPUIPlugin
2024-07-23 11:15:45,823 [INFO] IPUIPlugin:80 - create IPUIPlugin
2024-07-23 11:15:45,823 [INFO] IPUIPlugin:80 - create IPUIPlugin
2024-07-23 11:15:45,823 [INFO] IPUIPlugin:80 - create IPUIPlugin
2024-07-23 11:15:45,823 [INFO] IPUIPlugin:80 - create IPUIPlugin
2024-07-23 11:15:45,823 [INFO] IPUIPlugin:80 - create IPUIPlugin
2024-07-23 11:15:45,823 [INFO] IPUIPlugin:80 - create IPUIPlugin
2024-07-23 11:15:45,824 [INFO] IPUIPlugin:80 - create IPUIPlugin
2024-07-23 11:15:45,824 [INFO] IPUIPlugin:80 - create IPUIPlugin
2024-07-23 11:15:45,824 [INFO] IPUIPlugin:80 - create IPUIPlugin
2024-07-23 11:15:45,824 [INFO] IPUIPlugin:80 - create IPUIPlugin
2024-07-23 11:15:45,824 [INFO] IPUIPlugin:80 - create IPUIPlugin
2024-07-23 11:15:45,825 [INFO] IPUIPlugin:80 - create IPUIPlugin
2024-07-23 11:15:45,825 [INFO] IPUIPlugin:80 - create IPUIPlugin
2024-07-23 11:15:45,825 [INFO] IPUIPlugin:80 - create IPUIPlugin
2024-07-23 11:15:45,825 [INFO] IPUIPlugin:80 - create IPUIPlugin
2024-07-23 11:15:45,825 [INFO] IPUIPlugin:80 - create IPUIPlugin
2024-07-23 11:15:45,825 [INFO] IPUIPlugin:80 - create IPUIPlugin
2024-07-23 11:15:45,826 [INFO] IPUIPlugin:80 - create IPUIPlugin
2024-07-23 11:15:45,826 [INFO] IPUIPlugin:80 - create IPUIPlugin
2024-07-23 11:15:45,826 [INFO] IPUIPlugin:80 - create IPUIPlugin
2024-07-23 11:15:45,826 [INFO] IPUIPlugin:80 - create IPUIPlugin
2024-07-23 11:15:45,826 [INFO] IPUIPlugin:80 - create IPUIPlugin
2024-07-23 11:15:45,827 [INFO] IPUIPlugin:80 - create IPUIPlugin
2024-07-23 11:15:45,827 [INFO] IPUIPlugin:80 - create IPUIPlugin
2024-07-23 11:15:45,827 [INFO] IPUIPlugin:80 - create IPUIPlugin
2024-07-23 11:15:45,827 [INFO] IPUIPlugin:80 - create IPUIPlugin
2024-07-23 11:15:45,828 [INFO] IPUIPlugin:80 - create IPUIPlugin
2024-07-23 11:15:45,828 [INFO] IPUIPlugin:80 - create IPUIPlugin
2024-07-23 11:15:45,884 [INFO] CADModel:165 - CPN selected for project levelSTM32L053C8T6
2024-07-23 11:15:45,884 [INFO] CADModel:114 - Register for checkConnection events
2024-07-23 11:15:45,939 [INFO] OpenFileManager:343 - Restore cursor
2024-07-23 11:15:53,216 [INFO] Gpio:277 - dependency for GPIO [I2C1, RCC, SPI1, SYS, USART1, USART2]
2024-07-23 11:16:03,485 [INFO] Gpio:277 - dependency for GPIO [I2C1, RCC, SPI1, SYS, USART1, USART2]
2024-07-23 11:16:03,528 [INFO] NvicIntPanel:101 - NVIC parent = com.st.microxplorer.plugins.ip.nvic.MultiNvicIntPanel[,0,0,0x0,invalid,layout=javax.swing.BoxLayout,alignmentX=0.0,alignmentY=0.0,border=,flags=9,maximumSize=,minimumSize=,preferredSize=]
2024-07-23 11:16:03,616 [INFO] Gpio:277 - dependency for GPIO [I2C1, RCC, SPI1, SYS, USART1, USART2]
2024-07-23 11:16:03,661 [INFO] NvicIntPanel:101 - NVIC parent = com.st.microxplorer.plugins.ip.nvic.MultiNvicIntPanel[,0,0,0x0,invalid,layout=javax.swing.BoxLayout,alignmentX=0.0,alignmentY=0.0,border=,flags=9,maximumSize=,minimumSize=,preferredSize=]
2024-07-23 11:16:03,831 [INFO] Gpio:277 - dependency for GPIO [I2C1, RCC, SPI1, SYS, USART1, USART2]
2024-07-23 11:16:03,875 [INFO] NvicIntPanel:101 - NVIC parent = com.st.microxplorer.plugins.ip.nvic.MultiNvicIntPanel[,0,0,0x0,invalid,layout=javax.swing.BoxLayout,alignmentX=0.0,alignmentY=0.0,border=,flags=9,maximumSize=,minimumSize=,preferredSize=]
2024-07-23 11:16:28,953 [INFO] Gpio:277 - dependency for GPIO [I2C1, RCC, SPI1, SYS, USART1, USART2]
2024-07-23 11:16:32,185 [INFO] NvicIntPanel:101 - NVIC parent = com.st.microxplorer.plugins.ip.nvic.MultiNvicIntPanel[,0,0,0x0,invalid,layout=javax.swing.BoxLayout,alignmentX=0.0,alignmentY=0.0,border=,flags=9,maximumSize=,minimumSize=,preferredSize=]
2024-07-23 11:16:32,269 [INFO] NvicIntPanel:101 - NVIC parent = com.st.microxplorer.plugins.ip.nvic.MultiNvicIntPanel[,0,0,0x0,invalid,layout=javax.swing.BoxLayout,alignmentX=0.0,alignmentY=0.0,border=,flags=9,maximumSize=,minimumSize=,preferredSize=]
2024-07-23 11:16:33,790 [INFO] NvicIntPanel:101 - NVIC parent = com.st.microxplorer.plugins.ip.nvic.MultiNvicIntPanel[,0,0,0x0,invalid,layout=javax.swing.BoxLayout,alignmentX=0.0,alignmentY=0.0,border=,flags=9,maximumSize=,minimumSize=,preferredSize=]
2024-07-23 11:16:33,875 [INFO] NvicIntPanel:101 - NVIC parent = com.st.microxplorer.plugins.ip.nvic.MultiNvicIntPanel[,0,0,0x0,invalid,layout=javax.swing.BoxLayout,alignmentX=0.0,alignmentY=0.0,border=,flags=9,maximumSize=,minimumSize=,preferredSize=]
2024-07-23 11:16:38,456 [INFO] UtilMem:75 - End SaveConfig() Used Memory: 845960832 Bytes (1073741824)
2024-07-23 11:16:39,942 [INFO] UtilMem:75 - End SaveConfig() Used Memory: 869029504 Bytes (1073741824)
2024-07-23 11:16:41,208 [INFO] UtilMem:75 - End SaveConfig() Used Memory: 944016760 Bytes (1073741824)
2024-07-23 11:16:41,358 [INFO] BlockDiagram:2759 - set Specific Code input for plugin: SPI
2024-07-23 11:16:41,358 [INFO] BlockDiagram:2759 - set Specific Code input for plugin: NVIC
2024-07-23 11:16:41,358 [INFO] BlockDiagram:2759 - set Specific Code input for plugin: USART
2024-07-23 11:16:41,358 [INFO] BlockDiagram:2759 - set Specific Code input for plugin: USART
2024-07-23 11:16:41,358 [INFO] BlockDiagram:2759 - set Specific Code input for plugin: SYS
2024-07-23 11:16:41,358 [INFO] BlockDiagram:2759 - set Specific Code input for plugin: GPIO
2024-07-23 11:16:41,358 [INFO] BlockDiagram:2759 - set Specific Code input for plugin: RCC
2024-07-23 11:16:41,358 [INFO] BlockDiagram:2759 - set Specific Code input for plugin: I2C
2024-07-23 11:16:41,359 [INFO] CodeGenerator:807 - code generatio: config db path: C:\ST\STM32CubeIDE_1.15.1\STM32CubeIDE\plugins\com.st.stm32cube.common.mx_6.11.1.202404110753\\db\
2024-07-23 11:16:41,491 [INFO] CodeEngine:255 - oldGeneratedFile, D:\Projetos\Firmware\firmware\Mainboard MonoChip\MXTmpFiles\license.tmp_save
2024-07-23 11:16:41,631 [INFO] CodeEngine:279 - Generated code: D:\Projetos\Firmware\firmware\Mainboard MonoChip\MXTmpFiles\license.tmp
2024-07-23 11:16:41,706 [INFO] CodeEngine:255 - oldGeneratedFile, D:\Projetos\Firmware\firmware\Mainboard MonoChip\MXTmpFiles\gpio.tmp_save
2024-07-23 11:16:41,823 [INFO] CodeEngine:279 - Generated code: D:\Projetos\Firmware\firmware\Mainboard MonoChip\MXTmpFiles\gpio.tmp
2024-07-23 11:16:42,213 [INFO] CodeEngine:255 - oldGeneratedFile, D:\Projetos\Firmware\firmware\Mainboard MonoChip\Core\Src\stm32l0xx_it.c_save
2024-07-23 11:16:42,330 [INFO] CodeEngine:279 - Generated code: D:\Projetos\Firmware\firmware\Mainboard MonoChip\Core\Src\stm32l0xx_it.c
2024-07-23 11:16:42,336 [INFO] CodeEngine:255 - oldGeneratedFile, D:\Projetos\Firmware\firmware\Mainboard MonoChip\Core\Inc\stm32l0xx_it.h_save
2024-07-23 11:16:42,413 [INFO] CodeEngine:279 - Generated code: D:\Projetos\Firmware\firmware\Mainboard MonoChip\Core\Inc\stm32l0xx_it.h
2024-07-23 11:16:42,437 [INFO] CodeEngine:255 - oldGeneratedFile, D:\Projetos\Firmware\firmware\Mainboard MonoChip\Core\Src\stm32l0xx_hal_msp.c_save
2024-07-23 11:16:42,577 [INFO] CodeEngine:279 - Generated code: D:\Projetos\Firmware\firmware\Mainboard MonoChip\Core\Src\stm32l0xx_hal_msp.c
2024-07-23 11:16:42,582 [INFO] CodeEngine:255 - oldGeneratedFile, D:\Projetos\Firmware\firmware\Mainboard MonoChip\MXTmpFiles\system.tmp_save
2024-07-23 11:16:42,659 [INFO] CodeEngine:279 - Generated code: D:\Projetos\Firmware\firmware\Mainboard MonoChip\MXTmpFiles\system.tmp
2024-07-23 11:16:42,685 [INFO] CodeEngine:311 - oldGeneratedFile, D:\Projetos\Firmware\firmware\Mainboard MonoChip\Core\Inc\stm32l0xx_hal_conf.h_save
2024-07-23 11:16:42,802 [INFO] CodeEngine:335 - Generated code: D:\Projetos\Firmware\firmware\Mainboard MonoChip\Core\Inc\stm32l0xx_hal_conf.h
2024-07-23 11:16:42,845 [INFO] CodeEngine:255 - oldGeneratedFile, D:\Projetos\Firmware\firmware\Mainboard MonoChip\Core\Inc\main.h_save
2024-07-23 11:16:42,958 [INFO] CodeEngine:279 - Generated code: D:\Projetos\Firmware\firmware\Mainboard MonoChip\Core\Inc\main.h
2024-07-23 11:16:42,974 [INFO] CodeEngine:255 - oldGeneratedFile, D:\Projetos\Firmware\firmware\Mainboard MonoChip\Core\Src\main.c_save
2024-07-23 11:16:43,118 [INFO] CodeEngine:279 - Generated code: D:\Projetos\Firmware\firmware\Mainboard MonoChip\Core\Src\main.c
2024-07-23 11:16:43,475 [INFO] ProjectBuilder:3163 - Time for Copy HAL[1] : 175mS.
2024-07-23 11:16:43,479 [INFO] ProjectBuilder:4736 - Project Generator version: 4.3.0-B58
2024-07-23 11:16:43,564 [INFO] ConfigFileManager:1503 - The Die is : DIE417
2024-07-23 11:16:43,567 [INFO] ApiDbMcu:508 - Load IP Config File for FATFS
2024-07-23 11:16:43,572 [INFO] ApiDbMcu:508 - Load IP Config File for FREERTOS
2024-07-23 11:16:43,585 [INFO] ApiDbMcu:508 - Load IP Config File for TOUCHSENSING
2024-07-23 11:16:43,590 [INFO] ApiDbMcu:508 - Load IP Config File for USB_DEVICE
2024-07-23 11:16:44,711 [INFO] ProjectBuilder:5002 - Time for Generating toolchain IDE Files: 1232mS.
2024-07-23 11:16:44,712 [INFO] ProjectBuilder:3034 - Time for Copy CMSIS : 0mS.
2024-07-23 11:16:44,714 [INFO] ProjectBuilder:3034 - Time for Copy CMSIS : 0mS.
2024-07-23 11:36:40,489 [INFO] MainUpdater:2873 - connection check result : 10
2024-07-23 11:36:40,489 [INFO] MainUpdater:2873 - connection check result : 10
2024-07-23 11:36:40,584 [INFO] I2cTimingTraitement:330 - 0x00100413
2024-07-23 11:36:40,586 [INFO] MicroXplorer:468 - Change Database Path : 
2024-07-23 11:36:40,586 [INFO] MicroXplorer:498 - Change Database Version : DB.6.0.111
2024-07-23 11:36:40,595 [ERROR] ProjectManagerView:394 - 
java.lang.NullPointerException: Cannot invoke "javax.swing.JTextField.getText()" because the return value of "java.util.List.get(int)" is null
	at com.st.microxplorer.plugins.projectmanager.gui.ProjectChoiceTab$10.caretUpdate(ProjectChoiceTab.java:2504) ~[filemanager.jar:?]
	at javax.swing.text.JTextComponent.fireCaretUpdate(JTextComponent.java:412) ~[?:?]
	at javax.swing.text.JTextComponent$MutableCaretEvent.fire(JTextComponent.java:4491) ~[?:?]
	at javax.swing.text.JTextComponent$MutableCaretEvent.stateChanged(JTextComponent.java:4513) ~[?:?]
	at javax.swing.text.DefaultCaret.fireStateChanged(DefaultCaret.java:842) ~[?:?]
	at javax.swing.text.DefaultCaret.changeCaretPosition(DefaultCaret.java:1313) ~[?:?]
	at javax.swing.text.DefaultCaret.handleSetDot(DefaultCaret.java:1212) ~[?:?]
	at javax.swing.text.DefaultCaret.setDot(DefaultCaret.java:1193) ~[?:?]
	at javax.swing.text.DefaultCaret$Handler.insertUpdate(DefaultCaret.java:1789) ~[?:?]
	at javax.swing.text.AbstractDocument.fireInsertUpdate(AbstractDocument.java:226) ~[?:?]
	at javax.swing.text.AbstractDocument.handleInsertString(AbstractDocument.java:780) ~[?:?]
	at javax.swing.text.AbstractDocument.insertString(AbstractDocument.java:739) ~[?:?]
	at javax.swing.text.PlainDocument.insertString(PlainDocument.java:131) ~[?:?]
	at javax.swing.text.AbstractDocument.replace(AbstractDocument.java:698) ~[?:?]
	at javax.swing.text.JTextComponent.setText(JTextComponent.java:1729) ~[?:?]
	at com.st.microxplorer.plugins.projectmanager.gui.ProjectChoiceTab.createHeapStackFields(ProjectChoiceTab.java:944) ~[filemanager.jar:?]
	at com.st.microxplorer.plugins.projectmanager.gui.ProjectChoiceTab.buildLinkSettingsPanel(ProjectChoiceTab.java:3475) ~[filemanager.jar:?]
	at com.st.microxplorer.plugins.projectmanager.gui.ProjectChoiceTab.defineWindowsFields(ProjectChoiceTab.java:1816) ~[filemanager.jar:?]
	at com.st.microxplorer.plugins.projectmanager.gui.ProjectChoiceTab.updateSettings(ProjectChoiceTab.java:544) ~[filemanager.jar:?]
	at com.st.microxplorer.plugins.projectmanager.gui.ProjectSettingsPanel.UpdateDialog(ProjectSettingsPanel.java:245) ~[filemanager.jar:?]
	at com.st.microxplorer.plugins.projectmanager.ProjectManagerView.propertyChange(ProjectManagerView.java:391) ~[filemanager.jar:?]
	at java.beans.PropertyChangeSupport.fire(PropertyChangeSupport.java:343) ~[?:?]
	at java.beans.PropertyChangeSupport.firePropertyChange(PropertyChangeSupport.java:335) ~[?:?]
	at java.beans.PropertyChangeSupport.firePropertyChange(PropertyChangeSupport.java:268) ~[?:?]
	at com.st.microxplorer.util.MXPropertyChangeSupport.firePropertyChange(MXPropertyChangeSupport.java:54) ~[STM32CubeMX.jar:?]
	at com.st.microxplorer.mxsystem.MxSystem.closeConfig(MxSystem.java:900) ~[STM32CubeMX.jar:?]
	at com.st.microxplorer.maingui.MainPanel.closeConfig(MainPanel.java:776) ~[STM32CubeMX.jar:?]
	at com.st.microxplorer.plugins.filemanager.engine.OpenFileManager.loadConfigurationFile(OpenFileManager.java:245) ~[filemanager.jar:?]
	at com.st.microxplorer.plugins.filemanager.engine.MainFileManager.userLoadConfig(MainFileManager.java:315) ~[filemanager.jar:?]
	at com.st.microxplorer.plugins.filemanager.engine.MainFileManager.userLoadConfig(MainFileManager.java:293) ~[filemanager.jar:?]
	at com.st.microxplorer.plugins.filemanager.FileManagerView.getSpecificTask(FileManagerView.java:247) ~[filemanager.jar:?]
	at com.st.stm32cube.common.mx.editor.CubeMxEditor.getMxTabbedPaneInstance(CubeMxEditor.java:1198) ~[com.st.stm32cube.common.mx_6.11.1.202404110753/:?]
	at com.st.stm32cube.common.mx.editor.CubeMxEditor$12$1.createSwingComponent(CubeMxEditor.java:1068) ~[com.st.stm32cube.common.mx_6.11.1.202404110753/:?]
	at com.st.stm32cube.common.mx.oss.core.awtswtbridge.EmbeddedSwingComposite.doComponentCreation(EmbeddedSwingComposite.java:492) ~[com.st.stm32cube.common.mx.oss_6.11.1.202404110753/:?]
	at com.st.stm32cube.common.mx.oss.core.awtswtbridge.EmbeddedSwingComposite$4.run(EmbeddedSwingComposite.java:291) ~[com.st.stm32cube.common.mx.oss_6.11.1.202404110753/:?]
	at com.st.stm32cube.common.mx.oss.core.awtswtbridge.AwtEnvironment$2.run(AwtEnvironment.java:166) ~[com.st.stm32cube.common.mx.oss_6.11.1.202404110753/:?]
	at java.awt.event.InvocationEvent.dispatch(InvocationEvent.java:318) ~[?:?]
	at java.awt.EventQueue.dispatchEventImpl(EventQueue.java:773) ~[?:?]
	at java.awt.EventQueue$4.run(EventQueue.java:720) ~[?:?]
	at java.awt.EventQueue$4.run(EventQueue.java:714) ~[?:?]
	at java.security.AccessController.doPrivileged(AccessController.java:399) ~[?:?]
	at java.security.ProtectionDomain$JavaSecurityAccessImpl.doIntersectionPrivilege(ProtectionDomain.java:86) ~[?:?]
	at java.awt.EventQueue.dispatchEvent(EventQueue.java:742) ~[?:?]
	at java.awt.EventDispatchThread.pumpOneEventForFilters(EventDispatchThread.java:203) ~[?:?]
	at java.awt.EventDispatchThread.pumpEventsForFilter(EventDispatchThread.java:124) ~[?:?]
	at java.awt.EventDispatchThread.pumpEventsForHierarchy(EventDispatchThread.java:113) ~[?:?]
	at java.awt.EventDispatchThread.pumpEvents(EventDispatchThread.java:109) ~[?:?]
	at java.awt.EventDispatchThread.pumpEvents(EventDispatchThread.java:101) ~[?:?]
	at java.awt.EventDispatchThread.run(EventDispatchThread.java:90) ~[?:?]
2024-07-23 11:36:40,596 [WARN] ThirdParty:871 - waiting for thirdparty lock release [close project]
2024-07-23 11:36:40,596 [INFO] ThirdParty:873 - entering critical section [close project]
2024-07-23 11:36:40,596 [INFO] ThirdParty:883 - exiting critical section [close project]
2024-07-23 11:36:40,597 [INFO] PinOutPanel:1561 - setPackage(No Configuration,No Configuration)
2024-07-23 11:36:40,599 [INFO] UtilMem:75 - Begin LoadConfig() Used Memory: 831413336 Bytes (1073741824)
2024-07-23 11:36:40,600 [INFO] MicroXplorer:468 - Change Database Path : 
2024-07-23 11:36:40,600 [INFO] MicroXplorer:498 - Change Database Version : DB.6.0.111
2024-07-23 11:36:40,600 [INFO] OpenFileManager:312 - Change cursor
2024-07-23 11:36:40,610 [INFO] RulesReader:64 - Compatibility file has been processed (297 Rules)
2024-07-23 11:36:40,612 [INFO] Mcu:2021 - Initializing MCU STM32L053C(6-8)Tx STM32L053C8Tx STM32L053C8T6
2024-07-23 11:36:41,240 [INFO] Context:663 - Trying to add GPIOservice into a context  which must be forbidden
2024-07-23 11:36:41,414 [INFO] RtosManager:555 - Registered RTOS mode: class=CMSIS, group=RTOS, mode=CMSIS_V1, owner=FREERTOS
2024-07-23 11:36:41,414 [INFO] RtosManager:555 - Registered RTOS mode: class=CMSIS, group=RTOS2, mode=CMSIS_V2, owner=FREERTOS
2024-07-23 11:36:41,414 [INFO] RtosManager:555 - Registered RTOS mode: class=RTOS, group=Core, mode=CMSIS_V1, owner=FREERTOS
2024-07-23 11:36:41,414 [INFO] RtosManager:555 - Registered RTOS mode: class=RTOS, group=Core, mode=CMSIS_V2, owner=FREERTOS
2024-07-23 11:36:41,414 [WARN] ModelIntegratedComponent:184 - Missing modes for component STMicroelectronics:FreeRTOS:0.0.1:STMicroelectronics:RTOS:FreeRTOS:Core:::10.2.0:
2024-07-23 11:36:41,420 [WARN] ModelIntegratedComponent:63 - No mode defined for component null
2024-07-23 11:36:41,420 [WARN] ModelIntegratedComponent:63 - No mode defined for component null
2024-07-23 11:36:41,420 [WARN] ModelIntegratedComponent:63 - No mode defined for component null
2024-07-23 11:36:41,420 [WARN] ModelIntegratedComponent:63 - No mode defined for component null
2024-07-23 11:36:41,420 [WARN] ModelIntegratedComponent:63 - No mode defined for component null
2024-07-23 11:36:41,420 [WARN] ModelIntegratedComponent:63 - No mode defined for component null
2024-07-23 11:36:41,420 [WARN] ModelIntegratedComponent:63 - No mode defined for component null
2024-07-23 11:36:41,420 [WARN] ModelIntegratedComponent:63 - No mode defined for component null
2024-07-23 11:36:41,420 [WARN] ModelIntegratedComponent:63 - No mode defined for component null
2024-07-23 11:36:41,420 [WARN] ModelIntegratedComponent:63 - No mode defined for component null
2024-07-23 11:36:41,420 [WARN] ModelIntegratedComponent:63 - No mode defined for component null
2024-07-23 11:36:41,420 [WARN] ModelIntegratedComponent:63 - No mode defined for component null
2024-07-23 11:36:41,421 [WARN] ModelIntegratedComponent:63 - No mode defined for component null
2024-07-23 11:36:41,421 [WARN] ModelIntegratedComponent:63 - No mode defined for component null
2024-07-23 11:36:41,421 [WARN] ModelIntegratedComponent:63 - No mode defined for component null
2024-07-23 11:36:41,421 [WARN] ModelIntegratedComponent:63 - No mode defined for component null
2024-07-23 11:36:41,421 [WARN] ModelIntegratedComponent:63 - No mode defined for component null
2024-07-23 11:36:41,421 [WARN] ModelIntegratedComponent:63 - No mode defined for component null
2024-07-23 11:36:41,421 [WARN] ModelIntegratedComponent:63 - No mode defined for component null
2024-07-23 11:36:41,421 [WARN] ModelIntegratedComponent:63 - No mode defined for component null
2024-07-23 11:36:41,421 [WARN] ModelIntegratedComponent:63 - No mode defined for component null
2024-07-23 11:36:41,421 [WARN] ModelIntegratedComponent:63 - No mode defined for component null
2024-07-23 11:36:41,421 [WARN] ModelIntegratedComponent:63 - No mode defined for component null
2024-07-23 11:36:41,421 [WARN] ModelIntegratedComponent:63 - No mode defined for component null
2024-07-23 11:36:41,421 [WARN] ModelIntegratedComponent:63 - No mode defined for component null
2024-07-23 11:36:41,421 [WARN] ModelIntegratedComponent:63 - No mode defined for component null
2024-07-23 11:36:41,421 [WARN] ModelIntegratedComponent:63 - No mode defined for component null
2024-07-23 11:36:41,421 [WARN] ModelIntegratedComponent:63 - No mode defined for component null
2024-07-23 11:36:41,421 [WARN] ModelIntegratedComponent:63 - No mode defined for component null
2024-07-23 11:36:41,421 [WARN] ModelIntegratedComponent:63 - No mode defined for component null
2024-07-23 11:36:41,421 [WARN] ModelIntegratedComponent:63 - No mode defined for component null
2024-07-23 11:36:41,421 [WARN] ModelIntegratedComponent:63 - No mode defined for component null
2024-07-23 11:36:41,421 [WARN] ModelIntegratedComponent:63 - No mode defined for component null
2024-07-23 11:36:41,421 [WARN] ModelIntegratedComponent:63 - No mode defined for component null
2024-07-23 11:36:41,508 [INFO] ThirdPartyModel:298 - Start build external matchings
2024-07-23 11:36:41,793 [INFO] ThirdPartyModel:316 - End build external matchings
2024-07-23 11:36:41,801 [INFO] ImportTextPane:194 - (OptionalMessage_ERROR) IP (RCC) : Parameter (48USBFreq_Value) has invalid value (32000000)
2024-07-23 11:36:41,801 [INFO] ImportTextPane:194 - (OptionalMessage_ERROR) IP (RCC) : Invalid parameter (FamilyName)
2024-07-23 11:36:41,802 [INFO] ImportTextPane:194 - (OptionalMessage_ERROR) IP (RCC) : Parameter (RTCHSEDivFreq_Value) has invalid value (12500000)
2024-07-23 11:36:41,802 [INFO] ImportTextPane:194 - (OptionalMessage_ERROR) IP (RCC) : Invalid parameter (TIMFreq_Value)
2024-07-23 11:36:41,971 [INFO] UtilMem:75 - End LoadConfig() Used Memory: 899047880 Bytes (1073741824)
2024-07-23 11:36:42,008 [WARN] ThirdParty:833 - waiting for thirdparty lock release [change project]
2024-07-23 11:36:42,008 [INFO] ThirdParty:835 - entering critical section [change project]
2024-07-23 11:36:42,008 [INFO] ThirdParty:1030 - CMSIS Pack Vendor :STMicroelectronics USBPD 4.1
2024-07-23 11:36:42,008 [INFO] ThirdParty:1030 - CMSIS Pack Vendor :STMicroelectronics X-CUBE-GNSS1 6.0.0
2024-07-23 11:36:42,008 [INFO] ThirdParty:1030 - CMSIS Pack Vendor :STMicroelectronics USB_HOST 2.0.0
2024-07-23 11:36:42,008 [INFO] ThirdParty:1030 - CMSIS Pack Vendor :STMicroelectronics FP-SNS-MOTENVWB1 1.4.0
2024-07-23 11:36:42,008 [INFO] ThirdParty:1030 - CMSIS Pack Vendor :STMicroelectronics X-CUBE-AZRTOS-F4 1.1.0
2024-07-23 11:36:42,008 [INFO] ThirdParty:1030 - CMSIS Pack Vendor :STMicroelectronics LIBJPEG 8.0.0
2024-07-23 11:36:42,008 [INFO] ThirdParty:1030 - CMSIS Pack Vendor :STMicroelectronics X-CUBE-SMBUS 2.1.0
2024-07-23 11:36:42,008 [INFO] ThirdParty:1030 - CMSIS Pack Vendor :STMicroelectronics USB_DEVICE 3.0.0
2024-07-23 11:36:42,008 [INFO] ThirdParty:1030 - CMSIS Pack Vendor :STMicroelectronics X-CUBE-TCPP 4.1.0
2024-07-23 11:36:42,008 [INFO] ThirdParty:1030 - CMSIS Pack Vendor :STMicroelectronics X-CUBE-FREERTOS 1.2.0
2024-07-23 11:36:42,008 [INFO] ThirdParty:1030 - CMSIS Pack Vendor :STMicroelectronics X-CUBE-AZRTOS-WB 2.0.0
2024-07-23 11:36:42,009 [INFO] ThirdParty:1030 - CMSIS Pack Vendor :STMicroelectronics X-CUBE-TOUCHGFX 4.23.2
2024-07-23 11:36:42,009 [INFO] ThirdParty:1030 - CMSIS Pack Vendor :STMicroelectronics X-CUBE-AZRTOS-F7 1.1.0
2024-07-23 11:36:42,009 [INFO] ThirdParty:1030 - CMSIS Pack Vendor :STMicroelectronics X-CUBE-AZRTOS-L5 2.0.0
2024-07-23 11:36:42,009 [INFO] ThirdParty:1030 - CMSIS Pack Vendor :STMicroelectronics USB_DEVICE 2.0.0
2024-07-23 11:36:42,009 [INFO] ThirdParty:1030 - CMSIS Pack Vendor :STMicroelectronics X-CUBE-NFC6 3.1.0
2024-07-23 11:36:42,009 [INFO] ThirdParty:1030 - CMSIS Pack Vendor :STMicroelectronics FP-SNS-STBOX1 2.0.0
2024-07-23 11:36:42,009 [INFO] ThirdParty:1030 - CMSIS Pack Vendor :STMicroelectronics FreeRTOS 0.0.1
2024-07-23 11:36:42,009 [INFO] ThirdParty:1030 - CMSIS Pack Vendor :STMicroelectronics X-CUBE-AZRTOS-G0 1.1.0
2024-07-23 11:36:42,009 [INFO] ThirdParty:1030 - CMSIS Pack Vendor :STMicroelectronics X-CUBE-SAFEA1 1.2.2
2024-07-23 11:36:42,009 [INFO] ThirdParty:1030 - CMSIS Pack Vendor :STMicroelectronics X-CUBE-NFC4 3.0.0
2024-07-23 11:36:42,009 [INFO] ThirdParty:1030 - CMSIS Pack Vendor :STMicroelectronics X-CUBE-DPower 1.2.0
2024-07-23 11:36:42,009 [INFO] ThirdParty:1030 - CMSIS Pack Vendor :STMicroelectronics X-CUBE-SUBG2 5.0.0
2024-07-23 11:36:42,009 [INFO] ThirdParty:1030 - CMSIS Pack Vendor :STMicroelectronics STM32_WPAN 1.0.0
2024-07-23 11:36:42,009 [INFO] ThirdParty:1030 - CMSIS Pack Vendor :wolfSSL I-CUBE-wolfMQTT 1.18.0
2024-07-23 11:36:42,009 [INFO] ThirdParty:1030 - CMSIS Pack Vendor :EmbeddedOffice I-CUBE-FS-RTOS 1.0.1
2024-07-23 11:36:42,009 [INFO] ThirdParty:1030 - CMSIS Pack Vendor :STMicroelectronics lwIP 2.0.3
2024-07-23 11:36:42,009 [INFO] ThirdParty:1030 - CMSIS Pack Vendor :STMicroelectronics FP-SNS-FLIGHT1 5.0.2
2024-07-23 11:36:42,009 [INFO] ThirdParty:1030 - CMSIS Pack Vendor :STMicroelectronics USB_HOST 1.0.0
2024-07-23 11:36:42,009 [INFO] ThirdParty:1030 - CMSIS Pack Vendor :STMicroelectronics X-CUBE-AI 9.0.0
2024-07-23 11:36:42,009 [INFO] ThirdParty:1030 - CMSIS Pack Vendor :STMicroelectronics X-CUBE-AZRTOS-G4 2.0.0
2024-07-23 11:36:42,009 [INFO] ThirdParty:1030 - CMSIS Pack Vendor :STMicroelectronics PDM2PCM 3.1.0
2024-07-23 11:36:42,010 [INFO] ThirdParty:1030 - CMSIS Pack Vendor :STMicroelectronics PDM2PCM 3.3.0
2024-07-23 11:36:42,010 [INFO] ThirdParty:1030 - CMSIS Pack Vendor :STMicroelectronics X-CUBE-DISPLAY 3.0.0
2024-07-23 11:36:42,010 [INFO] ThirdParty:1030 - CMSIS Pack Vendor :RealThread X-CUBE-RT-Thread_Nano 4.1.1
2024-07-23 11:36:42,010 [INFO] ThirdParty:1030 - CMSIS Pack Vendor :wolfSSL I-CUBE-wolfSSL 5.7.0
2024-07-23 11:36:42,010 [INFO] ThirdParty:1030 - CMSIS Pack Vendor :STMicroelectronics X-CUBE-BLE1 7.0.0
2024-07-23 11:36:42,010 [INFO] ThirdParty:1030 - CMSIS Pack Vendor :STMicroelectronics FP-ATR-SIGFOX1 3.2.0
2024-07-23 11:36:42,010 [INFO] ThirdParty:1030 - CMSIS Pack Vendor :STMicroelectronics X-CUBE-ISPU 2.0.0
2024-07-23 11:36:42,010 [INFO] ThirdParty:1030 - CMSIS Pack Vendor :STMicroelectronics X-CUBE-EEPRMA1 5.1.0
2024-07-23 11:36:42,010 [INFO] ThirdParty:1030 - CMSIS Pack Vendor :STMicroelectronics HAL Drivers 0.0.0
2024-07-23 11:36:42,010 [INFO] ThirdParty:1030 - CMSIS Pack Vendor :STMicroelectronics MBEDTLS 2.16.2
2024-07-23 11:36:42,010 [INFO] ThirdParty:1030 - CMSIS Pack Vendor :STMicroelectronics X-CUBE-ALS 1.0.2
2024-07-23 11:36:42,010 [INFO] ThirdParty:1030 - CMSIS Pack Vendor :emotas I-CUBE-CANOPEN 1.3.0
2024-07-23 11:36:42,010 [INFO] ThirdParty:1030 - CMSIS Pack Vendor :STMicroelectronics X-CUBE-MEMS1 10.0.0
2024-07-23 11:36:42,010 [INFO] ThirdParty:1030 - CMSIS Pack Vendor :STMicroelectronics X-CUBE-NFC7 1.0.1
2024-07-23 11:36:42,010 [INFO] ThirdParty:1030 - CMSIS Pack Vendor :STMicroelectronics MBEDTLS 2.14.1
2024-07-23 11:36:42,011 [INFO] ThirdParty:1030 - CMSIS Pack Vendor :STMicroelectronics X-CUBE-TOUCHGFX 4.24.0
2024-07-23 11:36:42,011 [INFO] ThirdParty:1030 - CMSIS Pack Vendor :ITTIA_DB I-CUBE-ITTIADB 8.9.0
2024-07-23 11:36:42,011 [INFO] ThirdParty:1030 - CMSIS Pack Vendor :wolfSSL I-CUBE-wolfTPM 3.2.0
2024-07-23 11:36:42,011 [INFO] ThirdParty:1030 - CMSIS Pack Vendor :portGmbH I-Cube-SoM-uGOAL 1.1.0
2024-07-23 11:36:42,011 [INFO] ThirdParty:1030 - CMSIS Pack Vendor :STMicroelectronics X-CUBE-ALS 1.0.1
2024-07-23 11:36:42,011 [INFO] ThirdParty:1030 - CMSIS Pack Vendor :STMicroelectronics X-CUBE-BLEMGR 3.1.0
2024-07-23 11:36:42,011 [INFO] ThirdParty:1030 - CMSIS Pack Vendor :STMicroelectronics ThreadX 1.0.0
2024-07-23 11:36:42,011 [INFO] ThirdParty:1030 - CMSIS Pack Vendor :STMicroelectronics FP-SNS-SMARTAG2 1.2.0
2024-07-23 11:36:42,011 [INFO] ThirdParty:1030 - CMSIS Pack Vendor :STMicroelectronics X-CUBE-AZRTOS-WL 2.0.0
2024-07-23 11:36:42,012 [INFO] ThirdParty:1030 - CMSIS Pack Vendor :SEGGER I-CUBE-embOS 1.3.1
2024-07-23 11:36:42,012 [INFO] ThirdParty:1030 - CMSIS Pack Vendor :STMicroelectronics X-CUBE-ALGOBUILD 1.4.0
2024-07-23 11:36:42,012 [INFO] ThirdParty:1030 - CMSIS Pack Vendor :STMicroelectronics FP-SNS-MOTENV1 5.0.0
2024-07-23 11:36:42,012 [INFO] ThirdParty:1030 - CMSIS Pack Vendor :STMicroelectronics USB_DEVICE 1.0.0
2024-07-23 11:36:42,012 [INFO] ThirdParty:1030 - CMSIS Pack Vendor :STMicroelectronics X-CUBE-AZRTOS-H7RS 1.0.0
2024-07-23 11:36:42,012 [INFO] ThirdParty:1030 - CMSIS Pack Vendor :wolfSSL I-CUBE-wolfMQTT 1.19.0
2024-07-23 11:36:42,013 [INFO] ThirdParty:1030 - CMSIS Pack Vendor :STMicroelectronics X-CUBE-AZRTOS-L4 2.0.0
2024-07-23 11:36:42,013 [INFO] ThirdParty:1030 - CMSIS Pack Vendor :STMicroelectronics ThreadX 0.0.2
2024-07-23 11:36:42,013 [INFO] ThirdParty:1030 - CMSIS Pack Vendor :WES I-CUBE-Cesium 1.3.0
2024-07-23 11:36:42,013 [INFO] ThirdParty:1030 - CMSIS Pack Vendor :STMicroelectronics FP-ATR-ASTRA1 2.0.0
2024-07-23 11:36:42,013 [INFO] ThirdParty:1030 - CMSIS Pack Vendor :STMicroelectronics lwIP 2.1.2
2024-07-23 11:36:42,013 [INFO] ThirdParty:1030 - CMSIS Pack Vendor :STMicroelectronics X-CUBE-SFXS2LP1 4.0.0
2024-07-23 11:36:42,013 [INFO] ThirdParty:1030 - CMSIS Pack Vendor :STMicroelectronics X-CUBE-BLE2 3.3.0
2024-07-23 11:36:42,013 [INFO] ThirdParty:1030 - CMSIS Pack Vendor :STMicroelectronics X-CUBE-TOF1 3.4.1
2024-07-23 11:36:42,013 [INFO] ThirdParty:1030 - CMSIS Pack Vendor :STMicroelectronics X-CUBE-AZRTOS-H7 3.2.0
2024-07-23 11:36:42,013 [INFO] ThirdParty:1030 - CMSIS Pack Vendor :Infineon AIROC-Wi-Fi-Bluetooth-STM32 1.6.0
2024-07-23 11:36:42,013 [INFO] ThirdParty:1030 - CMSIS Pack Vendor :STMicroelectronics PDM2PCM 3.2.0
2024-07-23 11:36:42,013 [INFO] ThirdParty:1030 - CMSIS Pack Vendor :wolfSSL I-CUBE-wolfSSH 1.4.17
2024-07-23 11:36:42,013 [INFO] ThirdParty:841 - exiting critical section [change project]
2024-07-23 11:36:42,180 [INFO] PinOutPanel:1561 - setPackage(No Configuration,No Configuration)
2024-07-23 11:36:42,180 [INFO] PinOutPanel:1561 - setPackage(STM32L053C8Tx,LQFP48)
2024-07-23 11:36:42,397 [INFO] UtilMem:75 - Before build in PCC Used Memory: 755030816 Bytes (1073741824)
2024-07-23 11:36:42,555 [INFO] UserBatteryFile:101 - Battery_LiPo 3500.0 0.0 3.7 0.0 0.0
2024-07-23 11:36:42,601 [INFO] UtilMem:75 - After build in PCC Used Memory: 806411040 Bytes (1073741824)
2024-07-23 11:36:42,626 [INFO] IPUIPlugin:80 - create IPUIPlugin
2024-07-23 11:36:42,626 [INFO] IPUIPlugin:80 - create IPUIPlugin
2024-07-23 11:36:42,627 [INFO] IPUIPlugin:80 - create IPUIPlugin
2024-07-23 11:36:42,627 [INFO] IPUIPlugin:80 - create IPUIPlugin
2024-07-23 11:36:42,627 [INFO] IPUIPlugin:80 - create IPUIPlugin
2024-07-23 11:36:42,627 [INFO] IPUIPlugin:80 - create IPUIPlugin
2024-07-23 11:36:42,627 [INFO] IPUIPlugin:80 - create IPUIPlugin
2024-07-23 11:36:42,627 [INFO] IPUIPlugin:80 - create IPUIPlugin
2024-07-23 11:36:42,627 [INFO] IPUIPlugin:80 - create IPUIPlugin
2024-07-23 11:36:42,628 [INFO] IPUIPlugin:80 - create IPUIPlugin
2024-07-23 11:36:42,628 [INFO] IPUIPlugin:80 - create IPUIPlugin
2024-07-23 11:36:42,628 [INFO] IPUIPlugin:80 - create IPUIPlugin
2024-07-23 11:36:42,628 [INFO] IPUIPlugin:80 - create IPUIPlugin
2024-07-23 11:36:42,628 [INFO] IPUIPlugin:80 - create IPUIPlugin
2024-07-23 11:36:42,628 [INFO] IPUIPlugin:80 - create IPUIPlugin
2024-07-23 11:36:42,628 [INFO] IPUIPlugin:80 - create IPUIPlugin
2024-07-23 11:36:42,628 [INFO] IPUIPlugin:80 - create IPUIPlugin
2024-07-23 11:36:42,629 [INFO] IPUIPlugin:80 - create IPUIPlugin
2024-07-23 11:36:42,629 [INFO] IPUIPlugin:80 - create IPUIPlugin
2024-07-23 11:36:42,629 [INFO] IPUIPlugin:80 - create IPUIPlugin
2024-07-23 11:36:42,629 [INFO] IPUIPlugin:80 - create IPUIPlugin
2024-07-23 11:36:42,629 [INFO] IPUIPlugin:80 - create IPUIPlugin
2024-07-23 11:36:42,629 [INFO] IPUIPlugin:80 - create IPUIPlugin
2024-07-23 11:36:42,630 [INFO] IPUIPlugin:80 - create IPUIPlugin
2024-07-23 11:36:42,630 [INFO] IPUIPlugin:80 - create IPUIPlugin
2024-07-23 11:36:42,630 [INFO] IPUIPlugin:80 - create IPUIPlugin
2024-07-23 11:36:42,630 [INFO] IPUIPlugin:80 - create IPUIPlugin
2024-07-23 11:36:42,630 [INFO] IPUIPlugin:80 - create IPUIPlugin
2024-07-23 11:36:42,631 [INFO] IPUIPlugin:80 - create IPUIPlugin
2024-07-23 11:36:42,631 [INFO] IPUIPlugin:80 - create IPUIPlugin
2024-07-23 11:36:42,631 [INFO] IPUIPlugin:80 - create IPUIPlugin
2024-07-23 11:36:42,631 [INFO] IPUIPlugin:80 - create IPUIPlugin
2024-07-23 11:36:42,631 [INFO] IPUIPlugin:80 - create IPUIPlugin
2024-07-23 11:36:42,632 [INFO] IPUIPlugin:80 - create IPUIPlugin
2024-07-23 11:36:42,697 [INFO] CADModel:165 - CPN selected for project levelSTM32L053C8T6
2024-07-23 11:36:42,697 [INFO] CADModel:114 - Register for checkConnection events
2024-07-23 11:36:42,749 [INFO] OpenFileManager:343 - Restore cursor
2024-07-23 11:53:43,136 [INFO] MainUpdater:2873 - connection check result : 10
2024-07-23 11:53:43,136 [INFO] MainUpdater:2873 - connection check result : 10
2024-07-23 11:53:43,238 [INFO] I2cTimingTraitement:330 - 0x00100413
2024-07-23 11:53:43,260 [INFO] I2cTimingTraitement:330 - 0x00100413
2024-07-23 11:53:43,262 [INFO] MicroXplorer:468 - Change Database Path : 
2024-07-23 11:53:43,262 [INFO] MicroXplorer:498 - Change Database Version : DB.6.0.111
2024-07-23 11:53:43,270 [ERROR] ProjectManagerView:394 - 
java.lang.NullPointerException: Cannot invoke "javax.swing.JTextField.getText()" because the return value of "java.util.List.get(int)" is null
	at com.st.microxplorer.plugins.projectmanager.gui.ProjectChoiceTab$10.caretUpdate(ProjectChoiceTab.java:2504) ~[filemanager.jar:?]
	at javax.swing.text.JTextComponent.fireCaretUpdate(JTextComponent.java:412) ~[?:?]
	at javax.swing.text.JTextComponent$MutableCaretEvent.fire(JTextComponent.java:4491) ~[?:?]
	at javax.swing.text.JTextComponent$MutableCaretEvent.stateChanged(JTextComponent.java:4513) ~[?:?]
	at javax.swing.text.DefaultCaret.fireStateChanged(DefaultCaret.java:842) ~[?:?]
	at javax.swing.text.DefaultCaret.changeCaretPosition(DefaultCaret.java:1313) ~[?:?]
	at javax.swing.text.DefaultCaret.handleSetDot(DefaultCaret.java:1212) ~[?:?]
	at javax.swing.text.DefaultCaret.setDot(DefaultCaret.java:1193) ~[?:?]
	at javax.swing.text.DefaultCaret$Handler.insertUpdate(DefaultCaret.java:1789) ~[?:?]
	at javax.swing.text.AbstractDocument.fireInsertUpdate(AbstractDocument.java:226) ~[?:?]
	at javax.swing.text.AbstractDocument.handleInsertString(AbstractDocument.java:780) ~[?:?]
	at javax.swing.text.AbstractDocument.insertString(AbstractDocument.java:739) ~[?:?]
	at javax.swing.text.PlainDocument.insertString(PlainDocument.java:131) ~[?:?]
	at javax.swing.text.AbstractDocument.replace(AbstractDocument.java:698) ~[?:?]
	at javax.swing.text.JTextComponent.setText(JTextComponent.java:1729) ~[?:?]
	at com.st.microxplorer.plugins.projectmanager.gui.ProjectChoiceTab.createHeapStackFields(ProjectChoiceTab.java:944) ~[filemanager.jar:?]
	at com.st.microxplorer.plugins.projectmanager.gui.ProjectChoiceTab.buildLinkSettingsPanel(ProjectChoiceTab.java:3475) ~[filemanager.jar:?]
	at com.st.microxplorer.plugins.projectmanager.gui.ProjectChoiceTab.defineWindowsFields(ProjectChoiceTab.java:1816) ~[filemanager.jar:?]
	at com.st.microxplorer.plugins.projectmanager.gui.ProjectChoiceTab.updateSettings(ProjectChoiceTab.java:544) ~[filemanager.jar:?]
	at com.st.microxplorer.plugins.projectmanager.gui.ProjectSettingsPanel.UpdateDialog(ProjectSettingsPanel.java:245) ~[filemanager.jar:?]
	at com.st.microxplorer.plugins.projectmanager.ProjectManagerView.propertyChange(ProjectManagerView.java:391) ~[filemanager.jar:?]
	at java.beans.PropertyChangeSupport.fire(PropertyChangeSupport.java:343) ~[?:?]
	at java.beans.PropertyChangeSupport.firePropertyChange(PropertyChangeSupport.java:335) ~[?:?]
	at java.beans.PropertyChangeSupport.firePropertyChange(PropertyChangeSupport.java:268) ~[?:?]
	at com.st.microxplorer.util.MXPropertyChangeSupport.firePropertyChange(MXPropertyChangeSupport.java:54) ~[STM32CubeMX.jar:?]
	at com.st.microxplorer.mxsystem.MxSystem.closeConfig(MxSystem.java:900) ~[STM32CubeMX.jar:?]
	at com.st.microxplorer.maingui.MainPanel.closeConfig(MainPanel.java:776) ~[STM32CubeMX.jar:?]
	at com.st.microxplorer.plugins.filemanager.engine.OpenFileManager.loadConfigurationFile(OpenFileManager.java:245) ~[filemanager.jar:?]
	at com.st.microxplorer.plugins.filemanager.engine.MainFileManager.userLoadConfig(MainFileManager.java:315) ~[filemanager.jar:?]
	at com.st.microxplorer.plugins.filemanager.engine.MainFileManager.userLoadConfig(MainFileManager.java:293) ~[filemanager.jar:?]
	at com.st.microxplorer.plugins.filemanager.FileManagerView.getSpecificTask(FileManagerView.java:247) ~[filemanager.jar:?]
	at com.st.stm32cube.common.mx.editor.CubeMxEditor.getMxTabbedPaneInstance(CubeMxEditor.java:1198) ~[com.st.stm32cube.common.mx_6.11.1.202404110753/:?]
	at com.st.stm32cube.common.mx.editor.CubeMxEditor$12$1.createSwingComponent(CubeMxEditor.java:1068) ~[com.st.stm32cube.common.mx_6.11.1.202404110753/:?]
	at com.st.stm32cube.common.mx.oss.core.awtswtbridge.EmbeddedSwingComposite.doComponentCreation(EmbeddedSwingComposite.java:492) ~[com.st.stm32cube.common.mx.oss_6.11.1.202404110753/:?]
	at com.st.stm32cube.common.mx.oss.core.awtswtbridge.EmbeddedSwingComposite$4.run(EmbeddedSwingComposite.java:291) ~[com.st.stm32cube.common.mx.oss_6.11.1.202404110753/:?]
	at com.st.stm32cube.common.mx.oss.core.awtswtbridge.AwtEnvironment$2.run(AwtEnvironment.java:166) ~[com.st.stm32cube.common.mx.oss_6.11.1.202404110753/:?]
	at java.awt.event.InvocationEvent.dispatch(InvocationEvent.java:318) ~[?:?]
	at java.awt.EventQueue.dispatchEventImpl(EventQueue.java:773) ~[?:?]
	at java.awt.EventQueue$4.run(EventQueue.java:720) ~[?:?]
	at java.awt.EventQueue$4.run(EventQueue.java:714) ~[?:?]
	at java.security.AccessController.doPrivileged(AccessController.java:399) ~[?:?]
	at java.security.ProtectionDomain$JavaSecurityAccessImpl.doIntersectionPrivilege(ProtectionDomain.java:86) ~[?:?]
	at java.awt.EventQueue.dispatchEvent(EventQueue.java:742) ~[?:?]
	at java.awt.EventDispatchThread.pumpOneEventForFilters(EventDispatchThread.java:203) ~[?:?]
	at java.awt.EventDispatchThread.pumpEventsForFilter(EventDispatchThread.java:124) ~[?:?]
	at java.awt.EventDispatchThread.pumpEventsForHierarchy(EventDispatchThread.java:113) ~[?:?]
	at java.awt.EventDispatchThread.pumpEvents(EventDispatchThread.java:109) ~[?:?]
	at java.awt.EventDispatchThread.pumpEvents(EventDispatchThread.java:101) ~[?:?]
	at java.awt.EventDispatchThread.run(EventDispatchThread.java:90) ~[?:?]
2024-07-23 11:53:43,271 [WARN] ThirdParty:871 - waiting for thirdparty lock release [close project]
2024-07-23 11:53:43,271 [INFO] ThirdParty:873 - entering critical section [close project]
2024-07-23 11:53:43,271 [INFO] ThirdParty:883 - exiting critical section [close project]
2024-07-23 11:53:43,272 [INFO] PinOutPanel:1561 - setPackage(No Configuration,No Configuration)
2024-07-23 11:53:43,274 [INFO] UtilMem:75 - Begin LoadConfig() Used Memory: 809741648 Bytes (1073741824)
2024-07-23 11:53:43,275 [INFO] MicroXplorer:468 - Change Database Path : 
2024-07-23 11:53:43,275 [INFO] MicroXplorer:498 - Change Database Version : DB.6.0.111
2024-07-23 11:53:43,275 [INFO] OpenFileManager:312 - Change cursor
2024-07-23 11:53:43,284 [INFO] Mcu:2021 - Initializing MCU STM32L053C(6-8)Tx STM32L053C8Tx STM32L053C8T6
2024-07-23 11:53:43,924 [INFO] Context:663 - Trying to add GPIOservice into a context  which must be forbidden
2024-07-23 11:53:44,087 [INFO] RtosManager:555 - Registered RTOS mode: class=CMSIS, group=RTOS, mode=CMSIS_V1, owner=FREERTOS
2024-07-23 11:53:44,088 [INFO] RtosManager:555 - Registered RTOS mode: class=CMSIS, group=RTOS2, mode=CMSIS_V2, owner=FREERTOS
2024-07-23 11:53:44,088 [INFO] RtosManager:555 - Registered RTOS mode: class=RTOS, group=Core, mode=CMSIS_V1, owner=FREERTOS
2024-07-23 11:53:44,088 [INFO] RtosManager:555 - Registered RTOS mode: class=RTOS, group=Core, mode=CMSIS_V2, owner=FREERTOS
2024-07-23 11:53:44,088 [WARN] ModelIntegratedComponent:184 - Missing modes for component STMicroelectronics:FreeRTOS:0.0.1:STMicroelectronics:RTOS:FreeRTOS:Core:::10.2.0:
2024-07-23 11:53:44,096 [WARN] ModelIntegratedComponent:63 - No mode defined for component null
2024-07-23 11:53:44,096 [WARN] ModelIntegratedComponent:63 - No mode defined for component null
2024-07-23 11:53:44,096 [WARN] ModelIntegratedComponent:63 - No mode defined for component null
2024-07-23 11:53:44,096 [WARN] ModelIntegratedComponent:63 - No mode defined for component null
2024-07-23 11:53:44,096 [WARN] ModelIntegratedComponent:63 - No mode defined for component null
2024-07-23 11:53:44,096 [WARN] ModelIntegratedComponent:63 - No mode defined for component null
2024-07-23 11:53:44,096 [WARN] ModelIntegratedComponent:63 - No mode defined for component null
2024-07-23 11:53:44,096 [WARN] ModelIntegratedComponent:63 - No mode defined for component null
2024-07-23 11:53:44,096 [WARN] ModelIntegratedComponent:63 - No mode defined for component null
2024-07-23 11:53:44,096 [WARN] ModelIntegratedComponent:63 - No mode defined for component null
2024-07-23 11:53:44,096 [WARN] ModelIntegratedComponent:63 - No mode defined for component null
2024-07-23 11:53:44,096 [WARN] ModelIntegratedComponent:63 - No mode defined for component null
2024-07-23 11:53:44,096 [WARN] ModelIntegratedComponent:63 - No mode defined for component null
2024-07-23 11:53:44,096 [WARN] ModelIntegratedComponent:63 - No mode defined for component null
2024-07-23 11:53:44,096 [WARN] ModelIntegratedComponent:63 - No mode defined for component null
2024-07-23 11:53:44,096 [WARN] ModelIntegratedComponent:63 - No mode defined for component null
2024-07-23 11:53:44,096 [WARN] ModelIntegratedComponent:63 - No mode defined for component null
2024-07-23 11:53:44,096 [WARN] ModelIntegratedComponent:63 - No mode defined for component null
2024-07-23 11:53:44,096 [WARN] ModelIntegratedComponent:63 - No mode defined for component null
2024-07-23 11:53:44,097 [WARN] ModelIntegratedComponent:63 - No mode defined for component null
2024-07-23 11:53:44,097 [WARN] ModelIntegratedComponent:63 - No mode defined for component null
2024-07-23 11:53:44,097 [WARN] ModelIntegratedComponent:63 - No mode defined for component null
2024-07-23 11:53:44,097 [WARN] ModelIntegratedComponent:63 - No mode defined for component null
2024-07-23 11:53:44,097 [WARN] ModelIntegratedComponent:63 - No mode defined for component null
2024-07-23 11:53:44,097 [WARN] ModelIntegratedComponent:63 - No mode defined for component null
2024-07-23 11:53:44,097 [WARN] ModelIntegratedComponent:63 - No mode defined for component null
2024-07-23 11:53:44,097 [WARN] ModelIntegratedComponent:63 - No mode defined for component null
2024-07-23 11:53:44,097 [WARN] ModelIntegratedComponent:63 - No mode defined for component null
2024-07-23 11:53:44,097 [WARN] ModelIntegratedComponent:63 - No mode defined for component null
2024-07-23 11:53:44,097 [WARN] ModelIntegratedComponent:63 - No mode defined for component null
2024-07-23 11:53:44,097 [WARN] ModelIntegratedComponent:63 - No mode defined for component null
2024-07-23 11:53:44,097 [WARN] ModelIntegratedComponent:63 - No mode defined for component null
2024-07-23 11:53:44,097 [WARN] ModelIntegratedComponent:63 - No mode defined for component null
2024-07-23 11:53:44,097 [WARN] ModelIntegratedComponent:63 - No mode defined for component null
2024-07-23 11:53:44,188 [INFO] ThirdPartyModel:298 - Start build external matchings
2024-07-23 11:53:44,504 [INFO] ThirdPartyModel:316 - End build external matchings
2024-07-23 11:53:44,513 [INFO] ImportTextPane:194 - (OptionalMessage_ERROR) IP (RCC) : Parameter (48USBFreq_Value) has invalid value (32000000)
2024-07-23 11:53:44,513 [INFO] ImportTextPane:194 - (OptionalMessage_ERROR) IP (RCC) : Invalid parameter (FamilyName)
2024-07-23 11:53:44,514 [INFO] ImportTextPane:194 - (OptionalMessage_ERROR) IP (RCC) : Parameter (RTCHSEDivFreq_Value) has invalid value (12500000)
2024-07-23 11:53:44,514 [INFO] ImportTextPane:194 - (OptionalMessage_ERROR) IP (RCC) : Invalid parameter (TIMFreq_Value)
2024-07-23 11:53:44,682 [INFO] UtilMem:75 - End LoadConfig() Used Memory: 912784952 Bytes (1073741824)
2024-07-23 11:53:44,717 [WARN] ThirdParty:833 - waiting for thirdparty lock release [change project]
2024-07-23 11:53:44,718 [INFO] ThirdParty:835 - entering critical section [change project]
2024-07-23 11:53:44,718 [INFO] ThirdParty:1030 - CMSIS Pack Vendor :STMicroelectronics USBPD 4.1
2024-07-23 11:53:44,718 [INFO] ThirdParty:1030 - CMSIS Pack Vendor :STMicroelectronics X-CUBE-GNSS1 6.0.0
2024-07-23 11:53:44,718 [INFO] ThirdParty:1030 - CMSIS Pack Vendor :STMicroelectronics USB_HOST 2.0.0
2024-07-23 11:53:44,718 [INFO] ThirdParty:1030 - CMSIS Pack Vendor :STMicroelectronics FP-SNS-MOTENVWB1 1.4.0
2024-07-23 11:53:44,718 [INFO] ThirdParty:1030 - CMSIS Pack Vendor :STMicroelectronics X-CUBE-AZRTOS-F4 1.1.0
2024-07-23 11:53:44,718 [INFO] ThirdParty:1030 - CMSIS Pack Vendor :STMicroelectronics LIBJPEG 8.0.0
2024-07-23 11:53:44,718 [INFO] ThirdParty:1030 - CMSIS Pack Vendor :STMicroelectronics X-CUBE-SMBUS 2.1.0
2024-07-23 11:53:44,718 [INFO] ThirdParty:1030 - CMSIS Pack Vendor :STMicroelectronics USB_DEVICE 3.0.0
2024-07-23 11:53:44,718 [INFO] ThirdParty:1030 - CMSIS Pack Vendor :STMicroelectronics X-CUBE-TCPP 4.1.0
2024-07-23 11:53:44,718 [INFO] ThirdParty:1030 - CMSIS Pack Vendor :STMicroelectronics X-CUBE-FREERTOS 1.2.0
2024-07-23 11:53:44,718 [INFO] ThirdParty:1030 - CMSIS Pack Vendor :STMicroelectronics X-CUBE-AZRTOS-WB 2.0.0
2024-07-23 11:53:44,718 [INFO] ThirdParty:1030 - CMSIS Pack Vendor :STMicroelectronics X-CUBE-TOUCHGFX 4.23.2
2024-07-23 11:53:44,718 [INFO] ThirdParty:1030 - CMSIS Pack Vendor :STMicroelectronics X-CUBE-AZRTOS-F7 1.1.0
2024-07-23 11:53:44,718 [INFO] ThirdParty:1030 - CMSIS Pack Vendor :STMicroelectronics X-CUBE-AZRTOS-L5 2.0.0
2024-07-23 11:53:44,718 [INFO] ThirdParty:1030 - CMSIS Pack Vendor :STMicroelectronics USB_DEVICE 2.0.0
2024-07-23 11:53:44,718 [INFO] ThirdParty:1030 - CMSIS Pack Vendor :STMicroelectronics X-CUBE-NFC6 3.1.0
2024-07-23 11:53:44,718 [INFO] ThirdParty:1030 - CMSIS Pack Vendor :STMicroelectronics FP-SNS-STBOX1 2.0.0
2024-07-23 11:53:44,718 [INFO] ThirdParty:1030 - CMSIS Pack Vendor :STMicroelectronics FreeRTOS 0.0.1
2024-07-23 11:53:44,719 [INFO] ThirdParty:1030 - CMSIS Pack Vendor :STMicroelectronics X-CUBE-AZRTOS-G0 1.1.0
2024-07-23 11:53:44,719 [INFO] ThirdParty:1030 - CMSIS Pack Vendor :STMicroelectronics X-CUBE-SAFEA1 1.2.2
2024-07-23 11:53:44,719 [INFO] ThirdParty:1030 - CMSIS Pack Vendor :STMicroelectronics X-CUBE-NFC4 3.0.0
2024-07-23 11:53:44,719 [INFO] ThirdParty:1030 - CMSIS Pack Vendor :STMicroelectronics X-CUBE-DPower 1.2.0
2024-07-23 11:53:44,720 [INFO] ThirdParty:1030 - CMSIS Pack Vendor :STMicroelectronics X-CUBE-SUBG2 5.0.0
2024-07-23 11:53:44,720 [INFO] ThirdParty:1030 - CMSIS Pack Vendor :STMicroelectronics STM32_WPAN 1.0.0
2024-07-23 11:53:44,720 [INFO] ThirdParty:1030 - CMSIS Pack Vendor :wolfSSL I-CUBE-wolfMQTT 1.18.0
2024-07-23 11:53:44,720 [INFO] ThirdParty:1030 - CMSIS Pack Vendor :EmbeddedOffice I-CUBE-FS-RTOS 1.0.1
2024-07-23 11:53:44,720 [INFO] ThirdParty:1030 - CMSIS Pack Vendor :STMicroelectronics lwIP 2.0.3
2024-07-23 11:53:44,720 [INFO] ThirdParty:1030 - CMSIS Pack Vendor :STMicroelectronics FP-SNS-FLIGHT1 5.0.2
2024-07-23 11:53:44,720 [INFO] ThirdParty:1030 - CMSIS Pack Vendor :STMicroelectronics USB_HOST 1.0.0
2024-07-23 11:53:44,721 [INFO] ThirdParty:1030 - CMSIS Pack Vendor :STMicroelectronics X-CUBE-AI 9.0.0
2024-07-23 11:53:44,721 [INFO] ThirdParty:1030 - CMSIS Pack Vendor :STMicroelectronics X-CUBE-AZRTOS-G4 2.0.0
2024-07-23 11:53:44,721 [INFO] ThirdParty:1030 - CMSIS Pack Vendor :STMicroelectronics PDM2PCM 3.1.0
2024-07-23 11:53:44,721 [INFO] ThirdParty:1030 - CMSIS Pack Vendor :STMicroelectronics PDM2PCM 3.3.0
2024-07-23 11:53:44,721 [INFO] ThirdParty:1030 - CMSIS Pack Vendor :STMicroelectronics X-CUBE-DISPLAY 3.0.0
2024-07-23 11:53:44,721 [INFO] ThirdParty:1030 - CMSIS Pack Vendor :RealThread X-CUBE-RT-Thread_Nano 4.1.1
2024-07-23 11:53:44,721 [INFO] ThirdParty:1030 - CMSIS Pack Vendor :wolfSSL I-CUBE-wolfSSL 5.7.0
2024-07-23 11:53:44,721 [INFO] ThirdParty:1030 - CMSIS Pack Vendor :STMicroelectronics X-CUBE-BLE1 7.0.0
2024-07-23 11:53:44,721 [INFO] ThirdParty:1030 - CMSIS Pack Vendor :STMicroelectronics FP-ATR-SIGFOX1 3.2.0
2024-07-23 11:53:44,721 [INFO] ThirdParty:1030 - CMSIS Pack Vendor :STMicroelectronics X-CUBE-ISPU 2.0.0
2024-07-23 11:53:44,721 [INFO] ThirdParty:1030 - CMSIS Pack Vendor :STMicroelectronics X-CUBE-EEPRMA1 5.1.0
2024-07-23 11:53:44,721 [INFO] ThirdParty:1030 - CMSIS Pack Vendor :STMicroelectronics HAL Drivers 0.0.0
2024-07-23 11:53:44,721 [INFO] ThirdParty:1030 - CMSIS Pack Vendor :STMicroelectronics MBEDTLS 2.16.2
2024-07-23 11:53:44,721 [INFO] ThirdParty:1030 - CMSIS Pack Vendor :STMicroelectronics X-CUBE-ALS 1.0.2
2024-07-23 11:53:44,721 [INFO] ThirdParty:1030 - CMSIS Pack Vendor :emotas I-CUBE-CANOPEN 1.3.0
2024-07-23 11:53:44,721 [INFO] ThirdParty:1030 - CMSIS Pack Vendor :STMicroelectronics X-CUBE-MEMS1 10.0.0
2024-07-23 11:53:44,721 [INFO] ThirdParty:1030 - CMSIS Pack Vendor :STMicroelectronics X-CUBE-NFC7 1.0.1
2024-07-23 11:53:44,721 [INFO] ThirdParty:1030 - CMSIS Pack Vendor :STMicroelectronics MBEDTLS 2.14.1
2024-07-23 11:53:44,722 [INFO] ThirdParty:1030 - CMSIS Pack Vendor :STMicroelectronics X-CUBE-TOUCHGFX 4.24.0
2024-07-23 11:53:44,722 [INFO] ThirdParty:1030 - CMSIS Pack Vendor :ITTIA_DB I-CUBE-ITTIADB 8.9.0
2024-07-23 11:53:44,722 [INFO] ThirdParty:1030 - CMSIS Pack Vendor :wolfSSL I-CUBE-wolfTPM 3.2.0
2024-07-23 11:53:44,722 [INFO] ThirdParty:1030 - CMSIS Pack Vendor :portGmbH I-Cube-SoM-uGOAL 1.1.0
2024-07-23 11:53:44,722 [INFO] ThirdParty:1030 - CMSIS Pack Vendor :STMicroelectronics X-CUBE-ALS 1.0.1
2024-07-23 11:53:44,722 [INFO] ThirdParty:1030 - CMSIS Pack Vendor :STMicroelectronics X-CUBE-BLEMGR 3.1.0
2024-07-23 11:53:44,722 [INFO] ThirdParty:1030 - CMSIS Pack Vendor :STMicroelectronics ThreadX 1.0.0
2024-07-23 11:53:44,722 [INFO] ThirdParty:1030 - CMSIS Pack Vendor :STMicroelectronics FP-SNS-SMARTAG2 1.2.0
2024-07-23 11:53:44,722 [INFO] ThirdParty:1030 - CMSIS Pack Vendor :STMicroelectronics X-CUBE-AZRTOS-WL 2.0.0
2024-07-23 11:53:44,722 [INFO] ThirdParty:1030 - CMSIS Pack Vendor :SEGGER I-CUBE-embOS 1.3.1
2024-07-23 11:53:44,722 [INFO] ThirdParty:1030 - CMSIS Pack Vendor :STMicroelectronics X-CUBE-ALGOBUILD 1.4.0
2024-07-23 11:53:44,722 [INFO] ThirdParty:1030 - CMSIS Pack Vendor :STMicroelectronics FP-SNS-MOTENV1 5.0.0
2024-07-23 11:53:44,722 [INFO] ThirdParty:1030 - CMSIS Pack Vendor :STMicroelectronics USB_DEVICE 1.0.0
2024-07-23 11:53:44,722 [INFO] ThirdParty:1030 - CMSIS Pack Vendor :STMicroelectronics X-CUBE-AZRTOS-H7RS 1.0.0
2024-07-23 11:53:44,722 [INFO] ThirdParty:1030 - CMSIS Pack Vendor :wolfSSL I-CUBE-wolfMQTT 1.19.0
2024-07-23 11:53:44,722 [INFO] ThirdParty:1030 - CMSIS Pack Vendor :STMicroelectronics X-CUBE-AZRTOS-L4 2.0.0
2024-07-23 11:53:44,722 [INFO] ThirdParty:1030 - CMSIS Pack Vendor :STMicroelectronics ThreadX 0.0.2
2024-07-23 11:53:44,722 [INFO] ThirdParty:1030 - CMSIS Pack Vendor :WES I-CUBE-Cesium 1.3.0
2024-07-23 11:53:44,722 [INFO] ThirdParty:1030 - CMSIS Pack Vendor :STMicroelectronics FP-ATR-ASTRA1 2.0.0
2024-07-23 11:53:44,723 [INFO] ThirdParty:1030 - CMSIS Pack Vendor :STMicroelectronics lwIP 2.1.2
2024-07-23 11:53:44,723 [INFO] ThirdParty:1030 - CMSIS Pack Vendor :STMicroelectronics X-CUBE-SFXS2LP1 4.0.0
2024-07-23 11:53:44,723 [INFO] ThirdParty:1030 - CMSIS Pack Vendor :STMicroelectronics X-CUBE-BLE2 3.3.0
2024-07-23 11:53:44,723 [INFO] ThirdParty:1030 - CMSIS Pack Vendor :STMicroelectronics X-CUBE-TOF1 3.4.1
2024-07-23 11:53:44,723 [INFO] ThirdParty:1030 - CMSIS Pack Vendor :STMicroelectronics X-CUBE-AZRTOS-H7 3.2.0
2024-07-23 11:53:44,723 [INFO] ThirdParty:1030 - CMSIS Pack Vendor :Infineon AIROC-Wi-Fi-Bluetooth-STM32 1.6.0
2024-07-23 11:53:44,723 [INFO] ThirdParty:1030 - CMSIS Pack Vendor :STMicroelectronics PDM2PCM 3.2.0
2024-07-23 11:53:44,723 [INFO] ThirdParty:1030 - CMSIS Pack Vendor :wolfSSL I-CUBE-wolfSSH 1.4.17
2024-07-23 11:53:44,724 [INFO] ThirdParty:841 - exiting critical section [change project]
2024-07-23 11:53:44,878 [INFO] PinOutPanel:1561 - setPackage(No Configuration,No Configuration)
2024-07-23 11:53:44,878 [INFO] PinOutPanel:1561 - setPackage(STM32L053C8Tx,LQFP48)
2024-07-23 11:53:45,097 [INFO] UtilMem:75 - Before build in PCC Used Memory: 767741088 Bytes (1073741824)
2024-07-23 11:53:45,311 [INFO] UserBatteryFile:101 - Battery_LiPo 3500.0 0.0 3.7 0.0 0.0
2024-07-23 11:53:45,367 [INFO] UtilMem:75 - After build in PCC Used Memory: 819121312 Bytes (1073741824)
2024-07-23 11:53:45,395 [INFO] IPUIPlugin:80 - create IPUIPlugin
2024-07-23 11:53:45,395 [INFO] IPUIPlugin:80 - create IPUIPlugin
2024-07-23 11:53:45,395 [INFO] IPUIPlugin:80 - create IPUIPlugin
2024-07-23 11:53:45,396 [INFO] IPUIPlugin:80 - create IPUIPlugin
2024-07-23 11:53:45,396 [INFO] IPUIPlugin:80 - create IPUIPlugin
2024-07-23 11:53:45,396 [INFO] IPUIPlugin:80 - create IPUIPlugin
2024-07-23 11:53:45,396 [INFO] IPUIPlugin:80 - create IPUIPlugin
2024-07-23 11:53:45,396 [INFO] IPUIPlugin:80 - create IPUIPlugin
2024-07-23 11:53:45,396 [INFO] IPUIPlugin:80 - create IPUIPlugin
2024-07-23 11:53:45,396 [INFO] IPUIPlugin:80 - create IPUIPlugin
2024-07-23 11:53:45,396 [INFO] IPUIPlugin:80 - create IPUIPlugin
2024-07-23 11:53:45,396 [INFO] IPUIPlugin:80 - create IPUIPlugin
2024-07-23 11:53:45,396 [INFO] IPUIPlugin:80 - create IPUIPlugin
2024-07-23 11:53:45,397 [INFO] IPUIPlugin:80 - create IPUIPlugin
2024-07-23 11:53:45,397 [INFO] IPUIPlugin:80 - create IPUIPlugin
2024-07-23 11:53:45,397 [INFO] IPUIPlugin:80 - create IPUIPlugin
2024-07-23 11:53:45,397 [INFO] IPUIPlugin:80 - create IPUIPlugin
2024-07-23 11:53:45,397 [INFO] IPUIPlugin:80 - create IPUIPlugin
2024-07-23 11:53:45,397 [INFO] IPUIPlugin:80 - create IPUIPlugin
2024-07-23 11:53:45,397 [INFO] IPUIPlugin:80 - create IPUIPlugin
2024-07-23 11:53:45,398 [INFO] IPUIPlugin:80 - create IPUIPlugin
2024-07-23 11:53:45,398 [INFO] IPUIPlugin:80 - create IPUIPlugin
2024-07-23 11:53:45,398 [INFO] IPUIPlugin:80 - create IPUIPlugin
2024-07-23 11:53:45,398 [INFO] IPUIPlugin:80 - create IPUIPlugin
2024-07-23 11:53:45,398 [INFO] IPUIPlugin:80 - create IPUIPlugin
2024-07-23 11:53:45,398 [INFO] IPUIPlugin:80 - create IPUIPlugin
2024-07-23 11:53:45,399 [INFO] IPUIPlugin:80 - create IPUIPlugin
2024-07-23 11:53:45,399 [INFO] IPUIPlugin:80 - create IPUIPlugin
2024-07-23 11:53:45,399 [INFO] IPUIPlugin:80 - create IPUIPlugin
2024-07-23 11:53:45,399 [INFO] IPUIPlugin:80 - create IPUIPlugin
2024-07-23 11:53:45,399 [INFO] IPUIPlugin:80 - create IPUIPlugin
2024-07-23 11:53:45,400 [INFO] IPUIPlugin:80 - create IPUIPlugin
2024-07-23 11:53:45,400 [INFO] IPUIPlugin:80 - create IPUIPlugin
2024-07-23 11:53:45,400 [INFO] IPUIPlugin:80 - create IPUIPlugin
2024-07-23 11:53:45,468 [INFO] CADModel:165 - CPN selected for project levelSTM32L053C8T6
2024-07-23 11:53:45,469 [INFO] CADModel:114 - Register for checkConnection events
2024-07-23 11:53:45,522 [INFO] OpenFileManager:343 - Restore cursor
2024-07-23 13:19:50,110 [INFO] Gpio:277 - dependency for GPIO [I2C1, RCC, SPI1, SYS, USART1, USART2]
2024-07-23 13:54:56,023 [ERROR] LogOutputStream:75 - [STDERR_REDIRECT] 
2024-07-23 13:54:56,024 [ERROR] LogOutputStream:75 - [STDERR_REDIRECT] 
