2024-07-27 19:01:58,282 [INFO] Activator:176 - 


2024-07-27 19:01:58,296 [INFO] Activator:177 - !SESSION log4j initialized
2024-07-27 19:02:08,327 [INFO] LogOutputStream:77 - [STDOUT_REDIRECT] 
2024-07-27 19:02:12,178 [INFO] ApplicationProperties:184 - Using Application install path: C:\ST\STM32CubeIDE_1.15.1\STM32CubeIDE\plugins\com.st.stm32cube.common.mx_6.11.1.202404110753
2024-07-27 19:02:12,210 [INFO] DbMcusXml:78 - Set database path to: C:\ST\STM32CubeIDE_1.15.1\STM32CubeIDE\plugins\com.st.stm32cube.common.mx_6.11.1.202404110753\\db\/mcu/
2024-07-27 19:02:12,211 [INFO] ApiDb:274 - Set plugin database path to: C:\ST\STM32CubeIDE_1.15.1\STM32CubeIDE\plugins\com.st.stm32cube.common.mx_6.11.1.202404110753\\db\/plugins/boardmanager/
2024-07-27 19:02:12,211 [WARN] ApiDb:259 - Overriding images path with different value:  => C:\ST\STM32CubeIDE_1.15.1\STM32CubeIDE\plugins\com.st.stm32cube.common.mx_6.11.1.202404110753\\db\/plugins/mcufinder/images/
2024-07-27 19:02:12,227 [INFO] ApiDb:250 - Set database path to: C:\Users\Matheus Markies\.stmcufinder\plugins\mcufinder//mcu/
2024-07-27 19:02:12,228 [INFO] DbMcusAds:125 - Set database path to: C:\Users\Matheus Markies\.stmcufinder\plugins\mcufinder//mcu/
2024-07-27 19:02:12,231 [INFO] CrossReferenceDbSqlite:203 - Set database path to: C:\Users\Matheus Markies\.stmcufinder\plugins\mcufinder//mcu/cs/
2024-07-27 19:02:12,445 [INFO] RulesReader:64 - Compatibility file has been processed (297 Rules)
2024-07-27 19:02:12,601 [INFO] DbMcusXml:78 - Set database path to: C:\ST\STM32CubeIDE_1.15.1\STM32CubeIDE\plugins\com.st.stm32cube.common.mx_6.11.1.202404110753\\db\/mcu/
2024-07-27 19:02:12,601 [INFO] ApiDb:274 - Set plugin database path to: C:\ST\STM32CubeIDE_1.15.1\STM32CubeIDE\plugins\com.st.stm32cube.common.mx_6.11.1.202404110753\\db\/plugins/boardmanager/
2024-07-27 19:02:12,602 [INFO] ApiDb:261 - Set plugin images path to: C:\ST\STM32CubeIDE_1.15.1\STM32CubeIDE\plugins\com.st.stm32cube.common.mx_6.11.1.202404110753\\db\/plugins/mcufinder/images/
2024-07-27 19:02:12,602 [WARN] DbFile:41 - Overriding database path with different value: C:\Users\Matheus Markies\.stmcufinder\plugins\mcufinder/ => C:\Users\Matheus Markies\.stmcufinder\plugins\mcufinder
2024-07-27 19:02:12,602 [INFO] ApiDb:250 - Set database path to: C:\Users\Matheus Markies\.stmcufinder\plugins\mcufinder//mcu/
2024-07-27 19:02:12,602 [WARN] DbFile:41 - Overriding database path with different value: C:\Users\Matheus Markies\.stmcufinder\plugins\mcufinder/ => C:\Users\Matheus Markies\.stmcufinder\plugins\mcufinder
2024-07-27 19:02:12,602 [INFO] DbMcusAds:125 - Set database path to: C:\Users\Matheus Markies\.stmcufinder\plugins\mcufinder//mcu/
2024-07-27 19:02:12,602 [WARN] DbFile:41 - Overriding database path with different value: C:\Users\Matheus Markies\.stmcufinder\plugins\mcufinder/ => C:\Users\Matheus Markies\.stmcufinder\plugins\mcufinder
2024-07-27 19:02:12,603 [WARN] DbFile:41 - Overriding database path with different value: C:\Users\Matheus Markies\.stmcufinder\plugins\mcufinder/ => C:\Users\Matheus Markies\.stmcufinder\plugins\mcufinder
2024-07-27 19:02:12,603 [INFO] CrossReferenceDbSqlite:203 - Set database path to: C:\Users\Matheus Markies\.stmcufinder\plugins\mcufinder//mcu/cs/
2024-07-27 19:02:12,736 [INFO] MainPanel:264 - HeapMemory: 268435456
2024-07-27 19:02:12,909 [INFO] DbMcusXml:78 - Set database path to: C:\ST\STM32CubeIDE_1.15.1\STM32CubeIDE\plugins\com.st.stm32cube.common.mx_6.11.1.202404110753\\db\/mcu/
2024-07-27 19:02:12,909 [INFO] ApiDb:274 - Set plugin database path to: C:\ST\STM32CubeIDE_1.15.1\STM32CubeIDE\plugins\com.st.stm32cube.common.mx_6.11.1.202404110753\\db\/plugins/boardmanager/
2024-07-27 19:02:12,909 [INFO] ApiDb:261 - Set plugin images path to: C:\ST\STM32CubeIDE_1.15.1\STM32CubeIDE\plugins\com.st.stm32cube.common.mx_6.11.1.202404110753\\db\/plugins/mcufinder/images/
2024-07-27 19:02:12,910 [WARN] DbFile:41 - Overriding database path with different value: C:\Users\Matheus Markies\.stmcufinder\plugins\mcufinder/ => C:\Users\Matheus Markies\.stmcufinder\plugins\mcufinder
2024-07-27 19:02:12,911 [INFO] ApiDb:250 - Set database path to: C:\Users\Matheus Markies\.stmcufinder\plugins\mcufinder//mcu/
2024-07-27 19:02:12,911 [WARN] DbFile:41 - Overriding database path with different value: C:\Users\Matheus Markies\.stmcufinder\plugins\mcufinder/ => C:\Users\Matheus Markies\.stmcufinder\plugins\mcufinder
2024-07-27 19:02:12,911 [INFO] DbMcusAds:125 - Set database path to: C:\Users\Matheus Markies\.stmcufinder\plugins\mcufinder//mcu/
2024-07-27 19:02:12,911 [WARN] DbFile:41 - Overriding database path with different value: C:\Users\Matheus Markies\.stmcufinder\plugins\mcufinder/ => C:\Users\Matheus Markies\.stmcufinder\plugins\mcufinder
2024-07-27 19:02:12,911 [WARN] DbFile:41 - Overriding database path with different value: C:\Users\Matheus Markies\.stmcufinder\plugins\mcufinder/ => C:\Users\Matheus Markies\.stmcufinder\plugins\mcufinder
2024-07-27 19:02:12,912 [INFO] CrossReferenceDbSqlite:203 - Set database path to: C:\Users\Matheus Markies\.stmcufinder\plugins\mcufinder//mcu/cs/
2024-07-27 19:02:12,941 [INFO] ApplicationProperties:184 - Using Application install path: C:\ST\STM32CubeIDE_1.15.1\STM32CubeIDE\plugins\com.st.stm32cube.common.mx_6.11.1.202404110753
2024-07-27 19:02:12,945 [INFO] PluginManage:196 - Search for loadable plugins [exclusion list=, ]
2024-07-27 19:02:12,947 [INFO] PluginManage:310 - Check plugin analytics
2024-07-27 19:02:13,302 [INFO] AnalyticsPlugin:253 - Accepted Software Licenses: 
2024-07-27 19:02:13,302 [INFO] AnalyticsPlugin:255 - Accepted CMSIS Pack Licenses: 
2024-07-27 19:02:13,303 [INFO] AnalyticsPlugin:257 - Accepted Firmware Licenses: FW.F4.1.28.0
2024-07-27 19:02:13,306 [INFO] PluginManage:359 - Loaded plugin analytics (category:tool,tabindex:-1)
2024-07-27 19:02:13,307 [INFO] PluginManage:310 - Check plugin cadmodel
2024-07-27 19:02:13,341 [INFO] CADModel:105 - Init CAD model plugin
2024-07-27 19:02:13,342 [INFO] PluginManage:359 - Loaded plugin cadmodel (category:power,tabindex:5)
2024-07-27 19:02:13,342 [INFO] PluginManage:310 - Check plugin clock
2024-07-27 19:02:13,378 [INFO] PluginManage:359 - Loaded plugin clock (category:base,tabindex:2)
2024-07-27 19:02:13,378 [INFO] PluginManage:310 - Check plugin ddr
2024-07-27 19:02:13,381 [INFO] PluginManage:359 - Loaded plugin ddr (category:tool,tabindex:6)
2024-07-27 19:02:13,381 [INFO] PluginManage:310 - Check plugin filemanager
2024-07-27 19:02:13,575 [INFO] PluginManage:359 - Loaded plugin filemanager (category:base,tabindex:10)
2024-07-27 19:02:13,575 [INFO] PluginManage:310 - Check plugin ipmanager
2024-07-27 19:02:13,586 [INFO] PluginManage:359 - Loaded plugin ipmanager (category:base,tabindex:5)
2024-07-27 19:02:13,586 [INFO] PluginManage:310 - Check plugin lpbam
2024-07-27 19:02:13,612 [INFO] PluginManage:359 - Loaded plugin lpbam (category:base,tabindex:0)
2024-07-27 19:02:13,612 [INFO] PluginManage:310 - Check plugin memorymap
2024-07-27 19:02:13,651 [INFO] PluginManage:359 - Loaded plugin memorymap (category:base,tabindex:4)
2024-07-27 19:02:13,651 [INFO] PluginManage:310 - Check plugin pinoutandconfiguration
2024-07-27 19:02:13,675 [INFO] PluginManage:359 - Loaded plugin pinoutandconfiguration (category:base,tabindex:1)
2024-07-27 19:02:13,675 [INFO] PluginManage:310 - Check plugin pinoutconfig
2024-07-27 19:02:13,806 [WARN] SupportedApi:132 - Cannot load RTOS API schema: s4s-elt-must-match.1: The content of 'definitions' must match (annotation?, (simpleType | complexType)?, (unique | key | keyref)*)). A problem was found starting at: attribute.
2024-07-27 19:02:14,013 [INFO] PluginManage:359 - Loaded plugin pinoutconfig (category:base,tabindex:0)
2024-07-27 19:02:14,013 [INFO] PluginManage:310 - Check plugin power
2024-07-27 19:02:14,178 [INFO] PluginManage:359 - Loaded plugin power (category:power,tabindex:4)
2024-07-27 19:02:14,178 [INFO] PluginManage:310 - Check plugin projectmanager
2024-07-27 19:02:14,237 [INFO] PluginManage:359 - Loaded plugin projectmanager (category:projectmanager,tabindex:3)
2024-07-27 19:02:14,238 [INFO] PluginManage:310 - Check plugin thirdparty
2024-07-27 19:02:14,679 [INFO] PluginManage:359 - Loaded plugin thirdparty (category:base,tabindex:-1)
2024-07-27 19:02:14,679 [INFO] PluginManage:310 - Check plugin tools
2024-07-27 19:02:14,679 [WARN] IntegrityCheckThread:84 - waiting for thirdparty lock release [integrity check]
2024-07-27 19:02:14,680 [INFO] IntegrityCheckThread:86 - entering critical section [integrity check]
2024-07-27 19:02:14,680 [INFO] ThirdPartyUpdaterWithRetryManager:70 - Updater plugin not ready yet. [1/15]
2024-07-27 19:02:14,726 [INFO] PluginManage:359 - Loaded plugin tools (category:base,tabindex:7)
2024-07-27 19:02:14,727 [INFO] PluginManage:310 - Check plugin tutovideos
2024-07-27 19:02:15,021 [INFO] PluginManage:359 - Loaded plugin tutovideos (category:base,tabindex:-1)
2024-07-27 19:02:15,021 [INFO] PluginManage:310 - Check plugin updater
2024-07-27 19:02:15,044 [INFO] PluginManage:359 - Loaded plugin updater (category:base,tabindex:12)
2024-07-27 19:02:15,044 [INFO] PluginManage:310 - Check plugin userauth
2024-07-27 19:02:15,053 [INFO] UserAuth:114 - Init User Auth plugin
2024-07-27 19:02:15,053 [INFO] PluginManage:359 - Loaded plugin userauth (category:base,tabindex:14)
2024-07-27 19:02:15,054 [INFO] PluginManage:283 - PluginManage : Loaded plugins [17]
2024-07-27 19:02:15,427 [INFO] PinOutPanel:1561 - setPackage(No Configuration,No Configuration)
2024-07-27 19:02:15,567 [INFO] CADModel:165 - CPN selected for project level
2024-07-27 19:02:15,567 [INFO] CADModel:114 - Register for checkConnection events
2024-07-27 19:02:15,603 [INFO] IPUIPlugin:80 - create IPUIPlugin
2024-07-27 19:02:15,603 [INFO] PluginManager:220 - loadIPPluginJar : add adc
2024-07-27 19:02:15,653 [INFO] IPUIPlugin:80 - create IPUIPlugin
2024-07-27 19:02:15,653 [INFO] PluginManager:220 - loadIPPluginJar : add aes
2024-07-27 19:02:15,709 [INFO] IPUIPlugin:80 - create IPUIPlugin
2024-07-27 19:02:15,710 [INFO] PluginManager:220 - loadIPPluginJar : add can
2024-07-27 19:02:15,743 [INFO] IPUIPlugin:80 - create IPUIPlugin
2024-07-27 19:02:15,743 [INFO] PluginManager:220 - loadIPPluginJar : add comp
2024-07-27 19:02:15,787 [INFO] IPUIPlugin:80 - create IPUIPlugin
2024-07-27 19:02:15,787 [INFO] PluginManager:220 - loadIPPluginJar : add cryp
2024-07-27 19:02:15,828 [INFO] IPUIPlugin:80 - create IPUIPlugin
2024-07-27 19:02:15,828 [INFO] PluginManager:220 - loadIPPluginJar : add dfsdm
2024-07-27 19:02:15,847 [INFO] IPUIPlugin:80 - create IPUIPlugin
2024-07-27 19:02:15,848 [INFO] PluginManager:220 - loadIPPluginJar : add dma
2024-07-27 19:02:15,907 [INFO] IPUIPlugin:80 - create IPUIPlugin
2024-07-27 19:02:15,908 [INFO] PluginManager:220 - loadIPPluginJar : add dma3
2024-07-27 19:02:15,968 [INFO] IPUIPlugin:80 - create IPUIPlugin
2024-07-27 19:02:15,969 [INFO] PluginManager:220 - loadIPPluginJar : add extmemmanager
2024-07-27 19:02:16,001 [INFO] IPUIPlugin:80 - create IPUIPlugin
2024-07-27 19:02:16,001 [INFO] PluginManager:220 - loadIPPluginJar : add fatfs
2024-07-27 19:02:16,069 [INFO] IPUIPlugin:80 - create IPUIPlugin
2024-07-27 19:02:16,069 [INFO] PluginManager:220 - loadIPPluginJar : add fmc
2024-07-27 19:02:16,091 [INFO] IPUIPlugin:80 - create IPUIPlugin
2024-07-27 19:02:16,091 [INFO] PluginManager:220 - loadIPPluginJar : add freertos
2024-07-27 19:02:16,119 [INFO] IPUIPlugin:80 - create IPUIPlugin
2024-07-27 19:02:16,119 [INFO] PluginManager:220 - loadIPPluginJar : add genericplugin
2024-07-27 19:02:16,247 [INFO] IPUIPlugin:80 - create IPUIPlugin
2024-07-27 19:02:16,247 [INFO] PluginManager:220 - loadIPPluginJar : add gfxmmu
2024-07-27 19:02:16,428 [INFO] IPUIPlugin:80 - create IPUIPlugin
2024-07-27 19:02:16,428 [INFO] PluginManager:220 - loadIPPluginJar : add gic
2024-07-27 19:02:16,447 [INFO] IPUIPlugin:80 - create IPUIPlugin
2024-07-27 19:02:16,447 [INFO] PluginManager:220 - loadIPPluginJar : add gpio
2024-07-27 19:02:16,572 [INFO] IPUIPlugin:80 - create IPUIPlugin
2024-07-27 19:02:16,572 [INFO] PluginManager:220 - loadIPPluginJar : add gtzc
2024-07-27 19:02:16,618 [INFO] IPUIPlugin:80 - create IPUIPlugin
2024-07-27 19:02:16,618 [INFO] PluginManager:220 - loadIPPluginJar : add hash
2024-07-27 19:02:16,689 [INFO] IPUIPlugin:80 - create IPUIPlugin
2024-07-27 19:02:16,689 [INFO] PluginManager:220 - loadIPPluginJar : add i2c
2024-07-27 19:02:16,742 [INFO] IPUIPlugin:80 - create IPUIPlugin
2024-07-27 19:02:16,742 [INFO] PluginManager:220 - loadIPPluginJar : add i2s
2024-07-27 19:02:16,798 [INFO] IPUIPlugin:80 - create IPUIPlugin
2024-07-27 19:02:16,798 [INFO] PluginManager:220 - loadIPPluginJar : add i3c
2024-07-27 19:02:16,939 [INFO] IPUIPlugin:80 - create IPUIPlugin
2024-07-27 19:02:16,939 [INFO] PluginManager:220 - loadIPPluginJar : add ipddr
2024-07-27 19:02:17,064 [INFO] IPUIPlugin:80 - create IPUIPlugin
2024-07-27 19:02:17,065 [INFO] PluginManager:220 - loadIPPluginJar : add linkedlist
2024-07-27 19:02:17,112 [INFO] IPUIPlugin:80 - create IPUIPlugin
2024-07-27 19:02:17,113 [INFO] PluginManager:220 - loadIPPluginJar : add lorawan
2024-07-27 19:02:17,162 [INFO] IPUIPlugin:80 - create IPUIPlugin
2024-07-27 19:02:17,162 [INFO] PluginManager:220 - loadIPPluginJar : add ltdc
2024-07-27 19:02:17,182 [INFO] IPUIPlugin:80 - create IPUIPlugin
2024-07-27 19:02:17,183 [INFO] PluginManager:220 - loadIPPluginJar : add mdma
2024-07-27 19:02:17,200 [INFO] IPUIPlugin:80 - create IPUIPlugin
2024-07-27 19:02:17,200 [INFO] PluginManager:220 - loadIPPluginJar : add nvic
2024-07-27 19:02:17,249 [INFO] IPUIPlugin:80 - create IPUIPlugin
2024-07-27 19:02:17,249 [INFO] PluginManager:220 - loadIPPluginJar : add opamp
2024-07-27 19:02:17,332 [INFO] IPUIPlugin:80 - create IPUIPlugin
2024-07-27 19:02:17,332 [INFO] PluginManager:220 - loadIPPluginJar : add openamp
2024-07-27 19:02:17,389 [INFO] IPUIPlugin:80 - create IPUIPlugin
2024-07-27 19:02:17,389 [INFO] PluginManager:220 - loadIPPluginJar : add pdm2pcm
2024-07-27 19:02:17,411 [INFO] IPUIPlugin:80 - create IPUIPlugin
2024-07-27 19:02:17,414 [INFO] PluginManager:220 - loadIPPluginJar : add plateformsettings
2024-07-27 19:02:17,444 [INFO] IPUIPlugin:80 - create IPUIPlugin
2024-07-27 19:02:17,444 [INFO] PluginManager:220 - loadIPPluginJar : add quadspi
2024-07-27 19:02:17,464 [INFO] IPUIPlugin:80 - create IPUIPlugin
2024-07-27 19:02:17,464 [INFO] PluginManager:220 - loadIPPluginJar : add resmgrutility
2024-07-27 19:02:17,529 [INFO] IPUIPlugin:80 - create IPUIPlugin
2024-07-27 19:02:17,530 [INFO] PluginManager:220 - loadIPPluginJar : add sai
2024-07-27 19:02:17,579 [INFO] IPUIPlugin:80 - create IPUIPlugin
2024-07-27 19:02:17,579 [INFO] PluginManager:220 - loadIPPluginJar : add spi
2024-07-27 19:02:17,681 [INFO] IPUIPlugin:80 - create IPUIPlugin
2024-07-27 19:02:17,681 [INFO] PluginManager:220 - loadIPPluginJar : add stm32_wpan
2024-07-27 19:02:17,682 [INFO] ThirdPartyUpdaterWithRetryManager:70 - Updater plugin not ready yet. [2/15]
2024-07-27 19:02:17,718 [INFO] IPUIPlugin:80 - create IPUIPlugin
2024-07-27 19:02:17,719 [INFO] PluginManager:220 - loadIPPluginJar : add tim
2024-07-27 19:02:17,817 [INFO] IPUIPlugin:80 - create IPUIPlugin
2024-07-27 19:02:17,817 [INFO] PluginManager:220 - loadIPPluginJar : add touchsensing
2024-07-27 19:02:17,851 [INFO] IPUIPlugin:80 - create IPUIPlugin
2024-07-27 19:02:17,851 [INFO] PluginManager:220 - loadIPPluginJar : add tracer_emb
2024-07-27 19:02:17,885 [INFO] IPUIPlugin:80 - create IPUIPlugin
2024-07-27 19:02:17,885 [INFO] PluginManager:220 - loadIPPluginJar : add ts
2024-07-27 19:02:17,915 [INFO] IPUIPlugin:80 - create IPUIPlugin
2024-07-27 19:02:17,915 [INFO] PluginManager:220 - loadIPPluginJar : add tsc
2024-07-27 19:02:17,945 [INFO] IPUIPlugin:80 - create IPUIPlugin
2024-07-27 19:02:17,945 [INFO] PluginManager:220 - loadIPPluginJar : add ucpd
2024-07-27 19:02:18,004 [INFO] IPUIPlugin:80 - create IPUIPlugin
2024-07-27 19:02:18,004 [INFO] PluginManager:220 - loadIPPluginJar : add usart
2024-07-27 19:02:18,062 [INFO] IPUIPlugin:80 - create IPUIPlugin
2024-07-27 19:02:18,063 [INFO] PluginManager:220 - loadIPPluginJar : add usbx
2024-07-27 19:02:18,234 [INFO] CADModel:165 - CPN selected for project level
2024-07-27 19:02:18,234 [INFO] CADModel:114 - Register for checkConnection events
2024-07-27 19:02:18,234 [FATAL] Updater:308 - Updater called before beeing initialized
2024-07-27 19:02:18,234 [ERROR] CADModel:125 - Updater not yet initialized, retry later 
2024-07-27 19:02:18,452 [INFO] CADModel:165 - CPN selected for project level
2024-07-27 19:02:18,452 [INFO] CADModel:114 - Register for checkConnection events
2024-07-27 19:02:18,452 [FATAL] Updater:308 - Updater called before beeing initialized
2024-07-27 19:02:18,453 [ERROR] CADModel:125 - Updater not yet initialized, retry later 
2024-07-27 19:02:18,459 [FATAL] Updater:308 - Updater called before beeing initialized
2024-07-27 19:02:18,717 [FATAL] Updater:308 - Updater called before beeing initialized
2024-07-27 19:02:18,729 [INFO] DbMcusAds:53 - JSON generation date=Thu May 16 06:22:01 BRT 2024 (1715851321109)
2024-07-27 19:02:18,730 [FATAL] Updater:308 - Updater called before beeing initialized
2024-07-27 19:02:18,845 [WARN] DetailPanel:346 - Failed to get advertising image, set to default
2024-07-27 19:02:18,984 [FATAL] Updater:308 - Updater called before beeing initialized
2024-07-27 19:02:18,987 [FATAL] Updater:308 - Updater called before beeing initialized
2024-07-27 19:02:18,987 [FATAL] Updater:308 - Updater called before beeing initialized
2024-07-27 19:02:18,987 [WARN] DetailPanel:346 - Failed to get advertising image, set to default
2024-07-27 19:02:18,988 [FATAL] Updater:308 - Updater called before beeing initialized
2024-07-27 19:02:19,073 [ERROR] Updater:1120 - MainUpdater not yet initialized. External WinMGr cannot be set.
2024-07-27 19:02:19,086 [INFO] Updater:1056 - Updater Version found : 6.11.1
2024-07-27 19:02:19,117 [INFO] ApplicationProperties:184 - Using Application install path: C:\ST\STM32CubeIDE_1.15.1\STM32CubeIDE\plugins\com.st.stm32cube.common.mx_6.11.1.202404110753
2024-07-27 19:02:20,683 [INFO] ThirdPartyUpdaterWithRetryManager:70 - Updater plugin not ready yet. [3/15]
2024-07-27 19:02:20,700 [ERROR] LogOutputStream:75 - [STDERR_REDIRECT] Jul 27, 2024 7:02:20 PM java.util.prefs.WindowsPreferences <init>
2024-07-27 19:02:20,702 [ERROR] LogOutputStream:75 - [STDERR_REDIRECT] WARNING: Could not open/create prefs root node Software\JavaSoft\Prefs at root 0xffffffff80000002. Windows RegCreateKeyEx(...) returned error code 5.
2024-07-27 19:02:20,702 [ERROR] LogOutputStream:75 - [STDERR_REDIRECT] 
2024-07-27 19:02:21,180 [INFO] MainUpdater:2873 - connection check result : 10
2024-07-27 19:02:21,181 [INFO] MainUpdater:290 - Updater Check For Update Now.
2024-07-27 19:02:21,181 [INFO] MicroXplorer:498 - Change Database Version : DB.6.0.111
2024-07-27 19:02:21,211 [INFO] McuFinderGlobals:63 - Set McuFinder mode to 2 (CubeIDE integrated)
2024-07-27 19:02:21,229 [INFO] UserAuth:415 - Internet connection configuration mode: 1
2024-07-27 19:02:21,288 [INFO] JxBrowserEngine:152 - Initiate JxBrowser Engine with user profile folder
2024-07-27 19:02:21,603 [INFO] CheckServerUpdateThread:120 - End of CheckServer Thread
2024-07-27 19:02:24,086 [WARN] PackLoader:240 - Cannot read IP mode file for STMicroelectronics.FP-SNS-MOTENVWB1.1.4.0
2024-07-27 19:02:24,106 [WARN] PackLoader:240 - Cannot read IP mode file for STMicroelectronics.X-CUBE-SMBUS.2.1.0
2024-07-27 19:02:24,123 [WARN] PackLoader:240 - Cannot read IP mode file for STMicroelectronics.X-CUBE-TOUCHGFX.4.23.2
2024-07-27 19:02:24,211 [WARN] PackLoader:240 - Cannot read IP mode file for STMicroelectronics.X-CUBE-AZRTOS-F7.1.1.0
2024-07-27 19:02:24,268 [WARN] PackLoader:240 - Cannot read IP mode file for STMicroelectronics.FP-SNS-FLIGHT1.5.0.2
2024-07-27 19:02:24,287 [WARN] PackLoader:240 - Cannot read IP mode file for STMicroelectronics.X-CUBE-DISPLAY.3.0.0
2024-07-27 19:02:24,318 [WARN] PackLoader:240 - Cannot read IP mode file for STMicroelectronics.X-CUBE-BLE1.7.0.0
2024-07-27 19:02:24,396 [WARN] PackLoader:240 - Cannot read IP mode file for emotas.I-CUBE-CANOPEN.1.3.0
2024-07-27 19:02:24,419 [WARN] PackLoader:240 - Cannot read IP mode file for STMicroelectronics.X-CUBE-BLEMGR.3.1.0
2024-07-27 19:02:24,438 [WARN] PackLoader:240 - Cannot read IP mode file for STMicroelectronics.FP-SNS-SMARTAG2.1.2.0
2024-07-27 19:02:24,468 [INFO] LogOutputStream:77 - [STDOUT_REDIRECT] 1 : Invalid condition id : UX_CORESTACK_Condition cause : null
2024-07-27 19:02:24,469 [INFO] LogOutputStream:77 - [STDOUT_REDIRECT] 1 : Invalid condition id : UX_CORESTACK_Condition cause : null
2024-07-27 19:02:24,470 [INFO] LogOutputStream:77 - [STDOUT_REDIRECT] 1 : Invalid condition id : UX_CORESTACK_Condition cause : null
2024-07-27 19:02:24,472 [INFO] LogOutputStream:77 - [STDOUT_REDIRECT] 1 : Invalid condition id : UX_CORESTACK_Condition cause : null
2024-07-27 19:02:24,474 [INFO] LogOutputStream:77 - [STDOUT_REDIRECT] 1 : Invalid condition id : UX_CORESTACK_Condition cause : null
2024-07-27 19:02:24,479 [WARN] PackLoader:240 - Cannot read IP mode file for STMicroelectronics.X-CUBE-AZRTOS-WL.2.0.0
2024-07-27 19:02:24,496 [WARN] PackLoader:240 - Cannot read IP mode file for STMicroelectronics.FP-SNS-MOTENV1.5.0.0
2024-07-27 19:02:24,515 [WARN] PackLoader:240 - Cannot read IP mode file for wolfSSL.I-CUBE-wolfMQTT.1.19.0
2024-07-27 19:02:24,569 [WARN] PackLoader:240 - Cannot read IP mode file for WES.I-CUBE-Cesium.1.3.0
2024-07-27 19:02:24,588 [WARN] PackLoader:240 - Cannot read IP mode file for STMicroelectronics.X-CUBE-BLE2.3.3.0
2024-07-27 19:02:24,611 [WARN] PackLoader:240 - Cannot read IP mode file for STMicroelectronics.X-CUBE-TCPP.4.1.0
2024-07-27 19:02:24,701 [WARN] PackLoader:240 - Cannot read IP mode file for STMicroelectronics.X-CUBE-AZRTOS-G0.1.1.0
2024-07-27 19:02:24,744 [WARN] PackLoader:240 - Cannot read IP mode file for STMicroelectronics.X-CUBE-SAFEA1.1.2.2
2024-07-27 19:02:24,788 [WARN] PackLoader:240 - Cannot read IP mode file for STMicroelectronics.X-CUBE-NFC4.3.0.0
2024-07-27 19:02:24,819 [WARN] PackLoader:240 - Cannot read IP mode file for wolfSSL.I-CUBE-wolfMQTT.1.18.0
2024-07-27 19:02:24,855 [WARN] PackLoader:240 - Cannot read IP mode file for EmbeddedOffice.I-CUBE-FS-RTOS.1.0.1
2024-07-27 19:02:24,856 [ERROR] ConditionMgr:805 - Attr not supported : Dmpu
2024-07-27 19:02:24,856 [ERROR] ConditionMgr:805 - Attr not supported : Dmpu
2024-07-27 19:02:24,856 [ERROR] ConditionMgr:805 - Attr not supported : Dmpu
2024-07-27 19:02:24,856 [ERROR] ConditionMgr:805 - Attr not supported : Dmpu
2024-07-27 19:02:24,856 [ERROR] ConditionMgr:805 - Attr not supported : Dmpu
2024-07-27 19:02:24,856 [ERROR] ConditionMgr:805 - Attr not supported : Dmpu
2024-07-27 19:02:24,856 [ERROR] ConditionMgr:805 - Attr not supported : Dmpu
2024-07-27 19:02:24,856 [ERROR] ConditionMgr:805 - Attr not supported : Dmpu
2024-07-27 19:02:24,856 [ERROR] ConditionMgr:805 - Attr not supported : Dmpu
2024-07-27 19:02:24,857 [ERROR] ConditionMgr:805 - Attr not supported : Dmpu
2024-07-27 19:02:24,857 [ERROR] ConditionMgr:805 - Attr not supported : Dmpu
2024-07-27 19:02:24,857 [ERROR] ConditionMgr:805 - Attr not supported : Dmpu
2024-07-27 19:02:24,870 [ERROR] ConditionMgr:805 - Attr not supported : Dmpu
2024-07-27 19:02:24,870 [ERROR] ConditionMgr:805 - Attr not supported : Dmpu
2024-07-27 19:02:24,870 [ERROR] ConditionMgr:805 - Attr not supported : Dmpu
2024-07-27 19:02:24,870 [ERROR] ConditionMgr:805 - Attr not supported : Dmpu
2024-07-27 19:02:24,870 [ERROR] ConditionMgr:805 - Attr not supported : Dmpu
2024-07-27 19:02:24,870 [ERROR] ConditionMgr:805 - Attr not supported : Dmpu
2024-07-27 19:02:24,871 [ERROR] ConditionMgr:805 - Attr not supported : Dmpu
2024-07-27 19:02:24,871 [ERROR] ConditionMgr:805 - Attr not supported : Dmpu
2024-07-27 19:02:24,871 [ERROR] ConditionMgr:805 - Attr not supported : Dmpu
2024-07-27 19:02:24,871 [ERROR] ConditionMgr:805 - Attr not supported : Dmpu
2024-07-27 19:02:24,871 [ERROR] ConditionMgr:805 - Attr not supported : Dmpu
2024-07-27 19:02:24,871 [ERROR] ConditionMgr:805 - Attr not supported : Dmpu
2024-07-27 19:02:24,871 [ERROR] ConditionMgr:805 - Attr not supported : Dmpu
2024-07-27 19:02:24,871 [ERROR] ConditionMgr:805 - Attr not supported : Dmpu
2024-07-27 19:02:24,871 [ERROR] ConditionMgr:805 - Attr not supported : Dmpu
2024-07-27 19:02:24,871 [ERROR] ConditionMgr:805 - Attr not supported : Dmpu
2024-07-27 19:02:24,871 [ERROR] ConditionMgr:805 - Attr not supported : Dmpu
2024-07-27 19:02:24,872 [ERROR] ConditionMgr:805 - Attr not supported : Dmpu
2024-07-27 19:02:24,872 [ERROR] ConditionMgr:805 - Attr not supported : Dmpu
2024-07-27 19:02:24,872 [ERROR] ConditionMgr:805 - Attr not supported : Dmpu
2024-07-27 19:02:24,872 [ERROR] ConditionMgr:805 - Attr not supported : Dmpu
2024-07-27 19:02:24,872 [ERROR] ConditionMgr:805 - Attr not supported : Dmpu
2024-07-27 19:02:24,872 [ERROR] ConditionMgr:805 - Attr not supported : Dmpu
2024-07-27 19:02:24,872 [ERROR] ConditionMgr:805 - Attr not supported : Dmpu
2024-07-27 19:02:24,872 [ERROR] ConditionMgr:805 - Attr not supported : Dmpu
2024-07-27 19:02:24,872 [ERROR] ConditionMgr:805 - Attr not supported : Dmpu
2024-07-27 19:02:24,872 [ERROR] ConditionMgr:805 - Attr not supported : Dmpu
2024-07-27 19:02:24,872 [ERROR] ConditionMgr:805 - Attr not supported : Dmpu
2024-07-27 19:02:24,873 [ERROR] ConditionMgr:805 - Attr not supported : Dmpu
2024-07-27 19:02:24,873 [ERROR] ConditionMgr:805 - Attr not supported : Dmpu
2024-07-27 19:02:24,873 [ERROR] ConditionMgr:805 - Attr not supported : Dmpu
2024-07-27 19:02:24,873 [ERROR] ConditionMgr:805 - Attr not supported : Dmpu
2024-07-27 19:02:24,873 [ERROR] ConditionMgr:805 - Attr not supported : Dmpu
2024-07-27 19:02:24,873 [ERROR] ConditionMgr:805 - Attr not supported : Dmpu
2024-07-27 19:02:24,873 [ERROR] ConditionMgr:805 - Attr not supported : Dmpu
2024-07-27 19:02:24,873 [ERROR] ConditionMgr:805 - Attr not supported : Dmpu
2024-07-27 19:02:24,873 [ERROR] ConditionMgr:805 - Attr not supported : Dmpu
2024-07-27 19:02:24,873 [ERROR] ConditionMgr:805 - Attr not supported : Dmpu
2024-07-27 19:02:24,873 [ERROR] ConditionMgr:805 - Attr not supported : Dmpu
2024-07-27 19:02:24,878 [ERROR] ConditionMgr:805 - Attr not supported : Dmpu
2024-07-27 19:02:24,878 [ERROR] ConditionMgr:805 - Attr not supported : Dmpu
2024-07-27 19:02:24,879 [ERROR] ConditionMgr:805 - Attr not supported : Dmpu
2024-07-27 19:02:24,879 [ERROR] ConditionMgr:805 - Attr not supported : Dmpu
2024-07-27 19:02:24,879 [ERROR] ConditionMgr:805 - Attr not supported : Dmpu
2024-07-27 19:02:24,879 [ERROR] ConditionMgr:805 - Attr not supported : Dmpu
2024-07-27 19:02:24,879 [ERROR] ConditionMgr:805 - Attr not supported : Dmpu
2024-07-27 19:02:24,879 [ERROR] ConditionMgr:805 - Attr not supported : Dmpu
2024-07-27 19:02:24,879 [ERROR] ConditionMgr:805 - Attr not supported : Dmpu
2024-07-27 19:02:24,879 [ERROR] ConditionMgr:805 - Attr not supported : Dmpu
2024-07-27 19:02:24,879 [ERROR] ConditionMgr:805 - Attr not supported : Dmpu
2024-07-27 19:02:24,879 [ERROR] ConditionMgr:805 - Attr not supported : Dmpu
2024-07-27 19:02:24,879 [ERROR] ConditionMgr:805 - Attr not supported : Dmpu
2024-07-27 19:02:24,911 [WARN] PackLoader:240 - Cannot read IP mode file for RealThread.X-CUBE-RT-Thread_Nano.4.1.1
2024-07-27 19:02:24,931 [WARN] PackLoader:240 - Cannot read IP mode file for wolfSSL.I-CUBE-wolfSSL.5.7.0
2024-07-27 19:02:24,946 [WARN] PackLoader:240 - Cannot read IP mode file for STMicroelectronics.FP-ATR-SIGFOX1.3.2.0
2024-07-27 19:02:24,966 [WARN] PackLoader:240 - Cannot read IP mode file for STMicroelectronics.X-CUBE-EEPRMA1.5.1.0
2024-07-27 19:02:24,995 [WARN] PackLoader:240 - Cannot read IP mode file for ITTIA_DB.I-CUBE-ITTIADB.8.9.0
2024-07-27 19:02:25,087 [WARN] PackLoader:240 - Cannot read IP mode file for SEGGER.I-CUBE-embOS.1.3.1
2024-07-27 19:02:25,281 [WARN] PackLoader:240 - Cannot read IP mode file for STMicroelectronics.X-CUBE-ALGOBUILD.1.4.0
2024-07-27 19:02:25,339 [WARN] PackLoader:240 - Cannot read IP mode file for STMicroelectronics.X-CUBE-GNSS1.6.0.0
2024-07-27 19:02:25,413 [WARN] PackLoader:240 - Cannot read IP mode file for STMicroelectronics.X-CUBE-AZRTOS-F4.1.1.0
2024-07-27 19:02:25,439 [WARN] PackLoader:240 - Cannot read IP mode file for STMicroelectronics.X-CUBE-FREERTOS.1.2.0
2024-07-27 19:02:25,523 [WARN] PackLoader:240 - Cannot read IP mode file for STMicroelectronics.X-CUBE-AZRTOS-L5.2.0.0
2024-07-27 19:02:25,585 [WARN] PackLoader:240 - Cannot read IP mode file for STMicroelectronics.X-CUBE-NFC6.3.1.0
2024-07-27 19:02:25,612 [WARN] PackLoader:240 - Cannot read IP mode file for STMicroelectronics.X-CUBE-DPower.1.2.0
2024-07-27 19:02:25,631 [WARN] PackLoader:240 - Cannot read IP mode file for STMicroelectronics.X-CUBE-AI.9.0.0
2024-07-27 19:02:25,650 [WARN] PackLoader:240 - Cannot read IP mode file for STMicroelectronics.X-CUBE-NFC7.1.0.1
2024-07-27 19:02:25,671 [WARN] PackLoader:240 - Cannot read IP mode file for wolfSSL.I-CUBE-wolfTPM.3.2.0
2024-07-27 19:02:25,738 [WARN] ConditionMgr:438 - getConditionDescription Invalid condition id : LAN8742 Phy interface Condition cause : null
2024-07-27 19:02:25,739 [WARN] PackLoader:240 - Cannot read IP mode file for STMicroelectronics.X-CUBE-AZRTOS-L4.2.0.0
2024-07-27 19:02:25,745 [WARN] ConditionMgr:1039 - genDependencies : Invalid condition id : LAN8742 Phy interface Condition cause : null
2024-07-27 19:02:25,746 [WARN] ConditionMgr:1039 - genDependencies : Invalid condition id : LAN8742 Phy interface Condition cause : null
2024-07-27 19:02:25,750 [WARN] ConditionMgr:1039 - genDependencies : Invalid condition id : LAN8742 Phy interface Condition cause : null
2024-07-27 19:02:25,799 [WARN] PackLoader:240 - Cannot read IP mode file for STMicroelectronics.X-CUBE-SFXS2LP1.4.0.0
2024-07-27 19:02:25,855 [WARN] ConditionMgr:438 - getConditionDescription Invalid condition id : UX DEVICE CLASS RTOS Condition cause : null
2024-07-27 19:02:25,855 [WARN] ConditionMgr:438 - getConditionDescription Invalid condition id : UX DEVICE CLASS RTOS Condition cause : null
2024-07-27 19:02:25,869 [WARN] PackLoader:240 - Cannot read IP mode file for STMicroelectronics.X-CUBE-AZRTOS-WB.2.0.0
2024-07-27 19:02:25,870 [WARN] ConditionMgr:1039 - genDependencies : Invalid condition id : UX DEVICE CLASS RTOS Condition cause : null
2024-07-27 19:02:25,870 [WARN] ConditionMgr:1039 - genDependencies : Invalid condition id : UX DEVICE CLASS RTOS Condition cause : null
2024-07-27 19:02:25,870 [WARN] ConditionMgr:1039 - genDependencies : Invalid condition id : UX DEVICE CLASS RTOS Condition cause : null
2024-07-27 19:02:25,870 [WARN] ConditionMgr:1039 - genDependencies : Invalid condition id : UX DEVICE CLASS RTOS Condition cause : null
2024-07-27 19:02:25,870 [WARN] ConditionMgr:1039 - genDependencies : Invalid condition id : UX DEVICE CLASS RTOS Condition cause : null
2024-07-27 19:02:25,904 [WARN] PackLoader:240 - Cannot read IP mode file for STMicroelectronics.FP-SNS-STBOX1.2.0.0
2024-07-27 19:02:25,955 [WARN] PackLoader:240 - Cannot read IP mode file for STMicroelectronics.X-CUBE-SUBG2.5.0.0
2024-07-27 19:02:26,014 [WARN] PackLoader:240 - Cannot read IP mode file for STMicroelectronics.X-CUBE-AZRTOS-G4.2.0.0
2024-07-27 19:02:26,037 [WARN] PackLoader:240 - Cannot read IP mode file for STMicroelectronics.X-CUBE-ISPU.2.0.0
2024-07-27 19:02:26,063 [WARN] PackLoader:240 - Cannot read IP mode file for STMicroelectronics.X-CUBE-ALS.1.0.2
2024-07-27 19:02:26,153 [WARN] PackLoader:240 - Cannot read IP mode file for STMicroelectronics.X-CUBE-MEMS1.10.0.0
2024-07-27 19:02:26,468 [WARN] PackLoader:240 - Cannot read IP mode file for STMicroelectronics.X-CUBE-TOUCHGFX.4.24.0
2024-07-27 19:02:26,511 [WARN] PackLoader:240 - Cannot read IP mode file for portGmbH.I-Cube-SoM-uGOAL.1.1.0
2024-07-27 19:02:26,545 [WARN] PackLoader:240 - Cannot read IP mode file for STMicroelectronics.X-CUBE-ALS.1.0.1
2024-07-27 19:02:26,586 [WARN] PackLoader:240 - Cannot read IP mode file for STMicroelectronics.X-CUBE-AZRTOS-H7RS.1.0.0
2024-07-27 19:02:26,618 [WARN] PackLoader:240 - Cannot read IP mode file for STMicroelectronics.FP-ATR-ASTRA1.2.0.0
2024-07-27 19:02:26,664 [WARN] PackLoader:240 - Cannot read IP mode file for STMicroelectronics.X-CUBE-TOF1.3.4.1
2024-07-27 19:02:26,745 [WARN] PackLoader:240 - Cannot read IP mode file for STMicroelectronics.X-CUBE-AZRTOS-H7.3.2.0
2024-07-27 19:02:26,794 [WARN] PackLoader:240 - Cannot read IP mode file for Infineon.AIROC-Wi-Fi-Bluetooth-STM32.1.6.0
2024-07-27 19:02:26,836 [WARN] PackLoader:240 - Cannot read IP mode file for wolfSSL.I-CUBE-wolfSSH.1.4.17
2024-07-27 19:02:26,837 [INFO] ThirdParty:978 - Integrity check success = true
2024-07-27 19:02:26,837 [INFO] IntegrityCheckThread:100 - exiting critical section [integrity check]
2024-07-27 19:02:26,837 [INFO] IntegrityCheckThread:103 - End integrity checks thread
2024-07-27 19:02:31,187 [INFO] WebApp:161 - Instantiating new browser for Auth
2024-07-27 19:02:32,655 [INFO] WebApp:779 - Register for checkConnection events
2024-07-27 19:02:32,656 [INFO] WebApp:414 - Apply proxy settings
2024-07-27 19:02:32,656 [INFO] WebApp:499 - Chromium requires no authentication
2024-07-27 19:02:32,668 [INFO] WebApp:442 - Direct internet connection detected
2024-07-27 19:02:32,934 [INFO] WebApp:192 - Starting web application
2024-07-27 19:02:32,934 [INFO] WebApp:544 - Web application path used C:\ST\STM32CubeIDE_1.15.1\STM32CubeIDE\plugins\com.st.stm32cube.common.mx_6.11.1.202404110753\db\plugins\mcufinder\reactClient1\index.html
2024-07-27 19:10:35,774 [INFO] McuFinderGlobals:63 - Set McuFinder mode to 2 (CubeIDE integrated)
2024-07-27 19:10:35,810 [INFO] MainUpdater:2873 - connection check result : 10
2024-07-27 19:10:35,820 [INFO] MainUpdater:2873 - connection check result : 10
2024-07-27 19:10:36,138 [INFO] MicroXplorer:468 - Change Database Path : 
2024-07-27 19:10:36,139 [INFO] MicroXplorer:498 - Change Database Version : DB.6.0.111
2024-07-27 19:10:36,145 [WARN] ThirdParty:871 - waiting for thirdparty lock release [close project]
2024-07-27 19:10:36,146 [INFO] ThirdParty:873 - entering critical section [close project]
2024-07-27 19:10:36,147 [INFO] ThirdParty:883 - exiting critical section [close project]
2024-07-27 19:10:36,149 [INFO] PinOutPanel:1561 - setPackage(No Configuration,No Configuration)
2024-07-27 19:10:36,152 [INFO] UtilMem:75 - Begin LoadConfig() Used Memory: 801472256 Bytes (1073741824)
2024-07-27 19:10:36,154 [INFO] MicroXplorer:468 - Change Database Path : 
2024-07-27 19:10:36,154 [INFO] MicroXplorer:498 - Change Database Version : DB.6.0.111
2024-07-27 19:10:36,154 [INFO] OpenFileManager:312 - Change cursor
2024-07-27 19:10:36,253 [INFO] Mcu:2021 - Initializing MCU STM32L053C(6-8)Tx STM32L053C8Tx STM32L053C8T6
2024-07-27 19:10:39,873 [INFO] Context:663 - Trying to add GPIOservice into a context  which must be forbidden
2024-07-27 19:10:40,448 [INFO] RtosManager:555 - Registered RTOS mode: class=CMSIS, group=RTOS, mode=CMSIS_V1, owner=FREERTOS
2024-07-27 19:10:40,448 [INFO] RtosManager:555 - Registered RTOS mode: class=CMSIS, group=RTOS2, mode=CMSIS_V2, owner=FREERTOS
2024-07-27 19:10:40,448 [INFO] RtosManager:555 - Registered RTOS mode: class=RTOS, group=Core, mode=CMSIS_V1, owner=FREERTOS
2024-07-27 19:10:40,448 [INFO] RtosManager:555 - Registered RTOS mode: class=RTOS, group=Core, mode=CMSIS_V2, owner=FREERTOS
2024-07-27 19:10:40,448 [WARN] ModelIntegratedComponent:184 - Missing modes for component STMicroelectronics:FreeRTOS:0.0.1:STMicroelectronics:RTOS:FreeRTOS:Core:::10.2.0:
2024-07-27 19:10:40,491 [WARN] ModelIntegratedComponent:63 - No mode defined for component null
2024-07-27 19:10:40,491 [WARN] ModelIntegratedComponent:63 - No mode defined for component null
2024-07-27 19:10:40,491 [WARN] ModelIntegratedComponent:63 - No mode defined for component null
2024-07-27 19:10:40,491 [WARN] ModelIntegratedComponent:63 - No mode defined for component null
2024-07-27 19:10:40,491 [WARN] ModelIntegratedComponent:63 - No mode defined for component null
2024-07-27 19:10:40,491 [WARN] ModelIntegratedComponent:63 - No mode defined for component null
2024-07-27 19:10:40,491 [WARN] ModelIntegratedComponent:63 - No mode defined for component null
2024-07-27 19:10:40,491 [WARN] ModelIntegratedComponent:63 - No mode defined for component null
2024-07-27 19:10:40,491 [WARN] ModelIntegratedComponent:63 - No mode defined for component null
2024-07-27 19:10:40,492 [WARN] ModelIntegratedComponent:63 - No mode defined for component null
2024-07-27 19:10:40,492 [WARN] ModelIntegratedComponent:63 - No mode defined for component null
2024-07-27 19:10:40,492 [WARN] ModelIntegratedComponent:63 - No mode defined for component null
2024-07-27 19:10:40,492 [WARN] ModelIntegratedComponent:63 - No mode defined for component null
2024-07-27 19:10:40,492 [WARN] ModelIntegratedComponent:63 - No mode defined for component null
2024-07-27 19:10:40,492 [WARN] ModelIntegratedComponent:63 - No mode defined for component null
2024-07-27 19:10:40,492 [WARN] ModelIntegratedComponent:63 - No mode defined for component null
2024-07-27 19:10:40,492 [WARN] ModelIntegratedComponent:63 - No mode defined for component null
2024-07-27 19:10:40,492 [WARN] ModelIntegratedComponent:63 - No mode defined for component null
2024-07-27 19:10:40,492 [WARN] ModelIntegratedComponent:63 - No mode defined for component null
2024-07-27 19:10:40,492 [WARN] ModelIntegratedComponent:63 - No mode defined for component null
2024-07-27 19:10:40,492 [WARN] ModelIntegratedComponent:63 - No mode defined for component null
2024-07-27 19:10:40,492 [WARN] ModelIntegratedComponent:63 - No mode defined for component null
2024-07-27 19:10:40,493 [WARN] ModelIntegratedComponent:63 - No mode defined for component null
2024-07-27 19:10:40,493 [WARN] ModelIntegratedComponent:63 - No mode defined for component null
2024-07-27 19:10:40,493 [WARN] ModelIntegratedComponent:63 - No mode defined for component null
2024-07-27 19:10:40,493 [WARN] ModelIntegratedComponent:63 - No mode defined for component null
2024-07-27 19:10:40,493 [WARN] ModelIntegratedComponent:63 - No mode defined for component null
2024-07-27 19:10:40,493 [WARN] ModelIntegratedComponent:63 - No mode defined for component null
2024-07-27 19:10:40,493 [WARN] ModelIntegratedComponent:63 - No mode defined for component null
2024-07-27 19:10:40,493 [WARN] ModelIntegratedComponent:63 - No mode defined for component null
2024-07-27 19:10:40,493 [WARN] ModelIntegratedComponent:63 - No mode defined for component null
2024-07-27 19:10:40,493 [WARN] ModelIntegratedComponent:63 - No mode defined for component null
2024-07-27 19:10:40,493 [WARN] ModelIntegratedComponent:63 - No mode defined for component null
2024-07-27 19:10:40,493 [WARN] ModelIntegratedComponent:63 - No mode defined for component null
2024-07-27 19:10:40,645 [INFO] ThirdPartyModel:298 - Start build external matchings
2024-07-27 19:10:40,979 [INFO] ThirdPartyModel:316 - End build external matchings
2024-07-27 19:10:40,998 [INFO] ImportTextPane:194 - (OptionalMessage_ERROR) IP (RCC) : Parameter (48USBFreq_Value) has invalid value (32000000)
2024-07-27 19:10:40,998 [INFO] ImportTextPane:194 - (OptionalMessage_ERROR) IP (RCC) : Invalid parameter (FamilyName)
2024-07-27 19:10:41,003 [INFO] ImportTextPane:194 - (OptionalMessage_ERROR) IP (RCC) : Parameter (RTCHSEDivFreq_Value) has invalid value (12500000)
2024-07-27 19:10:41,003 [INFO] ImportTextPane:194 - (OptionalMessage_ERROR) IP (RCC) : Invalid parameter (TIMFreq_Value)
2024-07-27 19:10:42,697 [INFO] ApiDb:581 - Connected to CubeFinder SQLite database (C:\Users\Matheus Markies\.stmcufinder\plugins\mcufinder\mcu\cube-finder-db.db)
2024-07-27 19:10:43,193 [INFO] ApiDb:668 - CubeFinder database Data Model version=2.1
2024-07-27 19:10:43,193 [INFO] ApiDb:669 - CubeFinder database Configuration version=3.0.39
2024-07-27 19:10:43,194 [INFO] ApiDb:670 - CubeFinder database generation date=2024-06-20 (1718880634)
2024-07-27 19:10:43,194 [INFO] ApiDb:671 - CubeFinder database FW Pack versions=[FP-ATR-ASTRA1_V2.0.0, FP-SNS-FLIGHT1_V5.0.2, FP-SNS-MOTENV1_V5.0.0, FP-SNS-MOTENVWB1_V1.4.0, FP-SNS-SMARTAG2_V1.2.0, STM32Cube_FW_C0_V1.2.0, STM32Cube_FW_F4_V1.28.0, STM32Cube_FW_F7_V1.17.2, STM32Cube_FW_G0_V1.6.2, STM32Cube_FW_G4_V1.6.0, STM32Cube_FW_H5_V1.3.0, STM32Cube_FW_H7RS_V1.1.0, STM32Cube_FW_H7_V1.11.2, STM32Cube_FW_L0_V1.12.2, STM32Cube_FW_L5_V1.5.1, STM32Cube_FW_U0_V1.1.0, STM32Cube_FW_U5_V1.6.0, STM32Cube_FW_WB0_V1.0.0, STM32Cube_FW_WBA_V1.4.0, STM32Cube_FW_WB_V1.20.0, STM32Cube_FW_WL_V1.3.0, X-CUBE-ALGOBUILD_V1.4.0, X-CUBE-ALS_V1.0.2, X-CUBE-AZRTOS-F4_V1.1.0, X-CUBE-AZRTOS-F7_V1.1.0, X-CUBE-AZRTOS-G0_V1.1.0, X-CUBE-AZRTOS-G4_V2.0.0, X-CUBE-AZRTOS-H7RS_V1.0.0, X-CUBE-AZRTOS-H7_V3.2.0, X-CUBE-AZRTOS-L4_V2.0.0, X-CUBE-AZRTOS-L5_V1.1.0, X-CUBE-AZRTOS-WB_V2.0.0, X-CUBE-AZRTOS-WL_V2.0.0, X-CUBE-BLE1_V7.0.0, X-CUBE-BLE2_V3.3.0, X-CUBE-BLEMGR_V3.1.0, X-CUBE-EEPRMA1_V5.1.0, X-CUBE-FREERTOS_V1.2.0, X-CUBE-GNSS1_V6.0.0, X-CUBE-MEMS1_V10.0.0, X-CUBE-NFC4_V3.0.0, X-CUBE-NFC7_V1.0.1, X-CUBE-SFXS2LP1_V4.0.0, X-CUBE-SUBG2_V5.0.0, X-CUBE-TOF1_V3.4.1]
2024-07-27 19:10:43,639 [INFO] DbBoardsSqlite:226 - include board P-NUCLEO-WB55-NUCLEO as a kit item of type 'Nucleo-64'
2024-07-27 19:10:43,639 [INFO] DbBoardsSqlite:226 - include board P-NUCLEO-WB55-USBDONGLE as a kit item of type 'Nucleo USB Dongle'
2024-07-27 19:10:43,643 [INFO] DbBoardsSqlite:226 - include board STEVAL-IDP005V1 as a kit item of type 'Evaluation Board'
2024-07-27 19:10:43,643 [INFO] DbBoardsSqlite:226 - include board STEVAL-IDP005V2 as a kit item of type 'Evaluation Board'
2024-07-27 19:10:46,395 [INFO] ApiDb:240 - Found 483 in-development CPN: [B-G473E-ZEST1S, B-WB1M-WPAN1, B-WL5M-SUBG1, NUCLEO-C031C6, NUCLEO-H503RB, NUCLEO-H533RE, NUCLEO-H563ZI, NUCLEO-H7S3L8, NUCLEO-U031R8, NUCLEO-U083RC, NUCLEO-U545RE-Q, NUCLEO-U5A5ZJ-Q, NUCLEO-WBA52CG, NUCLEO-WBA55CG, STEVAL-PROTEUS1, STEVAL-SMARTAG2, STEVAL-STWINBX1, STM320518-EVAL, STM32C0116-DK, STM32C011D6Y3TR, STM32C011D6Y6TR, STM32C011F4P3, STM32C011F4P6, STM32C011F4U3, STM32C011F4U6TR, STM32C011F6P3, STM32C011F6P6, STM32C011F6U3, STM32C011F6U6TR, STM32C011J4M3, STM32C011J4M6, STM32C011J6M3, STM32C011J6M6, STM32C0316-DK, STM32C031C4T3, STM32C031C4T6, STM32C031C4U3, STM32C031C4U6, STM32C031C6T3, STM32C031C6T6, STM32C031C6U3, STM32C031C6U6, STM32C031F4P3, STM32C031F4P6, STM32C031F6P3, STM32C031F6P6, STM32C031G4U3, STM32C031G4U6, STM32C031G6U3, STM32C031G6U6, STM32C031K4T3, STM32C031K4T6, STM32C031K4U3, STM32C031K4U6, STM32C031K6T3, STM32C031K6T6, STM32C031K6U3, STM32C031K6U6, STM32G071K8TXN, STM32G071K8UXN, STM32G081GBU6N, STM32G081KBT6N, STM32G081KBUXN, STM32G0B1CCT6N, STM32G0B1KCT6, STM32G0B1NEY6TR, STM32G0B1RCT6N, STM32G0C1CCT6, STM32G0C1CCT6N, STM32G0C1CCU6N, STM32G0C1CET6N, STM32G0C1CEU6N, STM32G0C1KCT6, STM32G0C1NEY6TR, STM32G0C1RCI6N, STM32G0C1RCT6N, STM32G0C1REI6N, STM32G0C1RET6N, STM32G0C1VCI6, STM32G0C1VEI6, STM32G471CCT6, STM32G471CCU6, STM32G471CET3, STM32G471CET6, STM32G471CEU3, STM32G471CEU6, STM32G471MCT6, STM32G471MET3, STM32G471MET6, STM32G471MEY6TR, STM32G471QCT6, STM32G471QET3, STM32G471RCT6, STM32G471RET3, STM32G471RET6, STM32G471VCH6, STM32G471VCI6, STM32G471VCT6, STM32G471VEH3, STM32G471VEH6, STM32G471VEI3, STM32G471VEI6, STM32G471VET3, STM32G471VET6, STM32G474CCT6, STM32H503CBT6, STM32H503CBU6, STM32H503EBY6TR, STM32H503KBU6, STM32H503RBT6, STM32H523CCT6, STM32H523CCU6, STM32H523CET6, STM32H523CEU6, STM32H523HEY6TR, STM32H523RCT6, STM32H523RET6, STM32H523VCI6, STM32H523VCT6, STM32H523VEI6, STM32H523VET6, STM32H523ZCJ6, STM32H523ZCT6, STM32H523ZEJ6, STM32H523ZET6, STM32H533CET6, STM32H533CEU6, STM32H533HEY6TR, STM32H533RET6, STM32H533VEI6, STM32H533VET6, STM32H533ZEJ6, STM32H533ZET6, STM32H562AGI6, STM32H562AII6, STM32H562IGK6, STM32H562IGT6, STM32H562IIK6, STM32H562IIT6, STM32H562RGT6, STM32H562RGV6, STM32H562RIT6, STM32H562RIV6, STM32H562VGT6, STM32H562VIT6, STM32H562ZGT6, STM32H562ZIT6, STM32H563AGI6, STM32H563AII3Q, STM32H563AII6, STM32H563IGK6, STM32H563IGT6, STM32H563IIK3Q, STM32H563IIK6, STM32H563IIT3Q, STM32H563IIT6, STM32H563MIY3QTR, STM32H563RGT6, STM32H563RGV6, STM32H563RIT6, STM32H563RIV6, STM32H563VGT6, STM32H563VIT3Q, STM32H563VIT6, STM32H563ZGT6, STM32H563ZIT3Q, STM32H563ZIT6, STM32H573AII3Q, STM32H573AII6, STM32H573I-DK, STM32H573IIK3Q, STM32H573IIK6, STM32H573IIT3Q, STM32H573IIT6, STM32H573MIY3QTR, STM32H573RIT6, STM32H573RIV6, STM32H573VIT3Q, STM32H573VIT6, STM32H573ZIT3Q, STM32H573ZIT6, STM32H7R3A8I6, STM32H7R3I8K6, STM32H7R3I8T6, STM32H7R3L8H6, STM32H7R3L8H6H, STM32H7R3R8V6, STM32H7R3V8H6, STM32H7R3V8T6, STM32H7R3V8Y6, STM32H7R3Z8J6, STM32H7R3Z8T6, STM32H7R7A8I6, STM32H7R7I8K6, STM32H7R7I8T6, STM32H7R7L8H6, STM32H7R7L8H6H, STM32H7R7Z8J6, STM32H7S3A8I6, STM32H7S3I8K6, STM32H7S3I8T6, STM32H7S3L8H6, STM32H7S3L8H6H, STM32H7S3R8V6, STM32H7S3V8H6, STM32H7S3V8T6, STM32H7S3V8Y6, STM32H7S3Z8J6, STM32H7S3Z8T6, STM32H7S78-DK, STM32H7S7A8I6, STM32H7S7I8K6, STM32H7S7I8T6, STM32H7S7L8H6, STM32H7S7L8H6H, STM32H7S7Z8J6, STM32L4R5QGI6STR, STM32MP131AAE3, STM32MP131AAF3, STM32MP131AAG3, STM32MP131CAE3, STM32MP131CAF3, STM32MP131CAG3, STM32MP131DAE7, STM32MP131DAF7, STM32MP131DAG7, STM32MP131FAE7, STM32MP131FAF7, STM32MP131FAG7, STM32MP133AAE3, STM32MP133AAF3, STM32MP133AAG3, STM32MP133CAE3, STM32MP133CAF3, STM32MP133CAG3, STM32MP133DAE7, STM32MP133DAF7, STM32MP133DAG7, STM32MP133FAE7, STM32MP133FAF7, STM32MP133FAG7, STM32MP135AAE3, STM32MP135AAF3, STM32MP135AAG3, STM32MP135CAE3, STM32MP135CAF3, STM32MP135CAG3, STM32MP135DAE7, STM32MP135DAF7, STM32MP135DAG7, STM32MP135F-DK, STM32MP135FAE7, STM32MP135FAF7, STM32MP135FAF7T, STM32MP135FAF7U, STM32MP135FAG7, STM32U031C6T6, STM32U031C6U6, STM32U031C8T6, STM32U031C8U6, STM32U031F4P6, STM32U031F6P6, STM32U031F8P6, STM32U031G6Y6TR, STM32U031G8Y6TR, STM32U031K4U6, STM32U031K6U6, STM32U031K8U6, STM32U031R6I6, STM32U031R6T6, STM32U031R8I6, STM32U031R8T6, STM32U073C8T6, STM32U073C8U6, STM32U073CBT6, STM32U073CBU6, STM32U073CCT6, STM32U073CCU6, STM32U073H8Y6TR, STM32U073HBY6TR, STM32U073HCY6TR, STM32U073K8U6, STM32U073KBU6, STM32U073KCU6, STM32U073M8I6, STM32U073M8T6, STM32U073MBI6, STM32U073MBT6, STM32U073MCI6, STM32U073MCT6, STM32U073R8I6, STM32U073R8T6, STM32U073RBI6, STM32U073RBT6, STM32U073RCI6, STM32U073RCT6, STM32U083C-DK, STM32U083CCT6, STM32U083CCU6, STM32U083HCY6TR, STM32U083KCU6, STM32U083MCI6, STM32U083MCT6, STM32U083RCI6, STM32U083RCT6, STM32U535CBT6, STM32U535CBT6Q, STM32U535CBU6, STM32U535CBU6Q, STM32U535CCT6, STM32U535CCT6Q, STM32U535CCU6, STM32U535CCU6Q, STM32U535CET6, STM32U535CET6Q, STM32U535CEU6, STM32U535CEU6Q, STM32U535JEY6QTR, STM32U535NCY6QTR, STM32U535NEY6QTR, STM32U535RBI6, STM32U535RBI6Q, STM32U535RBT6, STM32U535RBT6Q, STM32U535RCI6, STM32U535RCI6Q, STM32U535RCT6, STM32U535RCT6Q, STM32U535REI6, STM32U535REI6Q, STM32U535RET6, STM32U535RET6Q, STM32U535VCI6, STM32U535VCI6Q, STM32U535VCT6, STM32U535VCT6Q, STM32U535VEI6, STM32U535VEI6Q, STM32U535VET6, STM32U535VET6Q, STM32U545CET6, STM32U545CET6Q, STM32U545CEU6, STM32U545CEU6Q, STM32U545JEY6QTR, STM32U545NEY6QTR, STM32U545REI6, STM32U545REI6Q, STM32U545RET6, STM32U545RET6Q, STM32U545VEI6, STM32U545VEI6Q, STM32U545VET6, STM32U545VET6Q, STM32U595AIH6, STM32U595AIH6Q, STM32U595AJH6, STM32U595AJH6Q, STM32U595QII6, STM32U595QII6Q, STM32U595QJI6, STM32U595QJI6Q, STM32U595RIT6, STM32U595RIT6Q, STM32U595RJT6, STM32U595RJT6Q, STM32U595VIT6, STM32U595VIT6Q, STM32U595VJT6, STM32U595VJT6Q, STM32U595ZIT6, STM32U595ZIT6Q, STM32U595ZIY6QTR, STM32U595ZJT6, STM32U595ZJT6Q, STM32U595ZJY6QTR, STM32U599BJY6QTR, STM32U599NIH6Q, STM32U599NJH6Q, STM32U599VIT6Q, STM32U599VJT6, STM32U599VJT6Q, STM32U599ZIT6Q, STM32U599ZIY6QTR, STM32U599ZJT6Q, STM32U599ZJY6QTR, STM32U5A5AJH6, STM32U5A5AJH6Q, STM32U5A5QII3Q , STM32U5A5QJI6, STM32U5A5QJI6Q, STM32U5A5RJT6, STM32U5A5RJT6Q, STM32U5A5VJT6, STM32U5A5VJT6Q, STM32U5A5ZJT6, STM32U5A5ZJT6Q, STM32U5A5ZJY6QTR, STM32U5A9BJY6QTR, STM32U5A9J-DK, STM32U5A9NJH6Q, STM32U5A9VJT6Q, STM32U5A9ZJT6Q, STM32U5A9ZJY6QTR, STM32U5F7VIT6, STM32U5F7VIT6Q, STM32U5F7VJT6, STM32U5F7VJT6Q, STM32U5F9BJY6QTR, STM32U5F9NJH6Q, STM32U5F9VIT6Q, STM32U5F9VJT6Q, STM32U5F9ZIJ6QTR, STM32U5F9ZIT6Q, STM32U5F9ZJJ6QTR, STM32U5F9ZJT6Q, STM32U5G7VJT6, STM32U5G7VJT6Q, STM32U5G9BJY6QTR, STM32U5G9J-DK1, STM32U5G9J-DK2, STM32U5G9NJH6Q, STM32U5G9VJT6Q, STM32U5G9ZJJ6QTR, STM32U5G9ZJT6Q, STM32WB1MMCH6, STM32WBA50KEU6, STM32WBA50KEU6TR, STM32WBA50KGU6, STM32WBA50KGU6TR, STM32WBA52CEU6, STM32WBA52CEU6TR, STM32WBA52CEU7, STM32WBA52CEU7TR, STM32WBA52CGU6, STM32WBA52CGU6TR, STM32WBA52CGU6U, STM32WBA52CGU7, STM32WBA52CGU7TR, STM32WBA52KEU6, STM32WBA52KEU6TR, STM32WBA52KGU6, STM32WBA52KGU6TR, STM32WBA54CEU6, STM32WBA54CEU6TR, STM32WBA54CEU7, STM32WBA54CEU7TR, STM32WBA54CGU6, STM32WBA54CGU6TR, STM32WBA54CGU7, STM32WBA54CGU7TR, STM32WBA54KEU6, STM32WBA54KEU6TR, STM32WBA54KEU7, STM32WBA54KEU7TR, STM32WBA54KGU6, STM32WBA54KGU6TR, STM32WBA54KGU7, STM32WBA54KGU7TR, STM32WBA55CEU6, STM32WBA55CEU6TR, STM32WBA55CEU7, STM32WBA55CEU7TR, STM32WBA55CGU6, STM32WBA55CGU6TR, STM32WBA55CGU6U, STM32WBA55CGU7, STM32WBA55CGU7TR, STM32WBA55G-DK1, STM32WBA55HEF6, STM32WBA55HEF7, STM32WBA55HGF6, STM32WBA55HGF7, STM32WBA55UEI6, STM32WBA55UEI6TR, STM32WBA55UEI7, STM32WBA55UEI7TR, STM32WBA55UGI6, STM32WBA55UGI6TR, STM32WBA55UGI7, STM32WBA55UGI7TR, STM32WL5MOCH6, STM32WL5MOCH6TR]
2024-07-27 19:10:46,399 [INFO] ApiDb:668 - CubeFinder database Data Model version=2.1
2024-07-27 19:10:46,399 [INFO] ApiDb:669 - CubeFinder database Configuration version=3.0.39
2024-07-27 19:10:46,400 [INFO] ApiDb:670 - CubeFinder database generation date=2024-06-20 (1718880634)
2024-07-27 19:10:46,400 [INFO] ApiDb:671 - CubeFinder database FW Pack versions=[FP-ATR-ASTRA1_V2.0.0, FP-SNS-FLIGHT1_V5.0.2, FP-SNS-MOTENV1_V5.0.0, FP-SNS-MOTENVWB1_V1.4.0, FP-SNS-SMARTAG2_V1.2.0, STM32Cube_FW_C0_V1.2.0, STM32Cube_FW_F4_V1.28.0, STM32Cube_FW_F7_V1.17.2, STM32Cube_FW_G0_V1.6.2, STM32Cube_FW_G4_V1.6.0, STM32Cube_FW_H5_V1.3.0, STM32Cube_FW_H7RS_V1.1.0, STM32Cube_FW_H7_V1.11.2, STM32Cube_FW_L0_V1.12.2, STM32Cube_FW_L5_V1.5.1, STM32Cube_FW_U0_V1.1.0, STM32Cube_FW_U5_V1.6.0, STM32Cube_FW_WB0_V1.0.0, STM32Cube_FW_WBA_V1.4.0, STM32Cube_FW_WB_V1.20.0, STM32Cube_FW_WL_V1.3.0, X-CUBE-ALGOBUILD_V1.4.0, X-CUBE-ALS_V1.0.2, X-CUBE-AZRTOS-F4_V1.1.0, X-CUBE-AZRTOS-F7_V1.1.0, X-CUBE-AZRTOS-G0_V1.1.0, X-CUBE-AZRTOS-G4_V2.0.0, X-CUBE-AZRTOS-H7RS_V1.0.0, X-CUBE-AZRTOS-H7_V3.2.0, X-CUBE-AZRTOS-L4_V2.0.0, X-CUBE-AZRTOS-L5_V1.1.0, X-CUBE-AZRTOS-WB_V2.0.0, X-CUBE-AZRTOS-WL_V2.0.0, X-CUBE-BLE1_V7.0.0, X-CUBE-BLE2_V3.3.0, X-CUBE-BLEMGR_V3.1.0, X-CUBE-EEPRMA1_V5.1.0, X-CUBE-FREERTOS_V1.2.0, X-CUBE-GNSS1_V6.0.0, X-CUBE-MEMS1_V10.0.0, X-CUBE-NFC4_V3.0.0, X-CUBE-NFC7_V1.0.1, X-CUBE-SFXS2LP1_V4.0.0, X-CUBE-SUBG2_V5.0.0, X-CUBE-TOF1_V3.4.1]
2024-07-27 19:10:51,228 [INFO] ApiDb:240 - Found 483 in-development CPN: [B-G473E-ZEST1S, B-WB1M-WPAN1, B-WL5M-SUBG1, NUCLEO-C031C6, NUCLEO-H503RB, NUCLEO-H533RE, NUCLEO-H563ZI, NUCLEO-H7S3L8, NUCLEO-U031R8, NUCLEO-U083RC, NUCLEO-U545RE-Q, NUCLEO-U5A5ZJ-Q, NUCLEO-WBA52CG, NUCLEO-WBA55CG, STEVAL-PROTEUS1, STEVAL-SMARTAG2, STEVAL-STWINBX1, STM320518-EVAL, STM32C0116-DK, STM32C011D6Y3TR, STM32C011D6Y6TR, STM32C011F4P3, STM32C011F4P6, STM32C011F4U3, STM32C011F4U6TR, STM32C011F6P3, STM32C011F6P6, STM32C011F6U3, STM32C011F6U6TR, STM32C011J4M3, STM32C011J4M6, STM32C011J6M3, STM32C011J6M6, STM32C0316-DK, STM32C031C4T3, STM32C031C4T6, STM32C031C4U3, STM32C031C4U6, STM32C031C6T3, STM32C031C6T6, STM32C031C6U3, STM32C031C6U6, STM32C031F4P3, STM32C031F4P6, STM32C031F6P3, STM32C031F6P6, STM32C031G4U3, STM32C031G4U6, STM32C031G6U3, STM32C031G6U6, STM32C031K4T3, STM32C031K4T6, STM32C031K4U3, STM32C031K4U6, STM32C031K6T3, STM32C031K6T6, STM32C031K6U3, STM32C031K6U6, STM32G071K8TXN, STM32G071K8UXN, STM32G081GBU6N, STM32G081KBT6N, STM32G081KBUXN, STM32G0B1CCT6N, STM32G0B1KCT6, STM32G0B1NEY6TR, STM32G0B1RCT6N, STM32G0C1CCT6, STM32G0C1CCT6N, STM32G0C1CCU6N, STM32G0C1CET6N, STM32G0C1CEU6N, STM32G0C1KCT6, STM32G0C1NEY6TR, STM32G0C1RCI6N, STM32G0C1RCT6N, STM32G0C1REI6N, STM32G0C1RET6N, STM32G0C1VCI6, STM32G0C1VEI6, STM32G471CCT6, STM32G471CCU6, STM32G471CET3, STM32G471CET6, STM32G471CEU3, STM32G471CEU6, STM32G471MCT6, STM32G471MET3, STM32G471MET6, STM32G471MEY6TR, STM32G471QCT6, STM32G471QET3, STM32G471RCT6, STM32G471RET3, STM32G471RET6, STM32G471VCH6, STM32G471VCI6, STM32G471VCT6, STM32G471VEH3, STM32G471VEH6, STM32G471VEI3, STM32G471VEI6, STM32G471VET3, STM32G471VET6, STM32G474CCT6, STM32H503CBT6, STM32H503CBU6, STM32H503EBY6TR, STM32H503KBU6, STM32H503RBT6, STM32H523CCT6, STM32H523CCU6, STM32H523CET6, STM32H523CEU6, STM32H523HEY6TR, STM32H523RCT6, STM32H523RET6, STM32H523VCI6, STM32H523VCT6, STM32H523VEI6, STM32H523VET6, STM32H523ZCJ6, STM32H523ZCT6, STM32H523ZEJ6, STM32H523ZET6, STM32H533CET6, STM32H533CEU6, STM32H533HEY6TR, STM32H533RET6, STM32H533VEI6, STM32H533VET6, STM32H533ZEJ6, STM32H533ZET6, STM32H562AGI6, STM32H562AII6, STM32H562IGK6, STM32H562IGT6, STM32H562IIK6, STM32H562IIT6, STM32H562RGT6, STM32H562RGV6, STM32H562RIT6, STM32H562RIV6, STM32H562VGT6, STM32H562VIT6, STM32H562ZGT6, STM32H562ZIT6, STM32H563AGI6, STM32H563AII3Q, STM32H563AII6, STM32H563IGK6, STM32H563IGT6, STM32H563IIK3Q, STM32H563IIK6, STM32H563IIT3Q, STM32H563IIT6, STM32H563MIY3QTR, STM32H563RGT6, STM32H563RGV6, STM32H563RIT6, STM32H563RIV6, STM32H563VGT6, STM32H563VIT3Q, STM32H563VIT6, STM32H563ZGT6, STM32H563ZIT3Q, STM32H563ZIT6, STM32H573AII3Q, STM32H573AII6, STM32H573I-DK, STM32H573IIK3Q, STM32H573IIK6, STM32H573IIT3Q, STM32H573IIT6, STM32H573MIY3QTR, STM32H573RIT6, STM32H573RIV6, STM32H573VIT3Q, STM32H573VIT6, STM32H573ZIT3Q, STM32H573ZIT6, STM32H7R3A8I6, STM32H7R3I8K6, STM32H7R3I8T6, STM32H7R3L8H6, STM32H7R3L8H6H, STM32H7R3R8V6, STM32H7R3V8H6, STM32H7R3V8T6, STM32H7R3V8Y6, STM32H7R3Z8J6, STM32H7R3Z8T6, STM32H7R7A8I6, STM32H7R7I8K6, STM32H7R7I8T6, STM32H7R7L8H6, STM32H7R7L8H6H, STM32H7R7Z8J6, STM32H7S3A8I6, STM32H7S3I8K6, STM32H7S3I8T6, STM32H7S3L8H6, STM32H7S3L8H6H, STM32H7S3R8V6, STM32H7S3V8H6, STM32H7S3V8T6, STM32H7S3V8Y6, STM32H7S3Z8J6, STM32H7S3Z8T6, STM32H7S78-DK, STM32H7S7A8I6, STM32H7S7I8K6, STM32H7S7I8T6, STM32H7S7L8H6, STM32H7S7L8H6H, STM32H7S7Z8J6, STM32L4R5QGI6STR, STM32MP131AAE3, STM32MP131AAF3, STM32MP131AAG3, STM32MP131CAE3, STM32MP131CAF3, STM32MP131CAG3, STM32MP131DAE7, STM32MP131DAF7, STM32MP131DAG7, STM32MP131FAE7, STM32MP131FAF7, STM32MP131FAG7, STM32MP133AAE3, STM32MP133AAF3, STM32MP133AAG3, STM32MP133CAE3, STM32MP133CAF3, STM32MP133CAG3, STM32MP133DAE7, STM32MP133DAF7, STM32MP133DAG7, STM32MP133FAE7, STM32MP133FAF7, STM32MP133FAG7, STM32MP135AAE3, STM32MP135AAF3, STM32MP135AAG3, STM32MP135CAE3, STM32MP135CAF3, STM32MP135CAG3, STM32MP135DAE7, STM32MP135DAF7, STM32MP135DAG7, STM32MP135F-DK, STM32MP135FAE7, STM32MP135FAF7, STM32MP135FAF7T, STM32MP135FAF7U, STM32MP135FAG7, STM32U031C6T6, STM32U031C6U6, STM32U031C8T6, STM32U031C8U6, STM32U031F4P6, STM32U031F6P6, STM32U031F8P6, STM32U031G6Y6TR, STM32U031G8Y6TR, STM32U031K4U6, STM32U031K6U6, STM32U031K8U6, STM32U031R6I6, STM32U031R6T6, STM32U031R8I6, STM32U031R8T6, STM32U073C8T6, STM32U073C8U6, STM32U073CBT6, STM32U073CBU6, STM32U073CCT6, STM32U073CCU6, STM32U073H8Y6TR, STM32U073HBY6TR, STM32U073HCY6TR, STM32U073K8U6, STM32U073KBU6, STM32U073KCU6, STM32U073M8I6, STM32U073M8T6, STM32U073MBI6, STM32U073MBT6, STM32U073MCI6, STM32U073MCT6, STM32U073R8I6, STM32U073R8T6, STM32U073RBI6, STM32U073RBT6, STM32U073RCI6, STM32U073RCT6, STM32U083C-DK, STM32U083CCT6, STM32U083CCU6, STM32U083HCY6TR, STM32U083KCU6, STM32U083MCI6, STM32U083MCT6, STM32U083RCI6, STM32U083RCT6, STM32U535CBT6, STM32U535CBT6Q, STM32U535CBU6, STM32U535CBU6Q, STM32U535CCT6, STM32U535CCT6Q, STM32U535CCU6, STM32U535CCU6Q, STM32U535CET6, STM32U535CET6Q, STM32U535CEU6, STM32U535CEU6Q, STM32U535JEY6QTR, STM32U535NCY6QTR, STM32U535NEY6QTR, STM32U535RBI6, STM32U535RBI6Q, STM32U535RBT6, STM32U535RBT6Q, STM32U535RCI6, STM32U535RCI6Q, STM32U535RCT6, STM32U535RCT6Q, STM32U535REI6, STM32U535REI6Q, STM32U535RET6, STM32U535RET6Q, STM32U535VCI6, STM32U535VCI6Q, STM32U535VCT6, STM32U535VCT6Q, STM32U535VEI6, STM32U535VEI6Q, STM32U535VET6, STM32U535VET6Q, STM32U545CET6, STM32U545CET6Q, STM32U545CEU6, STM32U545CEU6Q, STM32U545JEY6QTR, STM32U545NEY6QTR, STM32U545REI6, STM32U545REI6Q, STM32U545RET6, STM32U545RET6Q, STM32U545VEI6, STM32U545VEI6Q, STM32U545VET6, STM32U545VET6Q, STM32U595AIH6, STM32U595AIH6Q, STM32U595AJH6, STM32U595AJH6Q, STM32U595QII6, STM32U595QII6Q, STM32U595QJI6, STM32U595QJI6Q, STM32U595RIT6, STM32U595RIT6Q, STM32U595RJT6, STM32U595RJT6Q, STM32U595VIT6, STM32U595VIT6Q, STM32U595VJT6, STM32U595VJT6Q, STM32U595ZIT6, STM32U595ZIT6Q, STM32U595ZIY6QTR, STM32U595ZJT6, STM32U595ZJT6Q, STM32U595ZJY6QTR, STM32U599BJY6QTR, STM32U599NIH6Q, STM32U599NJH6Q, STM32U599VIT6Q, STM32U599VJT6, STM32U599VJT6Q, STM32U599ZIT6Q, STM32U599ZIY6QTR, STM32U599ZJT6Q, STM32U599ZJY6QTR, STM32U5A5AJH6, STM32U5A5AJH6Q, STM32U5A5QII3Q , STM32U5A5QJI6, STM32U5A5QJI6Q, STM32U5A5RJT6, STM32U5A5RJT6Q, STM32U5A5VJT6, STM32U5A5VJT6Q, STM32U5A5ZJT6, STM32U5A5ZJT6Q, STM32U5A5ZJY6QTR, STM32U5A9BJY6QTR, STM32U5A9J-DK, STM32U5A9NJH6Q, STM32U5A9VJT6Q, STM32U5A9ZJT6Q, STM32U5A9ZJY6QTR, STM32U5F7VIT6, STM32U5F7VIT6Q, STM32U5F7VJT6, STM32U5F7VJT6Q, STM32U5F9BJY6QTR, STM32U5F9NJH6Q, STM32U5F9VIT6Q, STM32U5F9VJT6Q, STM32U5F9ZIJ6QTR, STM32U5F9ZIT6Q, STM32U5F9ZJJ6QTR, STM32U5F9ZJT6Q, STM32U5G7VJT6, STM32U5G7VJT6Q, STM32U5G9BJY6QTR, STM32U5G9J-DK1, STM32U5G9J-DK2, STM32U5G9NJH6Q, STM32U5G9VJT6Q, STM32U5G9ZJJ6QTR, STM32U5G9ZJT6Q, STM32WB1MMCH6, STM32WBA50KEU6, STM32WBA50KEU6TR, STM32WBA50KGU6, STM32WBA50KGU6TR, STM32WBA52CEU6, STM32WBA52CEU6TR, STM32WBA52CEU7, STM32WBA52CEU7TR, STM32WBA52CGU6, STM32WBA52CGU6TR, STM32WBA52CGU6U, STM32WBA52CGU7, STM32WBA52CGU7TR, STM32WBA52KEU6, STM32WBA52KEU6TR, STM32WBA52KGU6, STM32WBA52KGU6TR, STM32WBA54CEU6, STM32WBA54CEU6TR, STM32WBA54CEU7, STM32WBA54CEU7TR, STM32WBA54CGU6, STM32WBA54CGU6TR, STM32WBA54CGU7, STM32WBA54CGU7TR, STM32WBA54KEU6, STM32WBA54KEU6TR, STM32WBA54KEU7, STM32WBA54KEU7TR, STM32WBA54KGU6, STM32WBA54KGU6TR, STM32WBA54KGU7, STM32WBA54KGU7TR, STM32WBA55CEU6, STM32WBA55CEU6TR, STM32WBA55CEU7, STM32WBA55CEU7TR, STM32WBA55CGU6, STM32WBA55CGU6TR, STM32WBA55CGU6U, STM32WBA55CGU7, STM32WBA55CGU7TR, STM32WBA55G-DK1, STM32WBA55HEF6, STM32WBA55HEF7, STM32WBA55HGF6, STM32WBA55HGF7, STM32WBA55UEI6, STM32WBA55UEI6TR, STM32WBA55UEI7, STM32WBA55UEI7TR, STM32WBA55UGI6, STM32WBA55UGI6TR, STM32WBA55UGI7, STM32WBA55UGI7TR, STM32WL5MOCH6, STM32WL5MOCH6TR]
2024-07-27 19:10:51,234 [INFO] DbMcus:218 - Found 4203 MCUs, 4203 are supported
2024-07-27 19:10:51,241 [INFO] ApiDb:423 - Load user favorites file C:\Users\Matheus Markies/.stm32cubeide/favorites.mcus.txt: 3 item(s)
2024-07-27 19:10:51,241 [INFO] ApiDb:427 - User favorites MCUs=[STM32F103RBT6, STM32F411RET7, STM32L053C8T6]
2024-07-27 19:10:51,241 [INFO] DbMcus:224 - Set 3 / 3 favorites MCUs
2024-07-27 19:10:51,843 [INFO] BoardInfo:889 - No configuration file found for board P-NUCLEO-WB55
2024-07-27 19:10:51,843 [INFO] DbBoards:161 - Kit is not supported: P-NUCLEO-WB55
2024-07-27 19:10:51,851 [INFO] BoardInfo:889 - No configuration file found for board STEVAL-BFA001V1B
2024-07-27 19:10:51,852 [INFO] DbBoards:161 - Kit is not supported: STEVAL-BFA001V1B
2024-07-27 19:10:51,853 [INFO] BoardInfo:889 - No configuration file found for board STEVAL-BFA001V2B
2024-07-27 19:10:51,853 [INFO] DbBoards:161 - Kit is not supported: STEVAL-BFA001V2B
2024-07-27 19:10:52,044 [INFO] DbBoards:168 - Found 195 boards, 192 are supported
2024-07-27 19:10:52,045 [INFO] DbBoards:169 - Found 195 boards, 8 of them is supported for  Bsp
2024-07-27 19:10:52,104 [INFO] ApiDb:423 - Load user favorites file C:\Users\Matheus Markies/.stm32cubeide/favorites.boards.txt: 0 item(s)
2024-07-27 19:10:52,104 [INFO] ApiDb:427 - User favorites Boards=[]
2024-07-27 19:10:52,104 [INFO] DbBoards:198 - Set 0 / 0 favorites Boards
2024-07-27 19:10:52,146 [INFO] UtilMem:75 - End LoadConfig() Used Memory: 711692384 Bytes (1073741824)
2024-07-27 19:10:52,537 [WARN] ThirdParty:833 - waiting for thirdparty lock release [change project]
2024-07-27 19:10:52,537 [INFO] ThirdParty:835 - entering critical section [change project]
2024-07-27 19:10:52,537 [INFO] ThirdParty:1030 - CMSIS Pack Vendor :STMicroelectronics USBPD 4.1
2024-07-27 19:10:52,537 [INFO] ThirdParty:1030 - CMSIS Pack Vendor :STMicroelectronics X-CUBE-GNSS1 6.0.0
2024-07-27 19:10:52,537 [INFO] ThirdParty:1030 - CMSIS Pack Vendor :STMicroelectronics USB_HOST 2.0.0
2024-07-27 19:10:52,537 [INFO] ThirdParty:1030 - CMSIS Pack Vendor :STMicroelectronics FP-SNS-MOTENVWB1 1.4.0
2024-07-27 19:10:52,537 [INFO] ThirdParty:1030 - CMSIS Pack Vendor :STMicroelectronics X-CUBE-AZRTOS-F4 1.1.0
2024-07-27 19:10:52,537 [INFO] ThirdParty:1030 - CMSIS Pack Vendor :STMicroelectronics LIBJPEG 8.0.0
2024-07-27 19:10:52,538 [INFO] ThirdParty:1030 - CMSIS Pack Vendor :STMicroelectronics X-CUBE-SMBUS 2.1.0
2024-07-27 19:10:52,538 [INFO] ThirdParty:1030 - CMSIS Pack Vendor :STMicroelectronics USB_DEVICE 3.0.0
2024-07-27 19:10:52,538 [INFO] ThirdParty:1030 - CMSIS Pack Vendor :STMicroelectronics X-CUBE-TCPP 4.1.0
2024-07-27 19:10:52,538 [INFO] ThirdParty:1030 - CMSIS Pack Vendor :STMicroelectronics X-CUBE-FREERTOS 1.2.0
2024-07-27 19:10:52,538 [INFO] ThirdParty:1030 - CMSIS Pack Vendor :STMicroelectronics X-CUBE-AZRTOS-WB 2.0.0
2024-07-27 19:10:52,538 [INFO] ThirdParty:1030 - CMSIS Pack Vendor :STMicroelectronics X-CUBE-TOUCHGFX 4.23.2
2024-07-27 19:10:52,538 [INFO] ThirdParty:1030 - CMSIS Pack Vendor :STMicroelectronics X-CUBE-AZRTOS-F7 1.1.0
2024-07-27 19:10:52,538 [INFO] ThirdParty:1030 - CMSIS Pack Vendor :STMicroelectronics X-CUBE-AZRTOS-L5 2.0.0
2024-07-27 19:10:52,538 [INFO] ThirdParty:1030 - CMSIS Pack Vendor :STMicroelectronics USB_DEVICE 2.0.0
2024-07-27 19:10:52,538 [INFO] ThirdParty:1030 - CMSIS Pack Vendor :STMicroelectronics X-CUBE-NFC6 3.1.0
2024-07-27 19:10:52,538 [INFO] ThirdParty:1030 - CMSIS Pack Vendor :STMicroelectronics FP-SNS-STBOX1 2.0.0
2024-07-27 19:10:52,538 [INFO] ThirdParty:1030 - CMSIS Pack Vendor :STMicroelectronics FreeRTOS 0.0.1
2024-07-27 19:10:52,538 [INFO] ThirdParty:1030 - CMSIS Pack Vendor :STMicroelectronics X-CUBE-AZRTOS-G0 1.1.0
2024-07-27 19:10:52,538 [INFO] ThirdParty:1030 - CMSIS Pack Vendor :STMicroelectronics X-CUBE-SAFEA1 1.2.2
2024-07-27 19:10:52,538 [INFO] ThirdParty:1030 - CMSIS Pack Vendor :STMicroelectronics X-CUBE-NFC4 3.0.0
2024-07-27 19:10:52,538 [INFO] ThirdParty:1030 - CMSIS Pack Vendor :STMicroelectronics X-CUBE-DPower 1.2.0
2024-07-27 19:10:52,539 [INFO] ThirdParty:1030 - CMSIS Pack Vendor :STMicroelectronics X-CUBE-SUBG2 5.0.0
2024-07-27 19:10:52,539 [INFO] ThirdParty:1030 - CMSIS Pack Vendor :STMicroelectronics STM32_WPAN 1.0.0
2024-07-27 19:10:52,539 [INFO] ThirdParty:1030 - CMSIS Pack Vendor :wolfSSL I-CUBE-wolfMQTT 1.18.0
2024-07-27 19:10:52,539 [INFO] ThirdParty:1030 - CMSIS Pack Vendor :EmbeddedOffice I-CUBE-FS-RTOS 1.0.1
2024-07-27 19:10:52,539 [INFO] ThirdParty:1030 - CMSIS Pack Vendor :STMicroelectronics lwIP 2.0.3
2024-07-27 19:10:52,539 [INFO] ThirdParty:1030 - CMSIS Pack Vendor :STMicroelectronics FP-SNS-FLIGHT1 5.0.2
2024-07-27 19:10:52,539 [INFO] ThirdParty:1030 - CMSIS Pack Vendor :STMicroelectronics USB_HOST 1.0.0
2024-07-27 19:10:52,539 [INFO] ThirdParty:1030 - CMSIS Pack Vendor :STMicroelectronics X-CUBE-AI 9.0.0
2024-07-27 19:10:52,539 [INFO] ThirdParty:1030 - CMSIS Pack Vendor :STMicroelectronics X-CUBE-AZRTOS-G4 2.0.0
2024-07-27 19:10:52,539 [INFO] ThirdParty:1030 - CMSIS Pack Vendor :STMicroelectronics PDM2PCM 3.1.0
2024-07-27 19:10:52,539 [INFO] ThirdParty:1030 - CMSIS Pack Vendor :STMicroelectronics PDM2PCM 3.3.0
2024-07-27 19:10:52,539 [INFO] ThirdParty:1030 - CMSIS Pack Vendor :STMicroelectronics X-CUBE-DISPLAY 3.0.0
2024-07-27 19:10:52,539 [INFO] ThirdParty:1030 - CMSIS Pack Vendor :RealThread X-CUBE-RT-Thread_Nano 4.1.1
2024-07-27 19:10:52,539 [INFO] ThirdParty:1030 - CMSIS Pack Vendor :wolfSSL I-CUBE-wolfSSL 5.7.0
2024-07-27 19:10:52,539 [INFO] ThirdParty:1030 - CMSIS Pack Vendor :STMicroelectronics X-CUBE-BLE1 7.0.0
2024-07-27 19:10:52,539 [INFO] ThirdParty:1030 - CMSIS Pack Vendor :STMicroelectronics FP-ATR-SIGFOX1 3.2.0
2024-07-27 19:10:52,540 [INFO] ThirdParty:1030 - CMSIS Pack Vendor :STMicroelectronics X-CUBE-ISPU 2.0.0
2024-07-27 19:10:52,540 [INFO] ThirdParty:1030 - CMSIS Pack Vendor :STMicroelectronics X-CUBE-EEPRMA1 5.1.0
2024-07-27 19:10:52,540 [INFO] ThirdParty:1030 - CMSIS Pack Vendor :STMicroelectronics HAL Drivers 0.0.0
2024-07-27 19:10:52,540 [INFO] ThirdParty:1030 - CMSIS Pack Vendor :STMicroelectronics MBEDTLS 2.16.2
2024-07-27 19:10:52,540 [INFO] ThirdParty:1030 - CMSIS Pack Vendor :STMicroelectronics X-CUBE-ALS 1.0.2
2024-07-27 19:10:52,540 [INFO] ThirdParty:1030 - CMSIS Pack Vendor :emotas I-CUBE-CANOPEN 1.3.0
2024-07-27 19:10:52,540 [INFO] ThirdParty:1030 - CMSIS Pack Vendor :STMicroelectronics X-CUBE-MEMS1 10.0.0
2024-07-27 19:10:52,540 [INFO] ThirdParty:1030 - CMSIS Pack Vendor :STMicroelectronics X-CUBE-NFC7 1.0.1
2024-07-27 19:10:52,540 [INFO] ThirdParty:1030 - CMSIS Pack Vendor :STMicroelectronics MBEDTLS 2.14.1
2024-07-27 19:10:52,540 [INFO] ThirdParty:1030 - CMSIS Pack Vendor :STMicroelectronics X-CUBE-TOUCHGFX 4.24.0
2024-07-27 19:10:52,540 [INFO] ThirdParty:1030 - CMSIS Pack Vendor :ITTIA_DB I-CUBE-ITTIADB 8.9.0
2024-07-27 19:10:52,540 [INFO] ThirdParty:1030 - CMSIS Pack Vendor :wolfSSL I-CUBE-wolfTPM 3.2.0
2024-07-27 19:10:52,540 [INFO] ThirdParty:1030 - CMSIS Pack Vendor :portGmbH I-Cube-SoM-uGOAL 1.1.0
2024-07-27 19:10:52,540 [INFO] ThirdParty:1030 - CMSIS Pack Vendor :STMicroelectronics X-CUBE-ALS 1.0.1
2024-07-27 19:10:52,541 [INFO] ThirdParty:1030 - CMSIS Pack Vendor :STMicroelectronics X-CUBE-BLEMGR 3.1.0
2024-07-27 19:10:52,541 [INFO] ThirdParty:1030 - CMSIS Pack Vendor :STMicroelectronics ThreadX 1.0.0
2024-07-27 19:10:52,541 [INFO] ThirdParty:1030 - CMSIS Pack Vendor :STMicroelectronics FP-SNS-SMARTAG2 1.2.0
2024-07-27 19:10:52,541 [INFO] ThirdParty:1030 - CMSIS Pack Vendor :STMicroelectronics X-CUBE-AZRTOS-WL 2.0.0
2024-07-27 19:10:52,541 [INFO] ThirdParty:1030 - CMSIS Pack Vendor :SEGGER I-CUBE-embOS 1.3.1
2024-07-27 19:10:52,541 [INFO] ThirdParty:1030 - CMSIS Pack Vendor :STMicroelectronics X-CUBE-ALGOBUILD 1.4.0
2024-07-27 19:10:52,541 [INFO] ThirdParty:1030 - CMSIS Pack Vendor :STMicroelectronics FP-SNS-MOTENV1 5.0.0
2024-07-27 19:10:52,541 [INFO] ThirdParty:1030 - CMSIS Pack Vendor :STMicroelectronics USB_DEVICE 1.0.0
2024-07-27 19:10:52,541 [INFO] ThirdParty:1030 - CMSIS Pack Vendor :STMicroelectronics X-CUBE-AZRTOS-H7RS 1.0.0
2024-07-27 19:10:52,541 [INFO] ThirdParty:1030 - CMSIS Pack Vendor :wolfSSL I-CUBE-wolfMQTT 1.19.0
2024-07-27 19:10:52,541 [INFO] ThirdParty:1030 - CMSIS Pack Vendor :STMicroelectronics X-CUBE-AZRTOS-L4 2.0.0
2024-07-27 19:10:52,541 [INFO] ThirdParty:1030 - CMSIS Pack Vendor :STMicroelectronics ThreadX 0.0.2
2024-07-27 19:10:52,541 [INFO] ThirdParty:1030 - CMSIS Pack Vendor :WES I-CUBE-Cesium 1.3.0
2024-07-27 19:10:52,541 [INFO] ThirdParty:1030 - CMSIS Pack Vendor :STMicroelectronics FP-ATR-ASTRA1 2.0.0
2024-07-27 19:10:52,541 [INFO] ThirdParty:1030 - CMSIS Pack Vendor :STMicroelectronics lwIP 2.1.2
2024-07-27 19:10:52,541 [INFO] ThirdParty:1030 - CMSIS Pack Vendor :STMicroelectronics X-CUBE-SFXS2LP1 4.0.0
2024-07-27 19:10:52,542 [INFO] ThirdParty:1030 - CMSIS Pack Vendor :STMicroelectronics X-CUBE-BLE2 3.3.0
2024-07-27 19:10:52,542 [INFO] ThirdParty:1030 - CMSIS Pack Vendor :STMicroelectronics X-CUBE-TOF1 3.4.1
2024-07-27 19:10:52,542 [INFO] ThirdParty:1030 - CMSIS Pack Vendor :STMicroelectronics X-CUBE-AZRTOS-H7 3.2.0
2024-07-27 19:10:52,542 [INFO] ThirdParty:1030 - CMSIS Pack Vendor :Infineon AIROC-Wi-Fi-Bluetooth-STM32 1.6.0
2024-07-27 19:10:52,542 [INFO] ThirdParty:1030 - CMSIS Pack Vendor :STMicroelectronics PDM2PCM 3.2.0
2024-07-27 19:10:52,542 [INFO] ThirdParty:1030 - CMSIS Pack Vendor :wolfSSL I-CUBE-wolfSSH 1.4.17
2024-07-27 19:10:52,542 [INFO] ThirdParty:841 - exiting critical section [change project]
2024-07-27 19:10:53,113 [INFO] PinOutPanel:1561 - setPackage(No Configuration,No Configuration)
2024-07-27 19:10:53,115 [INFO] PinOutPanel:1561 - setPackage(STM32L053C8Tx,LQFP48)
2024-07-27 19:10:53,870 [INFO] UtilMem:75 - Before build in PCC Used Memory: 860903168 Bytes (1073741824)
2024-07-27 19:10:54,973 [INFO] UserBatteryFile:101 - Battery_LiPo 3500.0 0.0 3.7 0.0 0.0
2024-07-27 19:10:55,399 [INFO] UtilMem:75 - After build in PCC Used Memory: 629503488 Bytes (1073741824)
2024-07-27 19:10:55,444 [INFO] IPUIPlugin:80 - create IPUIPlugin
2024-07-27 19:10:55,444 [INFO] IPUIPlugin:80 - create IPUIPlugin
2024-07-27 19:10:55,445 [INFO] IPUIPlugin:80 - create IPUIPlugin
2024-07-27 19:10:55,445 [INFO] IPUIPlugin:80 - create IPUIPlugin
2024-07-27 19:10:55,446 [INFO] IPUIPlugin:80 - create IPUIPlugin
2024-07-27 19:10:55,446 [INFO] IPUIPlugin:80 - create IPUIPlugin
2024-07-27 19:10:55,446 [INFO] IPUIPlugin:80 - create IPUIPlugin
2024-07-27 19:10:55,446 [INFO] IPUIPlugin:80 - create IPUIPlugin
2024-07-27 19:10:55,447 [INFO] IPUIPlugin:80 - create IPUIPlugin
2024-07-27 19:10:55,447 [INFO] IPUIPlugin:80 - create IPUIPlugin
2024-07-27 19:10:55,447 [INFO] IPUIPlugin:80 - create IPUIPlugin
2024-07-27 19:10:55,447 [INFO] IPUIPlugin:80 - create IPUIPlugin
2024-07-27 19:10:55,447 [INFO] IPUIPlugin:80 - create IPUIPlugin
2024-07-27 19:10:55,448 [INFO] IPUIPlugin:80 - create IPUIPlugin
2024-07-27 19:10:55,448 [INFO] IPUIPlugin:80 - create IPUIPlugin
2024-07-27 19:10:55,448 [INFO] IPUIPlugin:80 - create IPUIPlugin
2024-07-27 19:10:55,448 [INFO] IPUIPlugin:80 - create IPUIPlugin
2024-07-27 19:10:55,448 [INFO] IPUIPlugin:80 - create IPUIPlugin
2024-07-27 19:10:55,449 [INFO] IPUIPlugin:80 - create IPUIPlugin
2024-07-27 19:10:55,452 [INFO] IPUIPlugin:80 - create IPUIPlugin
2024-07-27 19:10:55,452 [INFO] IPUIPlugin:80 - create IPUIPlugin
2024-07-27 19:10:55,453 [INFO] IPUIPlugin:80 - create IPUIPlugin
2024-07-27 19:10:55,453 [INFO] IPUIPlugin:80 - create IPUIPlugin
2024-07-27 19:10:55,453 [INFO] IPUIPlugin:80 - create IPUIPlugin
2024-07-27 19:10:55,453 [INFO] IPUIPlugin:80 - create IPUIPlugin
2024-07-27 19:10:55,453 [INFO] IPUIPlugin:80 - create IPUIPlugin
2024-07-27 19:10:55,454 [INFO] IPUIPlugin:80 - create IPUIPlugin
2024-07-27 19:10:55,454 [INFO] IPUIPlugin:80 - create IPUIPlugin
2024-07-27 19:10:55,454 [INFO] IPUIPlugin:80 - create IPUIPlugin
2024-07-27 19:10:55,454 [INFO] IPUIPlugin:80 - create IPUIPlugin
2024-07-27 19:10:55,455 [INFO] IPUIPlugin:80 - create IPUIPlugin
2024-07-27 19:10:55,455 [INFO] IPUIPlugin:80 - create IPUIPlugin
2024-07-27 19:10:55,456 [INFO] IPUIPlugin:80 - create IPUIPlugin
2024-07-27 19:10:55,456 [INFO] IPUIPlugin:80 - create IPUIPlugin
2024-07-27 19:10:55,835 [INFO] CADModel:165 - CPN selected for project levelSTM32L053C8T6
2024-07-27 19:10:55,836 [INFO] CADModel:114 - Register for checkConnection events
2024-07-27 19:10:55,880 [INFO] OpenFileManager:343 - Restore cursor
2024-07-27 19:11:19,474 [INFO] NvicIntPanel:101 - NVIC parent = com.st.microxplorer.plugins.ip.nvic.MultiNvicIntPanel[,0,0,518x274,layout=javax.swing.BoxLayout,alignmentX=0.0,alignmentY=0.0,border=,flags=9,maximumSize=,minimumSize=,preferredSize=]
2024-07-27 19:11:20,883 [INFO] NvicIntPanel:101 - NVIC parent = com.st.microxplorer.plugins.ip.nvic.MultiNvicIntPanel[,0,0,0x0,invalid,layout=javax.swing.BoxLayout,alignmentX=0.0,alignmentY=0.0,border=,flags=9,maximumSize=,minimumSize=,preferredSize=]
2024-07-27 19:11:30,861 [INFO] UtilMem:75 - End SaveConfig() Used Memory: 755419376 Bytes (1073741824)
2024-07-27 19:11:32,225 [INFO] UtilMem:75 - End SaveConfig() Used Memory: 779528720 Bytes (1073741824)
2024-07-27 19:11:35,659 [INFO] UtilMem:75 - End SaveConfig() Used Memory: 852750208 Bytes (1073741824)
2024-07-27 19:11:36,455 [INFO] BlockDiagram:2759 - set Specific Code input for plugin: SPI
2024-07-27 19:11:36,456 [INFO] BlockDiagram:2759 - set Specific Code input for plugin: NVIC
2024-07-27 19:11:36,456 [INFO] BlockDiagram:2759 - set Specific Code input for plugin: USART
2024-07-27 19:11:36,456 [INFO] BlockDiagram:2759 - set Specific Code input for plugin: USART
2024-07-27 19:11:36,456 [INFO] BlockDiagram:2759 - set Specific Code input for plugin: SYS
2024-07-27 19:11:36,456 [INFO] BlockDiagram:2759 - set Specific Code input for plugin: GPIO
2024-07-27 19:11:36,456 [INFO] BlockDiagram:2759 - set Specific Code input for plugin: RCC
2024-07-27 19:11:36,456 [INFO] BlockDiagram:2759 - set Specific Code input for plugin: I2C
2024-07-27 19:11:36,458 [INFO] CodeGenerator:807 - code generatio: config db path: C:\ST\STM32CubeIDE_1.15.1\STM32CubeIDE\plugins\com.st.stm32cube.common.mx_6.11.1.202404110753\\db\
2024-07-27 19:11:36,869 [INFO] CodeEngine:255 - oldGeneratedFile, D:\Projetos\Firmware\firmware\Mainboard MonoChip\MXTmpFiles\license.tmp_save
2024-07-27 19:11:38,022 [INFO] CodeEngine:279 - Generated code: D:\Projetos\Firmware\firmware\Mainboard MonoChip\MXTmpFiles\license.tmp
2024-07-27 19:11:43,939 [INFO] CodeEngine:255 - oldGeneratedFile, D:\Projetos\Firmware\firmware\Mainboard MonoChip\MXTmpFiles\gpio.tmp_save
2024-07-27 19:11:44,427 [INFO] CodeEngine:279 - Generated code: D:\Projetos\Firmware\firmware\Mainboard MonoChip\MXTmpFiles\gpio.tmp
2024-07-27 19:11:46,032 [INFO] CodeEngine:255 - oldGeneratedFile, D:\Projetos\Firmware\firmware\Mainboard MonoChip\Core\Src\stm32l0xx_it.c_save
2024-07-27 19:11:46,239 [INFO] CodeEngine:279 - Generated code: D:\Projetos\Firmware\firmware\Mainboard MonoChip\Core\Src\stm32l0xx_it.c
2024-07-27 19:11:46,265 [INFO] CodeEngine:255 - oldGeneratedFile, D:\Projetos\Firmware\firmware\Mainboard MonoChip\Core\Inc\stm32l0xx_it.h_save
2024-07-27 19:11:46,408 [INFO] CodeEngine:279 - Generated code: D:\Projetos\Firmware\firmware\Mainboard MonoChip\Core\Inc\stm32l0xx_it.h
2024-07-27 19:11:46,549 [INFO] CodeEngine:255 - oldGeneratedFile, D:\Projetos\Firmware\firmware\Mainboard MonoChip\Core\Src\stm32l0xx_hal_msp.c_save
2024-07-27 19:11:46,839 [INFO] CodeEngine:279 - Generated code: D:\Projetos\Firmware\firmware\Mainboard MonoChip\Core\Src\stm32l0xx_hal_msp.c
2024-07-27 19:11:46,861 [INFO] CodeEngine:255 - oldGeneratedFile, D:\Projetos\Firmware\firmware\Mainboard MonoChip\MXTmpFiles\system.tmp_save
2024-07-27 19:11:46,974 [INFO] CodeEngine:279 - Generated code: D:\Projetos\Firmware\firmware\Mainboard MonoChip\MXTmpFiles\system.tmp
2024-07-27 19:11:47,008 [INFO] CodeEngine:311 - oldGeneratedFile, D:\Projetos\Firmware\firmware\Mainboard MonoChip\Core\Inc\stm32l0xx_hal_conf.h_save
2024-07-27 19:11:47,129 [INFO] CodeEngine:335 - Generated code: D:\Projetos\Firmware\firmware\Mainboard MonoChip\Core\Inc\stm32l0xx_hal_conf.h
2024-07-27 19:11:47,225 [INFO] CodeEngine:255 - oldGeneratedFile, D:\Projetos\Firmware\firmware\Mainboard MonoChip\Core\Inc\main.h_save
2024-07-27 19:11:47,360 [INFO] CodeEngine:279 - Generated code: D:\Projetos\Firmware\firmware\Mainboard MonoChip\Core\Inc\main.h
2024-07-27 19:11:47,386 [INFO] CodeEngine:255 - oldGeneratedFile, D:\Projetos\Firmware\firmware\Mainboard MonoChip\Core\Src\main.c_save
2024-07-27 19:11:47,629 [INFO] CodeEngine:279 - Generated code: D:\Projetos\Firmware\firmware\Mainboard MonoChip\Core\Src\main.c
2024-07-27 19:11:48,370 [INFO] ProjectBuilder:3163 - Time for Copy HAL[1] : 392mS.
2024-07-27 19:11:48,379 [INFO] ProjectBuilder:4736 - Project Generator version: 4.3.0-B58
2024-07-27 19:11:48,504 [INFO] ConfigFileManager:1503 - The Die is : DIE417
2024-07-27 19:11:48,524 [INFO] ApiDbMcu:508 - Load IP Config File for FATFS
2024-07-27 19:11:48,548 [INFO] ApiDbMcu:508 - Load IP Config File for FREERTOS
2024-07-27 19:11:48,580 [INFO] ApiDbMcu:508 - Load IP Config File for TOUCHSENSING
2024-07-27 19:11:48,597 [INFO] ApiDbMcu:508 - Load IP Config File for USB_DEVICE
2024-07-27 19:11:49,788 [INFO] LogOutputStream:77 - [STDOUT_REDIRECT] 
2024-07-27 19:11:53,462 [INFO] ProjectBuilder:5002 - Time for Generating toolchain IDE Files: 5083mS.
2024-07-27 19:11:53,463 [INFO] ProjectBuilder:3034 - Time for Copy CMSIS : 1mS.
2024-07-27 19:11:53,467 [INFO] ProjectBuilder:3034 - Time for Copy CMSIS : 1mS.
2024-07-27 21:06:35,447 [ERROR] LogOutputStream:75 - [STDERR_REDIRECT] 
2024-07-27 21:06:35,470 [ERROR] LogOutputStream:75 - [STDERR_REDIRECT] 
2024-07-27 21:51:19,984 [INFO] Activator:176 - 


2024-07-27 21:51:19,987 [INFO] Activator:177 - !SESSION log4j initialized
2024-07-27 21:51:28,149 [INFO] LogOutputStream:77 - [STDOUT_REDIRECT] 
2024-07-27 21:51:31,244 [INFO] ApplicationProperties:184 - Using Application install path: C:\ST\STM32CubeIDE_1.15.1\STM32CubeIDE\plugins\com.st.stm32cube.common.mx_6.11.1.202404110753
2024-07-27 21:51:31,262 [INFO] DbMcusXml:78 - Set database path to: C:\ST\STM32CubeIDE_1.15.1\STM32CubeIDE\plugins\com.st.stm32cube.common.mx_6.11.1.202404110753\\db\/mcu/
2024-07-27 21:51:31,263 [INFO] ApiDb:274 - Set plugin database path to: C:\ST\STM32CubeIDE_1.15.1\STM32CubeIDE\plugins\com.st.stm32cube.common.mx_6.11.1.202404110753\\db\/plugins/boardmanager/
2024-07-27 21:51:31,263 [WARN] ApiDb:259 - Overriding images path with different value:  => C:\ST\STM32CubeIDE_1.15.1\STM32CubeIDE\plugins\com.st.stm32cube.common.mx_6.11.1.202404110753\\db\/plugins/mcufinder/images/
2024-07-27 21:51:31,271 [INFO] ApiDb:250 - Set database path to: C:\Users\Matheus Markies\.stmcufinder\plugins\mcufinder//mcu/
2024-07-27 21:51:31,272 [INFO] DbMcusAds:125 - Set database path to: C:\Users\Matheus Markies\.stmcufinder\plugins\mcufinder//mcu/
2024-07-27 21:51:31,275 [INFO] CrossReferenceDbSqlite:203 - Set database path to: C:\Users\Matheus Markies\.stmcufinder\plugins\mcufinder//mcu/cs/
2024-07-27 21:51:31,416 [INFO] RulesReader:64 - Compatibility file has been processed (297 Rules)
2024-07-27 21:51:31,506 [INFO] DbMcusXml:78 - Set database path to: C:\ST\STM32CubeIDE_1.15.1\STM32CubeIDE\plugins\com.st.stm32cube.common.mx_6.11.1.202404110753\\db\/mcu/
2024-07-27 21:51:31,506 [INFO] ApiDb:274 - Set plugin database path to: C:\ST\STM32CubeIDE_1.15.1\STM32CubeIDE\plugins\com.st.stm32cube.common.mx_6.11.1.202404110753\\db\/plugins/boardmanager/
2024-07-27 21:51:31,507 [INFO] ApiDb:261 - Set plugin images path to: C:\ST\STM32CubeIDE_1.15.1\STM32CubeIDE\plugins\com.st.stm32cube.common.mx_6.11.1.202404110753\\db\/plugins/mcufinder/images/
2024-07-27 21:51:31,507 [WARN] DbFile:41 - Overriding database path with different value: C:\Users\Matheus Markies\.stmcufinder\plugins\mcufinder/ => C:\Users\Matheus Markies\.stmcufinder\plugins\mcufinder
2024-07-27 21:51:31,507 [INFO] ApiDb:250 - Set database path to: C:\Users\Matheus Markies\.stmcufinder\plugins\mcufinder//mcu/
2024-07-27 21:51:31,507 [WARN] DbFile:41 - Overriding database path with different value: C:\Users\Matheus Markies\.stmcufinder\plugins\mcufinder/ => C:\Users\Matheus Markies\.stmcufinder\plugins\mcufinder
2024-07-27 21:51:31,507 [INFO] DbMcusAds:125 - Set database path to: C:\Users\Matheus Markies\.stmcufinder\plugins\mcufinder//mcu/
2024-07-27 21:51:31,507 [WARN] DbFile:41 - Overriding database path with different value: C:\Users\Matheus Markies\.stmcufinder\plugins\mcufinder/ => C:\Users\Matheus Markies\.stmcufinder\plugins\mcufinder
2024-07-27 21:51:31,507 [WARN] DbFile:41 - Overriding database path with different value: C:\Users\Matheus Markies\.stmcufinder\plugins\mcufinder/ => C:\Users\Matheus Markies\.stmcufinder\plugins\mcufinder
2024-07-27 21:51:31,507 [INFO] CrossReferenceDbSqlite:203 - Set database path to: C:\Users\Matheus Markies\.stmcufinder\plugins\mcufinder//mcu/cs/
2024-07-27 21:51:31,587 [INFO] MainPanel:264 - HeapMemory: 268435456
2024-07-27 21:51:31,671 [INFO] DbMcusXml:78 - Set database path to: C:\ST\STM32CubeIDE_1.15.1\STM32CubeIDE\plugins\com.st.stm32cube.common.mx_6.11.1.202404110753\\db\/mcu/
2024-07-27 21:51:31,671 [INFO] ApiDb:274 - Set plugin database path to: C:\ST\STM32CubeIDE_1.15.1\STM32CubeIDE\plugins\com.st.stm32cube.common.mx_6.11.1.202404110753\\db\/plugins/boardmanager/
2024-07-27 21:51:31,671 [INFO] ApiDb:261 - Set plugin images path to: C:\ST\STM32CubeIDE_1.15.1\STM32CubeIDE\plugins\com.st.stm32cube.common.mx_6.11.1.202404110753\\db\/plugins/mcufinder/images/
2024-07-27 21:51:31,672 [WARN] DbFile:41 - Overriding database path with different value: C:\Users\Matheus Markies\.stmcufinder\plugins\mcufinder/ => C:\Users\Matheus Markies\.stmcufinder\plugins\mcufinder
2024-07-27 21:51:31,672 [INFO] ApiDb:250 - Set database path to: C:\Users\Matheus Markies\.stmcufinder\plugins\mcufinder//mcu/
2024-07-27 21:51:31,672 [WARN] DbFile:41 - Overriding database path with different value: C:\Users\Matheus Markies\.stmcufinder\plugins\mcufinder/ => C:\Users\Matheus Markies\.stmcufinder\plugins\mcufinder
2024-07-27 21:51:31,672 [INFO] DbMcusAds:125 - Set database path to: C:\Users\Matheus Markies\.stmcufinder\plugins\mcufinder//mcu/
2024-07-27 21:51:31,672 [WARN] DbFile:41 - Overriding database path with different value: C:\Users\Matheus Markies\.stmcufinder\plugins\mcufinder/ => C:\Users\Matheus Markies\.stmcufinder\plugins\mcufinder
2024-07-27 21:51:31,672 [WARN] DbFile:41 - Overriding database path with different value: C:\Users\Matheus Markies\.stmcufinder\plugins\mcufinder/ => C:\Users\Matheus Markies\.stmcufinder\plugins\mcufinder
2024-07-27 21:51:31,673 [INFO] CrossReferenceDbSqlite:203 - Set database path to: C:\Users\Matheus Markies\.stmcufinder\plugins\mcufinder//mcu/cs/
2024-07-27 21:51:31,694 [INFO] ApplicationProperties:184 - Using Application install path: C:\ST\STM32CubeIDE_1.15.1\STM32CubeIDE\plugins\com.st.stm32cube.common.mx_6.11.1.202404110753
2024-07-27 21:51:31,696 [INFO] PluginManage:196 - Search for loadable plugins [exclusion list=, ]
2024-07-27 21:51:31,698 [INFO] PluginManage:310 - Check plugin analytics
2024-07-27 21:51:31,904 [INFO] AnalyticsPlugin:253 - Accepted Software Licenses: 
2024-07-27 21:51:31,904 [INFO] AnalyticsPlugin:255 - Accepted CMSIS Pack Licenses: 
2024-07-27 21:51:31,904 [INFO] AnalyticsPlugin:257 - Accepted Firmware Licenses: FW.F4.1.28.0
2024-07-27 21:51:31,907 [INFO] PluginManage:359 - Loaded plugin analytics (category:tool,tabindex:-1)
2024-07-27 21:51:31,907 [INFO] PluginManage:310 - Check plugin cadmodel
2024-07-27 21:51:31,924 [INFO] CADModel:105 - Init CAD model plugin
2024-07-27 21:51:31,925 [INFO] PluginManage:359 - Loaded plugin cadmodel (category:power,tabindex:5)
2024-07-27 21:51:31,925 [INFO] PluginManage:310 - Check plugin clock
2024-07-27 21:51:31,951 [INFO] PluginManage:359 - Loaded plugin clock (category:base,tabindex:2)
2024-07-27 21:51:31,951 [INFO] PluginManage:310 - Check plugin ddr
2024-07-27 21:51:31,955 [INFO] PluginManage:359 - Loaded plugin ddr (category:tool,tabindex:6)
2024-07-27 21:51:31,955 [INFO] PluginManage:310 - Check plugin filemanager
2024-07-27 21:51:32,116 [INFO] PluginManage:359 - Loaded plugin filemanager (category:base,tabindex:10)
2024-07-27 21:51:32,116 [INFO] PluginManage:310 - Check plugin ipmanager
2024-07-27 21:51:32,125 [INFO] PluginManage:359 - Loaded plugin ipmanager (category:base,tabindex:5)
2024-07-27 21:51:32,125 [INFO] PluginManage:310 - Check plugin lpbam
2024-07-27 21:51:32,146 [INFO] PluginManage:359 - Loaded plugin lpbam (category:base,tabindex:0)
2024-07-27 21:51:32,147 [INFO] PluginManage:310 - Check plugin memorymap
2024-07-27 21:51:32,173 [INFO] PluginManage:359 - Loaded plugin memorymap (category:base,tabindex:4)
2024-07-27 21:51:32,173 [INFO] PluginManage:310 - Check plugin pinoutandconfiguration
2024-07-27 21:51:32,195 [INFO] PluginManage:359 - Loaded plugin pinoutandconfiguration (category:base,tabindex:1)
2024-07-27 21:51:32,195 [INFO] PluginManage:310 - Check plugin pinoutconfig
2024-07-27 21:51:32,306 [WARN] SupportedApi:132 - Cannot load RTOS API schema: s4s-elt-must-match.1: The content of 'definitions' must match (annotation?, (simpleType | complexType)?, (unique | key | keyref)*)). A problem was found starting at: attribute.
2024-07-27 21:51:32,458 [INFO] PluginManage:359 - Loaded plugin pinoutconfig (category:base,tabindex:0)
2024-07-27 21:51:32,458 [INFO] PluginManage:310 - Check plugin power
2024-07-27 21:51:32,480 [INFO] PluginManage:359 - Loaded plugin power (category:power,tabindex:4)
2024-07-27 21:51:32,480 [INFO] PluginManage:310 - Check plugin projectmanager
2024-07-27 21:51:32,501 [INFO] PluginManage:359 - Loaded plugin projectmanager (category:projectmanager,tabindex:3)
2024-07-27 21:51:32,501 [INFO] PluginManage:310 - Check plugin thirdparty
2024-07-27 21:51:32,830 [INFO] PluginManage:359 - Loaded plugin thirdparty (category:base,tabindex:-1)
2024-07-27 21:51:32,830 [INFO] PluginManage:310 - Check plugin tools
2024-07-27 21:51:32,830 [WARN] IntegrityCheckThread:84 - waiting for thirdparty lock release [integrity check]
2024-07-27 21:51:32,831 [INFO] IntegrityCheckThread:86 - entering critical section [integrity check]
2024-07-27 21:51:32,832 [INFO] ThirdPartyUpdaterWithRetryManager:70 - Updater plugin not ready yet. [1/15]
2024-07-27 21:51:32,877 [INFO] PluginManage:359 - Loaded plugin tools (category:base,tabindex:7)
2024-07-27 21:51:32,877 [INFO] PluginManage:310 - Check plugin tutovideos
2024-07-27 21:51:33,092 [INFO] PluginManage:359 - Loaded plugin tutovideos (category:base,tabindex:-1)
2024-07-27 21:51:33,093 [INFO] PluginManage:310 - Check plugin updater
2024-07-27 21:51:33,104 [INFO] PluginManage:359 - Loaded plugin updater (category:base,tabindex:12)
2024-07-27 21:51:33,104 [INFO] PluginManage:310 - Check plugin userauth
2024-07-27 21:51:33,109 [INFO] UserAuth:114 - Init User Auth plugin
2024-07-27 21:51:33,109 [INFO] PluginManage:359 - Loaded plugin userauth (category:base,tabindex:14)
2024-07-27 21:51:33,110 [INFO] PluginManage:283 - PluginManage : Loaded plugins [17]
2024-07-27 21:51:33,355 [INFO] PinOutPanel:1561 - setPackage(No Configuration,No Configuration)
2024-07-27 21:51:33,448 [INFO] CADModel:165 - CPN selected for project level
2024-07-27 21:51:33,448 [INFO] CADModel:114 - Register for checkConnection events
2024-07-27 21:51:33,474 [INFO] IPUIPlugin:80 - create IPUIPlugin
2024-07-27 21:51:33,474 [INFO] PluginManager:220 - loadIPPluginJar : add adc
2024-07-27 21:51:33,519 [INFO] IPUIPlugin:80 - create IPUIPlugin
2024-07-27 21:51:33,520 [INFO] PluginManager:220 - loadIPPluginJar : add aes
2024-07-27 21:51:33,570 [INFO] IPUIPlugin:80 - create IPUIPlugin
2024-07-27 21:51:33,571 [INFO] PluginManager:220 - loadIPPluginJar : add can
2024-07-27 21:51:33,601 [INFO] IPUIPlugin:80 - create IPUIPlugin
2024-07-27 21:51:33,601 [INFO] PluginManager:220 - loadIPPluginJar : add comp
2024-07-27 21:51:33,645 [INFO] IPUIPlugin:80 - create IPUIPlugin
2024-07-27 21:51:33,645 [INFO] PluginManager:220 - loadIPPluginJar : add cryp
2024-07-27 21:51:33,684 [INFO] IPUIPlugin:80 - create IPUIPlugin
2024-07-27 21:51:33,685 [INFO] PluginManager:220 - loadIPPluginJar : add dfsdm
2024-07-27 21:51:33,702 [INFO] IPUIPlugin:80 - create IPUIPlugin
2024-07-27 21:51:33,702 [INFO] PluginManager:220 - loadIPPluginJar : add dma
2024-07-27 21:51:33,757 [INFO] IPUIPlugin:80 - create IPUIPlugin
2024-07-27 21:51:33,757 [INFO] PluginManager:220 - loadIPPluginJar : add dma3
2024-07-27 21:51:33,814 [INFO] IPUIPlugin:80 - create IPUIPlugin
2024-07-27 21:51:33,814 [INFO] PluginManager:220 - loadIPPluginJar : add extmemmanager
2024-07-27 21:51:33,839 [INFO] IPUIPlugin:80 - create IPUIPlugin
2024-07-27 21:51:33,839 [INFO] PluginManager:220 - loadIPPluginJar : add fatfs
2024-07-27 21:51:33,896 [INFO] IPUIPlugin:80 - create IPUIPlugin
2024-07-27 21:51:33,896 [INFO] PluginManager:220 - loadIPPluginJar : add fmc
2024-07-27 21:51:33,914 [INFO] IPUIPlugin:80 - create IPUIPlugin
2024-07-27 21:51:33,914 [INFO] PluginManager:220 - loadIPPluginJar : add freertos
2024-07-27 21:51:33,940 [INFO] IPUIPlugin:80 - create IPUIPlugin
2024-07-27 21:51:33,941 [INFO] PluginManager:220 - loadIPPluginJar : add genericplugin
2024-07-27 21:51:34,057 [INFO] IPUIPlugin:80 - create IPUIPlugin
2024-07-27 21:51:34,057 [INFO] PluginManager:220 - loadIPPluginJar : add gfxmmu
2024-07-27 21:51:34,215 [INFO] IPUIPlugin:80 - create IPUIPlugin
2024-07-27 21:51:34,215 [INFO] PluginManager:220 - loadIPPluginJar : add gic
2024-07-27 21:51:34,231 [INFO] IPUIPlugin:80 - create IPUIPlugin
2024-07-27 21:51:34,231 [INFO] PluginManager:220 - loadIPPluginJar : add gpio
2024-07-27 21:51:34,349 [INFO] IPUIPlugin:80 - create IPUIPlugin
2024-07-27 21:51:34,349 [INFO] PluginManager:220 - loadIPPluginJar : add gtzc
2024-07-27 21:51:34,389 [INFO] IPUIPlugin:80 - create IPUIPlugin
2024-07-27 21:51:34,389 [INFO] PluginManager:220 - loadIPPluginJar : add hash
2024-07-27 21:51:34,454 [INFO] IPUIPlugin:80 - create IPUIPlugin
2024-07-27 21:51:34,454 [INFO] PluginManager:220 - loadIPPluginJar : add i2c
2024-07-27 21:51:34,731 [INFO] IPUIPlugin:80 - create IPUIPlugin
2024-07-27 21:51:34,731 [INFO] PluginManager:220 - loadIPPluginJar : add i2s
2024-07-27 21:51:34,958 [INFO] IPUIPlugin:80 - create IPUIPlugin
2024-07-27 21:51:34,958 [INFO] PluginManager:220 - loadIPPluginJar : add i3c
2024-07-27 21:51:35,369 [INFO] IPUIPlugin:80 - create IPUIPlugin
2024-07-27 21:51:35,370 [INFO] PluginManager:220 - loadIPPluginJar : add ipddr
2024-07-27 21:51:35,481 [INFO] IPUIPlugin:80 - create IPUIPlugin
2024-07-27 21:51:35,481 [INFO] PluginManager:220 - loadIPPluginJar : add linkedlist
2024-07-27 21:51:35,527 [INFO] IPUIPlugin:80 - create IPUIPlugin
2024-07-27 21:51:35,528 [INFO] PluginManager:220 - loadIPPluginJar : add lorawan
2024-07-27 21:51:35,572 [INFO] IPUIPlugin:80 - create IPUIPlugin
2024-07-27 21:51:35,572 [INFO] PluginManager:220 - loadIPPluginJar : add ltdc
2024-07-27 21:51:35,588 [INFO] IPUIPlugin:80 - create IPUIPlugin
2024-07-27 21:51:35,588 [INFO] PluginManager:220 - loadIPPluginJar : add mdma
2024-07-27 21:51:35,603 [INFO] IPUIPlugin:80 - create IPUIPlugin
2024-07-27 21:51:35,603 [INFO] PluginManager:220 - loadIPPluginJar : add nvic
2024-07-27 21:51:35,647 [INFO] IPUIPlugin:80 - create IPUIPlugin
2024-07-27 21:51:35,647 [INFO] PluginManager:220 - loadIPPluginJar : add opamp
2024-07-27 21:51:35,720 [INFO] IPUIPlugin:80 - create IPUIPlugin
2024-07-27 21:51:35,720 [INFO] PluginManager:220 - loadIPPluginJar : add openamp
2024-07-27 21:51:35,772 [INFO] IPUIPlugin:80 - create IPUIPlugin
2024-07-27 21:51:35,772 [INFO] PluginManager:220 - loadIPPluginJar : add pdm2pcm
2024-07-27 21:51:35,790 [INFO] IPUIPlugin:80 - create IPUIPlugin
2024-07-27 21:51:35,792 [INFO] PluginManager:220 - loadIPPluginJar : add plateformsettings
2024-07-27 21:51:35,819 [INFO] IPUIPlugin:80 - create IPUIPlugin
2024-07-27 21:51:35,819 [INFO] PluginManager:220 - loadIPPluginJar : add quadspi
2024-07-27 21:51:35,834 [INFO] IPUIPlugin:80 - create IPUIPlugin
2024-07-27 21:51:35,834 [INFO] ThirdPartyUpdaterWithRetryManager:70 - Updater plugin not ready yet. [2/15]
2024-07-27 21:51:35,834 [INFO] PluginManager:220 - loadIPPluginJar : add resmgrutility
2024-07-27 21:51:35,891 [INFO] IPUIPlugin:80 - create IPUIPlugin
2024-07-27 21:51:35,891 [INFO] PluginManager:220 - loadIPPluginJar : add sai
2024-07-27 21:51:35,936 [INFO] IPUIPlugin:80 - create IPUIPlugin
2024-07-27 21:51:35,936 [INFO] PluginManager:220 - loadIPPluginJar : add spi
2024-07-27 21:51:36,018 [INFO] IPUIPlugin:80 - create IPUIPlugin
2024-07-27 21:51:36,018 [INFO] PluginManager:220 - loadIPPluginJar : add stm32_wpan
2024-07-27 21:51:36,047 [INFO] IPUIPlugin:80 - create IPUIPlugin
2024-07-27 21:51:36,047 [INFO] PluginManager:220 - loadIPPluginJar : add tim
2024-07-27 21:51:36,121 [INFO] IPUIPlugin:80 - create IPUIPlugin
2024-07-27 21:51:36,121 [INFO] PluginManager:220 - loadIPPluginJar : add touchsensing
2024-07-27 21:51:36,150 [INFO] IPUIPlugin:80 - create IPUIPlugin
2024-07-27 21:51:36,150 [INFO] PluginManager:220 - loadIPPluginJar : add tracer_emb
2024-07-27 21:51:36,181 [INFO] IPUIPlugin:80 - create IPUIPlugin
2024-07-27 21:51:36,181 [INFO] PluginManager:220 - loadIPPluginJar : add ts
2024-07-27 21:51:36,209 [INFO] IPUIPlugin:80 - create IPUIPlugin
2024-07-27 21:51:36,209 [INFO] PluginManager:220 - loadIPPluginJar : add tsc
2024-07-27 21:51:36,238 [INFO] IPUIPlugin:80 - create IPUIPlugin
2024-07-27 21:51:36,238 [INFO] PluginManager:220 - loadIPPluginJar : add ucpd
2024-07-27 21:51:36,293 [INFO] IPUIPlugin:80 - create IPUIPlugin
2024-07-27 21:51:36,293 [INFO] PluginManager:220 - loadIPPluginJar : add usart
2024-07-27 21:51:36,346 [INFO] IPUIPlugin:80 - create IPUIPlugin
2024-07-27 21:51:36,346 [INFO] PluginManager:220 - loadIPPluginJar : add usbx
2024-07-27 21:51:36,485 [INFO] CADModel:165 - CPN selected for project level
2024-07-27 21:51:36,485 [INFO] CADModel:114 - Register for checkConnection events
2024-07-27 21:51:36,485 [FATAL] Updater:308 - Updater called before beeing initialized
2024-07-27 21:51:36,486 [ERROR] CADModel:125 - Updater not yet initialized, retry later 
2024-07-27 21:51:36,617 [INFO] CADModel:165 - CPN selected for project level
2024-07-27 21:51:36,617 [INFO] CADModel:114 - Register for checkConnection events
2024-07-27 21:51:36,617 [FATAL] Updater:308 - Updater called before beeing initialized
2024-07-27 21:51:36,617 [ERROR] CADModel:125 - Updater not yet initialized, retry later 
2024-07-27 21:51:36,621 [FATAL] Updater:308 - Updater called before beeing initialized
2024-07-27 21:51:36,789 [FATAL] Updater:308 - Updater called before beeing initialized
2024-07-27 21:51:36,799 [INFO] DbMcusAds:53 - JSON generation date=Thu May 16 06:22:01 BRT 2024 (1715851321109)
2024-07-27 21:51:36,799 [FATAL] Updater:308 - Updater called before beeing initialized
2024-07-27 21:51:36,891 [WARN] DetailPanel:346 - Failed to get advertising image, set to default
2024-07-27 21:51:37,006 [FATAL] Updater:308 - Updater called before beeing initialized
2024-07-27 21:51:37,008 [FATAL] Updater:308 - Updater called before beeing initialized
2024-07-27 21:51:37,008 [FATAL] Updater:308 - Updater called before beeing initialized
2024-07-27 21:51:37,008 [WARN] DetailPanel:346 - Failed to get advertising image, set to default
2024-07-27 21:51:37,009 [FATAL] Updater:308 - Updater called before beeing initialized
2024-07-27 21:51:37,077 [ERROR] Updater:1120 - MainUpdater not yet initialized. External WinMGr cannot be set.
2024-07-27 21:51:37,089 [INFO] Updater:1056 - Updater Version found : 6.11.1
2024-07-27 21:51:37,104 [INFO] ApplicationProperties:184 - Using Application install path: C:\ST\STM32CubeIDE_1.15.1\STM32CubeIDE\plugins\com.st.stm32cube.common.mx_6.11.1.202404110753
2024-07-27 21:51:38,685 [ERROR] LogOutputStream:75 - [STDERR_REDIRECT] Jul 27, 2024 9:51:38 PM java.util.prefs.WindowsPreferences <init>
2024-07-27 21:51:38,687 [ERROR] LogOutputStream:75 - [STDERR_REDIRECT] WARNING: Could not open/create prefs root node Software\JavaSoft\Prefs at root 0xffffffff80000002. Windows RegCreateKeyEx(...) returned error code 5.
2024-07-27 21:51:38,687 [ERROR] LogOutputStream:75 - [STDERR_REDIRECT] 
2024-07-27 21:51:38,835 [INFO] ThirdPartyUpdaterWithRetryManager:70 - Updater plugin not ready yet. [3/15]
2024-07-27 21:51:39,007 [INFO] MainUpdater:2873 - connection check result : 10
2024-07-27 21:51:39,008 [INFO] MainUpdater:290 - Updater Check For Update Now.
2024-07-27 21:51:39,008 [INFO] MicroXplorer:498 - Change Database Version : DB.6.0.111
2024-07-27 21:51:39,042 [INFO] McuFinderGlobals:63 - Set McuFinder mode to 2 (CubeIDE integrated)
2024-07-27 21:51:39,094 [INFO] UserAuth:415 - Internet connection configuration mode: 1
2024-07-27 21:51:39,177 [INFO] JxBrowserEngine:152 - Initiate JxBrowser Engine with user profile folder
2024-07-27 21:51:39,338 [INFO] CheckServerUpdateThread:120 - End of CheckServer Thread
2024-07-27 21:51:42,116 [WARN] PackLoader:240 - Cannot read IP mode file for STMicroelectronics.FP-SNS-MOTENVWB1.1.4.0
2024-07-27 21:51:42,135 [WARN] PackLoader:240 - Cannot read IP mode file for STMicroelectronics.X-CUBE-SMBUS.2.1.0
2024-07-27 21:51:42,153 [WARN] PackLoader:240 - Cannot read IP mode file for STMicroelectronics.X-CUBE-TOUCHGFX.4.23.2
2024-07-27 21:51:42,205 [WARN] PackLoader:240 - Cannot read IP mode file for STMicroelectronics.X-CUBE-AZRTOS-F7.1.1.0
2024-07-27 21:51:42,230 [WARN] PackLoader:240 - Cannot read IP mode file for STMicroelectronics.FP-SNS-FLIGHT1.5.0.2
2024-07-27 21:51:42,254 [WARN] PackLoader:240 - Cannot read IP mode file for STMicroelectronics.X-CUBE-DISPLAY.3.0.0
2024-07-27 21:51:42,285 [WARN] PackLoader:240 - Cannot read IP mode file for STMicroelectronics.X-CUBE-BLE1.7.0.0
2024-07-27 21:51:42,316 [WARN] PackLoader:240 - Cannot read IP mode file for emotas.I-CUBE-CANOPEN.1.3.0
2024-07-27 21:51:42,354 [WARN] PackLoader:240 - Cannot read IP mode file for STMicroelectronics.X-CUBE-BLEMGR.3.1.0
2024-07-27 21:51:42,384 [WARN] PackLoader:240 - Cannot read IP mode file for STMicroelectronics.FP-SNS-SMARTAG2.1.2.0
2024-07-27 21:51:42,413 [INFO] LogOutputStream:77 - [STDOUT_REDIRECT] 1 : Invalid condition id : UX_CORESTACK_Condition cause : null
2024-07-27 21:51:42,414 [INFO] LogOutputStream:77 - [STDOUT_REDIRECT] 1 : Invalid condition id : UX_CORESTACK_Condition cause : null
2024-07-27 21:51:42,416 [INFO] LogOutputStream:77 - [STDOUT_REDIRECT] 1 : Invalid condition id : UX_CORESTACK_Condition cause : null
2024-07-27 21:51:42,417 [INFO] LogOutputStream:77 - [STDOUT_REDIRECT] 1 : Invalid condition id : UX_CORESTACK_Condition cause : null
2024-07-27 21:51:42,418 [INFO] LogOutputStream:77 - [STDOUT_REDIRECT] 1 : Invalid condition id : UX_CORESTACK_Condition cause : null
2024-07-27 21:51:42,423 [WARN] PackLoader:240 - Cannot read IP mode file for STMicroelectronics.X-CUBE-AZRTOS-WL.2.0.0
2024-07-27 21:51:42,438 [WARN] PackLoader:240 - Cannot read IP mode file for STMicroelectronics.FP-SNS-MOTENV1.5.0.0
2024-07-27 21:51:42,456 [WARN] PackLoader:240 - Cannot read IP mode file for wolfSSL.I-CUBE-wolfMQTT.1.19.0
2024-07-27 21:51:42,474 [WARN] PackLoader:240 - Cannot read IP mode file for WES.I-CUBE-Cesium.1.3.0
2024-07-27 21:51:42,488 [WARN] PackLoader:240 - Cannot read IP mode file for STMicroelectronics.X-CUBE-BLE2.3.3.0
2024-07-27 21:51:42,503 [WARN] PackLoader:240 - Cannot read IP mode file for STMicroelectronics.X-CUBE-TCPP.4.1.0
2024-07-27 21:51:42,548 [WARN] PackLoader:240 - Cannot read IP mode file for STMicroelectronics.X-CUBE-AZRTOS-G0.1.1.0
2024-07-27 21:51:42,590 [WARN] PackLoader:240 - Cannot read IP mode file for STMicroelectronics.X-CUBE-SAFEA1.1.2.2
2024-07-27 21:51:42,609 [WARN] PackLoader:240 - Cannot read IP mode file for STMicroelectronics.X-CUBE-NFC4.3.0.0
2024-07-27 21:51:42,622 [WARN] PackLoader:240 - Cannot read IP mode file for wolfSSL.I-CUBE-wolfMQTT.1.18.0
2024-07-27 21:51:42,641 [WARN] PackLoader:240 - Cannot read IP mode file for EmbeddedOffice.I-CUBE-FS-RTOS.1.0.1
2024-07-27 21:51:42,642 [ERROR] ConditionMgr:805 - Attr not supported : Dmpu
2024-07-27 21:51:42,642 [ERROR] ConditionMgr:805 - Attr not supported : Dmpu
2024-07-27 21:51:42,642 [ERROR] ConditionMgr:805 - Attr not supported : Dmpu
2024-07-27 21:51:42,642 [ERROR] ConditionMgr:805 - Attr not supported : Dmpu
2024-07-27 21:51:42,642 [ERROR] ConditionMgr:805 - Attr not supported : Dmpu
2024-07-27 21:51:42,642 [ERROR] ConditionMgr:805 - Attr not supported : Dmpu
2024-07-27 21:51:42,642 [ERROR] ConditionMgr:805 - Attr not supported : Dmpu
2024-07-27 21:51:42,642 [ERROR] ConditionMgr:805 - Attr not supported : Dmpu
2024-07-27 21:51:42,642 [ERROR] ConditionMgr:805 - Attr not supported : Dmpu
2024-07-27 21:51:42,642 [ERROR] ConditionMgr:805 - Attr not supported : Dmpu
2024-07-27 21:51:42,642 [ERROR] ConditionMgr:805 - Attr not supported : Dmpu
2024-07-27 21:51:42,643 [ERROR] ConditionMgr:805 - Attr not supported : Dmpu
2024-07-27 21:51:42,643 [ERROR] ConditionMgr:805 - Attr not supported : Dmpu
2024-07-27 21:51:42,643 [ERROR] ConditionMgr:805 - Attr not supported : Dmpu
2024-07-27 21:51:42,643 [ERROR] ConditionMgr:805 - Attr not supported : Dmpu
2024-07-27 21:51:42,643 [ERROR] ConditionMgr:805 - Attr not supported : Dmpu
2024-07-27 21:51:42,643 [ERROR] ConditionMgr:805 - Attr not supported : Dmpu
2024-07-27 21:51:42,643 [ERROR] ConditionMgr:805 - Attr not supported : Dmpu
2024-07-27 21:51:42,644 [ERROR] ConditionMgr:805 - Attr not supported : Dmpu
2024-07-27 21:51:42,644 [ERROR] ConditionMgr:805 - Attr not supported : Dmpu
2024-07-27 21:51:42,644 [ERROR] ConditionMgr:805 - Attr not supported : Dmpu
2024-07-27 21:51:42,644 [ERROR] ConditionMgr:805 - Attr not supported : Dmpu
2024-07-27 21:51:42,644 [ERROR] ConditionMgr:805 - Attr not supported : Dmpu
2024-07-27 21:51:42,644 [ERROR] ConditionMgr:805 - Attr not supported : Dmpu
2024-07-27 21:51:42,644 [ERROR] ConditionMgr:805 - Attr not supported : Dmpu
2024-07-27 21:51:42,644 [ERROR] ConditionMgr:805 - Attr not supported : Dmpu
2024-07-27 21:51:42,644 [ERROR] ConditionMgr:805 - Attr not supported : Dmpu
2024-07-27 21:51:42,645 [ERROR] ConditionMgr:805 - Attr not supported : Dmpu
2024-07-27 21:51:42,645 [ERROR] ConditionMgr:805 - Attr not supported : Dmpu
2024-07-27 21:51:42,645 [ERROR] ConditionMgr:805 - Attr not supported : Dmpu
2024-07-27 21:51:42,645 [ERROR] ConditionMgr:805 - Attr not supported : Dmpu
2024-07-27 21:51:42,645 [ERROR] ConditionMgr:805 - Attr not supported : Dmpu
2024-07-27 21:51:42,645 [ERROR] ConditionMgr:805 - Attr not supported : Dmpu
2024-07-27 21:51:42,645 [ERROR] ConditionMgr:805 - Attr not supported : Dmpu
2024-07-27 21:51:42,645 [ERROR] ConditionMgr:805 - Attr not supported : Dmpu
2024-07-27 21:51:42,645 [ERROR] ConditionMgr:805 - Attr not supported : Dmpu
2024-07-27 21:51:42,645 [ERROR] ConditionMgr:805 - Attr not supported : Dmpu
2024-07-27 21:51:42,647 [ERROR] ConditionMgr:805 - Attr not supported : Dmpu
2024-07-27 21:51:42,653 [ERROR] ConditionMgr:805 - Attr not supported : Dmpu
2024-07-27 21:51:42,656 [ERROR] ConditionMgr:805 - Attr not supported : Dmpu
2024-07-27 21:51:42,656 [ERROR] ConditionMgr:805 - Attr not supported : Dmpu
2024-07-27 21:51:42,656 [ERROR] ConditionMgr:805 - Attr not supported : Dmpu
2024-07-27 21:51:42,656 [ERROR] ConditionMgr:805 - Attr not supported : Dmpu
2024-07-27 21:51:42,656 [ERROR] ConditionMgr:805 - Attr not supported : Dmpu
2024-07-27 21:51:42,657 [ERROR] ConditionMgr:805 - Attr not supported : Dmpu
2024-07-27 21:51:42,657 [ERROR] ConditionMgr:805 - Attr not supported : Dmpu
2024-07-27 21:51:42,657 [ERROR] ConditionMgr:805 - Attr not supported : Dmpu
2024-07-27 21:51:42,657 [ERROR] ConditionMgr:805 - Attr not supported : Dmpu
2024-07-27 21:51:42,657 [ERROR] ConditionMgr:805 - Attr not supported : Dmpu
2024-07-27 21:51:42,657 [ERROR] ConditionMgr:805 - Attr not supported : Dmpu
2024-07-27 21:51:42,666 [ERROR] ConditionMgr:805 - Attr not supported : Dmpu
2024-07-27 21:51:42,666 [ERROR] ConditionMgr:805 - Attr not supported : Dmpu
2024-07-27 21:51:42,666 [ERROR] ConditionMgr:805 - Attr not supported : Dmpu
2024-07-27 21:51:42,666 [ERROR] ConditionMgr:805 - Attr not supported : Dmpu
2024-07-27 21:51:42,666 [ERROR] ConditionMgr:805 - Attr not supported : Dmpu
2024-07-27 21:51:42,666 [ERROR] ConditionMgr:805 - Attr not supported : Dmpu
2024-07-27 21:51:42,666 [ERROR] ConditionMgr:805 - Attr not supported : Dmpu
2024-07-27 21:51:42,667 [ERROR] ConditionMgr:805 - Attr not supported : Dmpu
2024-07-27 21:51:42,667 [ERROR] ConditionMgr:805 - Attr not supported : Dmpu
2024-07-27 21:51:42,667 [ERROR] ConditionMgr:805 - Attr not supported : Dmpu
2024-07-27 21:51:42,667 [ERROR] ConditionMgr:805 - Attr not supported : Dmpu
2024-07-27 21:51:42,667 [ERROR] ConditionMgr:805 - Attr not supported : Dmpu
2024-07-27 21:51:42,667 [ERROR] ConditionMgr:805 - Attr not supported : Dmpu
2024-07-27 21:51:42,667 [ERROR] ConditionMgr:805 - Attr not supported : Dmpu
2024-07-27 21:51:42,684 [WARN] PackLoader:240 - Cannot read IP mode file for RealThread.X-CUBE-RT-Thread_Nano.4.1.1
2024-07-27 21:51:42,697 [WARN] PackLoader:240 - Cannot read IP mode file for wolfSSL.I-CUBE-wolfSSL.5.7.0
2024-07-27 21:51:42,716 [WARN] PackLoader:240 - Cannot read IP mode file for STMicroelectronics.FP-ATR-SIGFOX1.3.2.0
2024-07-27 21:51:42,762 [WARN] PackLoader:240 - Cannot read IP mode file for STMicroelectronics.X-CUBE-EEPRMA1.5.1.0
2024-07-27 21:51:42,803 [WARN] PackLoader:240 - Cannot read IP mode file for ITTIA_DB.I-CUBE-ITTIADB.8.9.0
2024-07-27 21:51:42,860 [WARN] PackLoader:240 - Cannot read IP mode file for SEGGER.I-CUBE-embOS.1.3.1
2024-07-27 21:51:42,989 [WARN] PackLoader:240 - Cannot read IP mode file for STMicroelectronics.X-CUBE-ALGOBUILD.1.4.0
2024-07-27 21:51:43,008 [WARN] PackLoader:240 - Cannot read IP mode file for STMicroelectronics.X-CUBE-GNSS1.6.0.0
2024-07-27 21:51:43,053 [WARN] PackLoader:240 - Cannot read IP mode file for STMicroelectronics.X-CUBE-AZRTOS-F4.1.1.0
2024-07-27 21:51:43,074 [WARN] PackLoader:240 - Cannot read IP mode file for STMicroelectronics.X-CUBE-FREERTOS.1.2.0
2024-07-27 21:51:43,108 [WARN] PackLoader:240 - Cannot read IP mode file for STMicroelectronics.X-CUBE-AZRTOS-L5.2.0.0
2024-07-27 21:51:43,129 [WARN] PackLoader:240 - Cannot read IP mode file for STMicroelectronics.X-CUBE-NFC6.3.1.0
2024-07-27 21:51:43,161 [WARN] PackLoader:240 - Cannot read IP mode file for STMicroelectronics.X-CUBE-DPower.1.2.0
2024-07-27 21:51:43,181 [WARN] PackLoader:240 - Cannot read IP mode file for STMicroelectronics.X-CUBE-AI.9.0.0
2024-07-27 21:51:43,198 [WARN] PackLoader:240 - Cannot read IP mode file for STMicroelectronics.X-CUBE-NFC7.1.0.1
2024-07-27 21:51:43,214 [WARN] PackLoader:240 - Cannot read IP mode file for wolfSSL.I-CUBE-wolfTPM.3.2.0
2024-07-27 21:51:43,248 [WARN] ConditionMgr:438 - getConditionDescription Invalid condition id : LAN8742 Phy interface Condition cause : null
2024-07-27 21:51:43,249 [WARN] PackLoader:240 - Cannot read IP mode file for STMicroelectronics.X-CUBE-AZRTOS-L4.2.0.0
2024-07-27 21:51:43,250 [WARN] ConditionMgr:1039 - genDependencies : Invalid condition id : LAN8742 Phy interface Condition cause : null
2024-07-27 21:51:43,251 [WARN] ConditionMgr:1039 - genDependencies : Invalid condition id : LAN8742 Phy interface Condition cause : null
2024-07-27 21:51:43,251 [WARN] ConditionMgr:1039 - genDependencies : Invalid condition id : LAN8742 Phy interface Condition cause : null
2024-07-27 21:51:43,272 [WARN] PackLoader:240 - Cannot read IP mode file for STMicroelectronics.X-CUBE-SFXS2LP1.4.0.0
2024-07-27 21:51:43,305 [WARN] ConditionMgr:438 - getConditionDescription Invalid condition id : UX DEVICE CLASS RTOS Condition cause : null
2024-07-27 21:51:43,306 [WARN] ConditionMgr:438 - getConditionDescription Invalid condition id : UX DEVICE CLASS RTOS Condition cause : null
2024-07-27 21:51:43,308 [WARN] PackLoader:240 - Cannot read IP mode file for STMicroelectronics.X-CUBE-AZRTOS-WB.2.0.0
2024-07-27 21:51:43,308 [WARN] ConditionMgr:1039 - genDependencies : Invalid condition id : UX DEVICE CLASS RTOS Condition cause : null
2024-07-27 21:51:43,308 [WARN] ConditionMgr:1039 - genDependencies : Invalid condition id : UX DEVICE CLASS RTOS Condition cause : null
2024-07-27 21:51:43,309 [WARN] ConditionMgr:1039 - genDependencies : Invalid condition id : UX DEVICE CLASS RTOS Condition cause : null
2024-07-27 21:51:43,309 [WARN] ConditionMgr:1039 - genDependencies : Invalid condition id : UX DEVICE CLASS RTOS Condition cause : null
2024-07-27 21:51:43,309 [WARN] ConditionMgr:1039 - genDependencies : Invalid condition id : UX DEVICE CLASS RTOS Condition cause : null
2024-07-27 21:51:43,338 [WARN] PackLoader:240 - Cannot read IP mode file for STMicroelectronics.FP-SNS-STBOX1.2.0.0
2024-07-27 21:51:43,366 [WARN] PackLoader:240 - Cannot read IP mode file for STMicroelectronics.X-CUBE-SUBG2.5.0.0
2024-07-27 21:51:43,404 [WARN] PackLoader:240 - Cannot read IP mode file for STMicroelectronics.X-CUBE-AZRTOS-G4.2.0.0
2024-07-27 21:51:43,423 [WARN] PackLoader:240 - Cannot read IP mode file for STMicroelectronics.X-CUBE-ISPU.2.0.0
2024-07-27 21:51:43,440 [WARN] PackLoader:240 - Cannot read IP mode file for STMicroelectronics.X-CUBE-ALS.1.0.2
2024-07-27 21:51:43,499 [WARN] PackLoader:240 - Cannot read IP mode file for STMicroelectronics.X-CUBE-MEMS1.10.0.0
2024-07-27 21:51:43,636 [WARN] PackLoader:240 - Cannot read IP mode file for STMicroelectronics.X-CUBE-TOUCHGFX.4.24.0
2024-07-27 21:51:43,655 [WARN] PackLoader:240 - Cannot read IP mode file for portGmbH.I-Cube-SoM-uGOAL.1.1.0
2024-07-27 21:51:43,672 [WARN] PackLoader:240 - Cannot read IP mode file for STMicroelectronics.X-CUBE-ALS.1.0.1
2024-07-27 21:51:43,706 [WARN] PackLoader:240 - Cannot read IP mode file for STMicroelectronics.X-CUBE-AZRTOS-H7RS.1.0.0
2024-07-27 21:51:43,727 [WARN] PackLoader:240 - Cannot read IP mode file for STMicroelectronics.FP-ATR-ASTRA1.2.0.0
2024-07-27 21:51:43,758 [WARN] PackLoader:240 - Cannot read IP mode file for STMicroelectronics.X-CUBE-TOF1.3.4.1
2024-07-27 21:51:43,808 [WARN] PackLoader:240 - Cannot read IP mode file for STMicroelectronics.X-CUBE-AZRTOS-H7.3.2.0
2024-07-27 21:51:43,840 [WARN] PackLoader:240 - Cannot read IP mode file for Infineon.AIROC-Wi-Fi-Bluetooth-STM32.1.6.0
2024-07-27 21:51:43,858 [WARN] PackLoader:240 - Cannot read IP mode file for wolfSSL.I-CUBE-wolfSSH.1.4.17
2024-07-27 21:51:43,858 [INFO] ThirdParty:978 - Integrity check success = true
2024-07-27 21:51:43,858 [INFO] IntegrityCheckThread:100 - exiting critical section [integrity check]
2024-07-27 21:51:43,859 [INFO] IntegrityCheckThread:103 - End integrity checks thread
2024-07-27 21:51:44,610 [INFO] WebApp:161 - Instantiating new browser for Auth
2024-07-27 21:51:45,258 [INFO] WebApp:779 - Register for checkConnection events
2024-07-27 21:51:45,258 [INFO] WebApp:414 - Apply proxy settings
2024-07-27 21:51:45,258 [INFO] WebApp:499 - Chromium requires no authentication
2024-07-27 21:51:45,265 [INFO] WebApp:442 - Direct internet connection detected
2024-07-27 21:51:45,462 [INFO] WebApp:192 - Starting web application
2024-07-27 21:51:45,462 [INFO] WebApp:544 - Web application path used C:\ST\STM32CubeIDE_1.15.1\STM32CubeIDE\plugins\com.st.stm32cube.common.mx_6.11.1.202404110753\db\plugins\mcufinder\reactClient1\index.html
2024-07-27 22:02:43,449 [ERROR] LogOutputStream:75 - [STDERR_REDIRECT] 
2024-07-27 22:02:43,449 [ERROR] LogOutputStream:75 - [STDERR_REDIRECT] 
