2024-07-17 15:00:10,622 [INFO] Activator:176 - 


2024-07-17 15:00:10,634 [INFO] Activator:177 - !SESSION log4j initialized
2024-07-17 15:00:26,264 [INFO] LogOutputStream:77 - [STDOUT_REDIRECT] 
2024-07-17 15:00:31,233 [INFO] ApplicationProperties:184 - Using Application install path: C:\ST\STM32CubeIDE_1.15.1\STM32CubeIDE\plugins\com.st.stm32cube.common.mx_6.11.1.202404110753
2024-07-17 15:00:31,301 [INFO] DbMcusXml:78 - Set database path to: C:\ST\STM32CubeIDE_1.15.1\STM32CubeIDE\plugins\com.st.stm32cube.common.mx_6.11.1.202404110753\\db\/mcu/
2024-07-17 15:00:31,301 [INFO] ApiDb:274 - Set plugin database path to: C:\ST\STM32CubeIDE_1.15.1\STM32CubeIDE\plugins\com.st.stm32cube.common.mx_6.11.1.202404110753\\db\/plugins/boardmanager/
2024-07-17 15:00:31,302 [WARN] ApiDb:259 - Overriding images path with different value:  => C:\ST\STM32CubeIDE_1.15.1\STM32CubeIDE\plugins\com.st.stm32cube.common.mx_6.11.1.202404110753\\db\/plugins/mcufinder/images/
2024-07-17 15:00:31,320 [INFO] ApiDb:250 - Set database path to: C:\Users\Matheus Markies\.stmcufinder\plugins\mcufinder//mcu/
2024-07-17 15:00:31,322 [INFO] DbMcusAds:125 - Set database path to: C:\Users\Matheus Markies\.stmcufinder\plugins\mcufinder//mcu/
2024-07-17 15:00:31,326 [INFO] CrossReferenceDbSqlite:203 - Set database path to: C:\Users\Matheus Markies\.stmcufinder\plugins\mcufinder//mcu/cs/
2024-07-17 15:00:31,631 [INFO] RulesReader:64 - Compatibility file has been processed (297 Rules)
2024-07-17 15:00:31,912 [INFO] DbMcusXml:78 - Set database path to: C:\ST\STM32CubeIDE_1.15.1\STM32CubeIDE\plugins\com.st.stm32cube.common.mx_6.11.1.202404110753\\db\/mcu/
2024-07-17 15:00:31,913 [INFO] ApiDb:274 - Set plugin database path to: C:\ST\STM32CubeIDE_1.15.1\STM32CubeIDE\plugins\com.st.stm32cube.common.mx_6.11.1.202404110753\\db\/plugins/boardmanager/
2024-07-17 15:00:31,913 [INFO] ApiDb:261 - Set plugin images path to: C:\ST\STM32CubeIDE_1.15.1\STM32CubeIDE\plugins\com.st.stm32cube.common.mx_6.11.1.202404110753\\db\/plugins/mcufinder/images/
2024-07-17 15:00:31,913 [WARN] DbFile:41 - Overriding database path with different value: C:\Users\Matheus Markies\.stmcufinder\plugins\mcufinder/ => C:\Users\Matheus Markies\.stmcufinder\plugins\mcufinder
2024-07-17 15:00:31,913 [INFO] ApiDb:250 - Set database path to: C:\Users\Matheus Markies\.stmcufinder\plugins\mcufinder//mcu/
2024-07-17 15:00:31,914 [WARN] DbFile:41 - Overriding database path with different value: C:\Users\Matheus Markies\.stmcufinder\plugins\mcufinder/ => C:\Users\Matheus Markies\.stmcufinder\plugins\mcufinder
2024-07-17 15:00:31,914 [INFO] DbMcusAds:125 - Set database path to: C:\Users\Matheus Markies\.stmcufinder\plugins\mcufinder//mcu/
2024-07-17 15:00:31,914 [WARN] DbFile:41 - Overriding database path with different value: C:\Users\Matheus Markies\.stmcufinder\plugins\mcufinder/ => C:\Users\Matheus Markies\.stmcufinder\plugins\mcufinder
2024-07-17 15:00:31,914 [WARN] DbFile:41 - Overriding database path with different value: C:\Users\Matheus Markies\.stmcufinder\plugins\mcufinder/ => C:\Users\Matheus Markies\.stmcufinder\plugins\mcufinder
2024-07-17 15:00:31,914 [INFO] CrossReferenceDbSqlite:203 - Set database path to: C:\Users\Matheus Markies\.stmcufinder\plugins\mcufinder//mcu/cs/
2024-07-17 15:00:32,296 [INFO] MainPanel:264 - HeapMemory: 268435456
2024-07-17 15:00:32,526 [INFO] DbMcusXml:78 - Set database path to: C:\ST\STM32CubeIDE_1.15.1\STM32CubeIDE\plugins\com.st.stm32cube.common.mx_6.11.1.202404110753\\db\/mcu/
2024-07-17 15:00:32,526 [INFO] ApiDb:274 - Set plugin database path to: C:\ST\STM32CubeIDE_1.15.1\STM32CubeIDE\plugins\com.st.stm32cube.common.mx_6.11.1.202404110753\\db\/plugins/boardmanager/
2024-07-17 15:00:32,527 [INFO] ApiDb:261 - Set plugin images path to: C:\ST\STM32CubeIDE_1.15.1\STM32CubeIDE\plugins\com.st.stm32cube.common.mx_6.11.1.202404110753\\db\/plugins/mcufinder/images/
2024-07-17 15:00:32,527 [WARN] DbFile:41 - Overriding database path with different value: C:\Users\Matheus Markies\.stmcufinder\plugins\mcufinder/ => C:\Users\Matheus Markies\.stmcufinder\plugins\mcufinder
2024-07-17 15:00:32,527 [INFO] ApiDb:250 - Set database path to: C:\Users\Matheus Markies\.stmcufinder\plugins\mcufinder//mcu/
2024-07-17 15:00:32,527 [WARN] DbFile:41 - Overriding database path with different value: C:\Users\Matheus Markies\.stmcufinder\plugins\mcufinder/ => C:\Users\Matheus Markies\.stmcufinder\plugins\mcufinder
2024-07-17 15:00:32,527 [INFO] DbMcusAds:125 - Set database path to: C:\Users\Matheus Markies\.stmcufinder\plugins\mcufinder//mcu/
2024-07-17 15:00:32,536 [WARN] DbFile:41 - Overriding database path with different value: C:\Users\Matheus Markies\.stmcufinder\plugins\mcufinder/ => C:\Users\Matheus Markies\.stmcufinder\plugins\mcufinder
2024-07-17 15:00:32,536 [WARN] DbFile:41 - Overriding database path with different value: C:\Users\Matheus Markies\.stmcufinder\plugins\mcufinder/ => C:\Users\Matheus Markies\.stmcufinder\plugins\mcufinder
2024-07-17 15:00:32,536 [INFO] CrossReferenceDbSqlite:203 - Set database path to: C:\Users\Matheus Markies\.stmcufinder\plugins\mcufinder//mcu/cs/
2024-07-17 15:00:32,568 [INFO] ApplicationProperties:184 - Using Application install path: C:\ST\STM32CubeIDE_1.15.1\STM32CubeIDE\plugins\com.st.stm32cube.common.mx_6.11.1.202404110753
2024-07-17 15:00:32,571 [INFO] PluginManage:196 - Search for loadable plugins [exclusion list=, ]
2024-07-17 15:00:32,573 [INFO] PluginManage:310 - Check plugin analytics
2024-07-17 15:00:32,862 [INFO] AnalyticsPlugin:253 - Accepted Software Licenses: 
2024-07-17 15:00:32,863 [INFO] AnalyticsPlugin:255 - Accepted CMSIS Pack Licenses: 
2024-07-17 15:00:32,863 [INFO] AnalyticsPlugin:257 - Accepted Firmware Licenses: FW.F4.1.28.0
2024-07-17 15:00:32,867 [INFO] PluginManage:359 - Loaded plugin analytics (category:tool,tabindex:-1)
2024-07-17 15:00:32,867 [INFO] PluginManage:310 - Check plugin cadmodel
2024-07-17 15:00:32,953 [INFO] CADModel:105 - Init CAD model plugin
2024-07-17 15:00:32,953 [INFO] PluginManage:359 - Loaded plugin cadmodel (category:power,tabindex:5)
2024-07-17 15:00:32,953 [INFO] PluginManage:310 - Check plugin clock
2024-07-17 15:00:32,993 [INFO] PluginManage:359 - Loaded plugin clock (category:base,tabindex:2)
2024-07-17 15:00:32,994 [INFO] PluginManage:310 - Check plugin ddr
2024-07-17 15:00:32,998 [INFO] PluginManage:359 - Loaded plugin ddr (category:tool,tabindex:6)
2024-07-17 15:00:32,998 [INFO] PluginManage:310 - Check plugin filemanager
2024-07-17 15:00:33,244 [INFO] PluginManage:359 - Loaded plugin filemanager (category:base,tabindex:10)
2024-07-17 15:00:33,245 [INFO] PluginManage:310 - Check plugin ipmanager
2024-07-17 15:00:33,256 [INFO] PluginManage:359 - Loaded plugin ipmanager (category:base,tabindex:5)
2024-07-17 15:00:33,256 [INFO] PluginManage:310 - Check plugin lpbam
2024-07-17 15:00:33,289 [INFO] PluginManage:359 - Loaded plugin lpbam (category:base,tabindex:0)
2024-07-17 15:00:33,289 [INFO] PluginManage:310 - Check plugin memorymap
2024-07-17 15:00:33,336 [INFO] PluginManage:359 - Loaded plugin memorymap (category:base,tabindex:4)
2024-07-17 15:00:33,336 [INFO] PluginManage:310 - Check plugin pinoutandconfiguration
2024-07-17 15:00:33,364 [INFO] PluginManage:359 - Loaded plugin pinoutandconfiguration (category:base,tabindex:1)
2024-07-17 15:00:33,364 [INFO] PluginManage:310 - Check plugin pinoutconfig
2024-07-17 15:00:33,531 [WARN] SupportedApi:132 - Cannot load RTOS API schema: s4s-elt-must-match.1: The content of 'definitions' must match (annotation?, (simpleType | complexType)?, (unique | key | keyref)*)). A problem was found starting at: attribute.
2024-07-17 15:00:33,777 [INFO] PluginManage:359 - Loaded plugin pinoutconfig (category:base,tabindex:0)
2024-07-17 15:00:33,777 [INFO] PluginManage:310 - Check plugin power
2024-07-17 15:00:33,964 [INFO] PluginManage:359 - Loaded plugin power (category:power,tabindex:4)
2024-07-17 15:00:33,964 [INFO] PluginManage:310 - Check plugin projectmanager
2024-07-17 15:00:34,066 [INFO] PluginManage:359 - Loaded plugin projectmanager (category:projectmanager,tabindex:3)
2024-07-17 15:00:34,067 [INFO] PluginManage:310 - Check plugin thirdparty
2024-07-17 15:00:34,619 [INFO] PluginManage:359 - Loaded plugin thirdparty (category:base,tabindex:-1)
2024-07-17 15:00:34,619 [WARN] IntegrityCheckThread:84 - waiting for thirdparty lock release [integrity check]
2024-07-17 15:00:34,619 [INFO] PluginManage:310 - Check plugin tools
2024-07-17 15:00:34,619 [INFO] IntegrityCheckThread:86 - entering critical section [integrity check]
2024-07-17 15:00:34,620 [INFO] ThirdPartyUpdaterWithRetryManager:70 - Updater plugin not ready yet. [1/15]
2024-07-17 15:00:34,667 [INFO] PluginManage:359 - Loaded plugin tools (category:base,tabindex:7)
2024-07-17 15:00:34,667 [INFO] PluginManage:310 - Check plugin tutovideos
2024-07-17 15:00:34,942 [INFO] PluginManage:359 - Loaded plugin tutovideos (category:base,tabindex:-1)
2024-07-17 15:00:34,942 [INFO] PluginManage:310 - Check plugin updater
2024-07-17 15:00:34,979 [INFO] PluginManage:359 - Loaded plugin updater (category:base,tabindex:12)
2024-07-17 15:00:34,979 [INFO] PluginManage:310 - Check plugin userauth
2024-07-17 15:00:34,988 [INFO] UserAuth:114 - Init User Auth plugin
2024-07-17 15:00:34,988 [INFO] PluginManage:359 - Loaded plugin userauth (category:base,tabindex:14)
2024-07-17 15:00:34,988 [INFO] PluginManage:283 - PluginManage : Loaded plugins [17]
2024-07-17 15:00:35,344 [INFO] PinOutPanel:1561 - setPackage(No Configuration,No Configuration)
2024-07-17 15:00:35,477 [INFO] CADModel:165 - CPN selected for project level
2024-07-17 15:00:35,478 [INFO] CADModel:114 - Register for checkConnection events
2024-07-17 15:00:35,527 [INFO] IPUIPlugin:80 - create IPUIPlugin
2024-07-17 15:00:35,527 [INFO] PluginManager:220 - loadIPPluginJar : add adc
2024-07-17 15:00:35,595 [INFO] IPUIPlugin:80 - create IPUIPlugin
2024-07-17 15:00:35,596 [INFO] PluginManager:220 - loadIPPluginJar : add aes
2024-07-17 15:00:35,652 [INFO] IPUIPlugin:80 - create IPUIPlugin
2024-07-17 15:00:35,652 [INFO] PluginManager:220 - loadIPPluginJar : add can
2024-07-17 15:00:35,686 [INFO] IPUIPlugin:80 - create IPUIPlugin
2024-07-17 15:00:35,686 [INFO] PluginManager:220 - loadIPPluginJar : add comp
2024-07-17 15:00:35,738 [INFO] IPUIPlugin:80 - create IPUIPlugin
2024-07-17 15:00:35,738 [INFO] PluginManager:220 - loadIPPluginJar : add cryp
2024-07-17 15:00:35,782 [INFO] IPUIPlugin:80 - create IPUIPlugin
2024-07-17 15:00:35,782 [INFO] PluginManager:220 - loadIPPluginJar : add dfsdm
2024-07-17 15:00:35,800 [INFO] IPUIPlugin:80 - create IPUIPlugin
2024-07-17 15:00:35,800 [INFO] PluginManager:220 - loadIPPluginJar : add dma
2024-07-17 15:00:35,888 [INFO] IPUIPlugin:80 - create IPUIPlugin
2024-07-17 15:00:35,889 [INFO] PluginManager:220 - loadIPPluginJar : add dma3
2024-07-17 15:00:36,018 [INFO] IPUIPlugin:80 - create IPUIPlugin
2024-07-17 15:00:36,018 [INFO] PluginManager:220 - loadIPPluginJar : add extmemmanager
2024-07-17 15:00:36,065 [INFO] IPUIPlugin:80 - create IPUIPlugin
2024-07-17 15:00:36,065 [INFO] PluginManager:220 - loadIPPluginJar : add fatfs
2024-07-17 15:00:36,236 [INFO] IPUIPlugin:80 - create IPUIPlugin
2024-07-17 15:00:36,237 [INFO] PluginManager:220 - loadIPPluginJar : add fmc
2024-07-17 15:00:36,258 [INFO] IPUIPlugin:80 - create IPUIPlugin
2024-07-17 15:00:36,259 [INFO] PluginManager:220 - loadIPPluginJar : add freertos
2024-07-17 15:00:36,312 [INFO] IPUIPlugin:80 - create IPUIPlugin
2024-07-17 15:00:36,312 [INFO] PluginManager:220 - loadIPPluginJar : add genericplugin
2024-07-17 15:00:36,481 [INFO] IPUIPlugin:80 - create IPUIPlugin
2024-07-17 15:00:36,481 [INFO] PluginManager:220 - loadIPPluginJar : add gfxmmu
2024-07-17 15:00:37,213 [INFO] IPUIPlugin:80 - create IPUIPlugin
2024-07-17 15:00:37,214 [INFO] PluginManager:220 - loadIPPluginJar : add gic
2024-07-17 15:00:37,253 [INFO] IPUIPlugin:80 - create IPUIPlugin
2024-07-17 15:00:37,253 [INFO] PluginManager:220 - loadIPPluginJar : add gpio
2024-07-17 15:00:37,396 [INFO] IPUIPlugin:80 - create IPUIPlugin
2024-07-17 15:00:37,397 [INFO] PluginManager:220 - loadIPPluginJar : add gtzc
2024-07-17 15:00:37,450 [INFO] IPUIPlugin:80 - create IPUIPlugin
2024-07-17 15:00:37,450 [INFO] PluginManager:220 - loadIPPluginJar : add hash
2024-07-17 15:00:37,519 [INFO] IPUIPlugin:80 - create IPUIPlugin
2024-07-17 15:00:37,519 [INFO] PluginManager:220 - loadIPPluginJar : add i2c
2024-07-17 15:00:37,572 [INFO] IPUIPlugin:80 - create IPUIPlugin
2024-07-17 15:00:37,573 [INFO] PluginManager:220 - loadIPPluginJar : add i2s
2024-07-17 15:00:37,622 [INFO] ThirdPartyUpdaterWithRetryManager:70 - Updater plugin not ready yet. [2/15]
2024-07-17 15:00:37,638 [INFO] IPUIPlugin:80 - create IPUIPlugin
2024-07-17 15:00:37,638 [INFO] PluginManager:220 - loadIPPluginJar : add i3c
2024-07-17 15:00:37,783 [INFO] IPUIPlugin:80 - create IPUIPlugin
2024-07-17 15:00:37,783 [INFO] PluginManager:220 - loadIPPluginJar : add ipddr
2024-07-17 15:00:37,912 [INFO] IPUIPlugin:80 - create IPUIPlugin
2024-07-17 15:00:37,912 [INFO] PluginManager:220 - loadIPPluginJar : add linkedlist
2024-07-17 15:00:37,958 [INFO] IPUIPlugin:80 - create IPUIPlugin
2024-07-17 15:00:37,958 [INFO] PluginManager:220 - loadIPPluginJar : add lorawan
2024-07-17 15:00:38,013 [INFO] IPUIPlugin:80 - create IPUIPlugin
2024-07-17 15:00:38,013 [INFO] PluginManager:220 - loadIPPluginJar : add ltdc
2024-07-17 15:00:38,033 [INFO] IPUIPlugin:80 - create IPUIPlugin
2024-07-17 15:00:38,033 [INFO] PluginManager:220 - loadIPPluginJar : add mdma
2024-07-17 15:00:38,053 [INFO] IPUIPlugin:80 - create IPUIPlugin
2024-07-17 15:00:38,053 [INFO] PluginManager:220 - loadIPPluginJar : add nvic
2024-07-17 15:00:38,227 [INFO] IPUIPlugin:80 - create IPUIPlugin
2024-07-17 15:00:38,227 [INFO] PluginManager:220 - loadIPPluginJar : add opamp
2024-07-17 15:00:38,320 [INFO] IPUIPlugin:80 - create IPUIPlugin
2024-07-17 15:00:38,320 [INFO] PluginManager:220 - loadIPPluginJar : add openamp
2024-07-17 15:00:38,409 [INFO] IPUIPlugin:80 - create IPUIPlugin
2024-07-17 15:00:38,409 [INFO] PluginManager:220 - loadIPPluginJar : add pdm2pcm
2024-07-17 15:00:38,428 [INFO] IPUIPlugin:80 - create IPUIPlugin
2024-07-17 15:00:38,431 [INFO] PluginManager:220 - loadIPPluginJar : add plateformsettings
2024-07-17 15:00:38,460 [INFO] IPUIPlugin:80 - create IPUIPlugin
2024-07-17 15:00:38,460 [INFO] PluginManager:220 - loadIPPluginJar : add quadspi
2024-07-17 15:00:38,479 [INFO] IPUIPlugin:80 - create IPUIPlugin
2024-07-17 15:00:38,480 [INFO] PluginManager:220 - loadIPPluginJar : add resmgrutility
2024-07-17 15:00:38,553 [INFO] IPUIPlugin:80 - create IPUIPlugin
2024-07-17 15:00:38,553 [INFO] PluginManager:220 - loadIPPluginJar : add sai
2024-07-17 15:00:38,607 [INFO] IPUIPlugin:80 - create IPUIPlugin
2024-07-17 15:00:38,607 [INFO] PluginManager:220 - loadIPPluginJar : add spi
2024-07-17 15:00:38,694 [INFO] IPUIPlugin:80 - create IPUIPlugin
2024-07-17 15:00:38,694 [INFO] PluginManager:220 - loadIPPluginJar : add stm32_wpan
2024-07-17 15:00:38,729 [INFO] IPUIPlugin:80 - create IPUIPlugin
2024-07-17 15:00:38,729 [INFO] PluginManager:220 - loadIPPluginJar : add tim
2024-07-17 15:00:38,812 [INFO] IPUIPlugin:80 - create IPUIPlugin
2024-07-17 15:00:38,812 [INFO] PluginManager:220 - loadIPPluginJar : add touchsensing
2024-07-17 15:00:38,841 [INFO] IPUIPlugin:80 - create IPUIPlugin
2024-07-17 15:00:38,842 [INFO] PluginManager:220 - loadIPPluginJar : add tracer_emb
2024-07-17 15:00:38,878 [INFO] IPUIPlugin:80 - create IPUIPlugin
2024-07-17 15:00:38,878 [INFO] PluginManager:220 - loadIPPluginJar : add ts
2024-07-17 15:00:38,911 [INFO] IPUIPlugin:80 - create IPUIPlugin
2024-07-17 15:00:38,911 [INFO] PluginManager:220 - loadIPPluginJar : add tsc
2024-07-17 15:00:38,939 [INFO] IPUIPlugin:80 - create IPUIPlugin
2024-07-17 15:00:38,940 [INFO] PluginManager:220 - loadIPPluginJar : add ucpd
2024-07-17 15:00:39,002 [INFO] IPUIPlugin:80 - create IPUIPlugin
2024-07-17 15:00:39,002 [INFO] PluginManager:220 - loadIPPluginJar : add usart
2024-07-17 15:00:39,058 [INFO] IPUIPlugin:80 - create IPUIPlugin
2024-07-17 15:00:39,058 [INFO] PluginManager:220 - loadIPPluginJar : add usbx
2024-07-17 15:00:39,233 [INFO] CADModel:165 - CPN selected for project level
2024-07-17 15:00:39,233 [INFO] CADModel:114 - Register for checkConnection events
2024-07-17 15:00:39,233 [FATAL] Updater:308 - Updater called before beeing initialized
2024-07-17 15:00:39,234 [ERROR] CADModel:125 - Updater not yet initialized, retry later 
2024-07-17 15:00:39,847 [INFO] CADModel:165 - CPN selected for project level
2024-07-17 15:00:39,848 [INFO] CADModel:114 - Register for checkConnection events
2024-07-17 15:00:39,848 [FATAL] Updater:308 - Updater called before beeing initialized
2024-07-17 15:00:39,848 [ERROR] CADModel:125 - Updater not yet initialized, retry later 
2024-07-17 15:00:39,855 [FATAL] Updater:308 - Updater called before beeing initialized
2024-07-17 15:00:40,207 [FATAL] Updater:308 - Updater called before beeing initialized
2024-07-17 15:00:40,250 [INFO] DbMcusAds:53 - JSON generation date=Thu May 16 06:22:01 BRT 2024 (1715851321109)
2024-07-17 15:00:40,250 [FATAL] Updater:308 - Updater called before beeing initialized
2024-07-17 15:00:40,403 [WARN] DetailPanel:346 - Failed to get advertising image, set to default
2024-07-17 15:00:40,532 [FATAL] Updater:308 - Updater called before beeing initialized
2024-07-17 15:00:40,536 [FATAL] Updater:308 - Updater called before beeing initialized
2024-07-17 15:00:40,536 [FATAL] Updater:308 - Updater called before beeing initialized
2024-07-17 15:00:40,536 [WARN] DetailPanel:346 - Failed to get advertising image, set to default
2024-07-17 15:00:40,537 [FATAL] Updater:308 - Updater called before beeing initialized
2024-07-17 15:00:40,617 [ERROR] Updater:1120 - MainUpdater not yet initialized. External WinMGr cannot be set.
2024-07-17 15:00:40,622 [INFO] ThirdPartyUpdaterWithRetryManager:70 - Updater plugin not ready yet. [3/15]
2024-07-17 15:00:40,634 [INFO] Updater:1056 - Updater Version found : 6.11.1
2024-07-17 15:00:40,664 [INFO] ApplicationProperties:184 - Using Application install path: C:\ST\STM32CubeIDE_1.15.1\STM32CubeIDE\plugins\com.st.stm32cube.common.mx_6.11.1.202404110753
2024-07-17 15:00:42,245 [ERROR] LogOutputStream:75 - [STDERR_REDIRECT] Jul 17, 2024 3:00:42 PM java.util.prefs.WindowsPreferences <init>
2024-07-17 15:00:42,248 [ERROR] LogOutputStream:75 - [STDERR_REDIRECT] WARNING: Could not open/create prefs root node Software\JavaSoft\Prefs at root 0xffffffff80000002. Windows RegCreateKeyEx(...) returned error code 5.
2024-07-17 15:00:42,248 [ERROR] LogOutputStream:75 - [STDERR_REDIRECT] 
2024-07-17 15:00:42,659 [INFO] MainUpdater:2873 - connection check result : 10
2024-07-17 15:00:42,660 [INFO] MainUpdater:290 - Updater Check For Update Now.
2024-07-17 15:00:42,660 [INFO] MicroXplorer:498 - Change Database Version : DB.6.0.111
2024-07-17 15:00:42,791 [INFO] McuFinderGlobals:63 - Set McuFinder mode to 2 (CubeIDE integrated)
2024-07-17 15:00:42,829 [INFO] UserAuth:415 - Internet connection configuration mode: 1
2024-07-17 15:00:42,903 [INFO] JxBrowserEngine:152 - Initiate JxBrowser Engine with user profile folder
2024-07-17 15:00:42,964 [INFO] CheckServerUpdateThread:120 - End of CheckServer Thread
2024-07-17 15:00:43,926 [WARN] PackLoader:240 - Cannot read IP mode file for STMicroelectronics.FP-SNS-MOTENVWB1.1.4.0
2024-07-17 15:00:43,949 [WARN] PackLoader:240 - Cannot read IP mode file for STMicroelectronics.X-CUBE-SMBUS.2.1.0
2024-07-17 15:00:43,976 [WARN] PackLoader:240 - Cannot read IP mode file for STMicroelectronics.X-CUBE-TOUCHGFX.4.23.2
2024-07-17 15:00:44,070 [WARN] PackLoader:240 - Cannot read IP mode file for STMicroelectronics.X-CUBE-AZRTOS-F7.1.1.0
2024-07-17 15:00:44,277 [WARN] PackLoader:240 - Cannot read IP mode file for STMicroelectronics.FP-SNS-FLIGHT1.5.0.2
2024-07-17 15:00:44,455 [WARN] PackLoader:240 - Cannot read IP mode file for STMicroelectronics.X-CUBE-DISPLAY.3.0.0
2024-07-17 15:00:44,596 [WARN] PackLoader:240 - Cannot read IP mode file for STMicroelectronics.X-CUBE-BLE1.7.0.0
2024-07-17 15:00:44,622 [WARN] PackLoader:240 - Cannot read IP mode file for emotas.I-CUBE-CANOPEN.1.3.0
2024-07-17 15:00:44,647 [WARN] PackLoader:240 - Cannot read IP mode file for STMicroelectronics.X-CUBE-BLEMGR.3.1.0
2024-07-17 15:00:44,670 [WARN] PackLoader:240 - Cannot read IP mode file for STMicroelectronics.FP-SNS-SMARTAG2.1.2.0
2024-07-17 15:00:44,696 [INFO] LogOutputStream:77 - [STDOUT_REDIRECT] 1 : Invalid condition id : UX_CORESTACK_Condition cause : null
2024-07-17 15:00:44,697 [INFO] LogOutputStream:77 - [STDOUT_REDIRECT] 1 : Invalid condition id : UX_CORESTACK_Condition cause : null
2024-07-17 15:00:44,698 [INFO] LogOutputStream:77 - [STDOUT_REDIRECT] 1 : Invalid condition id : UX_CORESTACK_Condition cause : null
2024-07-17 15:00:44,700 [INFO] LogOutputStream:77 - [STDOUT_REDIRECT] 1 : Invalid condition id : UX_CORESTACK_Condition cause : null
2024-07-17 15:00:44,701 [INFO] LogOutputStream:77 - [STDOUT_REDIRECT] 1 : Invalid condition id : UX_CORESTACK_Condition cause : null
2024-07-17 15:00:44,705 [WARN] PackLoader:240 - Cannot read IP mode file for STMicroelectronics.X-CUBE-AZRTOS-WL.2.0.0
2024-07-17 15:00:44,723 [WARN] PackLoader:240 - Cannot read IP mode file for STMicroelectronics.FP-SNS-MOTENV1.5.0.0
2024-07-17 15:00:44,744 [WARN] PackLoader:240 - Cannot read IP mode file for wolfSSL.I-CUBE-wolfMQTT.1.19.0
2024-07-17 15:00:44,764 [WARN] PackLoader:240 - Cannot read IP mode file for WES.I-CUBE-Cesium.1.3.0
2024-07-17 15:00:44,806 [WARN] PackLoader:240 - Cannot read IP mode file for STMicroelectronics.X-CUBE-BLE2.3.3.0
2024-07-17 15:00:44,831 [WARN] PackLoader:240 - Cannot read IP mode file for STMicroelectronics.X-CUBE-TCPP.4.1.0
2024-07-17 15:00:44,903 [WARN] PackLoader:240 - Cannot read IP mode file for STMicroelectronics.X-CUBE-AZRTOS-G0.1.1.0
2024-07-17 15:00:44,979 [WARN] PackLoader:240 - Cannot read IP mode file for STMicroelectronics.X-CUBE-SAFEA1.1.2.2
2024-07-17 15:00:45,020 [WARN] PackLoader:240 - Cannot read IP mode file for STMicroelectronics.X-CUBE-NFC4.3.0.0
2024-07-17 15:00:45,039 [WARN] PackLoader:240 - Cannot read IP mode file for wolfSSL.I-CUBE-wolfMQTT.1.18.0
2024-07-17 15:00:45,060 [WARN] PackLoader:240 - Cannot read IP mode file for EmbeddedOffice.I-CUBE-FS-RTOS.1.0.1
2024-07-17 15:00:45,061 [ERROR] ConditionMgr:805 - Attr not supported : Dmpu
2024-07-17 15:00:45,061 [ERROR] ConditionMgr:805 - Attr not supported : Dmpu
2024-07-17 15:00:45,061 [ERROR] ConditionMgr:805 - Attr not supported : Dmpu
2024-07-17 15:00:45,061 [ERROR] ConditionMgr:805 - Attr not supported : Dmpu
2024-07-17 15:00:45,061 [ERROR] ConditionMgr:805 - Attr not supported : Dmpu
2024-07-17 15:00:45,061 [ERROR] ConditionMgr:805 - Attr not supported : Dmpu
2024-07-17 15:00:45,061 [ERROR] ConditionMgr:805 - Attr not supported : Dmpu
2024-07-17 15:00:45,061 [ERROR] ConditionMgr:805 - Attr not supported : Dmpu
2024-07-17 15:00:45,062 [ERROR] ConditionMgr:805 - Attr not supported : Dmpu
2024-07-17 15:00:45,062 [ERROR] ConditionMgr:805 - Attr not supported : Dmpu
2024-07-17 15:00:45,062 [ERROR] ConditionMgr:805 - Attr not supported : Dmpu
2024-07-17 15:00:45,062 [ERROR] ConditionMgr:805 - Attr not supported : Dmpu
2024-07-17 15:00:45,062 [ERROR] ConditionMgr:805 - Attr not supported : Dmpu
2024-07-17 15:00:45,062 [ERROR] ConditionMgr:805 - Attr not supported : Dmpu
2024-07-17 15:00:45,062 [ERROR] ConditionMgr:805 - Attr not supported : Dmpu
2024-07-17 15:00:45,062 [ERROR] ConditionMgr:805 - Attr not supported : Dmpu
2024-07-17 15:00:45,062 [ERROR] ConditionMgr:805 - Attr not supported : Dmpu
2024-07-17 15:00:45,062 [ERROR] ConditionMgr:805 - Attr not supported : Dmpu
2024-07-17 15:00:45,062 [ERROR] ConditionMgr:805 - Attr not supported : Dmpu
2024-07-17 15:00:45,063 [ERROR] ConditionMgr:805 - Attr not supported : Dmpu
2024-07-17 15:00:45,063 [ERROR] ConditionMgr:805 - Attr not supported : Dmpu
2024-07-17 15:00:45,063 [ERROR] ConditionMgr:805 - Attr not supported : Dmpu
2024-07-17 15:00:45,063 [ERROR] ConditionMgr:805 - Attr not supported : Dmpu
2024-07-17 15:00:45,063 [ERROR] ConditionMgr:805 - Attr not supported : Dmpu
2024-07-17 15:00:45,063 [ERROR] ConditionMgr:805 - Attr not supported : Dmpu
2024-07-17 15:00:45,063 [ERROR] ConditionMgr:805 - Attr not supported : Dmpu
2024-07-17 15:00:45,063 [ERROR] ConditionMgr:805 - Attr not supported : Dmpu
2024-07-17 15:00:45,063 [ERROR] ConditionMgr:805 - Attr not supported : Dmpu
2024-07-17 15:00:45,063 [ERROR] ConditionMgr:805 - Attr not supported : Dmpu
2024-07-17 15:00:45,063 [ERROR] ConditionMgr:805 - Attr not supported : Dmpu
2024-07-17 15:00:45,064 [ERROR] ConditionMgr:805 - Attr not supported : Dmpu
2024-07-17 15:00:45,064 [ERROR] ConditionMgr:805 - Attr not supported : Dmpu
2024-07-17 15:00:45,064 [ERROR] ConditionMgr:805 - Attr not supported : Dmpu
2024-07-17 15:00:45,064 [ERROR] ConditionMgr:805 - Attr not supported : Dmpu
2024-07-17 15:00:45,064 [ERROR] ConditionMgr:805 - Attr not supported : Dmpu
2024-07-17 15:00:45,064 [ERROR] ConditionMgr:805 - Attr not supported : Dmpu
2024-07-17 15:00:45,064 [ERROR] ConditionMgr:805 - Attr not supported : Dmpu
2024-07-17 15:00:45,064 [ERROR] ConditionMgr:805 - Attr not supported : Dmpu
2024-07-17 15:00:45,065 [ERROR] ConditionMgr:805 - Attr not supported : Dmpu
2024-07-17 15:00:45,065 [ERROR] ConditionMgr:805 - Attr not supported : Dmpu
2024-07-17 15:00:45,065 [ERROR] ConditionMgr:805 - Attr not supported : Dmpu
2024-07-17 15:00:45,065 [ERROR] ConditionMgr:805 - Attr not supported : Dmpu
2024-07-17 15:00:45,065 [ERROR] ConditionMgr:805 - Attr not supported : Dmpu
2024-07-17 15:00:45,065 [ERROR] ConditionMgr:805 - Attr not supported : Dmpu
2024-07-17 15:00:45,065 [ERROR] ConditionMgr:805 - Attr not supported : Dmpu
2024-07-17 15:00:45,065 [ERROR] ConditionMgr:805 - Attr not supported : Dmpu
2024-07-17 15:00:45,065 [ERROR] ConditionMgr:805 - Attr not supported : Dmpu
2024-07-17 15:00:45,065 [ERROR] ConditionMgr:805 - Attr not supported : Dmpu
2024-07-17 15:00:45,065 [ERROR] ConditionMgr:805 - Attr not supported : Dmpu
2024-07-17 15:00:45,066 [ERROR] ConditionMgr:805 - Attr not supported : Dmpu
2024-07-17 15:00:45,066 [ERROR] ConditionMgr:805 - Attr not supported : Dmpu
2024-07-17 15:00:45,066 [ERROR] ConditionMgr:805 - Attr not supported : Dmpu
2024-07-17 15:00:45,066 [ERROR] ConditionMgr:805 - Attr not supported : Dmpu
2024-07-17 15:00:45,066 [ERROR] ConditionMgr:805 - Attr not supported : Dmpu
2024-07-17 15:00:45,066 [ERROR] ConditionMgr:805 - Attr not supported : Dmpu
2024-07-17 15:00:45,066 [ERROR] ConditionMgr:805 - Attr not supported : Dmpu
2024-07-17 15:00:45,066 [ERROR] ConditionMgr:805 - Attr not supported : Dmpu
2024-07-17 15:00:45,066 [ERROR] ConditionMgr:805 - Attr not supported : Dmpu
2024-07-17 15:00:45,066 [ERROR] ConditionMgr:805 - Attr not supported : Dmpu
2024-07-17 15:00:45,066 [ERROR] ConditionMgr:805 - Attr not supported : Dmpu
2024-07-17 15:00:45,066 [ERROR] ConditionMgr:805 - Attr not supported : Dmpu
2024-07-17 15:00:45,067 [ERROR] ConditionMgr:805 - Attr not supported : Dmpu
2024-07-17 15:00:45,067 [ERROR] ConditionMgr:805 - Attr not supported : Dmpu
2024-07-17 15:00:45,067 [ERROR] ConditionMgr:805 - Attr not supported : Dmpu
2024-07-17 15:00:45,085 [WARN] PackLoader:240 - Cannot read IP mode file for RealThread.X-CUBE-RT-Thread_Nano.4.1.1
2024-07-17 15:00:45,101 [WARN] PackLoader:240 - Cannot read IP mode file for wolfSSL.I-CUBE-wolfSSL.5.7.0
2024-07-17 15:00:45,117 [WARN] PackLoader:240 - Cannot read IP mode file for STMicroelectronics.FP-ATR-SIGFOX1.3.2.0
2024-07-17 15:00:45,159 [WARN] PackLoader:240 - Cannot read IP mode file for STMicroelectronics.X-CUBE-EEPRMA1.5.1.0
2024-07-17 15:00:45,181 [WARN] PackLoader:240 - Cannot read IP mode file for ITTIA_DB.I-CUBE-ITTIADB.8.9.0
2024-07-17 15:00:45,229 [WARN] PackLoader:240 - Cannot read IP mode file for SEGGER.I-CUBE-embOS.1.3.1
2024-07-17 15:00:45,316 [WARN] PackLoader:240 - Cannot read IP mode file for STMicroelectronics.X-CUBE-ALGOBUILD.1.4.0
2024-07-17 15:00:45,350 [WARN] PackLoader:240 - Cannot read IP mode file for STMicroelectronics.X-CUBE-GNSS1.6.0.0
2024-07-17 15:00:45,404 [WARN] PackLoader:240 - Cannot read IP mode file for STMicroelectronics.X-CUBE-AZRTOS-F4.1.1.0
2024-07-17 15:00:45,494 [WARN] PackLoader:240 - Cannot read IP mode file for STMicroelectronics.X-CUBE-FREERTOS.1.2.0
2024-07-17 15:00:45,566 [WARN] PackLoader:240 - Cannot read IP mode file for STMicroelectronics.X-CUBE-AZRTOS-L5.2.0.0
2024-07-17 15:00:45,608 [WARN] PackLoader:240 - Cannot read IP mode file for STMicroelectronics.X-CUBE-NFC6.3.1.0
2024-07-17 15:00:45,629 [WARN] PackLoader:240 - Cannot read IP mode file for STMicroelectronics.X-CUBE-DPower.1.2.0
2024-07-17 15:00:45,654 [WARN] PackLoader:240 - Cannot read IP mode file for STMicroelectronics.X-CUBE-AI.9.0.0
2024-07-17 15:00:45,688 [WARN] PackLoader:240 - Cannot read IP mode file for STMicroelectronics.X-CUBE-NFC7.1.0.1
2024-07-17 15:00:45,729 [WARN] PackLoader:240 - Cannot read IP mode file for wolfSSL.I-CUBE-wolfTPM.3.2.0
2024-07-17 15:00:45,808 [WARN] ConditionMgr:438 - getConditionDescription Invalid condition id : LAN8742 Phy interface Condition cause : null
2024-07-17 15:00:45,808 [WARN] PackLoader:240 - Cannot read IP mode file for STMicroelectronics.X-CUBE-AZRTOS-L4.2.0.0
2024-07-17 15:00:45,810 [WARN] ConditionMgr:1039 - genDependencies : Invalid condition id : LAN8742 Phy interface Condition cause : null
2024-07-17 15:00:45,811 [WARN] ConditionMgr:1039 - genDependencies : Invalid condition id : LAN8742 Phy interface Condition cause : null
2024-07-17 15:00:45,811 [WARN] ConditionMgr:1039 - genDependencies : Invalid condition id : LAN8742 Phy interface Condition cause : null
2024-07-17 15:00:45,832 [WARN] PackLoader:240 - Cannot read IP mode file for STMicroelectronics.X-CUBE-SFXS2LP1.4.0.0
2024-07-17 15:00:45,868 [WARN] ConditionMgr:438 - getConditionDescription Invalid condition id : UX DEVICE CLASS RTOS Condition cause : null
2024-07-17 15:00:45,868 [WARN] ConditionMgr:438 - getConditionDescription Invalid condition id : UX DEVICE CLASS RTOS Condition cause : null
2024-07-17 15:00:45,870 [WARN] PackLoader:240 - Cannot read IP mode file for STMicroelectronics.X-CUBE-AZRTOS-WB.2.0.0
2024-07-17 15:00:45,871 [WARN] ConditionMgr:1039 - genDependencies : Invalid condition id : UX DEVICE CLASS RTOS Condition cause : null
2024-07-17 15:00:45,871 [WARN] ConditionMgr:1039 - genDependencies : Invalid condition id : UX DEVICE CLASS RTOS Condition cause : null
2024-07-17 15:00:45,871 [WARN] ConditionMgr:1039 - genDependencies : Invalid condition id : UX DEVICE CLASS RTOS Condition cause : null
2024-07-17 15:00:45,872 [WARN] ConditionMgr:1039 - genDependencies : Invalid condition id : UX DEVICE CLASS RTOS Condition cause : null
2024-07-17 15:00:45,872 [WARN] ConditionMgr:1039 - genDependencies : Invalid condition id : UX DEVICE CLASS RTOS Condition cause : null
2024-07-17 15:00:45,897 [WARN] PackLoader:240 - Cannot read IP mode file for STMicroelectronics.X-CUBE-SUBG2.5.0.0
2024-07-17 15:00:45,943 [WARN] PackLoader:240 - Cannot read IP mode file for STMicroelectronics.X-CUBE-AZRTOS-G4.2.0.0
2024-07-17 15:00:46,008 [WARN] PackLoader:240 - Cannot read IP mode file for STMicroelectronics.X-CUBE-ISPU.2.0.0
2024-07-17 15:00:46,023 [WARN] PackLoader:240 - Cannot read IP mode file for STMicroelectronics.X-CUBE-ALS.1.0.2
2024-07-17 15:00:46,118 [WARN] PackLoader:240 - Cannot read IP mode file for STMicroelectronics.X-CUBE-MEMS1.10.0.0
2024-07-17 15:00:46,439 [WARN] PackLoader:240 - Cannot read IP mode file for STMicroelectronics.X-CUBE-TOUCHGFX.4.24.0
2024-07-17 15:00:46,545 [WARN] PackLoader:240 - Cannot read IP mode file for portGmbH.I-Cube-SoM-uGOAL.1.1.0
2024-07-17 15:00:46,620 [WARN] PackLoader:240 - Cannot read IP mode file for STMicroelectronics.X-CUBE-ALS.1.0.1
2024-07-17 15:00:46,664 [WARN] PackLoader:240 - Cannot read IP mode file for STMicroelectronics.X-CUBE-AZRTOS-H7RS.1.0.0
2024-07-17 15:00:46,763 [WARN] PackLoader:240 - Cannot read IP mode file for STMicroelectronics.FP-ATR-ASTRA1.2.0.0
2024-07-17 15:00:46,802 [WARN] PackLoader:240 - Cannot read IP mode file for STMicroelectronics.X-CUBE-TOF1.3.4.1
2024-07-17 15:00:46,944 [WARN] PackLoader:240 - Cannot read IP mode file for STMicroelectronics.X-CUBE-AZRTOS-H7.3.2.0
2024-07-17 15:00:47,050 [WARN] PackLoader:240 - Cannot read IP mode file for Infineon.AIROC-Wi-Fi-Bluetooth-STM32.1.6.0
2024-07-17 15:00:47,071 [WARN] PackLoader:240 - Cannot read IP mode file for wolfSSL.I-CUBE-wolfSSH.1.4.17
2024-07-17 15:00:47,072 [INFO] ThirdParty:978 - Integrity check success = true
2024-07-17 15:00:47,072 [INFO] IntegrityCheckThread:100 - exiting critical section [integrity check]
2024-07-17 15:00:47,072 [INFO] IntegrityCheckThread:103 - End integrity checks thread
2024-07-17 15:00:52,689 [INFO] WebApp:161 - Instantiating new browser for Auth
2024-07-17 15:00:54,195 [INFO] WebApp:779 - Register for checkConnection events
2024-07-17 15:00:54,196 [INFO] WebApp:414 - Apply proxy settings
2024-07-17 15:00:54,196 [INFO] WebApp:499 - Chromium requires no authentication
2024-07-17 15:00:54,220 [INFO] WebApp:442 - Direct internet connection detected
2024-07-17 15:00:54,622 [INFO] WebApp:192 - Starting web application
2024-07-17 15:00:54,622 [INFO] WebApp:544 - Web application path used C:\ST\STM32CubeIDE_1.15.1\STM32CubeIDE\plugins\com.st.stm32cube.common.mx_6.11.1.202404110753\db\plugins\mcufinder\reactClient1\index.html
2024-07-17 15:06:19,111 [INFO] McuFinderGlobals:63 - Set McuFinder mode to 2 (CubeIDE integrated)
2024-07-17 15:06:19,161 [INFO] MainUpdater:2873 - connection check result : 10
2024-07-17 15:06:19,175 [INFO] MainUpdater:2873 - connection check result : 10
2024-07-17 15:06:19,418 [INFO] MicroXplorer:468 - Change Database Path : 
2024-07-17 15:06:19,419 [INFO] MicroXplorer:498 - Change Database Version : DB.6.0.111
2024-07-17 15:06:19,425 [WARN] ThirdParty:871 - waiting for thirdparty lock release [close project]
2024-07-17 15:06:19,425 [INFO] ThirdParty:873 - entering critical section [close project]
2024-07-17 15:06:19,426 [INFO] ThirdParty:883 - exiting critical section [close project]
2024-07-17 15:06:19,428 [INFO] PinOutPanel:1561 - setPackage(No Configuration,No Configuration)
2024-07-17 15:06:19,432 [INFO] UtilMem:75 - Begin LoadConfig() Used Memory: 713120744 Bytes (1073741824)
2024-07-17 15:06:19,433 [INFO] MicroXplorer:468 - Change Database Path : 
2024-07-17 15:06:19,433 [INFO] MicroXplorer:498 - Change Database Version : DB.6.0.111
2024-07-17 15:06:19,433 [INFO] OpenFileManager:312 - Change cursor
2024-07-17 15:06:19,488 [INFO] Mcu:2021 - Initializing MCU STM32L053C(6-8)Tx STM32L053C8Tx STM32L053C8T6
2024-07-17 15:06:21,815 [INFO] Context:663 - Trying to add GPIOservice into a context  which must be forbidden
2024-07-17 15:06:22,413 [INFO] RtosManager:555 - Registered RTOS mode: class=CMSIS, group=RTOS, mode=CMSIS_V1, owner=FREERTOS
2024-07-17 15:06:22,413 [INFO] RtosManager:555 - Registered RTOS mode: class=CMSIS, group=RTOS2, mode=CMSIS_V2, owner=FREERTOS
2024-07-17 15:06:22,414 [INFO] RtosManager:555 - Registered RTOS mode: class=RTOS, group=Core, mode=CMSIS_V1, owner=FREERTOS
2024-07-17 15:06:22,414 [INFO] RtosManager:555 - Registered RTOS mode: class=RTOS, group=Core, mode=CMSIS_V2, owner=FREERTOS
2024-07-17 15:06:22,414 [WARN] ModelIntegratedComponent:184 - Missing modes for component STMicroelectronics:FreeRTOS:0.0.1:STMicroelectronics:RTOS:FreeRTOS:Core:::10.2.0:
2024-07-17 15:06:22,431 [WARN] ModelIntegratedComponent:63 - No mode defined for component null
2024-07-17 15:06:22,431 [WARN] ModelIntegratedComponent:63 - No mode defined for component null
2024-07-17 15:06:22,432 [WARN] ModelIntegratedComponent:63 - No mode defined for component null
2024-07-17 15:06:22,432 [WARN] ModelIntegratedComponent:63 - No mode defined for component null
2024-07-17 15:06:22,432 [WARN] ModelIntegratedComponent:63 - No mode defined for component null
2024-07-17 15:06:22,432 [WARN] ModelIntegratedComponent:63 - No mode defined for component null
2024-07-17 15:06:22,432 [WARN] ModelIntegratedComponent:63 - No mode defined for component null
2024-07-17 15:06:22,432 [WARN] ModelIntegratedComponent:63 - No mode defined for component null
2024-07-17 15:06:22,432 [WARN] ModelIntegratedComponent:63 - No mode defined for component null
2024-07-17 15:06:22,432 [WARN] ModelIntegratedComponent:63 - No mode defined for component null
2024-07-17 15:06:22,432 [WARN] ModelIntegratedComponent:63 - No mode defined for component null
2024-07-17 15:06:22,432 [WARN] ModelIntegratedComponent:63 - No mode defined for component null
2024-07-17 15:06:22,433 [WARN] ModelIntegratedComponent:63 - No mode defined for component null
2024-07-17 15:06:22,433 [WARN] ModelIntegratedComponent:63 - No mode defined for component null
2024-07-17 15:06:22,433 [WARN] ModelIntegratedComponent:63 - No mode defined for component null
2024-07-17 15:06:22,433 [WARN] ModelIntegratedComponent:63 - No mode defined for component null
2024-07-17 15:06:22,433 [WARN] ModelIntegratedComponent:63 - No mode defined for component null
2024-07-17 15:06:22,433 [WARN] ModelIntegratedComponent:63 - No mode defined for component null
2024-07-17 15:06:22,433 [WARN] ModelIntegratedComponent:63 - No mode defined for component null
2024-07-17 15:06:22,433 [WARN] ModelIntegratedComponent:63 - No mode defined for component null
2024-07-17 15:06:22,433 [WARN] ModelIntegratedComponent:63 - No mode defined for component null
2024-07-17 15:06:22,433 [WARN] ModelIntegratedComponent:63 - No mode defined for component null
2024-07-17 15:06:22,433 [WARN] ModelIntegratedComponent:63 - No mode defined for component null
2024-07-17 15:06:22,434 [WARN] ModelIntegratedComponent:63 - No mode defined for component null
2024-07-17 15:06:22,434 [WARN] ModelIntegratedComponent:63 - No mode defined for component null
2024-07-17 15:06:22,434 [WARN] ModelIntegratedComponent:63 - No mode defined for component null
2024-07-17 15:06:22,434 [WARN] ModelIntegratedComponent:63 - No mode defined for component null
2024-07-17 15:06:22,434 [WARN] ModelIntegratedComponent:63 - No mode defined for component null
2024-07-17 15:06:22,434 [WARN] ModelIntegratedComponent:63 - No mode defined for component null
2024-07-17 15:06:22,434 [WARN] ModelIntegratedComponent:63 - No mode defined for component null
2024-07-17 15:06:22,434 [WARN] ModelIntegratedComponent:63 - No mode defined for component null
2024-07-17 15:06:22,434 [WARN] ModelIntegratedComponent:63 - No mode defined for component null
2024-07-17 15:06:22,434 [WARN] ModelIntegratedComponent:63 - No mode defined for component null
2024-07-17 15:06:22,434 [WARN] ModelIntegratedComponent:63 - No mode defined for component null
2024-07-17 15:06:22,594 [INFO] ThirdPartyModel:298 - Start build external matchings
2024-07-17 15:06:22,941 [INFO] ThirdPartyModel:316 - End build external matchings
2024-07-17 15:06:22,963 [INFO] ImportTextPane:194 - (OptionalMessage_ERROR) IP (RCC) : Invalid parameter (FamilyName)
2024-07-17 15:06:22,967 [INFO] ImportTextPane:194 - (OptionalMessage_ERROR) IP (RCC) : Parameter (RTCHSEDivFreq_Value) has invalid value (12500000)
2024-07-17 15:06:22,968 [INFO] ImportTextPane:194 - (OptionalMessage_ERROR) IP (RCC) : Invalid parameter (TIMFreq_Value)
2024-07-17 15:06:23,519 [INFO] ApiDb:581 - Connected to CubeFinder SQLite database (C:\Users\Matheus Markies\.stmcufinder\plugins\mcufinder\mcu\cube-finder-db.db)
2024-07-17 15:06:23,752 [INFO] ApiDb:668 - CubeFinder database Data Model version=2.1
2024-07-17 15:06:23,752 [INFO] ApiDb:669 - CubeFinder database Configuration version=3.0.39
2024-07-17 15:06:23,752 [INFO] ApiDb:670 - CubeFinder database generation date=2024-06-20 (1718880634)
2024-07-17 15:06:23,752 [INFO] ApiDb:671 - CubeFinder database FW Pack versions=[FP-ATR-ASTRA1_V2.0.0, FP-SNS-FLIGHT1_V5.0.2, FP-SNS-MOTENV1_V5.0.0, FP-SNS-MOTENVWB1_V1.4.0, FP-SNS-SMARTAG2_V1.2.0, STM32Cube_FW_C0_V1.2.0, STM32Cube_FW_F4_V1.28.0, STM32Cube_FW_F7_V1.17.2, STM32Cube_FW_G0_V1.6.2, STM32Cube_FW_G4_V1.6.0, STM32Cube_FW_H5_V1.3.0, STM32Cube_FW_H7RS_V1.1.0, STM32Cube_FW_H7_V1.11.2, STM32Cube_FW_L0_V1.12.2, STM32Cube_FW_L5_V1.5.1, STM32Cube_FW_U0_V1.1.0, STM32Cube_FW_U5_V1.6.0, STM32Cube_FW_WB0_V1.0.0, STM32Cube_FW_WBA_V1.4.0, STM32Cube_FW_WB_V1.20.0, STM32Cube_FW_WL_V1.3.0, X-CUBE-ALGOBUILD_V1.4.0, X-CUBE-ALS_V1.0.2, X-CUBE-AZRTOS-F4_V1.1.0, X-CUBE-AZRTOS-F7_V1.1.0, X-CUBE-AZRTOS-G0_V1.1.0, X-CUBE-AZRTOS-G4_V2.0.0, X-CUBE-AZRTOS-H7RS_V1.0.0, X-CUBE-AZRTOS-H7_V3.2.0, X-CUBE-AZRTOS-L4_V2.0.0, X-CUBE-AZRTOS-L5_V1.1.0, X-CUBE-AZRTOS-WB_V2.0.0, X-CUBE-AZRTOS-WL_V2.0.0, X-CUBE-BLE1_V7.0.0, X-CUBE-BLE2_V3.3.0, X-CUBE-BLEMGR_V3.1.0, X-CUBE-EEPRMA1_V5.1.0, X-CUBE-FREERTOS_V1.2.0, X-CUBE-GNSS1_V6.0.0, X-CUBE-MEMS1_V10.0.0, X-CUBE-NFC4_V3.0.0, X-CUBE-NFC7_V1.0.1, X-CUBE-SFXS2LP1_V4.0.0, X-CUBE-SUBG2_V5.0.0, X-CUBE-TOF1_V3.4.1]
2024-07-17 15:06:24,089 [INFO] DbBoardsSqlite:226 - include board P-NUCLEO-WB55-NUCLEO as a kit item of type 'Nucleo-64'
2024-07-17 15:06:24,090 [INFO] DbBoardsSqlite:226 - include board P-NUCLEO-WB55-USBDONGLE as a kit item of type 'Nucleo USB Dongle'
2024-07-17 15:06:24,092 [INFO] DbBoardsSqlite:226 - include board STEVAL-IDP005V1 as a kit item of type 'Evaluation Board'
2024-07-17 15:06:24,093 [INFO] DbBoardsSqlite:226 - include board STEVAL-IDP005V2 as a kit item of type 'Evaluation Board'
2024-07-17 15:06:25,861 [INFO] ApiDb:240 - Found 483 in-development CPN: [B-G473E-ZEST1S, B-WB1M-WPAN1, B-WL5M-SUBG1, NUCLEO-C031C6, NUCLEO-H503RB, NUCLEO-H533RE, NUCLEO-H563ZI, NUCLEO-H7S3L8, NUCLEO-U031R8, NUCLEO-U083RC, NUCLEO-U545RE-Q, NUCLEO-U5A5ZJ-Q, NUCLEO-WBA52CG, NUCLEO-WBA55CG, STEVAL-PROTEUS1, STEVAL-SMARTAG2, STEVAL-STWINBX1, STM320518-EVAL, STM32C0116-DK, STM32C011D6Y3TR, STM32C011D6Y6TR, STM32C011F4P3, STM32C011F4P6, STM32C011F4U3, STM32C011F4U6TR, STM32C011F6P3, STM32C011F6P6, STM32C011F6U3, STM32C011F6U6TR, STM32C011J4M3, STM32C011J4M6, STM32C011J6M3, STM32C011J6M6, STM32C0316-DK, STM32C031C4T3, STM32C031C4T6, STM32C031C4U3, STM32C031C4U6, STM32C031C6T3, STM32C031C6T6, STM32C031C6U3, STM32C031C6U6, STM32C031F4P3, STM32C031F4P6, STM32C031F6P3, STM32C031F6P6, STM32C031G4U3, STM32C031G4U6, STM32C031G6U3, STM32C031G6U6, STM32C031K4T3, STM32C031K4T6, STM32C031K4U3, STM32C031K4U6, STM32C031K6T3, STM32C031K6T6, STM32C031K6U3, STM32C031K6U6, STM32G071K8TXN, STM32G071K8UXN, STM32G081GBU6N, STM32G081KBT6N, STM32G081KBUXN, STM32G0B1CCT6N, STM32G0B1KCT6, STM32G0B1NEY6TR, STM32G0B1RCT6N, STM32G0C1CCT6, STM32G0C1CCT6N, STM32G0C1CCU6N, STM32G0C1CET6N, STM32G0C1CEU6N, STM32G0C1KCT6, STM32G0C1NEY6TR, STM32G0C1RCI6N, STM32G0C1RCT6N, STM32G0C1REI6N, STM32G0C1RET6N, STM32G0C1VCI6, STM32G0C1VEI6, STM32G471CCT6, STM32G471CCU6, STM32G471CET3, STM32G471CET6, STM32G471CEU3, STM32G471CEU6, STM32G471MCT6, STM32G471MET3, STM32G471MET6, STM32G471MEY6TR, STM32G471QCT6, STM32G471QET3, STM32G471RCT6, STM32G471RET3, STM32G471RET6, STM32G471VCH6, STM32G471VCI6, STM32G471VCT6, STM32G471VEH3, STM32G471VEH6, STM32G471VEI3, STM32G471VEI6, STM32G471VET3, STM32G471VET6, STM32G474CCT6, STM32H503CBT6, STM32H503CBU6, STM32H503EBY6TR, STM32H503KBU6, STM32H503RBT6, STM32H523CCT6, STM32H523CCU6, STM32H523CET6, STM32H523CEU6, STM32H523HEY6TR, STM32H523RCT6, STM32H523RET6, STM32H523VCI6, STM32H523VCT6, STM32H523VEI6, STM32H523VET6, STM32H523ZCJ6, STM32H523ZCT6, STM32H523ZEJ6, STM32H523ZET6, STM32H533CET6, STM32H533CEU6, STM32H533HEY6TR, STM32H533RET6, STM32H533VEI6, STM32H533VET6, STM32H533ZEJ6, STM32H533ZET6, STM32H562AGI6, STM32H562AII6, STM32H562IGK6, STM32H562IGT6, STM32H562IIK6, STM32H562IIT6, STM32H562RGT6, STM32H562RGV6, STM32H562RIT6, STM32H562RIV6, STM32H562VGT6, STM32H562VIT6, STM32H562ZGT6, STM32H562ZIT6, STM32H563AGI6, STM32H563AII3Q, STM32H563AII6, STM32H563IGK6, STM32H563IGT6, STM32H563IIK3Q, STM32H563IIK6, STM32H563IIT3Q, STM32H563IIT6, STM32H563MIY3QTR, STM32H563RGT6, STM32H563RGV6, STM32H563RIT6, STM32H563RIV6, STM32H563VGT6, STM32H563VIT3Q, STM32H563VIT6, STM32H563ZGT6, STM32H563ZIT3Q, STM32H563ZIT6, STM32H573AII3Q, STM32H573AII6, STM32H573I-DK, STM32H573IIK3Q, STM32H573IIK6, STM32H573IIT3Q, STM32H573IIT6, STM32H573MIY3QTR, STM32H573RIT6, STM32H573RIV6, STM32H573VIT3Q, STM32H573VIT6, STM32H573ZIT3Q, STM32H573ZIT6, STM32H7R3A8I6, STM32H7R3I8K6, STM32H7R3I8T6, STM32H7R3L8H6, STM32H7R3L8H6H, STM32H7R3R8V6, STM32H7R3V8H6, STM32H7R3V8T6, STM32H7R3V8Y6, STM32H7R3Z8J6, STM32H7R3Z8T6, STM32H7R7A8I6, STM32H7R7I8K6, STM32H7R7I8T6, STM32H7R7L8H6, STM32H7R7L8H6H, STM32H7R7Z8J6, STM32H7S3A8I6, STM32H7S3I8K6, STM32H7S3I8T6, STM32H7S3L8H6, STM32H7S3L8H6H, STM32H7S3R8V6, STM32H7S3V8H6, STM32H7S3V8T6, STM32H7S3V8Y6, STM32H7S3Z8J6, STM32H7S3Z8T6, STM32H7S78-DK, STM32H7S7A8I6, STM32H7S7I8K6, STM32H7S7I8T6, STM32H7S7L8H6, STM32H7S7L8H6H, STM32H7S7Z8J6, STM32L4R5QGI6STR, STM32MP131AAE3, STM32MP131AAF3, STM32MP131AAG3, STM32MP131CAE3, STM32MP131CAF3, STM32MP131CAG3, STM32MP131DAE7, STM32MP131DAF7, STM32MP131DAG7, STM32MP131FAE7, STM32MP131FAF7, STM32MP131FAG7, STM32MP133AAE3, STM32MP133AAF3, STM32MP133AAG3, STM32MP133CAE3, STM32MP133CAF3, STM32MP133CAG3, STM32MP133DAE7, STM32MP133DAF7, STM32MP133DAG7, STM32MP133FAE7, STM32MP133FAF7, STM32MP133FAG7, STM32MP135AAE3, STM32MP135AAF3, STM32MP135AAG3, STM32MP135CAE3, STM32MP135CAF3, STM32MP135CAG3, STM32MP135DAE7, STM32MP135DAF7, STM32MP135DAG7, STM32MP135F-DK, STM32MP135FAE7, STM32MP135FAF7, STM32MP135FAF7T, STM32MP135FAF7U, STM32MP135FAG7, STM32U031C6T6, STM32U031C6U6, STM32U031C8T6, STM32U031C8U6, STM32U031F4P6, STM32U031F6P6, STM32U031F8P6, STM32U031G6Y6TR, STM32U031G8Y6TR, STM32U031K4U6, STM32U031K6U6, STM32U031K8U6, STM32U031R6I6, STM32U031R6T6, STM32U031R8I6, STM32U031R8T6, STM32U073C8T6, STM32U073C8U6, STM32U073CBT6, STM32U073CBU6, STM32U073CCT6, STM32U073CCU6, STM32U073H8Y6TR, STM32U073HBY6TR, STM32U073HCY6TR, STM32U073K8U6, STM32U073KBU6, STM32U073KCU6, STM32U073M8I6, STM32U073M8T6, STM32U073MBI6, STM32U073MBT6, STM32U073MCI6, STM32U073MCT6, STM32U073R8I6, STM32U073R8T6, STM32U073RBI6, STM32U073RBT6, STM32U073RCI6, STM32U073RCT6, STM32U083C-DK, STM32U083CCT6, STM32U083CCU6, STM32U083HCY6TR, STM32U083KCU6, STM32U083MCI6, STM32U083MCT6, STM32U083RCI6, STM32U083RCT6, STM32U535CBT6, STM32U535CBT6Q, STM32U535CBU6, STM32U535CBU6Q, STM32U535CCT6, STM32U535CCT6Q, STM32U535CCU6, STM32U535CCU6Q, STM32U535CET6, STM32U535CET6Q, STM32U535CEU6, STM32U535CEU6Q, STM32U535JEY6QTR, STM32U535NCY6QTR, STM32U535NEY6QTR, STM32U535RBI6, STM32U535RBI6Q, STM32U535RBT6, STM32U535RBT6Q, STM32U535RCI6, STM32U535RCI6Q, STM32U535RCT6, STM32U535RCT6Q, STM32U535REI6, STM32U535REI6Q, STM32U535RET6, STM32U535RET6Q, STM32U535VCI6, STM32U535VCI6Q, STM32U535VCT6, STM32U535VCT6Q, STM32U535VEI6, STM32U535VEI6Q, STM32U535VET6, STM32U535VET6Q, STM32U545CET6, STM32U545CET6Q, STM32U545CEU6, STM32U545CEU6Q, STM32U545JEY6QTR, STM32U545NEY6QTR, STM32U545REI6, STM32U545REI6Q, STM32U545RET6, STM32U545RET6Q, STM32U545VEI6, STM32U545VEI6Q, STM32U545VET6, STM32U545VET6Q, STM32U595AIH6, STM32U595AIH6Q, STM32U595AJH6, STM32U595AJH6Q, STM32U595QII6, STM32U595QII6Q, STM32U595QJI6, STM32U595QJI6Q, STM32U595RIT6, STM32U595RIT6Q, STM32U595RJT6, STM32U595RJT6Q, STM32U595VIT6, STM32U595VIT6Q, STM32U595VJT6, STM32U595VJT6Q, STM32U595ZIT6, STM32U595ZIT6Q, STM32U595ZIY6QTR, STM32U595ZJT6, STM32U595ZJT6Q, STM32U595ZJY6QTR, STM32U599BJY6QTR, STM32U599NIH6Q, STM32U599NJH6Q, STM32U599VIT6Q, STM32U599VJT6, STM32U599VJT6Q, STM32U599ZIT6Q, STM32U599ZIY6QTR, STM32U599ZJT6Q, STM32U599ZJY6QTR, STM32U5A5AJH6, STM32U5A5AJH6Q, STM32U5A5QII3Q , STM32U5A5QJI6, STM32U5A5QJI6Q, STM32U5A5RJT6, STM32U5A5RJT6Q, STM32U5A5VJT6, STM32U5A5VJT6Q, STM32U5A5ZJT6, STM32U5A5ZJT6Q, STM32U5A5ZJY6QTR, STM32U5A9BJY6QTR, STM32U5A9J-DK, STM32U5A9NJH6Q, STM32U5A9VJT6Q, STM32U5A9ZJT6Q, STM32U5A9ZJY6QTR, STM32U5F7VIT6, STM32U5F7VIT6Q, STM32U5F7VJT6, STM32U5F7VJT6Q, STM32U5F9BJY6QTR, STM32U5F9NJH6Q, STM32U5F9VIT6Q, STM32U5F9VJT6Q, STM32U5F9ZIJ6QTR, STM32U5F9ZIT6Q, STM32U5F9ZJJ6QTR, STM32U5F9ZJT6Q, STM32U5G7VJT6, STM32U5G7VJT6Q, STM32U5G9BJY6QTR, STM32U5G9J-DK1, STM32U5G9J-DK2, STM32U5G9NJH6Q, STM32U5G9VJT6Q, STM32U5G9ZJJ6QTR, STM32U5G9ZJT6Q, STM32WB1MMCH6, STM32WBA50KEU6, STM32WBA50KEU6TR, STM32WBA50KGU6, STM32WBA50KGU6TR, STM32WBA52CEU6, STM32WBA52CEU6TR, STM32WBA52CEU7, STM32WBA52CEU7TR, STM32WBA52CGU6, STM32WBA52CGU6TR, STM32WBA52CGU6U, STM32WBA52CGU7, STM32WBA52CGU7TR, STM32WBA52KEU6, STM32WBA52KEU6TR, STM32WBA52KGU6, STM32WBA52KGU6TR, STM32WBA54CEU6, STM32WBA54CEU6TR, STM32WBA54CEU7, STM32WBA54CEU7TR, STM32WBA54CGU6, STM32WBA54CGU6TR, STM32WBA54CGU7, STM32WBA54CGU7TR, STM32WBA54KEU6, STM32WBA54KEU6TR, STM32WBA54KEU7, STM32WBA54KEU7TR, STM32WBA54KGU6, STM32WBA54KGU6TR, STM32WBA54KGU7, STM32WBA54KGU7TR, STM32WBA55CEU6, STM32WBA55CEU6TR, STM32WBA55CEU7, STM32WBA55CEU7TR, STM32WBA55CGU6, STM32WBA55CGU6TR, STM32WBA55CGU6U, STM32WBA55CGU7, STM32WBA55CGU7TR, STM32WBA55G-DK1, STM32WBA55HEF6, STM32WBA55HEF7, STM32WBA55HGF6, STM32WBA55HGF7, STM32WBA55UEI6, STM32WBA55UEI6TR, STM32WBA55UEI7, STM32WBA55UEI7TR, STM32WBA55UGI6, STM32WBA55UGI6TR, STM32WBA55UGI7, STM32WBA55UGI7TR, STM32WL5MOCH6, STM32WL5MOCH6TR]
2024-07-17 15:06:25,865 [INFO] ApiDb:668 - CubeFinder database Data Model version=2.1
2024-07-17 15:06:25,865 [INFO] ApiDb:669 - CubeFinder database Configuration version=3.0.39
2024-07-17 15:06:25,865 [INFO] ApiDb:670 - CubeFinder database generation date=2024-06-20 (1718880634)
2024-07-17 15:06:25,865 [INFO] ApiDb:671 - CubeFinder database FW Pack versions=[FP-ATR-ASTRA1_V2.0.0, FP-SNS-FLIGHT1_V5.0.2, FP-SNS-MOTENV1_V5.0.0, FP-SNS-MOTENVWB1_V1.4.0, FP-SNS-SMARTAG2_V1.2.0, STM32Cube_FW_C0_V1.2.0, STM32Cube_FW_F4_V1.28.0, STM32Cube_FW_F7_V1.17.2, STM32Cube_FW_G0_V1.6.2, STM32Cube_FW_G4_V1.6.0, STM32Cube_FW_H5_V1.3.0, STM32Cube_FW_H7RS_V1.1.0, STM32Cube_FW_H7_V1.11.2, STM32Cube_FW_L0_V1.12.2, STM32Cube_FW_L5_V1.5.1, STM32Cube_FW_U0_V1.1.0, STM32Cube_FW_U5_V1.6.0, STM32Cube_FW_WB0_V1.0.0, STM32Cube_FW_WBA_V1.4.0, STM32Cube_FW_WB_V1.20.0, STM32Cube_FW_WL_V1.3.0, X-CUBE-ALGOBUILD_V1.4.0, X-CUBE-ALS_V1.0.2, X-CUBE-AZRTOS-F4_V1.1.0, X-CUBE-AZRTOS-F7_V1.1.0, X-CUBE-AZRTOS-G0_V1.1.0, X-CUBE-AZRTOS-G4_V2.0.0, X-CUBE-AZRTOS-H7RS_V1.0.0, X-CUBE-AZRTOS-H7_V3.2.0, X-CUBE-AZRTOS-L4_V2.0.0, X-CUBE-AZRTOS-L5_V1.1.0, X-CUBE-AZRTOS-WB_V2.0.0, X-CUBE-AZRTOS-WL_V2.0.0, X-CUBE-BLE1_V7.0.0, X-CUBE-BLE2_V3.3.0, X-CUBE-BLEMGR_V3.1.0, X-CUBE-EEPRMA1_V5.1.0, X-CUBE-FREERTOS_V1.2.0, X-CUBE-GNSS1_V6.0.0, X-CUBE-MEMS1_V10.0.0, X-CUBE-NFC4_V3.0.0, X-CUBE-NFC7_V1.0.1, X-CUBE-SFXS2LP1_V4.0.0, X-CUBE-SUBG2_V5.0.0, X-CUBE-TOF1_V3.4.1]
2024-07-17 15:06:28,140 [INFO] ApiDb:240 - Found 483 in-development CPN: [B-G473E-ZEST1S, B-WB1M-WPAN1, B-WL5M-SUBG1, NUCLEO-C031C6, NUCLEO-H503RB, NUCLEO-H533RE, NUCLEO-H563ZI, NUCLEO-H7S3L8, NUCLEO-U031R8, NUCLEO-U083RC, NUCLEO-U545RE-Q, NUCLEO-U5A5ZJ-Q, NUCLEO-WBA52CG, NUCLEO-WBA55CG, STEVAL-PROTEUS1, STEVAL-SMARTAG2, STEVAL-STWINBX1, STM320518-EVAL, STM32C0116-DK, STM32C011D6Y3TR, STM32C011D6Y6TR, STM32C011F4P3, STM32C011F4P6, STM32C011F4U3, STM32C011F4U6TR, STM32C011F6P3, STM32C011F6P6, STM32C011F6U3, STM32C011F6U6TR, STM32C011J4M3, STM32C011J4M6, STM32C011J6M3, STM32C011J6M6, STM32C0316-DK, STM32C031C4T3, STM32C031C4T6, STM32C031C4U3, STM32C031C4U6, STM32C031C6T3, STM32C031C6T6, STM32C031C6U3, STM32C031C6U6, STM32C031F4P3, STM32C031F4P6, STM32C031F6P3, STM32C031F6P6, STM32C031G4U3, STM32C031G4U6, STM32C031G6U3, STM32C031G6U6, STM32C031K4T3, STM32C031K4T6, STM32C031K4U3, STM32C031K4U6, STM32C031K6T3, STM32C031K6T6, STM32C031K6U3, STM32C031K6U6, STM32G071K8TXN, STM32G071K8UXN, STM32G081GBU6N, STM32G081KBT6N, STM32G081KBUXN, STM32G0B1CCT6N, STM32G0B1KCT6, STM32G0B1NEY6TR, STM32G0B1RCT6N, STM32G0C1CCT6, STM32G0C1CCT6N, STM32G0C1CCU6N, STM32G0C1CET6N, STM32G0C1CEU6N, STM32G0C1KCT6, STM32G0C1NEY6TR, STM32G0C1RCI6N, STM32G0C1RCT6N, STM32G0C1REI6N, STM32G0C1RET6N, STM32G0C1VCI6, STM32G0C1VEI6, STM32G471CCT6, STM32G471CCU6, STM32G471CET3, STM32G471CET6, STM32G471CEU3, STM32G471CEU6, STM32G471MCT6, STM32G471MET3, STM32G471MET6, STM32G471MEY6TR, STM32G471QCT6, STM32G471QET3, STM32G471RCT6, STM32G471RET3, STM32G471RET6, STM32G471VCH6, STM32G471VCI6, STM32G471VCT6, STM32G471VEH3, STM32G471VEH6, STM32G471VEI3, STM32G471VEI6, STM32G471VET3, STM32G471VET6, STM32G474CCT6, STM32H503CBT6, STM32H503CBU6, STM32H503EBY6TR, STM32H503KBU6, STM32H503RBT6, STM32H523CCT6, STM32H523CCU6, STM32H523CET6, STM32H523CEU6, STM32H523HEY6TR, STM32H523RCT6, STM32H523RET6, STM32H523VCI6, STM32H523VCT6, STM32H523VEI6, STM32H523VET6, STM32H523ZCJ6, STM32H523ZCT6, STM32H523ZEJ6, STM32H523ZET6, STM32H533CET6, STM32H533CEU6, STM32H533HEY6TR, STM32H533RET6, STM32H533VEI6, STM32H533VET6, STM32H533ZEJ6, STM32H533ZET6, STM32H562AGI6, STM32H562AII6, STM32H562IGK6, STM32H562IGT6, STM32H562IIK6, STM32H562IIT6, STM32H562RGT6, STM32H562RGV6, STM32H562RIT6, STM32H562RIV6, STM32H562VGT6, STM32H562VIT6, STM32H562ZGT6, STM32H562ZIT6, STM32H563AGI6, STM32H563AII3Q, STM32H563AII6, STM32H563IGK6, STM32H563IGT6, STM32H563IIK3Q, STM32H563IIK6, STM32H563IIT3Q, STM32H563IIT6, STM32H563MIY3QTR, STM32H563RGT6, STM32H563RGV6, STM32H563RIT6, STM32H563RIV6, STM32H563VGT6, STM32H563VIT3Q, STM32H563VIT6, STM32H563ZGT6, STM32H563ZIT3Q, STM32H563ZIT6, STM32H573AII3Q, STM32H573AII6, STM32H573I-DK, STM32H573IIK3Q, STM32H573IIK6, STM32H573IIT3Q, STM32H573IIT6, STM32H573MIY3QTR, STM32H573RIT6, STM32H573RIV6, STM32H573VIT3Q, STM32H573VIT6, STM32H573ZIT3Q, STM32H573ZIT6, STM32H7R3A8I6, STM32H7R3I8K6, STM32H7R3I8T6, STM32H7R3L8H6, STM32H7R3L8H6H, STM32H7R3R8V6, STM32H7R3V8H6, STM32H7R3V8T6, STM32H7R3V8Y6, STM32H7R3Z8J6, STM32H7R3Z8T6, STM32H7R7A8I6, STM32H7R7I8K6, STM32H7R7I8T6, STM32H7R7L8H6, STM32H7R7L8H6H, STM32H7R7Z8J6, STM32H7S3A8I6, STM32H7S3I8K6, STM32H7S3I8T6, STM32H7S3L8H6, STM32H7S3L8H6H, STM32H7S3R8V6, STM32H7S3V8H6, STM32H7S3V8T6, STM32H7S3V8Y6, STM32H7S3Z8J6, STM32H7S3Z8T6, STM32H7S78-DK, STM32H7S7A8I6, STM32H7S7I8K6, STM32H7S7I8T6, STM32H7S7L8H6, STM32H7S7L8H6H, STM32H7S7Z8J6, STM32L4R5QGI6STR, STM32MP131AAE3, STM32MP131AAF3, STM32MP131AAG3, STM32MP131CAE3, STM32MP131CAF3, STM32MP131CAG3, STM32MP131DAE7, STM32MP131DAF7, STM32MP131DAG7, STM32MP131FAE7, STM32MP131FAF7, STM32MP131FAG7, STM32MP133AAE3, STM32MP133AAF3, STM32MP133AAG3, STM32MP133CAE3, STM32MP133CAF3, STM32MP133CAG3, STM32MP133DAE7, STM32MP133DAF7, STM32MP133DAG7, STM32MP133FAE7, STM32MP133FAF7, STM32MP133FAG7, STM32MP135AAE3, STM32MP135AAF3, STM32MP135AAG3, STM32MP135CAE3, STM32MP135CAF3, STM32MP135CAG3, STM32MP135DAE7, STM32MP135DAF7, STM32MP135DAG7, STM32MP135F-DK, STM32MP135FAE7, STM32MP135FAF7, STM32MP135FAF7T, STM32MP135FAF7U, STM32MP135FAG7, STM32U031C6T6, STM32U031C6U6, STM32U031C8T6, STM32U031C8U6, STM32U031F4P6, STM32U031F6P6, STM32U031F8P6, STM32U031G6Y6TR, STM32U031G8Y6TR, STM32U031K4U6, STM32U031K6U6, STM32U031K8U6, STM32U031R6I6, STM32U031R6T6, STM32U031R8I6, STM32U031R8T6, STM32U073C8T6, STM32U073C8U6, STM32U073CBT6, STM32U073CBU6, STM32U073CCT6, STM32U073CCU6, STM32U073H8Y6TR, STM32U073HBY6TR, STM32U073HCY6TR, STM32U073K8U6, STM32U073KBU6, STM32U073KCU6, STM32U073M8I6, STM32U073M8T6, STM32U073MBI6, STM32U073MBT6, STM32U073MCI6, STM32U073MCT6, STM32U073R8I6, STM32U073R8T6, STM32U073RBI6, STM32U073RBT6, STM32U073RCI6, STM32U073RCT6, STM32U083C-DK, STM32U083CCT6, STM32U083CCU6, STM32U083HCY6TR, STM32U083KCU6, STM32U083MCI6, STM32U083MCT6, STM32U083RCI6, STM32U083RCT6, STM32U535CBT6, STM32U535CBT6Q, STM32U535CBU6, STM32U535CBU6Q, STM32U535CCT6, STM32U535CCT6Q, STM32U535CCU6, STM32U535CCU6Q, STM32U535CET6, STM32U535CET6Q, STM32U535CEU6, STM32U535CEU6Q, STM32U535JEY6QTR, STM32U535NCY6QTR, STM32U535NEY6QTR, STM32U535RBI6, STM32U535RBI6Q, STM32U535RBT6, STM32U535RBT6Q, STM32U535RCI6, STM32U535RCI6Q, STM32U535RCT6, STM32U535RCT6Q, STM32U535REI6, STM32U535REI6Q, STM32U535RET6, STM32U535RET6Q, STM32U535VCI6, STM32U535VCI6Q, STM32U535VCT6, STM32U535VCT6Q, STM32U535VEI6, STM32U535VEI6Q, STM32U535VET6, STM32U535VET6Q, STM32U545CET6, STM32U545CET6Q, STM32U545CEU6, STM32U545CEU6Q, STM32U545JEY6QTR, STM32U545NEY6QTR, STM32U545REI6, STM32U545REI6Q, STM32U545RET6, STM32U545RET6Q, STM32U545VEI6, STM32U545VEI6Q, STM32U545VET6, STM32U545VET6Q, STM32U595AIH6, STM32U595AIH6Q, STM32U595AJH6, STM32U595AJH6Q, STM32U595QII6, STM32U595QII6Q, STM32U595QJI6, STM32U595QJI6Q, STM32U595RIT6, STM32U595RIT6Q, STM32U595RJT6, STM32U595RJT6Q, STM32U595VIT6, STM32U595VIT6Q, STM32U595VJT6, STM32U595VJT6Q, STM32U595ZIT6, STM32U595ZIT6Q, STM32U595ZIY6QTR, STM32U595ZJT6, STM32U595ZJT6Q, STM32U595ZJY6QTR, STM32U599BJY6QTR, STM32U599NIH6Q, STM32U599NJH6Q, STM32U599VIT6Q, STM32U599VJT6, STM32U599VJT6Q, STM32U599ZIT6Q, STM32U599ZIY6QTR, STM32U599ZJT6Q, STM32U599ZJY6QTR, STM32U5A5AJH6, STM32U5A5AJH6Q, STM32U5A5QII3Q , STM32U5A5QJI6, STM32U5A5QJI6Q, STM32U5A5RJT6, STM32U5A5RJT6Q, STM32U5A5VJT6, STM32U5A5VJT6Q, STM32U5A5ZJT6, STM32U5A5ZJT6Q, STM32U5A5ZJY6QTR, STM32U5A9BJY6QTR, STM32U5A9J-DK, STM32U5A9NJH6Q, STM32U5A9VJT6Q, STM32U5A9ZJT6Q, STM32U5A9ZJY6QTR, STM32U5F7VIT6, STM32U5F7VIT6Q, STM32U5F7VJT6, STM32U5F7VJT6Q, STM32U5F9BJY6QTR, STM32U5F9NJH6Q, STM32U5F9VIT6Q, STM32U5F9VJT6Q, STM32U5F9ZIJ6QTR, STM32U5F9ZIT6Q, STM32U5F9ZJJ6QTR, STM32U5F9ZJT6Q, STM32U5G7VJT6, STM32U5G7VJT6Q, STM32U5G9BJY6QTR, STM32U5G9J-DK1, STM32U5G9J-DK2, STM32U5G9NJH6Q, STM32U5G9VJT6Q, STM32U5G9ZJJ6QTR, STM32U5G9ZJT6Q, STM32WB1MMCH6, STM32WBA50KEU6, STM32WBA50KEU6TR, STM32WBA50KGU6, STM32WBA50KGU6TR, STM32WBA52CEU6, STM32WBA52CEU6TR, STM32WBA52CEU7, STM32WBA52CEU7TR, STM32WBA52CGU6, STM32WBA52CGU6TR, STM32WBA52CGU6U, STM32WBA52CGU7, STM32WBA52CGU7TR, STM32WBA52KEU6, STM32WBA52KEU6TR, STM32WBA52KGU6, STM32WBA52KGU6TR, STM32WBA54CEU6, STM32WBA54CEU6TR, STM32WBA54CEU7, STM32WBA54CEU7TR, STM32WBA54CGU6, STM32WBA54CGU6TR, STM32WBA54CGU7, STM32WBA54CGU7TR, STM32WBA54KEU6, STM32WBA54KEU6TR, STM32WBA54KEU7, STM32WBA54KEU7TR, STM32WBA54KGU6, STM32WBA54KGU6TR, STM32WBA54KGU7, STM32WBA54KGU7TR, STM32WBA55CEU6, STM32WBA55CEU6TR, STM32WBA55CEU7, STM32WBA55CEU7TR, STM32WBA55CGU6, STM32WBA55CGU6TR, STM32WBA55CGU6U, STM32WBA55CGU7, STM32WBA55CGU7TR, STM32WBA55G-DK1, STM32WBA55HEF6, STM32WBA55HEF7, STM32WBA55HGF6, STM32WBA55HGF7, STM32WBA55UEI6, STM32WBA55UEI6TR, STM32WBA55UEI7, STM32WBA55UEI7TR, STM32WBA55UGI6, STM32WBA55UGI6TR, STM32WBA55UGI7, STM32WBA55UGI7TR, STM32WL5MOCH6, STM32WL5MOCH6TR]
2024-07-17 15:06:28,145 [INFO] DbMcus:218 - Found 4203 MCUs, 4203 are supported
2024-07-17 15:06:28,152 [INFO] ApiDb:423 - Load user favorites file C:\Users\Matheus Markies/.stm32cubeide/favorites.mcus.txt: 3 item(s)
2024-07-17 15:06:28,152 [INFO] ApiDb:427 - User favorites MCUs=[STM32F103RBT6, STM32F411RET7, STM32L053C8T6]
2024-07-17 15:06:28,152 [INFO] DbMcus:224 - Set 3 / 3 favorites MCUs
2024-07-17 15:06:28,835 [INFO] BoardInfo:889 - No configuration file found for board P-NUCLEO-WB55
2024-07-17 15:06:28,835 [INFO] DbBoards:161 - Kit is not supported: P-NUCLEO-WB55
2024-07-17 15:06:28,841 [INFO] BoardInfo:889 - No configuration file found for board STEVAL-BFA001V1B
2024-07-17 15:06:28,842 [INFO] DbBoards:161 - Kit is not supported: STEVAL-BFA001V1B
2024-07-17 15:06:28,843 [INFO] BoardInfo:889 - No configuration file found for board STEVAL-BFA001V2B
2024-07-17 15:06:28,843 [INFO] DbBoards:161 - Kit is not supported: STEVAL-BFA001V2B
2024-07-17 15:06:29,006 [INFO] DbBoards:168 - Found 195 boards, 192 are supported
2024-07-17 15:06:29,006 [INFO] DbBoards:169 - Found 195 boards, 8 of them is supported for  Bsp
2024-07-17 15:06:29,009 [INFO] ApiDb:423 - Load user favorites file C:\Users\Matheus Markies/.stm32cubeide/favorites.boards.txt: 0 item(s)
2024-07-17 15:06:29,009 [INFO] ApiDb:427 - User favorites Boards=[]
2024-07-17 15:06:29,010 [INFO] DbBoards:198 - Set 0 / 0 favorites Boards
2024-07-17 15:06:29,052 [INFO] UtilMem:75 - End LoadConfig() Used Memory: 829227008 Bytes (1073741824)
2024-07-17 15:06:29,270 [WARN] ThirdParty:833 - waiting for thirdparty lock release [change project]
2024-07-17 15:06:29,270 [INFO] ThirdParty:835 - entering critical section [change project]
2024-07-17 15:06:29,270 [INFO] ThirdParty:1030 - CMSIS Pack Vendor :STMicroelectronics USBPD 4.1
2024-07-17 15:06:29,270 [INFO] ThirdParty:1030 - CMSIS Pack Vendor :STMicroelectronics X-CUBE-GNSS1 6.0.0
2024-07-17 15:06:29,270 [INFO] ThirdParty:1030 - CMSIS Pack Vendor :STMicroelectronics USB_HOST 2.0.0
2024-07-17 15:06:29,270 [INFO] ThirdParty:1030 - CMSIS Pack Vendor :STMicroelectronics FP-SNS-MOTENVWB1 1.4.0
2024-07-17 15:06:29,271 [INFO] ThirdParty:1030 - CMSIS Pack Vendor :STMicroelectronics X-CUBE-AZRTOS-F4 1.1.0
2024-07-17 15:06:29,271 [INFO] ThirdParty:1030 - CMSIS Pack Vendor :STMicroelectronics LIBJPEG 8.0.0
2024-07-17 15:06:29,271 [INFO] ThirdParty:1030 - CMSIS Pack Vendor :STMicroelectronics X-CUBE-SMBUS 2.1.0
2024-07-17 15:06:29,271 [INFO] ThirdParty:1030 - CMSIS Pack Vendor :STMicroelectronics USB_DEVICE 3.0.0
2024-07-17 15:06:29,271 [INFO] ThirdParty:1030 - CMSIS Pack Vendor :STMicroelectronics X-CUBE-TCPP 4.1.0
2024-07-17 15:06:29,271 [INFO] ThirdParty:1030 - CMSIS Pack Vendor :STMicroelectronics X-CUBE-FREERTOS 1.2.0
2024-07-17 15:06:29,271 [INFO] ThirdParty:1030 - CMSIS Pack Vendor :STMicroelectronics X-CUBE-AZRTOS-WB 2.0.0
2024-07-17 15:06:29,271 [INFO] ThirdParty:1030 - CMSIS Pack Vendor :STMicroelectronics X-CUBE-TOUCHGFX 4.23.2
2024-07-17 15:06:29,271 [INFO] ThirdParty:1030 - CMSIS Pack Vendor :STMicroelectronics X-CUBE-AZRTOS-F7 1.1.0
2024-07-17 15:06:29,271 [INFO] ThirdParty:1030 - CMSIS Pack Vendor :STMicroelectronics X-CUBE-AZRTOS-L5 2.0.0
2024-07-17 15:06:29,271 [INFO] ThirdParty:1030 - CMSIS Pack Vendor :STMicroelectronics USB_DEVICE 2.0.0
2024-07-17 15:06:29,271 [INFO] ThirdParty:1030 - CMSIS Pack Vendor :STMicroelectronics X-CUBE-NFC6 3.1.0
2024-07-17 15:06:29,271 [INFO] ThirdParty:1030 - CMSIS Pack Vendor :STMicroelectronics FreeRTOS 0.0.1
2024-07-17 15:06:29,271 [INFO] ThirdParty:1030 - CMSIS Pack Vendor :STMicroelectronics X-CUBE-AZRTOS-G0 1.1.0
2024-07-17 15:06:29,271 [INFO] ThirdParty:1030 - CMSIS Pack Vendor :STMicroelectronics X-CUBE-SAFEA1 1.2.2
2024-07-17 15:06:29,271 [INFO] ThirdParty:1030 - CMSIS Pack Vendor :STMicroelectronics X-CUBE-NFC4 3.0.0
2024-07-17 15:06:29,272 [INFO] ThirdParty:1030 - CMSIS Pack Vendor :STMicroelectronics X-CUBE-DPower 1.2.0
2024-07-17 15:06:29,272 [INFO] ThirdParty:1030 - CMSIS Pack Vendor :STMicroelectronics X-CUBE-SUBG2 5.0.0
2024-07-17 15:06:29,272 [INFO] ThirdParty:1030 - CMSIS Pack Vendor :STMicroelectronics STM32_WPAN 1.0.0
2024-07-17 15:06:29,272 [INFO] ThirdParty:1030 - CMSIS Pack Vendor :wolfSSL I-CUBE-wolfMQTT 1.18.0
2024-07-17 15:06:29,272 [INFO] ThirdParty:1030 - CMSIS Pack Vendor :EmbeddedOffice I-CUBE-FS-RTOS 1.0.1
2024-07-17 15:06:29,272 [INFO] ThirdParty:1030 - CMSIS Pack Vendor :STMicroelectronics lwIP 2.0.3
2024-07-17 15:06:29,272 [INFO] ThirdParty:1030 - CMSIS Pack Vendor :STMicroelectronics FP-SNS-FLIGHT1 5.0.2
2024-07-17 15:06:29,272 [INFO] ThirdParty:1030 - CMSIS Pack Vendor :STMicroelectronics USB_HOST 1.0.0
2024-07-17 15:06:29,272 [INFO] ThirdParty:1030 - CMSIS Pack Vendor :STMicroelectronics X-CUBE-AI 9.0.0
2024-07-17 15:06:29,272 [INFO] ThirdParty:1030 - CMSIS Pack Vendor :STMicroelectronics X-CUBE-AZRTOS-G4 2.0.0
2024-07-17 15:06:29,272 [INFO] ThirdParty:1030 - CMSIS Pack Vendor :STMicroelectronics PDM2PCM 3.1.0
2024-07-17 15:06:29,272 [INFO] ThirdParty:1030 - CMSIS Pack Vendor :STMicroelectronics PDM2PCM 3.3.0
2024-07-17 15:06:29,272 [INFO] ThirdParty:1030 - CMSIS Pack Vendor :STMicroelectronics X-CUBE-DISPLAY 3.0.0
2024-07-17 15:06:29,272 [INFO] ThirdParty:1030 - CMSIS Pack Vendor :RealThread X-CUBE-RT-Thread_Nano 4.1.1
2024-07-17 15:06:29,273 [INFO] ThirdParty:1030 - CMSIS Pack Vendor :wolfSSL I-CUBE-wolfSSL 5.7.0
2024-07-17 15:06:29,273 [INFO] ThirdParty:1030 - CMSIS Pack Vendor :STMicroelectronics X-CUBE-BLE1 7.0.0
2024-07-17 15:06:29,273 [INFO] ThirdParty:1030 - CMSIS Pack Vendor :STMicroelectronics FP-ATR-SIGFOX1 3.2.0
2024-07-17 15:06:29,273 [INFO] ThirdParty:1030 - CMSIS Pack Vendor :STMicroelectronics X-CUBE-ISPU 2.0.0
2024-07-17 15:06:29,273 [INFO] ThirdParty:1030 - CMSIS Pack Vendor :STMicroelectronics X-CUBE-EEPRMA1 5.1.0
2024-07-17 15:06:29,273 [INFO] ThirdParty:1030 - CMSIS Pack Vendor :STMicroelectronics HAL Drivers 0.0.0
2024-07-17 15:06:29,273 [INFO] ThirdParty:1030 - CMSIS Pack Vendor :STMicroelectronics MBEDTLS 2.16.2
2024-07-17 15:06:29,273 [INFO] ThirdParty:1030 - CMSIS Pack Vendor :STMicroelectronics X-CUBE-ALS 1.0.2
2024-07-17 15:06:29,273 [INFO] ThirdParty:1030 - CMSIS Pack Vendor :emotas I-CUBE-CANOPEN 1.3.0
2024-07-17 15:06:29,273 [INFO] ThirdParty:1030 - CMSIS Pack Vendor :STMicroelectronics X-CUBE-MEMS1 10.0.0
2024-07-17 15:06:29,273 [INFO] ThirdParty:1030 - CMSIS Pack Vendor :STMicroelectronics X-CUBE-NFC7 1.0.1
2024-07-17 15:06:29,273 [INFO] ThirdParty:1030 - CMSIS Pack Vendor :STMicroelectronics MBEDTLS 2.14.1
2024-07-17 15:06:29,273 [INFO] ThirdParty:1030 - CMSIS Pack Vendor :STMicroelectronics X-CUBE-TOUCHGFX 4.24.0
2024-07-17 15:06:29,273 [INFO] ThirdParty:1030 - CMSIS Pack Vendor :ITTIA_DB I-CUBE-ITTIADB 8.9.0
2024-07-17 15:06:29,273 [INFO] ThirdParty:1030 - CMSIS Pack Vendor :wolfSSL I-CUBE-wolfTPM 3.2.0
2024-07-17 15:06:29,273 [INFO] ThirdParty:1030 - CMSIS Pack Vendor :portGmbH I-Cube-SoM-uGOAL 1.1.0
2024-07-17 15:06:29,274 [INFO] ThirdParty:1030 - CMSIS Pack Vendor :STMicroelectronics X-CUBE-ALS 1.0.1
2024-07-17 15:06:29,274 [INFO] ThirdParty:1030 - CMSIS Pack Vendor :STMicroelectronics X-CUBE-BLEMGR 3.1.0
2024-07-17 15:06:29,274 [INFO] ThirdParty:1030 - CMSIS Pack Vendor :STMicroelectronics ThreadX 1.0.0
2024-07-17 15:06:29,274 [INFO] ThirdParty:1030 - CMSIS Pack Vendor :STMicroelectronics FP-SNS-SMARTAG2 1.2.0
2024-07-17 15:06:29,274 [INFO] ThirdParty:1030 - CMSIS Pack Vendor :STMicroelectronics X-CUBE-AZRTOS-WL 2.0.0
2024-07-17 15:06:29,274 [INFO] ThirdParty:1030 - CMSIS Pack Vendor :SEGGER I-CUBE-embOS 1.3.1
2024-07-17 15:06:29,274 [INFO] ThirdParty:1030 - CMSIS Pack Vendor :STMicroelectronics X-CUBE-ALGOBUILD 1.4.0
2024-07-17 15:06:29,274 [INFO] ThirdParty:1030 - CMSIS Pack Vendor :STMicroelectronics FP-SNS-MOTENV1 5.0.0
2024-07-17 15:06:29,274 [INFO] ThirdParty:1030 - CMSIS Pack Vendor :STMicroelectronics USB_DEVICE 1.0.0
2024-07-17 15:06:29,274 [INFO] ThirdParty:1030 - CMSIS Pack Vendor :STMicroelectronics X-CUBE-AZRTOS-H7RS 1.0.0
2024-07-17 15:06:29,274 [INFO] ThirdParty:1030 - CMSIS Pack Vendor :wolfSSL I-CUBE-wolfMQTT 1.19.0
2024-07-17 15:06:29,274 [INFO] ThirdParty:1030 - CMSIS Pack Vendor :STMicroelectronics X-CUBE-AZRTOS-L4 2.0.0
2024-07-17 15:06:29,274 [INFO] ThirdParty:1030 - CMSIS Pack Vendor :STMicroelectronics ThreadX 0.0.2
2024-07-17 15:06:29,274 [INFO] ThirdParty:1030 - CMSIS Pack Vendor :WES I-CUBE-Cesium 1.3.0
2024-07-17 15:06:29,274 [INFO] ThirdParty:1030 - CMSIS Pack Vendor :STMicroelectronics FP-ATR-ASTRA1 2.0.0
2024-07-17 15:06:29,275 [INFO] ThirdParty:1030 - CMSIS Pack Vendor :STMicroelectronics lwIP 2.1.2
2024-07-17 15:06:29,275 [INFO] ThirdParty:1030 - CMSIS Pack Vendor :STMicroelectronics X-CUBE-SFXS2LP1 4.0.0
2024-07-17 15:06:29,275 [INFO] ThirdParty:1030 - CMSIS Pack Vendor :STMicroelectronics X-CUBE-BLE2 3.3.0
2024-07-17 15:06:29,275 [INFO] ThirdParty:1030 - CMSIS Pack Vendor :STMicroelectronics X-CUBE-TOF1 3.4.1
2024-07-17 15:06:29,275 [INFO] ThirdParty:1030 - CMSIS Pack Vendor :STMicroelectronics X-CUBE-AZRTOS-H7 3.2.0
2024-07-17 15:06:29,275 [INFO] ThirdParty:1030 - CMSIS Pack Vendor :Infineon AIROC-Wi-Fi-Bluetooth-STM32 1.6.0
2024-07-17 15:06:29,275 [INFO] ThirdParty:1030 - CMSIS Pack Vendor :STMicroelectronics PDM2PCM 3.2.0
2024-07-17 15:06:29,275 [INFO] ThirdParty:1030 - CMSIS Pack Vendor :wolfSSL I-CUBE-wolfSSH 1.4.17
2024-07-17 15:06:29,275 [INFO] ThirdParty:841 - exiting critical section [change project]
2024-07-17 15:06:29,811 [INFO] PinOutPanel:1561 - setPackage(No Configuration,No Configuration)
2024-07-17 15:06:29,813 [INFO] PinOutPanel:1561 - setPackage(STM32L053C8Tx,LQFP48)
2024-07-17 15:06:31,334 [INFO] UtilMem:75 - Before build in PCC Used Memory: 700318024 Bytes (1073741824)
2024-07-17 15:06:34,038 [INFO] UserBatteryFile:101 - Battery_LiPo 3500.0 0.0 3.7 0.0 0.0
2024-07-17 15:06:35,444 [INFO] UtilMem:75 - After build in PCC Used Memory: 842640632 Bytes (1073741824)
2024-07-17 15:06:35,663 [INFO] IPUIPlugin:80 - create IPUIPlugin
2024-07-17 15:06:35,663 [INFO] IPUIPlugin:80 - create IPUIPlugin
2024-07-17 15:06:35,663 [INFO] IPUIPlugin:80 - create IPUIPlugin
2024-07-17 15:06:35,663 [INFO] IPUIPlugin:80 - create IPUIPlugin
2024-07-17 15:06:35,663 [INFO] IPUIPlugin:80 - create IPUIPlugin
2024-07-17 15:06:35,663 [INFO] IPUIPlugin:80 - create IPUIPlugin
2024-07-17 15:06:35,664 [INFO] IPUIPlugin:80 - create IPUIPlugin
2024-07-17 15:06:35,667 [INFO] IPUIPlugin:80 - create IPUIPlugin
2024-07-17 15:06:35,669 [INFO] IPUIPlugin:80 - create IPUIPlugin
2024-07-17 15:06:35,669 [INFO] IPUIPlugin:80 - create IPUIPlugin
2024-07-17 15:06:35,669 [INFO] IPUIPlugin:80 - create IPUIPlugin
2024-07-17 15:06:35,670 [INFO] IPUIPlugin:80 - create IPUIPlugin
2024-07-17 15:06:35,670 [INFO] IPUIPlugin:80 - create IPUIPlugin
2024-07-17 15:06:35,670 [INFO] IPUIPlugin:80 - create IPUIPlugin
2024-07-17 15:06:35,670 [INFO] IPUIPlugin:80 - create IPUIPlugin
2024-07-17 15:06:35,670 [INFO] IPUIPlugin:80 - create IPUIPlugin
2024-07-17 15:06:35,671 [INFO] IPUIPlugin:80 - create IPUIPlugin
2024-07-17 15:06:35,671 [INFO] IPUIPlugin:80 - create IPUIPlugin
2024-07-17 15:06:35,671 [INFO] IPUIPlugin:80 - create IPUIPlugin
2024-07-17 15:06:35,671 [INFO] IPUIPlugin:80 - create IPUIPlugin
2024-07-17 15:06:35,672 [INFO] IPUIPlugin:80 - create IPUIPlugin
2024-07-17 15:06:35,672 [INFO] IPUIPlugin:80 - create IPUIPlugin
2024-07-17 15:06:35,672 [INFO] IPUIPlugin:80 - create IPUIPlugin
2024-07-17 15:06:35,672 [INFO] IPUIPlugin:80 - create IPUIPlugin
2024-07-17 15:06:35,673 [INFO] IPUIPlugin:80 - create IPUIPlugin
2024-07-17 15:06:35,673 [INFO] IPUIPlugin:80 - create IPUIPlugin
2024-07-17 15:06:35,673 [INFO] IPUIPlugin:80 - create IPUIPlugin
2024-07-17 15:06:35,674 [INFO] IPUIPlugin:80 - create IPUIPlugin
2024-07-17 15:06:35,674 [INFO] IPUIPlugin:80 - create IPUIPlugin
2024-07-17 15:06:35,674 [INFO] IPUIPlugin:80 - create IPUIPlugin
2024-07-17 15:06:35,674 [INFO] IPUIPlugin:80 - create IPUIPlugin
2024-07-17 15:06:35,675 [INFO] IPUIPlugin:80 - create IPUIPlugin
2024-07-17 15:06:35,675 [INFO] IPUIPlugin:80 - create IPUIPlugin
2024-07-17 15:06:35,675 [INFO] IPUIPlugin:80 - create IPUIPlugin
2024-07-17 15:06:36,357 [INFO] CADModel:165 - CPN selected for project levelSTM32L053C8T6
2024-07-17 15:06:36,357 [INFO] CADModel:114 - Register for checkConnection events
2024-07-17 15:06:36,396 [INFO] OpenFileManager:343 - Restore cursor
2024-07-17 18:20:01,078 [ERROR] LogOutputStream:75 - [STDERR_REDIRECT] 
2024-07-17 18:20:01,078 [ERROR] LogOutputStream:75 - [STDERR_REDIRECT] 
2024-07-17 20:23:21,992 [INFO] Activator:176 - 


2024-07-17 20:23:21,995 [INFO] Activator:177 - !SESSION log4j initialized
2024-07-17 20:23:31,097 [INFO] LogOutputStream:77 - [STDOUT_REDIRECT] 
2024-07-17 20:23:35,231 [INFO] ApplicationProperties:184 - Using Application install path: C:\ST\STM32CubeIDE_1.15.1\STM32CubeIDE\plugins\com.st.stm32cube.common.mx_6.11.1.202404110753
2024-07-17 20:23:35,251 [INFO] DbMcusXml:78 - Set database path to: C:\ST\STM32CubeIDE_1.15.1\STM32CubeIDE\plugins\com.st.stm32cube.common.mx_6.11.1.202404110753\\db\/mcu/
2024-07-17 20:23:35,251 [INFO] ApiDb:274 - Set plugin database path to: C:\ST\STM32CubeIDE_1.15.1\STM32CubeIDE\plugins\com.st.stm32cube.common.mx_6.11.1.202404110753\\db\/plugins/boardmanager/
2024-07-17 20:23:35,252 [WARN] ApiDb:259 - Overriding images path with different value:  => C:\ST\STM32CubeIDE_1.15.1\STM32CubeIDE\plugins\com.st.stm32cube.common.mx_6.11.1.202404110753\\db\/plugins/mcufinder/images/
2024-07-17 20:23:35,260 [INFO] ApiDb:250 - Set database path to: C:\Users\Matheus Markies\.stmcufinder\plugins\mcufinder//mcu/
2024-07-17 20:23:35,261 [INFO] DbMcusAds:125 - Set database path to: C:\Users\Matheus Markies\.stmcufinder\plugins\mcufinder//mcu/
2024-07-17 20:23:35,265 [INFO] CrossReferenceDbSqlite:203 - Set database path to: C:\Users\Matheus Markies\.stmcufinder\plugins\mcufinder//mcu/cs/
2024-07-17 20:23:35,403 [INFO] RulesReader:64 - Compatibility file has been processed (297 Rules)
2024-07-17 20:23:35,510 [INFO] DbMcusXml:78 - Set database path to: C:\ST\STM32CubeIDE_1.15.1\STM32CubeIDE\plugins\com.st.stm32cube.common.mx_6.11.1.202404110753\\db\/mcu/
2024-07-17 20:23:35,510 [INFO] ApiDb:274 - Set plugin database path to: C:\ST\STM32CubeIDE_1.15.1\STM32CubeIDE\plugins\com.st.stm32cube.common.mx_6.11.1.202404110753\\db\/plugins/boardmanager/
2024-07-17 20:23:35,510 [INFO] ApiDb:261 - Set plugin images path to: C:\ST\STM32CubeIDE_1.15.1\STM32CubeIDE\plugins\com.st.stm32cube.common.mx_6.11.1.202404110753\\db\/plugins/mcufinder/images/
2024-07-17 20:23:35,511 [WARN] DbFile:41 - Overriding database path with different value: C:\Users\Matheus Markies\.stmcufinder\plugins\mcufinder/ => C:\Users\Matheus Markies\.stmcufinder\plugins\mcufinder
2024-07-17 20:23:35,511 [INFO] ApiDb:250 - Set database path to: C:\Users\Matheus Markies\.stmcufinder\plugins\mcufinder//mcu/
2024-07-17 20:23:35,511 [WARN] DbFile:41 - Overriding database path with different value: C:\Users\Matheus Markies\.stmcufinder\plugins\mcufinder/ => C:\Users\Matheus Markies\.stmcufinder\plugins\mcufinder
2024-07-17 20:23:35,511 [INFO] DbMcusAds:125 - Set database path to: C:\Users\Matheus Markies\.stmcufinder\plugins\mcufinder//mcu/
2024-07-17 20:23:35,511 [WARN] DbFile:41 - Overriding database path with different value: C:\Users\Matheus Markies\.stmcufinder\plugins\mcufinder/ => C:\Users\Matheus Markies\.stmcufinder\plugins\mcufinder
2024-07-17 20:23:35,511 [WARN] DbFile:41 - Overriding database path with different value: C:\Users\Matheus Markies\.stmcufinder\plugins\mcufinder/ => C:\Users\Matheus Markies\.stmcufinder\plugins\mcufinder
2024-07-17 20:23:35,511 [INFO] CrossReferenceDbSqlite:203 - Set database path to: C:\Users\Matheus Markies\.stmcufinder\plugins\mcufinder//mcu/cs/
2024-07-17 20:23:35,600 [INFO] MainPanel:264 - HeapMemory: 268435456
2024-07-17 20:23:35,689 [INFO] DbMcusXml:78 - Set database path to: C:\ST\STM32CubeIDE_1.15.1\STM32CubeIDE\plugins\com.st.stm32cube.common.mx_6.11.1.202404110753\\db\/mcu/
2024-07-17 20:23:35,689 [INFO] ApiDb:274 - Set plugin database path to: C:\ST\STM32CubeIDE_1.15.1\STM32CubeIDE\plugins\com.st.stm32cube.common.mx_6.11.1.202404110753\\db\/plugins/boardmanager/
2024-07-17 20:23:35,690 [INFO] ApiDb:261 - Set plugin images path to: C:\ST\STM32CubeIDE_1.15.1\STM32CubeIDE\plugins\com.st.stm32cube.common.mx_6.11.1.202404110753\\db\/plugins/mcufinder/images/
2024-07-17 20:23:35,690 [WARN] DbFile:41 - Overriding database path with different value: C:\Users\Matheus Markies\.stmcufinder\plugins\mcufinder/ => C:\Users\Matheus Markies\.stmcufinder\plugins\mcufinder
2024-07-17 20:23:35,690 [INFO] ApiDb:250 - Set database path to: C:\Users\Matheus Markies\.stmcufinder\plugins\mcufinder//mcu/
2024-07-17 20:23:35,690 [WARN] DbFile:41 - Overriding database path with different value: C:\Users\Matheus Markies\.stmcufinder\plugins\mcufinder/ => C:\Users\Matheus Markies\.stmcufinder\plugins\mcufinder
2024-07-17 20:23:35,690 [INFO] DbMcusAds:125 - Set database path to: C:\Users\Matheus Markies\.stmcufinder\plugins\mcufinder//mcu/
2024-07-17 20:23:35,690 [WARN] DbFile:41 - Overriding database path with different value: C:\Users\Matheus Markies\.stmcufinder\plugins\mcufinder/ => C:\Users\Matheus Markies\.stmcufinder\plugins\mcufinder
2024-07-17 20:23:35,691 [WARN] DbFile:41 - Overriding database path with different value: C:\Users\Matheus Markies\.stmcufinder\plugins\mcufinder/ => C:\Users\Matheus Markies\.stmcufinder\plugins\mcufinder
2024-07-17 20:23:35,691 [INFO] CrossReferenceDbSqlite:203 - Set database path to: C:\Users\Matheus Markies\.stmcufinder\plugins\mcufinder//mcu/cs/
2024-07-17 20:23:35,711 [INFO] ApplicationProperties:184 - Using Application install path: C:\ST\STM32CubeIDE_1.15.1\STM32CubeIDE\plugins\com.st.stm32cube.common.mx_6.11.1.202404110753
2024-07-17 20:23:35,713 [INFO] PluginManage:196 - Search for loadable plugins [exclusion list=, ]
2024-07-17 20:23:35,714 [INFO] PluginManage:310 - Check plugin analytics
2024-07-17 20:23:35,983 [INFO] AnalyticsPlugin:253 - Accepted Software Licenses: 
2024-07-17 20:23:35,984 [INFO] AnalyticsPlugin:255 - Accepted CMSIS Pack Licenses: 
2024-07-17 20:23:35,984 [INFO] AnalyticsPlugin:257 - Accepted Firmware Licenses: FW.F4.1.28.0
2024-07-17 20:23:35,988 [INFO] PluginManage:359 - Loaded plugin analytics (category:tool,tabindex:-1)
2024-07-17 20:23:35,989 [INFO] PluginManage:310 - Check plugin cadmodel
2024-07-17 20:23:36,051 [INFO] CADModel:105 - Init CAD model plugin
2024-07-17 20:23:36,051 [INFO] PluginManage:359 - Loaded plugin cadmodel (category:power,tabindex:5)
2024-07-17 20:23:36,052 [INFO] PluginManage:310 - Check plugin clock
2024-07-17 20:23:36,074 [INFO] PluginManage:359 - Loaded plugin clock (category:base,tabindex:2)
2024-07-17 20:23:36,074 [INFO] PluginManage:310 - Check plugin ddr
2024-07-17 20:23:36,077 [INFO] PluginManage:359 - Loaded plugin ddr (category:tool,tabindex:6)
2024-07-17 20:23:36,077 [INFO] PluginManage:310 - Check plugin filemanager
2024-07-17 20:23:36,304 [INFO] PluginManage:359 - Loaded plugin filemanager (category:base,tabindex:10)
2024-07-17 20:23:36,304 [INFO] PluginManage:310 - Check plugin ipmanager
2024-07-17 20:23:36,313 [INFO] PluginManage:359 - Loaded plugin ipmanager (category:base,tabindex:5)
2024-07-17 20:23:36,313 [INFO] PluginManage:310 - Check plugin lpbam
2024-07-17 20:23:36,394 [INFO] PluginManage:359 - Loaded plugin lpbam (category:base,tabindex:0)
2024-07-17 20:23:36,395 [INFO] PluginManage:310 - Check plugin memorymap
2024-07-17 20:23:36,422 [INFO] PluginManage:359 - Loaded plugin memorymap (category:base,tabindex:4)
2024-07-17 20:23:36,422 [INFO] PluginManage:310 - Check plugin pinoutandconfiguration
2024-07-17 20:23:36,441 [INFO] PluginManage:359 - Loaded plugin pinoutandconfiguration (category:base,tabindex:1)
2024-07-17 20:23:36,441 [INFO] PluginManage:310 - Check plugin pinoutconfig
2024-07-17 20:23:36,586 [WARN] SupportedApi:132 - Cannot load RTOS API schema: s4s-elt-must-match.1: The content of 'definitions' must match (annotation?, (simpleType | complexType)?, (unique | key | keyref)*)). A problem was found starting at: attribute.
2024-07-17 20:23:36,758 [INFO] PluginManage:359 - Loaded plugin pinoutconfig (category:base,tabindex:0)
2024-07-17 20:23:36,758 [INFO] PluginManage:310 - Check plugin power
2024-07-17 20:23:36,792 [INFO] PluginManage:359 - Loaded plugin power (category:power,tabindex:4)
2024-07-17 20:23:36,792 [INFO] PluginManage:310 - Check plugin projectmanager
2024-07-17 20:23:36,820 [INFO] PluginManage:359 - Loaded plugin projectmanager (category:projectmanager,tabindex:3)
2024-07-17 20:23:36,820 [INFO] PluginManage:310 - Check plugin thirdparty
2024-07-17 20:23:37,212 [INFO] PluginManage:359 - Loaded plugin thirdparty (category:base,tabindex:-1)
2024-07-17 20:23:37,212 [INFO] PluginManage:310 - Check plugin tools
2024-07-17 20:23:37,212 [WARN] IntegrityCheckThread:84 - waiting for thirdparty lock release [integrity check]
2024-07-17 20:23:37,212 [INFO] IntegrityCheckThread:86 - entering critical section [integrity check]
2024-07-17 20:23:37,213 [INFO] ThirdPartyUpdaterWithRetryManager:70 - Updater plugin not ready yet. [1/15]
2024-07-17 20:23:37,258 [INFO] PluginManage:359 - Loaded plugin tools (category:base,tabindex:7)
2024-07-17 20:23:37,259 [INFO] PluginManage:310 - Check plugin tutovideos
2024-07-17 20:23:37,492 [INFO] PluginManage:359 - Loaded plugin tutovideos (category:base,tabindex:-1)
2024-07-17 20:23:37,492 [INFO] PluginManage:310 - Check plugin updater
2024-07-17 20:23:37,506 [INFO] PluginManage:359 - Loaded plugin updater (category:base,tabindex:12)
2024-07-17 20:23:37,507 [INFO] PluginManage:310 - Check plugin userauth
2024-07-17 20:23:37,512 [INFO] UserAuth:114 - Init User Auth plugin
2024-07-17 20:23:37,512 [INFO] PluginManage:359 - Loaded plugin userauth (category:base,tabindex:14)
2024-07-17 20:23:37,513 [INFO] PluginManage:283 - PluginManage : Loaded plugins [17]
2024-07-17 20:23:37,844 [INFO] PinOutPanel:1561 - setPackage(No Configuration,No Configuration)
2024-07-17 20:23:37,945 [INFO] CADModel:165 - CPN selected for project level
2024-07-17 20:23:37,946 [INFO] CADModel:114 - Register for checkConnection events
2024-07-17 20:23:37,977 [INFO] IPUIPlugin:80 - create IPUIPlugin
2024-07-17 20:23:37,977 [INFO] PluginManager:220 - loadIPPluginJar : add adc
2024-07-17 20:23:38,026 [INFO] IPUIPlugin:80 - create IPUIPlugin
2024-07-17 20:23:38,026 [INFO] PluginManager:220 - loadIPPluginJar : add aes
2024-07-17 20:23:38,082 [INFO] IPUIPlugin:80 - create IPUIPlugin
2024-07-17 20:23:38,082 [INFO] PluginManager:220 - loadIPPluginJar : add can
2024-07-17 20:23:38,111 [INFO] IPUIPlugin:80 - create IPUIPlugin
2024-07-17 20:23:38,111 [INFO] PluginManager:220 - loadIPPluginJar : add comp
2024-07-17 20:23:38,156 [INFO] IPUIPlugin:80 - create IPUIPlugin
2024-07-17 20:23:38,156 [INFO] PluginManager:220 - loadIPPluginJar : add cryp
2024-07-17 20:23:38,198 [INFO] IPUIPlugin:80 - create IPUIPlugin
2024-07-17 20:23:38,198 [INFO] PluginManager:220 - loadIPPluginJar : add dfsdm
2024-07-17 20:23:38,213 [INFO] IPUIPlugin:80 - create IPUIPlugin
2024-07-17 20:23:38,214 [INFO] PluginManager:220 - loadIPPluginJar : add dma
2024-07-17 20:23:38,278 [INFO] IPUIPlugin:80 - create IPUIPlugin
2024-07-17 20:23:38,278 [INFO] PluginManager:220 - loadIPPluginJar : add dma3
2024-07-17 20:23:38,338 [INFO] IPUIPlugin:80 - create IPUIPlugin
2024-07-17 20:23:38,338 [INFO] PluginManager:220 - loadIPPluginJar : add extmemmanager
2024-07-17 20:23:38,363 [INFO] IPUIPlugin:80 - create IPUIPlugin
2024-07-17 20:23:38,363 [INFO] PluginManager:220 - loadIPPluginJar : add fatfs
2024-07-17 20:23:38,424 [INFO] IPUIPlugin:80 - create IPUIPlugin
2024-07-17 20:23:38,424 [INFO] PluginManager:220 - loadIPPluginJar : add fmc
2024-07-17 20:23:38,441 [INFO] IPUIPlugin:80 - create IPUIPlugin
2024-07-17 20:23:38,441 [INFO] PluginManager:220 - loadIPPluginJar : add freertos
2024-07-17 20:23:38,467 [INFO] IPUIPlugin:80 - create IPUIPlugin
2024-07-17 20:23:38,467 [INFO] PluginManager:220 - loadIPPluginJar : add genericplugin
2024-07-17 20:23:38,602 [INFO] IPUIPlugin:80 - create IPUIPlugin
2024-07-17 20:23:38,602 [INFO] PluginManager:220 - loadIPPluginJar : add gfxmmu
2024-07-17 20:23:38,781 [INFO] IPUIPlugin:80 - create IPUIPlugin
2024-07-17 20:23:38,781 [INFO] PluginManager:220 - loadIPPluginJar : add gic
2024-07-17 20:23:38,794 [INFO] IPUIPlugin:80 - create IPUIPlugin
2024-07-17 20:23:38,795 [INFO] PluginManager:220 - loadIPPluginJar : add gpio
2024-07-17 20:23:38,912 [INFO] IPUIPlugin:80 - create IPUIPlugin
2024-07-17 20:23:38,912 [INFO] PluginManager:220 - loadIPPluginJar : add gtzc
2024-07-17 20:23:38,949 [INFO] IPUIPlugin:80 - create IPUIPlugin
2024-07-17 20:23:38,950 [INFO] PluginManager:220 - loadIPPluginJar : add hash
2024-07-17 20:23:39,011 [INFO] IPUIPlugin:80 - create IPUIPlugin
2024-07-17 20:23:39,012 [INFO] PluginManager:220 - loadIPPluginJar : add i2c
2024-07-17 20:23:39,061 [INFO] IPUIPlugin:80 - create IPUIPlugin
2024-07-17 20:23:39,062 [INFO] PluginManager:220 - loadIPPluginJar : add i2s
2024-07-17 20:23:39,114 [INFO] IPUIPlugin:80 - create IPUIPlugin
2024-07-17 20:23:39,114 [INFO] PluginManager:220 - loadIPPluginJar : add i3c
2024-07-17 20:23:39,244 [INFO] IPUIPlugin:80 - create IPUIPlugin
2024-07-17 20:23:39,244 [INFO] PluginManager:220 - loadIPPluginJar : add ipddr
2024-07-17 20:23:39,356 [INFO] IPUIPlugin:80 - create IPUIPlugin
2024-07-17 20:23:39,356 [INFO] PluginManager:220 - loadIPPluginJar : add linkedlist
2024-07-17 20:23:39,397 [INFO] IPUIPlugin:80 - create IPUIPlugin
2024-07-17 20:23:39,398 [INFO] PluginManager:220 - loadIPPluginJar : add lorawan
2024-07-17 20:23:39,441 [INFO] IPUIPlugin:80 - create IPUIPlugin
2024-07-17 20:23:39,442 [INFO] PluginManager:220 - loadIPPluginJar : add ltdc
2024-07-17 20:23:39,457 [INFO] IPUIPlugin:80 - create IPUIPlugin
2024-07-17 20:23:39,457 [INFO] PluginManager:220 - loadIPPluginJar : add mdma
2024-07-17 20:23:39,471 [INFO] IPUIPlugin:80 - create IPUIPlugin
2024-07-17 20:23:39,471 [INFO] PluginManager:220 - loadIPPluginJar : add nvic
2024-07-17 20:23:39,518 [INFO] IPUIPlugin:80 - create IPUIPlugin
2024-07-17 20:23:39,519 [INFO] PluginManager:220 - loadIPPluginJar : add opamp
2024-07-17 20:23:39,591 [INFO] IPUIPlugin:80 - create IPUIPlugin
2024-07-17 20:23:39,591 [INFO] PluginManager:220 - loadIPPluginJar : add openamp
2024-07-17 20:23:39,644 [INFO] IPUIPlugin:80 - create IPUIPlugin
2024-07-17 20:23:39,644 [INFO] PluginManager:220 - loadIPPluginJar : add pdm2pcm
2024-07-17 20:23:39,662 [INFO] IPUIPlugin:80 - create IPUIPlugin
2024-07-17 20:23:39,664 [INFO] PluginManager:220 - loadIPPluginJar : add plateformsettings
2024-07-17 20:23:39,691 [INFO] IPUIPlugin:80 - create IPUIPlugin
2024-07-17 20:23:39,691 [INFO] PluginManager:220 - loadIPPluginJar : add quadspi
2024-07-17 20:23:39,704 [INFO] IPUIPlugin:80 - create IPUIPlugin
2024-07-17 20:23:39,705 [INFO] PluginManager:220 - loadIPPluginJar : add resmgrutility
2024-07-17 20:23:39,763 [INFO] IPUIPlugin:80 - create IPUIPlugin
2024-07-17 20:23:39,763 [INFO] PluginManager:220 - loadIPPluginJar : add sai
2024-07-17 20:23:39,818 [INFO] IPUIPlugin:80 - create IPUIPlugin
2024-07-17 20:23:39,818 [INFO] PluginManager:220 - loadIPPluginJar : add spi
2024-07-17 20:23:39,902 [INFO] IPUIPlugin:80 - create IPUIPlugin
2024-07-17 20:23:39,902 [INFO] PluginManager:220 - loadIPPluginJar : add stm32_wpan
2024-07-17 20:23:39,930 [INFO] IPUIPlugin:80 - create IPUIPlugin
2024-07-17 20:23:39,930 [INFO] PluginManager:220 - loadIPPluginJar : add tim
2024-07-17 20:23:40,004 [INFO] IPUIPlugin:80 - create IPUIPlugin
2024-07-17 20:23:40,004 [INFO] PluginManager:220 - loadIPPluginJar : add touchsensing
2024-07-17 20:23:40,031 [INFO] IPUIPlugin:80 - create IPUIPlugin
2024-07-17 20:23:40,031 [INFO] PluginManager:220 - loadIPPluginJar : add tracer_emb
2024-07-17 20:23:40,061 [INFO] IPUIPlugin:80 - create IPUIPlugin
2024-07-17 20:23:40,061 [INFO] PluginManager:220 - loadIPPluginJar : add ts
2024-07-17 20:23:40,088 [INFO] IPUIPlugin:80 - create IPUIPlugin
2024-07-17 20:23:40,088 [INFO] PluginManager:220 - loadIPPluginJar : add tsc
2024-07-17 20:23:40,113 [INFO] IPUIPlugin:80 - create IPUIPlugin
2024-07-17 20:23:40,113 [INFO] PluginManager:220 - loadIPPluginJar : add ucpd
2024-07-17 20:23:40,165 [INFO] IPUIPlugin:80 - create IPUIPlugin
2024-07-17 20:23:40,165 [INFO] PluginManager:220 - loadIPPluginJar : add usart
2024-07-17 20:23:40,214 [INFO] ThirdPartyUpdaterWithRetryManager:70 - Updater plugin not ready yet. [2/15]
2024-07-17 20:23:40,217 [INFO] IPUIPlugin:80 - create IPUIPlugin
2024-07-17 20:23:40,218 [INFO] PluginManager:220 - loadIPPluginJar : add usbx
2024-07-17 20:23:40,361 [INFO] CADModel:165 - CPN selected for project level
2024-07-17 20:23:40,361 [INFO] CADModel:114 - Register for checkConnection events
2024-07-17 20:23:40,362 [FATAL] Updater:308 - Updater called before beeing initialized
2024-07-17 20:23:40,362 [ERROR] CADModel:125 - Updater not yet initialized, retry later 
2024-07-17 20:23:40,525 [INFO] CADModel:165 - CPN selected for project level
2024-07-17 20:23:40,526 [INFO] CADModel:114 - Register for checkConnection events
2024-07-17 20:23:40,526 [FATAL] Updater:308 - Updater called before beeing initialized
2024-07-17 20:23:40,526 [ERROR] CADModel:125 - Updater not yet initialized, retry later 
2024-07-17 20:23:40,529 [FATAL] Updater:308 - Updater called before beeing initialized
2024-07-17 20:23:40,706 [FATAL] Updater:308 - Updater called before beeing initialized
2024-07-17 20:23:40,718 [INFO] DbMcusAds:53 - JSON generation date=Thu May 16 06:22:01 BRT 2024 (1715851321109)
2024-07-17 20:23:40,718 [FATAL] Updater:308 - Updater called before beeing initialized
2024-07-17 20:23:40,810 [WARN] DetailPanel:346 - Failed to get advertising image, set to default
2024-07-17 20:23:40,927 [FATAL] Updater:308 - Updater called before beeing initialized
2024-07-17 20:23:40,929 [FATAL] Updater:308 - Updater called before beeing initialized
2024-07-17 20:23:40,929 [FATAL] Updater:308 - Updater called before beeing initialized
2024-07-17 20:23:40,929 [WARN] DetailPanel:346 - Failed to get advertising image, set to default
2024-07-17 20:23:40,930 [FATAL] Updater:308 - Updater called before beeing initialized
2024-07-17 20:23:40,995 [ERROR] Updater:1120 - MainUpdater not yet initialized. External WinMGr cannot be set.
2024-07-17 20:23:41,006 [INFO] Updater:1056 - Updater Version found : 6.11.1
2024-07-17 20:23:41,024 [INFO] ApplicationProperties:184 - Using Application install path: C:\ST\STM32CubeIDE_1.15.1\STM32CubeIDE\plugins\com.st.stm32cube.common.mx_6.11.1.202404110753
2024-07-17 20:23:42,608 [ERROR] LogOutputStream:75 - [STDERR_REDIRECT] Jul 17, 2024 8:23:42 PM java.util.prefs.WindowsPreferences <init>
2024-07-17 20:23:42,610 [ERROR] LogOutputStream:75 - [STDERR_REDIRECT] WARNING: Could not open/create prefs root node Software\JavaSoft\Prefs at root 0xffffffff80000002. Windows RegCreateKeyEx(...) returned error code 5.
2024-07-17 20:23:42,610 [ERROR] LogOutputStream:75 - [STDERR_REDIRECT] 
2024-07-17 20:23:42,993 [INFO] MainUpdater:2873 - connection check result : 10
2024-07-17 20:23:42,994 [INFO] MainUpdater:290 - Updater Check For Update Now.
2024-07-17 20:23:42,994 [INFO] MicroXplorer:498 - Change Database Version : DB.6.0.111
2024-07-17 20:23:43,098 [INFO] McuFinderGlobals:63 - Set McuFinder mode to 2 (CubeIDE integrated)
2024-07-17 20:23:43,117 [INFO] UserAuth:415 - Internet connection configuration mode: 1
2024-07-17 20:23:43,163 [INFO] JxBrowserEngine:152 - Initiate JxBrowser Engine with user profile folder
2024-07-17 20:23:43,215 [WARN] MainUpdater:1194 - Updater busy. Cannot search thirdparties
2024-07-17 20:23:43,215 [INFO] ThirdPartyUpdaterWithRetryManager:96 - Updater plugin is busy. [1/15]
2024-07-17 20:23:43,313 [INFO] CheckServerUpdateThread:120 - End of CheckServer Thread
2024-07-17 20:23:46,540 [WARN] PackLoader:240 - Cannot read IP mode file for STMicroelectronics.FP-SNS-MOTENVWB1.1.4.0
2024-07-17 20:23:46,599 [WARN] PackLoader:240 - Cannot read IP mode file for STMicroelectronics.X-CUBE-SMBUS.2.1.0
2024-07-17 20:23:46,619 [WARN] PackLoader:240 - Cannot read IP mode file for STMicroelectronics.X-CUBE-TOUCHGFX.4.23.2
2024-07-17 20:23:46,710 [WARN] PackLoader:240 - Cannot read IP mode file for STMicroelectronics.X-CUBE-AZRTOS-F7.1.1.0
2024-07-17 20:23:46,798 [WARN] PackLoader:240 - Cannot read IP mode file for STMicroelectronics.FP-SNS-FLIGHT1.5.0.2
2024-07-17 20:23:46,823 [WARN] PackLoader:240 - Cannot read IP mode file for STMicroelectronics.X-CUBE-DISPLAY.3.0.0
2024-07-17 20:23:46,897 [WARN] PackLoader:240 - Cannot read IP mode file for STMicroelectronics.X-CUBE-BLE1.7.0.0
2024-07-17 20:23:46,936 [WARN] PackLoader:240 - Cannot read IP mode file for emotas.I-CUBE-CANOPEN.1.3.0
2024-07-17 20:23:46,973 [WARN] PackLoader:240 - Cannot read IP mode file for STMicroelectronics.X-CUBE-BLEMGR.3.1.0
2024-07-17 20:23:46,999 [WARN] PackLoader:240 - Cannot read IP mode file for STMicroelectronics.FP-SNS-SMARTAG2.1.2.0
2024-07-17 20:23:47,045 [INFO] LogOutputStream:77 - [STDOUT_REDIRECT] 1 : Invalid condition id : UX_CORESTACK_Condition cause : null
2024-07-17 20:23:47,046 [INFO] LogOutputStream:77 - [STDOUT_REDIRECT] 1 : Invalid condition id : UX_CORESTACK_Condition cause : null
2024-07-17 20:23:47,047 [INFO] LogOutputStream:77 - [STDOUT_REDIRECT] 1 : Invalid condition id : UX_CORESTACK_Condition cause : null
2024-07-17 20:23:47,049 [INFO] LogOutputStream:77 - [STDOUT_REDIRECT] 1 : Invalid condition id : UX_CORESTACK_Condition cause : null
2024-07-17 20:23:47,051 [INFO] LogOutputStream:77 - [STDOUT_REDIRECT] 1 : Invalid condition id : UX_CORESTACK_Condition cause : null
2024-07-17 20:23:47,057 [WARN] PackLoader:240 - Cannot read IP mode file for STMicroelectronics.X-CUBE-AZRTOS-WL.2.0.0
2024-07-17 20:23:47,075 [WARN] PackLoader:240 - Cannot read IP mode file for STMicroelectronics.FP-SNS-MOTENV1.5.0.0
2024-07-17 20:23:47,093 [WARN] PackLoader:240 - Cannot read IP mode file for wolfSSL.I-CUBE-wolfMQTT.1.19.0
2024-07-17 20:23:47,112 [WARN] PackLoader:240 - Cannot read IP mode file for WES.I-CUBE-Cesium.1.3.0
2024-07-17 20:23:47,127 [WARN] PackLoader:240 - Cannot read IP mode file for STMicroelectronics.X-CUBE-BLE2.3.3.0
2024-07-17 20:23:47,144 [WARN] PackLoader:240 - Cannot read IP mode file for STMicroelectronics.X-CUBE-TCPP.4.1.0
2024-07-17 20:23:47,181 [WARN] PackLoader:240 - Cannot read IP mode file for STMicroelectronics.X-CUBE-AZRTOS-G0.1.1.0
2024-07-17 20:23:47,206 [WARN] PackLoader:240 - Cannot read IP mode file for STMicroelectronics.X-CUBE-SAFEA1.1.2.2
2024-07-17 20:23:47,279 [WARN] PackLoader:240 - Cannot read IP mode file for STMicroelectronics.X-CUBE-NFC4.3.0.0
2024-07-17 20:23:47,296 [WARN] PackLoader:240 - Cannot read IP mode file for wolfSSL.I-CUBE-wolfMQTT.1.18.0
2024-07-17 20:23:47,324 [WARN] PackLoader:240 - Cannot read IP mode file for EmbeddedOffice.I-CUBE-FS-RTOS.1.0.1
2024-07-17 20:23:47,325 [ERROR] ConditionMgr:805 - Attr not supported : Dmpu
2024-07-17 20:23:47,325 [ERROR] ConditionMgr:805 - Attr not supported : Dmpu
2024-07-17 20:23:47,325 [ERROR] ConditionMgr:805 - Attr not supported : Dmpu
2024-07-17 20:23:47,325 [ERROR] ConditionMgr:805 - Attr not supported : Dmpu
2024-07-17 20:23:47,325 [ERROR] ConditionMgr:805 - Attr not supported : Dmpu
2024-07-17 20:23:47,325 [ERROR] ConditionMgr:805 - Attr not supported : Dmpu
2024-07-17 20:23:47,325 [ERROR] ConditionMgr:805 - Attr not supported : Dmpu
2024-07-17 20:23:47,325 [ERROR] ConditionMgr:805 - Attr not supported : Dmpu
2024-07-17 20:23:47,326 [ERROR] ConditionMgr:805 - Attr not supported : Dmpu
2024-07-17 20:23:47,326 [ERROR] ConditionMgr:805 - Attr not supported : Dmpu
2024-07-17 20:23:47,326 [ERROR] ConditionMgr:805 - Attr not supported : Dmpu
2024-07-17 20:23:47,326 [ERROR] ConditionMgr:805 - Attr not supported : Dmpu
2024-07-17 20:23:47,326 [ERROR] ConditionMgr:805 - Attr not supported : Dmpu
2024-07-17 20:23:47,326 [ERROR] ConditionMgr:805 - Attr not supported : Dmpu
2024-07-17 20:23:47,326 [ERROR] ConditionMgr:805 - Attr not supported : Dmpu
2024-07-17 20:23:47,326 [ERROR] ConditionMgr:805 - Attr not supported : Dmpu
2024-07-17 20:23:47,326 [ERROR] ConditionMgr:805 - Attr not supported : Dmpu
2024-07-17 20:23:47,327 [ERROR] ConditionMgr:805 - Attr not supported : Dmpu
2024-07-17 20:23:47,327 [ERROR] ConditionMgr:805 - Attr not supported : Dmpu
2024-07-17 20:23:47,327 [ERROR] ConditionMgr:805 - Attr not supported : Dmpu
2024-07-17 20:23:47,327 [ERROR] ConditionMgr:805 - Attr not supported : Dmpu
2024-07-17 20:23:47,327 [ERROR] ConditionMgr:805 - Attr not supported : Dmpu
2024-07-17 20:23:47,327 [ERROR] ConditionMgr:805 - Attr not supported : Dmpu
2024-07-17 20:23:47,327 [ERROR] ConditionMgr:805 - Attr not supported : Dmpu
2024-07-17 20:23:47,327 [ERROR] ConditionMgr:805 - Attr not supported : Dmpu
2024-07-17 20:23:47,327 [ERROR] ConditionMgr:805 - Attr not supported : Dmpu
2024-07-17 20:23:47,327 [ERROR] ConditionMgr:805 - Attr not supported : Dmpu
2024-07-17 20:23:47,328 [ERROR] ConditionMgr:805 - Attr not supported : Dmpu
2024-07-17 20:23:47,328 [ERROR] ConditionMgr:805 - Attr not supported : Dmpu
2024-07-17 20:23:47,328 [ERROR] ConditionMgr:805 - Attr not supported : Dmpu
2024-07-17 20:23:47,328 [ERROR] ConditionMgr:805 - Attr not supported : Dmpu
2024-07-17 20:23:47,328 [ERROR] ConditionMgr:805 - Attr not supported : Dmpu
2024-07-17 20:23:47,328 [ERROR] ConditionMgr:805 - Attr not supported : Dmpu
2024-07-17 20:23:47,328 [ERROR] ConditionMgr:805 - Attr not supported : Dmpu
2024-07-17 20:23:47,328 [ERROR] ConditionMgr:805 - Attr not supported : Dmpu
2024-07-17 20:23:47,328 [ERROR] ConditionMgr:805 - Attr not supported : Dmpu
2024-07-17 20:23:47,329 [ERROR] ConditionMgr:805 - Attr not supported : Dmpu
2024-07-17 20:23:47,329 [ERROR] ConditionMgr:805 - Attr not supported : Dmpu
2024-07-17 20:23:47,329 [ERROR] ConditionMgr:805 - Attr not supported : Dmpu
2024-07-17 20:23:47,329 [ERROR] ConditionMgr:805 - Attr not supported : Dmpu
2024-07-17 20:23:47,329 [ERROR] ConditionMgr:805 - Attr not supported : Dmpu
2024-07-17 20:23:47,329 [ERROR] ConditionMgr:805 - Attr not supported : Dmpu
2024-07-17 20:23:47,329 [ERROR] ConditionMgr:805 - Attr not supported : Dmpu
2024-07-17 20:23:47,330 [ERROR] ConditionMgr:805 - Attr not supported : Dmpu
2024-07-17 20:23:47,330 [ERROR] ConditionMgr:805 - Attr not supported : Dmpu
2024-07-17 20:23:47,330 [ERROR] ConditionMgr:805 - Attr not supported : Dmpu
2024-07-17 20:23:47,330 [ERROR] ConditionMgr:805 - Attr not supported : Dmpu
2024-07-17 20:23:47,330 [ERROR] ConditionMgr:805 - Attr not supported : Dmpu
2024-07-17 20:23:47,330 [ERROR] ConditionMgr:805 - Attr not supported : Dmpu
2024-07-17 20:23:47,330 [ERROR] ConditionMgr:805 - Attr not supported : Dmpu
2024-07-17 20:23:47,330 [ERROR] ConditionMgr:805 - Attr not supported : Dmpu
2024-07-17 20:23:47,330 [ERROR] ConditionMgr:805 - Attr not supported : Dmpu
2024-07-17 20:23:47,330 [ERROR] ConditionMgr:805 - Attr not supported : Dmpu
2024-07-17 20:23:47,330 [ERROR] ConditionMgr:805 - Attr not supported : Dmpu
2024-07-17 20:23:47,331 [ERROR] ConditionMgr:805 - Attr not supported : Dmpu
2024-07-17 20:23:47,331 [ERROR] ConditionMgr:805 - Attr not supported : Dmpu
2024-07-17 20:23:47,331 [ERROR] ConditionMgr:805 - Attr not supported : Dmpu
2024-07-17 20:23:47,331 [ERROR] ConditionMgr:805 - Attr not supported : Dmpu
2024-07-17 20:23:47,331 [ERROR] ConditionMgr:805 - Attr not supported : Dmpu
2024-07-17 20:23:47,331 [ERROR] ConditionMgr:805 - Attr not supported : Dmpu
2024-07-17 20:23:47,331 [ERROR] ConditionMgr:805 - Attr not supported : Dmpu
2024-07-17 20:23:47,331 [ERROR] ConditionMgr:805 - Attr not supported : Dmpu
2024-07-17 20:23:47,332 [ERROR] ConditionMgr:805 - Attr not supported : Dmpu
2024-07-17 20:23:47,332 [ERROR] ConditionMgr:805 - Attr not supported : Dmpu
2024-07-17 20:23:47,349 [WARN] PackLoader:240 - Cannot read IP mode file for RealThread.X-CUBE-RT-Thread_Nano.4.1.1
2024-07-17 20:23:47,399 [WARN] PackLoader:240 - Cannot read IP mode file for wolfSSL.I-CUBE-wolfSSL.5.7.0
2024-07-17 20:23:47,420 [WARN] PackLoader:240 - Cannot read IP mode file for STMicroelectronics.FP-ATR-SIGFOX1.3.2.0
2024-07-17 20:23:47,439 [WARN] PackLoader:240 - Cannot read IP mode file for STMicroelectronics.X-CUBE-EEPRMA1.5.1.0
2024-07-17 20:23:47,472 [WARN] PackLoader:240 - Cannot read IP mode file for ITTIA_DB.I-CUBE-ITTIADB.8.9.0
2024-07-17 20:23:47,553 [WARN] PackLoader:240 - Cannot read IP mode file for SEGGER.I-CUBE-embOS.1.3.1
2024-07-17 20:23:47,646 [WARN] PackLoader:240 - Cannot read IP mode file for STMicroelectronics.X-CUBE-ALGOBUILD.1.4.0
2024-07-17 20:23:47,684 [WARN] PackLoader:240 - Cannot read IP mode file for STMicroelectronics.X-CUBE-GNSS1.6.0.0
2024-07-17 20:23:47,738 [WARN] PackLoader:240 - Cannot read IP mode file for STMicroelectronics.X-CUBE-AZRTOS-F4.1.1.0
2024-07-17 20:23:47,761 [WARN] PackLoader:240 - Cannot read IP mode file for STMicroelectronics.X-CUBE-FREERTOS.1.2.0
2024-07-17 20:23:47,820 [WARN] PackLoader:240 - Cannot read IP mode file for STMicroelectronics.X-CUBE-AZRTOS-L5.2.0.0
2024-07-17 20:23:47,855 [WARN] PackLoader:240 - Cannot read IP mode file for STMicroelectronics.X-CUBE-NFC6.3.1.0
2024-07-17 20:23:47,892 [WARN] PackLoader:240 - Cannot read IP mode file for STMicroelectronics.X-CUBE-DPower.1.2.0
2024-07-17 20:23:47,928 [WARN] PackLoader:240 - Cannot read IP mode file for STMicroelectronics.X-CUBE-AI.9.0.0
2024-07-17 20:23:48,001 [WARN] PackLoader:240 - Cannot read IP mode file for STMicroelectronics.X-CUBE-NFC7.1.0.1
2024-07-17 20:23:48,064 [WARN] PackLoader:240 - Cannot read IP mode file for wolfSSL.I-CUBE-wolfTPM.3.2.0
2024-07-17 20:23:48,107 [WARN] ConditionMgr:438 - getConditionDescription Invalid condition id : LAN8742 Phy interface Condition cause : null
2024-07-17 20:23:48,108 [WARN] PackLoader:240 - Cannot read IP mode file for STMicroelectronics.X-CUBE-AZRTOS-L4.2.0.0
2024-07-17 20:23:48,110 [WARN] ConditionMgr:1039 - genDependencies : Invalid condition id : LAN8742 Phy interface Condition cause : null
2024-07-17 20:23:48,110 [WARN] ConditionMgr:1039 - genDependencies : Invalid condition id : LAN8742 Phy interface Condition cause : null
2024-07-17 20:23:48,111 [WARN] ConditionMgr:1039 - genDependencies : Invalid condition id : LAN8742 Phy interface Condition cause : null
2024-07-17 20:23:48,142 [WARN] PackLoader:240 - Cannot read IP mode file for STMicroelectronics.X-CUBE-SFXS2LP1.4.0.0
2024-07-17 20:23:48,226 [WARN] ConditionMgr:438 - getConditionDescription Invalid condition id : UX DEVICE CLASS RTOS Condition cause : null
2024-07-17 20:23:48,226 [WARN] ConditionMgr:438 - getConditionDescription Invalid condition id : UX DEVICE CLASS RTOS Condition cause : null
2024-07-17 20:23:48,229 [WARN] PackLoader:240 - Cannot read IP mode file for STMicroelectronics.X-CUBE-AZRTOS-WB.2.0.0
2024-07-17 20:23:48,231 [WARN] ConditionMgr:1039 - genDependencies : Invalid condition id : UX DEVICE CLASS RTOS Condition cause : null
2024-07-17 20:23:48,231 [WARN] ConditionMgr:1039 - genDependencies : Invalid condition id : UX DEVICE CLASS RTOS Condition cause : null
2024-07-17 20:23:48,231 [WARN] ConditionMgr:1039 - genDependencies : Invalid condition id : UX DEVICE CLASS RTOS Condition cause : null
2024-07-17 20:23:48,232 [WARN] ConditionMgr:1039 - genDependencies : Invalid condition id : UX DEVICE CLASS RTOS Condition cause : null
2024-07-17 20:23:48,232 [WARN] ConditionMgr:1039 - genDependencies : Invalid condition id : UX DEVICE CLASS RTOS Condition cause : null
2024-07-17 20:23:48,268 [WARN] PackLoader:240 - Cannot read IP mode file for STMicroelectronics.X-CUBE-SUBG2.5.0.0
2024-07-17 20:23:48,310 [WARN] PackLoader:240 - Cannot read IP mode file for STMicroelectronics.X-CUBE-AZRTOS-G4.2.0.0
2024-07-17 20:23:48,336 [WARN] PackLoader:240 - Cannot read IP mode file for STMicroelectronics.X-CUBE-ISPU.2.0.0
2024-07-17 20:23:48,365 [WARN] PackLoader:240 - Cannot read IP mode file for STMicroelectronics.X-CUBE-ALS.1.0.2
2024-07-17 20:23:48,461 [WARN] PackLoader:240 - Cannot read IP mode file for STMicroelectronics.X-CUBE-MEMS1.10.0.0
2024-07-17 20:23:48,595 [WARN] PackLoader:240 - Cannot read IP mode file for STMicroelectronics.X-CUBE-TOUCHGFX.4.24.0
2024-07-17 20:23:48,628 [WARN] PackLoader:240 - Cannot read IP mode file for portGmbH.I-Cube-SoM-uGOAL.1.1.0
2024-07-17 20:23:48,646 [WARN] PackLoader:240 - Cannot read IP mode file for STMicroelectronics.X-CUBE-ALS.1.0.1
2024-07-17 20:23:48,681 [WARN] PackLoader:240 - Cannot read IP mode file for STMicroelectronics.X-CUBE-AZRTOS-H7RS.1.0.0
2024-07-17 20:23:48,700 [WARN] PackLoader:240 - Cannot read IP mode file for STMicroelectronics.FP-ATR-ASTRA1.2.0.0
2024-07-17 20:23:48,733 [WARN] PackLoader:240 - Cannot read IP mode file for STMicroelectronics.X-CUBE-TOF1.3.4.1
2024-07-17 20:23:48,817 [WARN] PackLoader:240 - Cannot read IP mode file for STMicroelectronics.X-CUBE-AZRTOS-H7.3.2.0
2024-07-17 20:23:48,928 [WARN] PackLoader:240 - Cannot read IP mode file for Infineon.AIROC-Wi-Fi-Bluetooth-STM32.1.6.0
2024-07-17 20:23:49,039 [WARN] PackLoader:240 - Cannot read IP mode file for wolfSSL.I-CUBE-wolfSSH.1.4.17
2024-07-17 20:23:49,041 [INFO] ThirdParty:978 - Integrity check success = true
2024-07-17 20:23:49,041 [INFO] IntegrityCheckThread:100 - exiting critical section [integrity check]
2024-07-17 20:23:49,041 [INFO] IntegrityCheckThread:103 - End integrity checks thread
2024-07-17 20:23:49,844 [INFO] WebApp:161 - Instantiating new browser for Auth
2024-07-17 20:23:50,624 [INFO] WebApp:779 - Register for checkConnection events
2024-07-17 20:23:50,625 [INFO] WebApp:414 - Apply proxy settings
2024-07-17 20:23:50,625 [INFO] WebApp:499 - Chromium requires no authentication
2024-07-17 20:23:50,636 [INFO] WebApp:442 - Direct internet connection detected
2024-07-17 20:23:50,894 [INFO] WebApp:192 - Starting web application
2024-07-17 20:23:50,894 [INFO] WebApp:544 - Web application path used C:\ST\STM32CubeIDE_1.15.1\STM32CubeIDE\plugins\com.st.stm32cube.common.mx_6.11.1.202404110753\db\plugins\mcufinder\reactClient1\index.html
2024-07-17 20:25:02,655 [INFO] McuFinderGlobals:63 - Set McuFinder mode to 2 (CubeIDE integrated)
2024-07-17 20:25:02,688 [INFO] MainUpdater:2873 - connection check result : 10
2024-07-17 20:25:02,696 [INFO] MainUpdater:2873 - connection check result : 10
2024-07-17 20:25:02,893 [INFO] MicroXplorer:468 - Change Database Path : 
2024-07-17 20:25:02,894 [INFO] MicroXplorer:498 - Change Database Version : DB.6.0.111
2024-07-17 20:25:02,899 [WARN] ThirdParty:871 - waiting for thirdparty lock release [close project]
2024-07-17 20:25:02,899 [INFO] ThirdParty:873 - entering critical section [close project]
2024-07-17 20:25:02,901 [INFO] ThirdParty:883 - exiting critical section [close project]
2024-07-17 20:25:02,903 [INFO] PinOutPanel:1561 - setPackage(No Configuration,No Configuration)
2024-07-17 20:25:02,906 [INFO] UtilMem:75 - Begin LoadConfig() Used Memory: 499979040 Bytes (662700032)
2024-07-17 20:25:02,907 [INFO] MicroXplorer:468 - Change Database Path : 
2024-07-17 20:25:02,907 [INFO] MicroXplorer:498 - Change Database Version : DB.6.0.111
2024-07-17 20:25:02,907 [INFO] OpenFileManager:312 - Change cursor
2024-07-17 20:25:02,995 [INFO] Mcu:2021 - Initializing MCU STM32L053C(6-8)Tx STM32L053C8Tx STM32L053C8T6
2024-07-17 20:25:05,040 [INFO] Context:663 - Trying to add GPIOservice into a context  which must be forbidden
2024-07-17 20:25:05,663 [INFO] RtosManager:555 - Registered RTOS mode: class=CMSIS, group=RTOS, mode=CMSIS_V1, owner=FREERTOS
2024-07-17 20:25:05,664 [INFO] RtosManager:555 - Registered RTOS mode: class=CMSIS, group=RTOS2, mode=CMSIS_V2, owner=FREERTOS
2024-07-17 20:25:05,664 [INFO] RtosManager:555 - Registered RTOS mode: class=RTOS, group=Core, mode=CMSIS_V1, owner=FREERTOS
2024-07-17 20:25:05,664 [INFO] RtosManager:555 - Registered RTOS mode: class=RTOS, group=Core, mode=CMSIS_V2, owner=FREERTOS
2024-07-17 20:25:05,664 [WARN] ModelIntegratedComponent:184 - Missing modes for component STMicroelectronics:FreeRTOS:0.0.1:STMicroelectronics:RTOS:FreeRTOS:Core:::10.2.0:
2024-07-17 20:25:05,689 [WARN] ModelIntegratedComponent:63 - No mode defined for component null
2024-07-17 20:25:05,689 [WARN] ModelIntegratedComponent:63 - No mode defined for component null
2024-07-17 20:25:05,690 [WARN] ModelIntegratedComponent:63 - No mode defined for component null
2024-07-17 20:25:05,690 [WARN] ModelIntegratedComponent:63 - No mode defined for component null
2024-07-17 20:25:05,690 [WARN] ModelIntegratedComponent:63 - No mode defined for component null
2024-07-17 20:25:05,690 [WARN] ModelIntegratedComponent:63 - No mode defined for component null
2024-07-17 20:25:05,690 [WARN] ModelIntegratedComponent:63 - No mode defined for component null
2024-07-17 20:25:05,690 [WARN] ModelIntegratedComponent:63 - No mode defined for component null
2024-07-17 20:25:05,690 [WARN] ModelIntegratedComponent:63 - No mode defined for component null
2024-07-17 20:25:05,690 [WARN] ModelIntegratedComponent:63 - No mode defined for component null
2024-07-17 20:25:05,690 [WARN] ModelIntegratedComponent:63 - No mode defined for component null
2024-07-17 20:25:05,690 [WARN] ModelIntegratedComponent:63 - No mode defined for component null
2024-07-17 20:25:05,690 [WARN] ModelIntegratedComponent:63 - No mode defined for component null
2024-07-17 20:25:05,691 [WARN] ModelIntegratedComponent:63 - No mode defined for component null
2024-07-17 20:25:05,691 [WARN] ModelIntegratedComponent:63 - No mode defined for component null
2024-07-17 20:25:05,691 [WARN] ModelIntegratedComponent:63 - No mode defined for component null
2024-07-17 20:25:05,691 [WARN] ModelIntegratedComponent:63 - No mode defined for component null
2024-07-17 20:25:05,691 [WARN] ModelIntegratedComponent:63 - No mode defined for component null
2024-07-17 20:25:05,692 [WARN] ModelIntegratedComponent:63 - No mode defined for component null
2024-07-17 20:25:05,692 [WARN] ModelIntegratedComponent:63 - No mode defined for component null
2024-07-17 20:25:05,692 [WARN] ModelIntegratedComponent:63 - No mode defined for component null
2024-07-17 20:25:05,692 [WARN] ModelIntegratedComponent:63 - No mode defined for component null
2024-07-17 20:25:05,692 [WARN] ModelIntegratedComponent:63 - No mode defined for component null
2024-07-17 20:25:05,692 [WARN] ModelIntegratedComponent:63 - No mode defined for component null
2024-07-17 20:25:05,692 [WARN] ModelIntegratedComponent:63 - No mode defined for component null
2024-07-17 20:25:05,692 [WARN] ModelIntegratedComponent:63 - No mode defined for component null
2024-07-17 20:25:05,693 [WARN] ModelIntegratedComponent:63 - No mode defined for component null
2024-07-17 20:25:05,698 [WARN] ModelIntegratedComponent:63 - No mode defined for component null
2024-07-17 20:25:05,701 [WARN] ModelIntegratedComponent:63 - No mode defined for component null
2024-07-17 20:25:05,701 [WARN] ModelIntegratedComponent:63 - No mode defined for component null
2024-07-17 20:25:05,701 [WARN] ModelIntegratedComponent:63 - No mode defined for component null
2024-07-17 20:25:05,701 [WARN] ModelIntegratedComponent:63 - No mode defined for component null
2024-07-17 20:25:05,701 [WARN] ModelIntegratedComponent:63 - No mode defined for component null
2024-07-17 20:25:05,701 [WARN] ModelIntegratedComponent:63 - No mode defined for component null
2024-07-17 20:25:05,878 [INFO] ThirdPartyModel:298 - Start build external matchings
2024-07-17 20:25:06,171 [INFO] ThirdPartyModel:316 - End build external matchings
2024-07-17 20:25:06,191 [INFO] ImportTextPane:194 - (OptionalMessage_ERROR) IP (RCC) : Invalid parameter (FamilyName)
2024-07-17 20:25:06,195 [INFO] ImportTextPane:194 - (OptionalMessage_ERROR) IP (RCC) : Parameter (RTCHSEDivFreq_Value) has invalid value (4000000)
2024-07-17 20:25:06,195 [INFO] ImportTextPane:194 - (OptionalMessage_ERROR) IP (RCC) : Invalid parameter (TIMFreq_Value)
2024-07-17 20:25:06,531 [INFO] ApiDb:581 - Connected to CubeFinder SQLite database (C:\Users\Matheus Markies\.stmcufinder\plugins\mcufinder\mcu\cube-finder-db.db)
2024-07-17 20:25:06,615 [INFO] ApiDb:668 - CubeFinder database Data Model version=2.1
2024-07-17 20:25:06,615 [INFO] ApiDb:669 - CubeFinder database Configuration version=3.0.39
2024-07-17 20:25:06,615 [INFO] ApiDb:670 - CubeFinder database generation date=2024-06-20 (1718880634)
2024-07-17 20:25:06,615 [INFO] ApiDb:671 - CubeFinder database FW Pack versions=[FP-ATR-ASTRA1_V2.0.0, FP-SNS-FLIGHT1_V5.0.2, FP-SNS-MOTENV1_V5.0.0, FP-SNS-MOTENVWB1_V1.4.0, FP-SNS-SMARTAG2_V1.2.0, STM32Cube_FW_C0_V1.2.0, STM32Cube_FW_F4_V1.28.0, STM32Cube_FW_F7_V1.17.2, STM32Cube_FW_G0_V1.6.2, STM32Cube_FW_G4_V1.6.0, STM32Cube_FW_H5_V1.3.0, STM32Cube_FW_H7RS_V1.1.0, STM32Cube_FW_H7_V1.11.2, STM32Cube_FW_L0_V1.12.2, STM32Cube_FW_L5_V1.5.1, STM32Cube_FW_U0_V1.1.0, STM32Cube_FW_U5_V1.6.0, STM32Cube_FW_WB0_V1.0.0, STM32Cube_FW_WBA_V1.4.0, STM32Cube_FW_WB_V1.20.0, STM32Cube_FW_WL_V1.3.0, X-CUBE-ALGOBUILD_V1.4.0, X-CUBE-ALS_V1.0.2, X-CUBE-AZRTOS-F4_V1.1.0, X-CUBE-AZRTOS-F7_V1.1.0, X-CUBE-AZRTOS-G0_V1.1.0, X-CUBE-AZRTOS-G4_V2.0.0, X-CUBE-AZRTOS-H7RS_V1.0.0, X-CUBE-AZRTOS-H7_V3.2.0, X-CUBE-AZRTOS-L4_V2.0.0, X-CUBE-AZRTOS-L5_V1.1.0, X-CUBE-AZRTOS-WB_V2.0.0, X-CUBE-AZRTOS-WL_V2.0.0, X-CUBE-BLE1_V7.0.0, X-CUBE-BLE2_V3.3.0, X-CUBE-BLEMGR_V3.1.0, X-CUBE-EEPRMA1_V5.1.0, X-CUBE-FREERTOS_V1.2.0, X-CUBE-GNSS1_V6.0.0, X-CUBE-MEMS1_V10.0.0, X-CUBE-NFC4_V3.0.0, X-CUBE-NFC7_V1.0.1, X-CUBE-SFXS2LP1_V4.0.0, X-CUBE-SUBG2_V5.0.0, X-CUBE-TOF1_V3.4.1]
2024-07-17 20:25:06,698 [INFO] DbBoardsSqlite:226 - include board P-NUCLEO-WB55-NUCLEO as a kit item of type 'Nucleo-64'
2024-07-17 20:25:06,699 [INFO] DbBoardsSqlite:226 - include board P-NUCLEO-WB55-USBDONGLE as a kit item of type 'Nucleo USB Dongle'
2024-07-17 20:25:06,699 [INFO] DbBoardsSqlite:226 - include board STEVAL-IDP005V1 as a kit item of type 'Evaluation Board'
2024-07-17 20:25:06,699 [INFO] DbBoardsSqlite:226 - include board STEVAL-IDP005V2 as a kit item of type 'Evaluation Board'
2024-07-17 20:25:06,771 [INFO] ApiDb:240 - Found 483 in-development CPN: [B-G473E-ZEST1S, B-WB1M-WPAN1, B-WL5M-SUBG1, NUCLEO-C031C6, NUCLEO-H503RB, NUCLEO-H533RE, NUCLEO-H563ZI, NUCLEO-H7S3L8, NUCLEO-U031R8, NUCLEO-U083RC, NUCLEO-U545RE-Q, NUCLEO-U5A5ZJ-Q, NUCLEO-WBA52CG, NUCLEO-WBA55CG, STEVAL-PROTEUS1, STEVAL-SMARTAG2, STEVAL-STWINBX1, STM320518-EVAL, STM32C0116-DK, STM32C011D6Y3TR, STM32C011D6Y6TR, STM32C011F4P3, STM32C011F4P6, STM32C011F4U3, STM32C011F4U6TR, STM32C011F6P3, STM32C011F6P6, STM32C011F6U3, STM32C011F6U6TR, STM32C011J4M3, STM32C011J4M6, STM32C011J6M3, STM32C011J6M6, STM32C0316-DK, STM32C031C4T3, STM32C031C4T6, STM32C031C4U3, STM32C031C4U6, STM32C031C6T3, STM32C031C6T6, STM32C031C6U3, STM32C031C6U6, STM32C031F4P3, STM32C031F4P6, STM32C031F6P3, STM32C031F6P6, STM32C031G4U3, STM32C031G4U6, STM32C031G6U3, STM32C031G6U6, STM32C031K4T3, STM32C031K4T6, STM32C031K4U3, STM32C031K4U6, STM32C031K6T3, STM32C031K6T6, STM32C031K6U3, STM32C031K6U6, STM32G071K8TXN, STM32G071K8UXN, STM32G081GBU6N, STM32G081KBT6N, STM32G081KBUXN, STM32G0B1CCT6N, STM32G0B1KCT6, STM32G0B1NEY6TR, STM32G0B1RCT6N, STM32G0C1CCT6, STM32G0C1CCT6N, STM32G0C1CCU6N, STM32G0C1CET6N, STM32G0C1CEU6N, STM32G0C1KCT6, STM32G0C1NEY6TR, STM32G0C1RCI6N, STM32G0C1RCT6N, STM32G0C1REI6N, STM32G0C1RET6N, STM32G0C1VCI6, STM32G0C1VEI6, STM32G471CCT6, STM32G471CCU6, STM32G471CET3, STM32G471CET6, STM32G471CEU3, STM32G471CEU6, STM32G471MCT6, STM32G471MET3, STM32G471MET6, STM32G471MEY6TR, STM32G471QCT6, STM32G471QET3, STM32G471RCT6, STM32G471RET3, STM32G471RET6, STM32G471VCH6, STM32G471VCI6, STM32G471VCT6, STM32G471VEH3, STM32G471VEH6, STM32G471VEI3, STM32G471VEI6, STM32G471VET3, STM32G471VET6, STM32G474CCT6, STM32H503CBT6, STM32H503CBU6, STM32H503EBY6TR, STM32H503KBU6, STM32H503RBT6, STM32H523CCT6, STM32H523CCU6, STM32H523CET6, STM32H523CEU6, STM32H523HEY6TR, STM32H523RCT6, STM32H523RET6, STM32H523VCI6, STM32H523VCT6, STM32H523VEI6, STM32H523VET6, STM32H523ZCJ6, STM32H523ZCT6, STM32H523ZEJ6, STM32H523ZET6, STM32H533CET6, STM32H533CEU6, STM32H533HEY6TR, STM32H533RET6, STM32H533VEI6, STM32H533VET6, STM32H533ZEJ6, STM32H533ZET6, STM32H562AGI6, STM32H562AII6, STM32H562IGK6, STM32H562IGT6, STM32H562IIK6, STM32H562IIT6, STM32H562RGT6, STM32H562RGV6, STM32H562RIT6, STM32H562RIV6, STM32H562VGT6, STM32H562VIT6, STM32H562ZGT6, STM32H562ZIT6, STM32H563AGI6, STM32H563AII3Q, STM32H563AII6, STM32H563IGK6, STM32H563IGT6, STM32H563IIK3Q, STM32H563IIK6, STM32H563IIT3Q, STM32H563IIT6, STM32H563MIY3QTR, STM32H563RGT6, STM32H563RGV6, STM32H563RIT6, STM32H563RIV6, STM32H563VGT6, STM32H563VIT3Q, STM32H563VIT6, STM32H563ZGT6, STM32H563ZIT3Q, STM32H563ZIT6, STM32H573AII3Q, STM32H573AII6, STM32H573I-DK, STM32H573IIK3Q, STM32H573IIK6, STM32H573IIT3Q, STM32H573IIT6, STM32H573MIY3QTR, STM32H573RIT6, STM32H573RIV6, STM32H573VIT3Q, STM32H573VIT6, STM32H573ZIT3Q, STM32H573ZIT6, STM32H7R3A8I6, STM32H7R3I8K6, STM32H7R3I8T6, STM32H7R3L8H6, STM32H7R3L8H6H, STM32H7R3R8V6, STM32H7R3V8H6, STM32H7R3V8T6, STM32H7R3V8Y6, STM32H7R3Z8J6, STM32H7R3Z8T6, STM32H7R7A8I6, STM32H7R7I8K6, STM32H7R7I8T6, STM32H7R7L8H6, STM32H7R7L8H6H, STM32H7R7Z8J6, STM32H7S3A8I6, STM32H7S3I8K6, STM32H7S3I8T6, STM32H7S3L8H6, STM32H7S3L8H6H, STM32H7S3R8V6, STM32H7S3V8H6, STM32H7S3V8T6, STM32H7S3V8Y6, STM32H7S3Z8J6, STM32H7S3Z8T6, STM32H7S78-DK, STM32H7S7A8I6, STM32H7S7I8K6, STM32H7S7I8T6, STM32H7S7L8H6, STM32H7S7L8H6H, STM32H7S7Z8J6, STM32L4R5QGI6STR, STM32MP131AAE3, STM32MP131AAF3, STM32MP131AAG3, STM32MP131CAE3, STM32MP131CAF3, STM32MP131CAG3, STM32MP131DAE7, STM32MP131DAF7, STM32MP131DAG7, STM32MP131FAE7, STM32MP131FAF7, STM32MP131FAG7, STM32MP133AAE3, STM32MP133AAF3, STM32MP133AAG3, STM32MP133CAE3, STM32MP133CAF3, STM32MP133CAG3, STM32MP133DAE7, STM32MP133DAF7, STM32MP133DAG7, STM32MP133FAE7, STM32MP133FAF7, STM32MP133FAG7, STM32MP135AAE3, STM32MP135AAF3, STM32MP135AAG3, STM32MP135CAE3, STM32MP135CAF3, STM32MP135CAG3, STM32MP135DAE7, STM32MP135DAF7, STM32MP135DAG7, STM32MP135F-DK, STM32MP135FAE7, STM32MP135FAF7, STM32MP135FAF7T, STM32MP135FAF7U, STM32MP135FAG7, STM32U031C6T6, STM32U031C6U6, STM32U031C8T6, STM32U031C8U6, STM32U031F4P6, STM32U031F6P6, STM32U031F8P6, STM32U031G6Y6TR, STM32U031G8Y6TR, STM32U031K4U6, STM32U031K6U6, STM32U031K8U6, STM32U031R6I6, STM32U031R6T6, STM32U031R8I6, STM32U031R8T6, STM32U073C8T6, STM32U073C8U6, STM32U073CBT6, STM32U073CBU6, STM32U073CCT6, STM32U073CCU6, STM32U073H8Y6TR, STM32U073HBY6TR, STM32U073HCY6TR, STM32U073K8U6, STM32U073KBU6, STM32U073KCU6, STM32U073M8I6, STM32U073M8T6, STM32U073MBI6, STM32U073MBT6, STM32U073MCI6, STM32U073MCT6, STM32U073R8I6, STM32U073R8T6, STM32U073RBI6, STM32U073RBT6, STM32U073RCI6, STM32U073RCT6, STM32U083C-DK, STM32U083CCT6, STM32U083CCU6, STM32U083HCY6TR, STM32U083KCU6, STM32U083MCI6, STM32U083MCT6, STM32U083RCI6, STM32U083RCT6, STM32U535CBT6, STM32U535CBT6Q, STM32U535CBU6, STM32U535CBU6Q, STM32U535CCT6, STM32U535CCT6Q, STM32U535CCU6, STM32U535CCU6Q, STM32U535CET6, STM32U535CET6Q, STM32U535CEU6, STM32U535CEU6Q, STM32U535JEY6QTR, STM32U535NCY6QTR, STM32U535NEY6QTR, STM32U535RBI6, STM32U535RBI6Q, STM32U535RBT6, STM32U535RBT6Q, STM32U535RCI6, STM32U535RCI6Q, STM32U535RCT6, STM32U535RCT6Q, STM32U535REI6, STM32U535REI6Q, STM32U535RET6, STM32U535RET6Q, STM32U535VCI6, STM32U535VCI6Q, STM32U535VCT6, STM32U535VCT6Q, STM32U535VEI6, STM32U535VEI6Q, STM32U535VET6, STM32U535VET6Q, STM32U545CET6, STM32U545CET6Q, STM32U545CEU6, STM32U545CEU6Q, STM32U545JEY6QTR, STM32U545NEY6QTR, STM32U545REI6, STM32U545REI6Q, STM32U545RET6, STM32U545RET6Q, STM32U545VEI6, STM32U545VEI6Q, STM32U545VET6, STM32U545VET6Q, STM32U595AIH6, STM32U595AIH6Q, STM32U595AJH6, STM32U595AJH6Q, STM32U595QII6, STM32U595QII6Q, STM32U595QJI6, STM32U595QJI6Q, STM32U595RIT6, STM32U595RIT6Q, STM32U595RJT6, STM32U595RJT6Q, STM32U595VIT6, STM32U595VIT6Q, STM32U595VJT6, STM32U595VJT6Q, STM32U595ZIT6, STM32U595ZIT6Q, STM32U595ZIY6QTR, STM32U595ZJT6, STM32U595ZJT6Q, STM32U595ZJY6QTR, STM32U599BJY6QTR, STM32U599NIH6Q, STM32U599NJH6Q, STM32U599VIT6Q, STM32U599VJT6, STM32U599VJT6Q, STM32U599ZIT6Q, STM32U599ZIY6QTR, STM32U599ZJT6Q, STM32U599ZJY6QTR, STM32U5A5AJH6, STM32U5A5AJH6Q, STM32U5A5QII3Q , STM32U5A5QJI6, STM32U5A5QJI6Q, STM32U5A5RJT6, STM32U5A5RJT6Q, STM32U5A5VJT6, STM32U5A5VJT6Q, STM32U5A5ZJT6, STM32U5A5ZJT6Q, STM32U5A5ZJY6QTR, STM32U5A9BJY6QTR, STM32U5A9J-DK, STM32U5A9NJH6Q, STM32U5A9VJT6Q, STM32U5A9ZJT6Q, STM32U5A9ZJY6QTR, STM32U5F7VIT6, STM32U5F7VIT6Q, STM32U5F7VJT6, STM32U5F7VJT6Q, STM32U5F9BJY6QTR, STM32U5F9NJH6Q, STM32U5F9VIT6Q, STM32U5F9VJT6Q, STM32U5F9ZIJ6QTR, STM32U5F9ZIT6Q, STM32U5F9ZJJ6QTR, STM32U5F9ZJT6Q, STM32U5G7VJT6, STM32U5G7VJT6Q, STM32U5G9BJY6QTR, STM32U5G9J-DK1, STM32U5G9J-DK2, STM32U5G9NJH6Q, STM32U5G9VJT6Q, STM32U5G9ZJJ6QTR, STM32U5G9ZJT6Q, STM32WB1MMCH6, STM32WBA50KEU6, STM32WBA50KEU6TR, STM32WBA50KGU6, STM32WBA50KGU6TR, STM32WBA52CEU6, STM32WBA52CEU6TR, STM32WBA52CEU7, STM32WBA52CEU7TR, STM32WBA52CGU6, STM32WBA52CGU6TR, STM32WBA52CGU6U, STM32WBA52CGU7, STM32WBA52CGU7TR, STM32WBA52KEU6, STM32WBA52KEU6TR, STM32WBA52KGU6, STM32WBA52KGU6TR, STM32WBA54CEU6, STM32WBA54CEU6TR, STM32WBA54CEU7, STM32WBA54CEU7TR, STM32WBA54CGU6, STM32WBA54CGU6TR, STM32WBA54CGU7, STM32WBA54CGU7TR, STM32WBA54KEU6, STM32WBA54KEU6TR, STM32WBA54KEU7, STM32WBA54KEU7TR, STM32WBA54KGU6, STM32WBA54KGU6TR, STM32WBA54KGU7, STM32WBA54KGU7TR, STM32WBA55CEU6, STM32WBA55CEU6TR, STM32WBA55CEU7, STM32WBA55CEU7TR, STM32WBA55CGU6, STM32WBA55CGU6TR, STM32WBA55CGU6U, STM32WBA55CGU7, STM32WBA55CGU7TR, STM32WBA55G-DK1, STM32WBA55HEF6, STM32WBA55HEF7, STM32WBA55HGF6, STM32WBA55HGF7, STM32WBA55UEI6, STM32WBA55UEI6TR, STM32WBA55UEI7, STM32WBA55UEI7TR, STM32WBA55UGI6, STM32WBA55UGI6TR, STM32WBA55UGI7, STM32WBA55UGI7TR, STM32WL5MOCH6, STM32WL5MOCH6TR]
2024-07-17 20:25:06,774 [INFO] ApiDb:668 - CubeFinder database Data Model version=2.1
2024-07-17 20:25:06,775 [INFO] ApiDb:669 - CubeFinder database Configuration version=3.0.39
2024-07-17 20:25:06,775 [INFO] ApiDb:670 - CubeFinder database generation date=2024-06-20 (1718880634)
2024-07-17 20:25:06,775 [INFO] ApiDb:671 - CubeFinder database FW Pack versions=[FP-ATR-ASTRA1_V2.0.0, FP-SNS-FLIGHT1_V5.0.2, FP-SNS-MOTENV1_V5.0.0, FP-SNS-MOTENVWB1_V1.4.0, FP-SNS-SMARTAG2_V1.2.0, STM32Cube_FW_C0_V1.2.0, STM32Cube_FW_F4_V1.28.0, STM32Cube_FW_F7_V1.17.2, STM32Cube_FW_G0_V1.6.2, STM32Cube_FW_G4_V1.6.0, STM32Cube_FW_H5_V1.3.0, STM32Cube_FW_H7RS_V1.1.0, STM32Cube_FW_H7_V1.11.2, STM32Cube_FW_L0_V1.12.2, STM32Cube_FW_L5_V1.5.1, STM32Cube_FW_U0_V1.1.0, STM32Cube_FW_U5_V1.6.0, STM32Cube_FW_WB0_V1.0.0, STM32Cube_FW_WBA_V1.4.0, STM32Cube_FW_WB_V1.20.0, STM32Cube_FW_WL_V1.3.0, X-CUBE-ALGOBUILD_V1.4.0, X-CUBE-ALS_V1.0.2, X-CUBE-AZRTOS-F4_V1.1.0, X-CUBE-AZRTOS-F7_V1.1.0, X-CUBE-AZRTOS-G0_V1.1.0, X-CUBE-AZRTOS-G4_V2.0.0, X-CUBE-AZRTOS-H7RS_V1.0.0, X-CUBE-AZRTOS-H7_V3.2.0, X-CUBE-AZRTOS-L4_V2.0.0, X-CUBE-AZRTOS-L5_V1.1.0, X-CUBE-AZRTOS-WB_V2.0.0, X-CUBE-AZRTOS-WL_V2.0.0, X-CUBE-BLE1_V7.0.0, X-CUBE-BLE2_V3.3.0, X-CUBE-BLEMGR_V3.1.0, X-CUBE-EEPRMA1_V5.1.0, X-CUBE-FREERTOS_V1.2.0, X-CUBE-GNSS1_V6.0.0, X-CUBE-MEMS1_V10.0.0, X-CUBE-NFC4_V3.0.0, X-CUBE-NFC7_V1.0.1, X-CUBE-SFXS2LP1_V4.0.0, X-CUBE-SUBG2_V5.0.0, X-CUBE-TOF1_V3.4.1]
2024-07-17 20:25:08,938 [INFO] ApiDb:240 - Found 483 in-development CPN: [B-G473E-ZEST1S, B-WB1M-WPAN1, B-WL5M-SUBG1, NUCLEO-C031C6, NUCLEO-H503RB, NUCLEO-H533RE, NUCLEO-H563ZI, NUCLEO-H7S3L8, NUCLEO-U031R8, NUCLEO-U083RC, NUCLEO-U545RE-Q, NUCLEO-U5A5ZJ-Q, NUCLEO-WBA52CG, NUCLEO-WBA55CG, STEVAL-PROTEUS1, STEVAL-SMARTAG2, STEVAL-STWINBX1, STM320518-EVAL, STM32C0116-DK, STM32C011D6Y3TR, STM32C011D6Y6TR, STM32C011F4P3, STM32C011F4P6, STM32C011F4U3, STM32C011F4U6TR, STM32C011F6P3, STM32C011F6P6, STM32C011F6U3, STM32C011F6U6TR, STM32C011J4M3, STM32C011J4M6, STM32C011J6M3, STM32C011J6M6, STM32C0316-DK, STM32C031C4T3, STM32C031C4T6, STM32C031C4U3, STM32C031C4U6, STM32C031C6T3, STM32C031C6T6, STM32C031C6U3, STM32C031C6U6, STM32C031F4P3, STM32C031F4P6, STM32C031F6P3, STM32C031F6P6, STM32C031G4U3, STM32C031G4U6, STM32C031G6U3, STM32C031G6U6, STM32C031K4T3, STM32C031K4T6, STM32C031K4U3, STM32C031K4U6, STM32C031K6T3, STM32C031K6T6, STM32C031K6U3, STM32C031K6U6, STM32G071K8TXN, STM32G071K8UXN, STM32G081GBU6N, STM32G081KBT6N, STM32G081KBUXN, STM32G0B1CCT6N, STM32G0B1KCT6, STM32G0B1NEY6TR, STM32G0B1RCT6N, STM32G0C1CCT6, STM32G0C1CCT6N, STM32G0C1CCU6N, STM32G0C1CET6N, STM32G0C1CEU6N, STM32G0C1KCT6, STM32G0C1NEY6TR, STM32G0C1RCI6N, STM32G0C1RCT6N, STM32G0C1REI6N, STM32G0C1RET6N, STM32G0C1VCI6, STM32G0C1VEI6, STM32G471CCT6, STM32G471CCU6, STM32G471CET3, STM32G471CET6, STM32G471CEU3, STM32G471CEU6, STM32G471MCT6, STM32G471MET3, STM32G471MET6, STM32G471MEY6TR, STM32G471QCT6, STM32G471QET3, STM32G471RCT6, STM32G471RET3, STM32G471RET6, STM32G471VCH6, STM32G471VCI6, STM32G471VCT6, STM32G471VEH3, STM32G471VEH6, STM32G471VEI3, STM32G471VEI6, STM32G471VET3, STM32G471VET6, STM32G474CCT6, STM32H503CBT6, STM32H503CBU6, STM32H503EBY6TR, STM32H503KBU6, STM32H503RBT6, STM32H523CCT6, STM32H523CCU6, STM32H523CET6, STM32H523CEU6, STM32H523HEY6TR, STM32H523RCT6, STM32H523RET6, STM32H523VCI6, STM32H523VCT6, STM32H523VEI6, STM32H523VET6, STM32H523ZCJ6, STM32H523ZCT6, STM32H523ZEJ6, STM32H523ZET6, STM32H533CET6, STM32H533CEU6, STM32H533HEY6TR, STM32H533RET6, STM32H533VEI6, STM32H533VET6, STM32H533ZEJ6, STM32H533ZET6, STM32H562AGI6, STM32H562AII6, STM32H562IGK6, STM32H562IGT6, STM32H562IIK6, STM32H562IIT6, STM32H562RGT6, STM32H562RGV6, STM32H562RIT6, STM32H562RIV6, STM32H562VGT6, STM32H562VIT6, STM32H562ZGT6, STM32H562ZIT6, STM32H563AGI6, STM32H563AII3Q, STM32H563AII6, STM32H563IGK6, STM32H563IGT6, STM32H563IIK3Q, STM32H563IIK6, STM32H563IIT3Q, STM32H563IIT6, STM32H563MIY3QTR, STM32H563RGT6, STM32H563RGV6, STM32H563RIT6, STM32H563RIV6, STM32H563VGT6, STM32H563VIT3Q, STM32H563VIT6, STM32H563ZGT6, STM32H563ZIT3Q, STM32H563ZIT6, STM32H573AII3Q, STM32H573AII6, STM32H573I-DK, STM32H573IIK3Q, STM32H573IIK6, STM32H573IIT3Q, STM32H573IIT6, STM32H573MIY3QTR, STM32H573RIT6, STM32H573RIV6, STM32H573VIT3Q, STM32H573VIT6, STM32H573ZIT3Q, STM32H573ZIT6, STM32H7R3A8I6, STM32H7R3I8K6, STM32H7R3I8T6, STM32H7R3L8H6, STM32H7R3L8H6H, STM32H7R3R8V6, STM32H7R3V8H6, STM32H7R3V8T6, STM32H7R3V8Y6, STM32H7R3Z8J6, STM32H7R3Z8T6, STM32H7R7A8I6, STM32H7R7I8K6, STM32H7R7I8T6, STM32H7R7L8H6, STM32H7R7L8H6H, STM32H7R7Z8J6, STM32H7S3A8I6, STM32H7S3I8K6, STM32H7S3I8T6, STM32H7S3L8H6, STM32H7S3L8H6H, STM32H7S3R8V6, STM32H7S3V8H6, STM32H7S3V8T6, STM32H7S3V8Y6, STM32H7S3Z8J6, STM32H7S3Z8T6, STM32H7S78-DK, STM32H7S7A8I6, STM32H7S7I8K6, STM32H7S7I8T6, STM32H7S7L8H6, STM32H7S7L8H6H, STM32H7S7Z8J6, STM32L4R5QGI6STR, STM32MP131AAE3, STM32MP131AAF3, STM32MP131AAG3, STM32MP131CAE3, STM32MP131CAF3, STM32MP131CAG3, STM32MP131DAE7, STM32MP131DAF7, STM32MP131DAG7, STM32MP131FAE7, STM32MP131FAF7, STM32MP131FAG7, STM32MP133AAE3, STM32MP133AAF3, STM32MP133AAG3, STM32MP133CAE3, STM32MP133CAF3, STM32MP133CAG3, STM32MP133DAE7, STM32MP133DAF7, STM32MP133DAG7, STM32MP133FAE7, STM32MP133FAF7, STM32MP133FAG7, STM32MP135AAE3, STM32MP135AAF3, STM32MP135AAG3, STM32MP135CAE3, STM32MP135CAF3, STM32MP135CAG3, STM32MP135DAE7, STM32MP135DAF7, STM32MP135DAG7, STM32MP135F-DK, STM32MP135FAE7, STM32MP135FAF7, STM32MP135FAF7T, STM32MP135FAF7U, STM32MP135FAG7, STM32U031C6T6, STM32U031C6U6, STM32U031C8T6, STM32U031C8U6, STM32U031F4P6, STM32U031F6P6, STM32U031F8P6, STM32U031G6Y6TR, STM32U031G8Y6TR, STM32U031K4U6, STM32U031K6U6, STM32U031K8U6, STM32U031R6I6, STM32U031R6T6, STM32U031R8I6, STM32U031R8T6, STM32U073C8T6, STM32U073C8U6, STM32U073CBT6, STM32U073CBU6, STM32U073CCT6, STM32U073CCU6, STM32U073H8Y6TR, STM32U073HBY6TR, STM32U073HCY6TR, STM32U073K8U6, STM32U073KBU6, STM32U073KCU6, STM32U073M8I6, STM32U073M8T6, STM32U073MBI6, STM32U073MBT6, STM32U073MCI6, STM32U073MCT6, STM32U073R8I6, STM32U073R8T6, STM32U073RBI6, STM32U073RBT6, STM32U073RCI6, STM32U073RCT6, STM32U083C-DK, STM32U083CCT6, STM32U083CCU6, STM32U083HCY6TR, STM32U083KCU6, STM32U083MCI6, STM32U083MCT6, STM32U083RCI6, STM32U083RCT6, STM32U535CBT6, STM32U535CBT6Q, STM32U535CBU6, STM32U535CBU6Q, STM32U535CCT6, STM32U535CCT6Q, STM32U535CCU6, STM32U535CCU6Q, STM32U535CET6, STM32U535CET6Q, STM32U535CEU6, STM32U535CEU6Q, STM32U535JEY6QTR, STM32U535NCY6QTR, STM32U535NEY6QTR, STM32U535RBI6, STM32U535RBI6Q, STM32U535RBT6, STM32U535RBT6Q, STM32U535RCI6, STM32U535RCI6Q, STM32U535RCT6, STM32U535RCT6Q, STM32U535REI6, STM32U535REI6Q, STM32U535RET6, STM32U535RET6Q, STM32U535VCI6, STM32U535VCI6Q, STM32U535VCT6, STM32U535VCT6Q, STM32U535VEI6, STM32U535VEI6Q, STM32U535VET6, STM32U535VET6Q, STM32U545CET6, STM32U545CET6Q, STM32U545CEU6, STM32U545CEU6Q, STM32U545JEY6QTR, STM32U545NEY6QTR, STM32U545REI6, STM32U545REI6Q, STM32U545RET6, STM32U545RET6Q, STM32U545VEI6, STM32U545VEI6Q, STM32U545VET6, STM32U545VET6Q, STM32U595AIH6, STM32U595AIH6Q, STM32U595AJH6, STM32U595AJH6Q, STM32U595QII6, STM32U595QII6Q, STM32U595QJI6, STM32U595QJI6Q, STM32U595RIT6, STM32U595RIT6Q, STM32U595RJT6, STM32U595RJT6Q, STM32U595VIT6, STM32U595VIT6Q, STM32U595VJT6, STM32U595VJT6Q, STM32U595ZIT6, STM32U595ZIT6Q, STM32U595ZIY6QTR, STM32U595ZJT6, STM32U595ZJT6Q, STM32U595ZJY6QTR, STM32U599BJY6QTR, STM32U599NIH6Q, STM32U599NJH6Q, STM32U599VIT6Q, STM32U599VJT6, STM32U599VJT6Q, STM32U599ZIT6Q, STM32U599ZIY6QTR, STM32U599ZJT6Q, STM32U599ZJY6QTR, STM32U5A5AJH6, STM32U5A5AJH6Q, STM32U5A5QII3Q , STM32U5A5QJI6, STM32U5A5QJI6Q, STM32U5A5RJT6, STM32U5A5RJT6Q, STM32U5A5VJT6, STM32U5A5VJT6Q, STM32U5A5ZJT6, STM32U5A5ZJT6Q, STM32U5A5ZJY6QTR, STM32U5A9BJY6QTR, STM32U5A9J-DK, STM32U5A9NJH6Q, STM32U5A9VJT6Q, STM32U5A9ZJT6Q, STM32U5A9ZJY6QTR, STM32U5F7VIT6, STM32U5F7VIT6Q, STM32U5F7VJT6, STM32U5F7VJT6Q, STM32U5F9BJY6QTR, STM32U5F9NJH6Q, STM32U5F9VIT6Q, STM32U5F9VJT6Q, STM32U5F9ZIJ6QTR, STM32U5F9ZIT6Q, STM32U5F9ZJJ6QTR, STM32U5F9ZJT6Q, STM32U5G7VJT6, STM32U5G7VJT6Q, STM32U5G9BJY6QTR, STM32U5G9J-DK1, STM32U5G9J-DK2, STM32U5G9NJH6Q, STM32U5G9VJT6Q, STM32U5G9ZJJ6QTR, STM32U5G9ZJT6Q, STM32WB1MMCH6, STM32WBA50KEU6, STM32WBA50KEU6TR, STM32WBA50KGU6, STM32WBA50KGU6TR, STM32WBA52CEU6, STM32WBA52CEU6TR, STM32WBA52CEU7, STM32WBA52CEU7TR, STM32WBA52CGU6, STM32WBA52CGU6TR, STM32WBA52CGU6U, STM32WBA52CGU7, STM32WBA52CGU7TR, STM32WBA52KEU6, STM32WBA52KEU6TR, STM32WBA52KGU6, STM32WBA52KGU6TR, STM32WBA54CEU6, STM32WBA54CEU6TR, STM32WBA54CEU7, STM32WBA54CEU7TR, STM32WBA54CGU6, STM32WBA54CGU6TR, STM32WBA54CGU7, STM32WBA54CGU7TR, STM32WBA54KEU6, STM32WBA54KEU6TR, STM32WBA54KEU7, STM32WBA54KEU7TR, STM32WBA54KGU6, STM32WBA54KGU6TR, STM32WBA54KGU7, STM32WBA54KGU7TR, STM32WBA55CEU6, STM32WBA55CEU6TR, STM32WBA55CEU7, STM32WBA55CEU7TR, STM32WBA55CGU6, STM32WBA55CGU6TR, STM32WBA55CGU6U, STM32WBA55CGU7, STM32WBA55CGU7TR, STM32WBA55G-DK1, STM32WBA55HEF6, STM32WBA55HEF7, STM32WBA55HGF6, STM32WBA55HGF7, STM32WBA55UEI6, STM32WBA55UEI6TR, STM32WBA55UEI7, STM32WBA55UEI7TR, STM32WBA55UGI6, STM32WBA55UGI6TR, STM32WBA55UGI7, STM32WBA55UGI7TR, STM32WL5MOCH6, STM32WL5MOCH6TR]
2024-07-17 20:25:08,944 [INFO] DbMcus:218 - Found 4203 MCUs, 4203 are supported
2024-07-17 20:25:08,953 [INFO] ApiDb:423 - Load user favorites file C:\Users\Matheus Markies/.stm32cubeide/favorites.mcus.txt: 3 item(s)
2024-07-17 20:25:08,955 [INFO] ApiDb:427 - User favorites MCUs=[STM32F103RBT6, STM32F411RET7, STM32L053C8T6]
2024-07-17 20:25:08,955 [INFO] DbMcus:224 - Set 3 / 3 favorites MCUs
2024-07-17 20:25:09,553 [INFO] BoardInfo:889 - No configuration file found for board P-NUCLEO-WB55
2024-07-17 20:25:09,554 [INFO] DbBoards:161 - Kit is not supported: P-NUCLEO-WB55
2024-07-17 20:25:09,560 [INFO] BoardInfo:889 - No configuration file found for board STEVAL-BFA001V1B
2024-07-17 20:25:09,561 [INFO] DbBoards:161 - Kit is not supported: STEVAL-BFA001V1B
2024-07-17 20:25:09,562 [INFO] BoardInfo:889 - No configuration file found for board STEVAL-BFA001V2B
2024-07-17 20:25:09,562 [INFO] DbBoards:161 - Kit is not supported: STEVAL-BFA001V2B
2024-07-17 20:25:09,762 [INFO] DbBoards:168 - Found 195 boards, 192 are supported
2024-07-17 20:25:09,763 [INFO] DbBoards:169 - Found 195 boards, 8 of them is supported for  Bsp
2024-07-17 20:25:09,766 [INFO] ApiDb:423 - Load user favorites file C:\Users\Matheus Markies/.stm32cubeide/favorites.boards.txt: 0 item(s)
2024-07-17 20:25:09,766 [INFO] ApiDb:427 - User favorites Boards=[]
2024-07-17 20:25:09,766 [INFO] DbBoards:198 - Set 0 / 0 favorites Boards
2024-07-17 20:25:09,821 [INFO] UtilMem:75 - End LoadConfig() Used Memory: 564430224 Bytes (843055104)
2024-07-17 20:25:10,029 [WARN] ThirdParty:833 - waiting for thirdparty lock release [change project]
2024-07-17 20:25:10,030 [INFO] ThirdParty:835 - entering critical section [change project]
2024-07-17 20:25:10,030 [INFO] ThirdParty:1030 - CMSIS Pack Vendor :STMicroelectronics USBPD 4.1
2024-07-17 20:25:10,030 [INFO] ThirdParty:1030 - CMSIS Pack Vendor :STMicroelectronics X-CUBE-GNSS1 6.0.0
2024-07-17 20:25:10,030 [INFO] ThirdParty:1030 - CMSIS Pack Vendor :STMicroelectronics USB_HOST 2.0.0
2024-07-17 20:25:10,030 [INFO] ThirdParty:1030 - CMSIS Pack Vendor :STMicroelectronics FP-SNS-MOTENVWB1 1.4.0
2024-07-17 20:25:10,030 [INFO] ThirdParty:1030 - CMSIS Pack Vendor :STMicroelectronics X-CUBE-AZRTOS-F4 1.1.0
2024-07-17 20:25:10,030 [INFO] ThirdParty:1030 - CMSIS Pack Vendor :STMicroelectronics LIBJPEG 8.0.0
2024-07-17 20:25:10,030 [INFO] ThirdParty:1030 - CMSIS Pack Vendor :STMicroelectronics X-CUBE-SMBUS 2.1.0
2024-07-17 20:25:10,030 [INFO] ThirdParty:1030 - CMSIS Pack Vendor :STMicroelectronics USB_DEVICE 3.0.0
2024-07-17 20:25:10,030 [INFO] ThirdParty:1030 - CMSIS Pack Vendor :STMicroelectronics X-CUBE-TCPP 4.1.0
2024-07-17 20:25:10,030 [INFO] ThirdParty:1030 - CMSIS Pack Vendor :STMicroelectronics X-CUBE-FREERTOS 1.2.0
2024-07-17 20:25:10,030 [INFO] ThirdParty:1030 - CMSIS Pack Vendor :STMicroelectronics X-CUBE-AZRTOS-WB 2.0.0
2024-07-17 20:25:10,030 [INFO] ThirdParty:1030 - CMSIS Pack Vendor :STMicroelectronics X-CUBE-TOUCHGFX 4.23.2
2024-07-17 20:25:10,030 [INFO] ThirdParty:1030 - CMSIS Pack Vendor :STMicroelectronics X-CUBE-AZRTOS-F7 1.1.0
2024-07-17 20:25:10,031 [INFO] ThirdParty:1030 - CMSIS Pack Vendor :STMicroelectronics X-CUBE-AZRTOS-L5 2.0.0
2024-07-17 20:25:10,031 [INFO] ThirdParty:1030 - CMSIS Pack Vendor :STMicroelectronics USB_DEVICE 2.0.0
2024-07-17 20:25:10,031 [INFO] ThirdParty:1030 - CMSIS Pack Vendor :STMicroelectronics X-CUBE-NFC6 3.1.0
2024-07-17 20:25:10,031 [INFO] ThirdParty:1030 - CMSIS Pack Vendor :STMicroelectronics FreeRTOS 0.0.1
2024-07-17 20:25:10,031 [INFO] ThirdParty:1030 - CMSIS Pack Vendor :STMicroelectronics X-CUBE-AZRTOS-G0 1.1.0
2024-07-17 20:25:10,031 [INFO] ThirdParty:1030 - CMSIS Pack Vendor :STMicroelectronics X-CUBE-SAFEA1 1.2.2
2024-07-17 20:25:10,031 [INFO] ThirdParty:1030 - CMSIS Pack Vendor :STMicroelectronics X-CUBE-NFC4 3.0.0
2024-07-17 20:25:10,031 [INFO] ThirdParty:1030 - CMSIS Pack Vendor :STMicroelectronics X-CUBE-DPower 1.2.0
2024-07-17 20:25:10,031 [INFO] ThirdParty:1030 - CMSIS Pack Vendor :STMicroelectronics X-CUBE-SUBG2 5.0.0
2024-07-17 20:25:10,031 [INFO] ThirdParty:1030 - CMSIS Pack Vendor :STMicroelectronics STM32_WPAN 1.0.0
2024-07-17 20:25:10,031 [INFO] ThirdParty:1030 - CMSIS Pack Vendor :wolfSSL I-CUBE-wolfMQTT 1.18.0
2024-07-17 20:25:10,031 [INFO] ThirdParty:1030 - CMSIS Pack Vendor :EmbeddedOffice I-CUBE-FS-RTOS 1.0.1
2024-07-17 20:25:10,031 [INFO] ThirdParty:1030 - CMSIS Pack Vendor :STMicroelectronics lwIP 2.0.3
2024-07-17 20:25:10,031 [INFO] ThirdParty:1030 - CMSIS Pack Vendor :STMicroelectronics FP-SNS-FLIGHT1 5.0.2
2024-07-17 20:25:10,031 [INFO] ThirdParty:1030 - CMSIS Pack Vendor :STMicroelectronics USB_HOST 1.0.0
2024-07-17 20:25:10,031 [INFO] ThirdParty:1030 - CMSIS Pack Vendor :STMicroelectronics X-CUBE-AI 9.0.0
2024-07-17 20:25:10,031 [INFO] ThirdParty:1030 - CMSIS Pack Vendor :STMicroelectronics X-CUBE-AZRTOS-G4 2.0.0
2024-07-17 20:25:10,031 [INFO] ThirdParty:1030 - CMSIS Pack Vendor :STMicroelectronics PDM2PCM 3.1.0
2024-07-17 20:25:10,032 [INFO] ThirdParty:1030 - CMSIS Pack Vendor :STMicroelectronics PDM2PCM 3.3.0
2024-07-17 20:25:10,032 [INFO] ThirdParty:1030 - CMSIS Pack Vendor :STMicroelectronics X-CUBE-DISPLAY 3.0.0
2024-07-17 20:25:10,032 [INFO] ThirdParty:1030 - CMSIS Pack Vendor :RealThread X-CUBE-RT-Thread_Nano 4.1.1
2024-07-17 20:25:10,032 [INFO] ThirdParty:1030 - CMSIS Pack Vendor :wolfSSL I-CUBE-wolfSSL 5.7.0
2024-07-17 20:25:10,032 [INFO] ThirdParty:1030 - CMSIS Pack Vendor :STMicroelectronics X-CUBE-BLE1 7.0.0
2024-07-17 20:25:10,032 [INFO] ThirdParty:1030 - CMSIS Pack Vendor :STMicroelectronics FP-ATR-SIGFOX1 3.2.0
2024-07-17 20:25:10,032 [INFO] ThirdParty:1030 - CMSIS Pack Vendor :STMicroelectronics X-CUBE-ISPU 2.0.0
2024-07-17 20:25:10,032 [INFO] ThirdParty:1030 - CMSIS Pack Vendor :STMicroelectronics X-CUBE-EEPRMA1 5.1.0
2024-07-17 20:25:10,032 [INFO] ThirdParty:1030 - CMSIS Pack Vendor :STMicroelectronics HAL Drivers 0.0.0
2024-07-17 20:25:10,032 [INFO] ThirdParty:1030 - CMSIS Pack Vendor :STMicroelectronics MBEDTLS 2.16.2
2024-07-17 20:25:10,032 [INFO] ThirdParty:1030 - CMSIS Pack Vendor :STMicroelectronics X-CUBE-ALS 1.0.2
2024-07-17 20:25:10,032 [INFO] ThirdParty:1030 - CMSIS Pack Vendor :emotas I-CUBE-CANOPEN 1.3.0
2024-07-17 20:25:10,032 [INFO] ThirdParty:1030 - CMSIS Pack Vendor :STMicroelectronics X-CUBE-MEMS1 10.0.0
2024-07-17 20:25:10,032 [INFO] ThirdParty:1030 - CMSIS Pack Vendor :STMicroelectronics X-CUBE-NFC7 1.0.1
2024-07-17 20:25:10,032 [INFO] ThirdParty:1030 - CMSIS Pack Vendor :STMicroelectronics MBEDTLS 2.14.1
2024-07-17 20:25:10,032 [INFO] ThirdParty:1030 - CMSIS Pack Vendor :STMicroelectronics X-CUBE-TOUCHGFX 4.24.0
2024-07-17 20:25:10,032 [INFO] ThirdParty:1030 - CMSIS Pack Vendor :ITTIA_DB I-CUBE-ITTIADB 8.9.0
2024-07-17 20:25:10,033 [INFO] ThirdParty:1030 - CMSIS Pack Vendor :wolfSSL I-CUBE-wolfTPM 3.2.0
2024-07-17 20:25:10,033 [INFO] ThirdParty:1030 - CMSIS Pack Vendor :portGmbH I-Cube-SoM-uGOAL 1.1.0
2024-07-17 20:25:10,033 [INFO] ThirdParty:1030 - CMSIS Pack Vendor :STMicroelectronics X-CUBE-ALS 1.0.1
2024-07-17 20:25:10,033 [INFO] ThirdParty:1030 - CMSIS Pack Vendor :STMicroelectronics X-CUBE-BLEMGR 3.1.0
2024-07-17 20:25:10,033 [INFO] ThirdParty:1030 - CMSIS Pack Vendor :STMicroelectronics ThreadX 1.0.0
2024-07-17 20:25:10,033 [INFO] ThirdParty:1030 - CMSIS Pack Vendor :STMicroelectronics FP-SNS-SMARTAG2 1.2.0
2024-07-17 20:25:10,033 [INFO] ThirdParty:1030 - CMSIS Pack Vendor :STMicroelectronics X-CUBE-AZRTOS-WL 2.0.0
2024-07-17 20:25:10,033 [INFO] ThirdParty:1030 - CMSIS Pack Vendor :SEGGER I-CUBE-embOS 1.3.1
2024-07-17 20:25:10,033 [INFO] ThirdParty:1030 - CMSIS Pack Vendor :STMicroelectronics X-CUBE-ALGOBUILD 1.4.0
2024-07-17 20:25:10,033 [INFO] ThirdParty:1030 - CMSIS Pack Vendor :STMicroelectronics FP-SNS-MOTENV1 5.0.0
2024-07-17 20:25:10,033 [INFO] ThirdParty:1030 - CMSIS Pack Vendor :STMicroelectronics USB_DEVICE 1.0.0
2024-07-17 20:25:10,033 [INFO] ThirdParty:1030 - CMSIS Pack Vendor :STMicroelectronics X-CUBE-AZRTOS-H7RS 1.0.0
2024-07-17 20:25:10,033 [INFO] ThirdParty:1030 - CMSIS Pack Vendor :wolfSSL I-CUBE-wolfMQTT 1.19.0
2024-07-17 20:25:10,033 [INFO] ThirdParty:1030 - CMSIS Pack Vendor :STMicroelectronics X-CUBE-AZRTOS-L4 2.0.0
2024-07-17 20:25:10,034 [INFO] ThirdParty:1030 - CMSIS Pack Vendor :STMicroelectronics ThreadX 0.0.2
2024-07-17 20:25:10,034 [INFO] ThirdParty:1030 - CMSIS Pack Vendor :WES I-CUBE-Cesium 1.3.0
2024-07-17 20:25:10,034 [INFO] ThirdParty:1030 - CMSIS Pack Vendor :STMicroelectronics FP-ATR-ASTRA1 2.0.0
2024-07-17 20:25:10,034 [INFO] ThirdParty:1030 - CMSIS Pack Vendor :STMicroelectronics lwIP 2.1.2
2024-07-17 20:25:10,034 [INFO] ThirdParty:1030 - CMSIS Pack Vendor :STMicroelectronics X-CUBE-SFXS2LP1 4.0.0
2024-07-17 20:25:10,034 [INFO] ThirdParty:1030 - CMSIS Pack Vendor :STMicroelectronics X-CUBE-BLE2 3.3.0
2024-07-17 20:25:10,034 [INFO] ThirdParty:1030 - CMSIS Pack Vendor :STMicroelectronics X-CUBE-TOF1 3.4.1
2024-07-17 20:25:10,034 [INFO] ThirdParty:1030 - CMSIS Pack Vendor :STMicroelectronics X-CUBE-AZRTOS-H7 3.2.0
2024-07-17 20:25:10,034 [INFO] ThirdParty:1030 - CMSIS Pack Vendor :Infineon AIROC-Wi-Fi-Bluetooth-STM32 1.6.0
2024-07-17 20:25:10,034 [INFO] ThirdParty:1030 - CMSIS Pack Vendor :STMicroelectronics PDM2PCM 3.2.0
2024-07-17 20:25:10,034 [INFO] ThirdParty:1030 - CMSIS Pack Vendor :wolfSSL I-CUBE-wolfSSH 1.4.17
2024-07-17 20:25:10,034 [INFO] ThirdParty:841 - exiting critical section [change project]
2024-07-17 20:25:10,428 [INFO] PinOutPanel:1561 - setPackage(No Configuration,No Configuration)
2024-07-17 20:25:10,429 [INFO] PinOutPanel:1561 - setPackage(STM32L053C8Tx,LQFP48)
2024-07-17 20:25:11,504 [INFO] UtilMem:75 - Before build in PCC Used Memory: 420682816 Bytes (843055104)
2024-07-17 20:25:12,862 [INFO] UserBatteryFile:101 - Battery_LiPo 3500.0 0.0 3.7 0.0 0.0
2024-07-17 20:25:13,126 [INFO] UtilMem:75 - After build in PCC Used Memory: 566923872 Bytes (843055104)
2024-07-17 20:25:13,198 [INFO] IPUIPlugin:80 - create IPUIPlugin
2024-07-17 20:25:13,198 [INFO] IPUIPlugin:80 - create IPUIPlugin
2024-07-17 20:25:13,198 [INFO] IPUIPlugin:80 - create IPUIPlugin
2024-07-17 20:25:13,199 [INFO] IPUIPlugin:80 - create IPUIPlugin
2024-07-17 20:25:13,199 [INFO] IPUIPlugin:80 - create IPUIPlugin
2024-07-17 20:25:13,199 [INFO] IPUIPlugin:80 - create IPUIPlugin
2024-07-17 20:25:13,200 [INFO] IPUIPlugin:80 - create IPUIPlugin
2024-07-17 20:25:13,200 [INFO] IPUIPlugin:80 - create IPUIPlugin
2024-07-17 20:25:13,200 [INFO] IPUIPlugin:80 - create IPUIPlugin
2024-07-17 20:25:13,200 [INFO] IPUIPlugin:80 - create IPUIPlugin
2024-07-17 20:25:13,200 [INFO] IPUIPlugin:80 - create IPUIPlugin
2024-07-17 20:25:13,200 [INFO] IPUIPlugin:80 - create IPUIPlugin
2024-07-17 20:25:13,200 [INFO] IPUIPlugin:80 - create IPUIPlugin
2024-07-17 20:25:13,201 [INFO] IPUIPlugin:80 - create IPUIPlugin
2024-07-17 20:25:13,201 [INFO] IPUIPlugin:80 - create IPUIPlugin
2024-07-17 20:25:13,201 [INFO] IPUIPlugin:80 - create IPUIPlugin
2024-07-17 20:25:13,201 [INFO] IPUIPlugin:80 - create IPUIPlugin
2024-07-17 20:25:13,202 [INFO] IPUIPlugin:80 - create IPUIPlugin
2024-07-17 20:25:13,202 [INFO] IPUIPlugin:80 - create IPUIPlugin
2024-07-17 20:25:13,202 [INFO] IPUIPlugin:80 - create IPUIPlugin
2024-07-17 20:25:13,202 [INFO] IPUIPlugin:80 - create IPUIPlugin
2024-07-17 20:25:13,203 [INFO] IPUIPlugin:80 - create IPUIPlugin
2024-07-17 20:25:13,203 [INFO] IPUIPlugin:80 - create IPUIPlugin
2024-07-17 20:25:13,203 [INFO] IPUIPlugin:80 - create IPUIPlugin
2024-07-17 20:25:13,203 [INFO] IPUIPlugin:80 - create IPUIPlugin
2024-07-17 20:25:13,203 [INFO] IPUIPlugin:80 - create IPUIPlugin
2024-07-17 20:25:13,204 [INFO] IPUIPlugin:80 - create IPUIPlugin
2024-07-17 20:25:13,204 [INFO] IPUIPlugin:80 - create IPUIPlugin
2024-07-17 20:25:13,204 [INFO] IPUIPlugin:80 - create IPUIPlugin
2024-07-17 20:25:13,205 [INFO] IPUIPlugin:80 - create IPUIPlugin
2024-07-17 20:25:13,205 [INFO] IPUIPlugin:80 - create IPUIPlugin
2024-07-17 20:25:13,205 [INFO] IPUIPlugin:80 - create IPUIPlugin
2024-07-17 20:25:13,206 [INFO] IPUIPlugin:80 - create IPUIPlugin
2024-07-17 20:25:13,206 [INFO] IPUIPlugin:80 - create IPUIPlugin
2024-07-17 20:25:13,786 [INFO] CADModel:165 - CPN selected for project levelSTM32L053C8T6
2024-07-17 20:25:13,786 [INFO] CADModel:114 - Register for checkConnection events
2024-07-17 20:25:13,825 [INFO] OpenFileManager:343 - Restore cursor
2024-07-17 21:03:14,535 [ERROR] LogOutputStream:75 - [STDERR_REDIRECT] 
2024-07-17 21:03:14,552 [ERROR] LogOutputStream:75 - [STDERR_REDIRECT] 
