2024-08-01 09:23:10,665 [INFO] Activator:176 - 


2024-08-01 09:23:10,674 [INFO] Activator:177 - !SESSION log4j initialized
2024-08-01 09:23:20,083 [INFO] LogOutputStream:77 - [STDOUT_REDIRECT] 
2024-08-01 09:23:23,057 [INFO] ApplicationProperties:184 - Using Application install path: C:\ST\STM32CubeIDE_1.15.1\STM32CubeIDE\plugins\com.st.stm32cube.common.mx_6.11.1.202404110753
2024-08-01 09:23:23,083 [INFO] DbMcusXml:78 - Set database path to: C:\ST\STM32CubeIDE_1.15.1\STM32CubeIDE\plugins\com.st.stm32cube.common.mx_6.11.1.202404110753\\db\/mcu/
2024-08-01 09:23:23,083 [INFO] ApiDb:274 - Set plugin database path to: C:\ST\STM32CubeIDE_1.15.1\STM32CubeIDE\plugins\com.st.stm32cube.common.mx_6.11.1.202404110753\\db\/plugins/boardmanager/
2024-08-01 09:23:23,083 [WARN] ApiDb:259 - Overriding images path with different value:  => C:\ST\STM32CubeIDE_1.15.1\STM32CubeIDE\plugins\com.st.stm32cube.common.mx_6.11.1.202404110753\\db\/plugins/mcufinder/images/
2024-08-01 09:23:23,094 [INFO] ApiDb:250 - Set database path to: C:\Users\Matheus Markies\.stmcufinder\plugins\mcufinder//mcu/
2024-08-01 09:23:23,096 [INFO] DbMcusAds:125 - Set database path to: C:\Users\Matheus Markies\.stmcufinder\plugins\mcufinder//mcu/
2024-08-01 09:23:23,097 [INFO] CrossReferenceDbSqlite:203 - Set database path to: C:\Users\Matheus Markies\.stmcufinder\plugins\mcufinder//mcu/cs/
2024-08-01 09:23:23,341 [INFO] RulesReader:64 - Compatibility file has been processed (297 Rules)
2024-08-01 09:23:23,466 [INFO] DbMcusXml:78 - Set database path to: C:\ST\STM32CubeIDE_1.15.1\STM32CubeIDE\plugins\com.st.stm32cube.common.mx_6.11.1.202404110753\\db\/mcu/
2024-08-01 09:23:23,466 [INFO] ApiDb:274 - Set plugin database path to: C:\ST\STM32CubeIDE_1.15.1\STM32CubeIDE\plugins\com.st.stm32cube.common.mx_6.11.1.202404110753\\db\/plugins/boardmanager/
2024-08-01 09:23:23,467 [INFO] ApiDb:261 - Set plugin images path to: C:\ST\STM32CubeIDE_1.15.1\STM32CubeIDE\plugins\com.st.stm32cube.common.mx_6.11.1.202404110753\\db\/plugins/mcufinder/images/
2024-08-01 09:23:23,467 [WARN] DbFile:41 - Overriding database path with different value: C:\Users\Matheus Markies\.stmcufinder\plugins\mcufinder/ => C:\Users\Matheus Markies\.stmcufinder\plugins\mcufinder
2024-08-01 09:23:23,467 [INFO] ApiDb:250 - Set database path to: C:\Users\Matheus Markies\.stmcufinder\plugins\mcufinder//mcu/
2024-08-01 09:23:23,467 [WARN] DbFile:41 - Overriding database path with different value: C:\Users\Matheus Markies\.stmcufinder\plugins\mcufinder/ => C:\Users\Matheus Markies\.stmcufinder\plugins\mcufinder
2024-08-01 09:23:23,467 [INFO] DbMcusAds:125 - Set database path to: C:\Users\Matheus Markies\.stmcufinder\plugins\mcufinder//mcu/
2024-08-01 09:23:23,467 [WARN] DbFile:41 - Overriding database path with different value: C:\Users\Matheus Markies\.stmcufinder\plugins\mcufinder/ => C:\Users\Matheus Markies\.stmcufinder\plugins\mcufinder
2024-08-01 09:23:23,467 [WARN] DbFile:41 - Overriding database path with different value: C:\Users\Matheus Markies\.stmcufinder\plugins\mcufinder/ => C:\Users\Matheus Markies\.stmcufinder\plugins\mcufinder
2024-08-01 09:23:23,467 [INFO] CrossReferenceDbSqlite:203 - Set database path to: C:\Users\Matheus Markies\.stmcufinder\plugins\mcufinder//mcu/cs/
2024-08-01 09:23:23,578 [INFO] MainPanel:264 - HeapMemory: 268435456
2024-08-01 09:23:23,722 [INFO] DbMcusXml:78 - Set database path to: C:\ST\STM32CubeIDE_1.15.1\STM32CubeIDE\plugins\com.st.stm32cube.common.mx_6.11.1.202404110753\\db\/mcu/
2024-08-01 09:23:23,722 [INFO] ApiDb:274 - Set plugin database path to: C:\ST\STM32CubeIDE_1.15.1\STM32CubeIDE\plugins\com.st.stm32cube.common.mx_6.11.1.202404110753\\db\/plugins/boardmanager/
2024-08-01 09:23:23,723 [INFO] ApiDb:261 - Set plugin images path to: C:\ST\STM32CubeIDE_1.15.1\STM32CubeIDE\plugins\com.st.stm32cube.common.mx_6.11.1.202404110753\\db\/plugins/mcufinder/images/
2024-08-01 09:23:23,723 [WARN] DbFile:41 - Overriding database path with different value: C:\Users\Matheus Markies\.stmcufinder\plugins\mcufinder/ => C:\Users\Matheus Markies\.stmcufinder\plugins\mcufinder
2024-08-01 09:23:23,723 [INFO] ApiDb:250 - Set database path to: C:\Users\Matheus Markies\.stmcufinder\plugins\mcufinder//mcu/
2024-08-01 09:23:23,723 [WARN] DbFile:41 - Overriding database path with different value: C:\Users\Matheus Markies\.stmcufinder\plugins\mcufinder/ => C:\Users\Matheus Markies\.stmcufinder\plugins\mcufinder
2024-08-01 09:23:23,723 [INFO] DbMcusAds:125 - Set database path to: C:\Users\Matheus Markies\.stmcufinder\plugins\mcufinder//mcu/
2024-08-01 09:23:23,723 [WARN] DbFile:41 - Overriding database path with different value: C:\Users\Matheus Markies\.stmcufinder\plugins\mcufinder/ => C:\Users\Matheus Markies\.stmcufinder\plugins\mcufinder
2024-08-01 09:23:23,724 [WARN] DbFile:41 - Overriding database path with different value: C:\Users\Matheus Markies\.stmcufinder\plugins\mcufinder/ => C:\Users\Matheus Markies\.stmcufinder\plugins\mcufinder
2024-08-01 09:23:23,724 [INFO] CrossReferenceDbSqlite:203 - Set database path to: C:\Users\Matheus Markies\.stmcufinder\plugins\mcufinder//mcu/cs/
2024-08-01 09:23:23,748 [INFO] ApplicationProperties:184 - Using Application install path: C:\ST\STM32CubeIDE_1.15.1\STM32CubeIDE\plugins\com.st.stm32cube.common.mx_6.11.1.202404110753
2024-08-01 09:23:23,751 [INFO] PluginManage:196 - Search for loadable plugins [exclusion list=, ]
2024-08-01 09:23:23,751 [INFO] PluginManage:310 - Check plugin analytics
2024-08-01 09:23:23,968 [INFO] AnalyticsPlugin:253 - Accepted Software Licenses: 
2024-08-01 09:23:23,969 [INFO] AnalyticsPlugin:255 - Accepted CMSIS Pack Licenses: 
2024-08-01 09:23:23,969 [INFO] AnalyticsPlugin:257 - Accepted Firmware Licenses: FW.F4.1.28.0
2024-08-01 09:23:23,971 [INFO] PluginManage:359 - Loaded plugin analytics (category:tool,tabindex:-1)
2024-08-01 09:23:23,972 [INFO] PluginManage:310 - Check plugin cadmodel
2024-08-01 09:23:23,994 [INFO] CADModel:105 - Init CAD model plugin
2024-08-01 09:23:23,995 [INFO] PluginManage:359 - Loaded plugin cadmodel (category:power,tabindex:5)
2024-08-01 09:23:23,995 [INFO] PluginManage:310 - Check plugin clock
2024-08-01 09:23:24,027 [INFO] PluginManage:359 - Loaded plugin clock (category:base,tabindex:2)
2024-08-01 09:23:24,027 [INFO] PluginManage:310 - Check plugin ddr
2024-08-01 09:23:24,030 [INFO] PluginManage:359 - Loaded plugin ddr (category:tool,tabindex:6)
2024-08-01 09:23:24,030 [INFO] PluginManage:310 - Check plugin filemanager
2024-08-01 09:23:24,419 [INFO] PluginManage:359 - Loaded plugin filemanager (category:base,tabindex:10)
2024-08-01 09:23:24,419 [INFO] PluginManage:310 - Check plugin ipmanager
2024-08-01 09:23:24,429 [INFO] PluginManage:359 - Loaded plugin ipmanager (category:base,tabindex:5)
2024-08-01 09:23:24,429 [INFO] PluginManage:310 - Check plugin lpbam
2024-08-01 09:23:24,452 [INFO] PluginManage:359 - Loaded plugin lpbam (category:base,tabindex:0)
2024-08-01 09:23:24,452 [INFO] PluginManage:310 - Check plugin memorymap
2024-08-01 09:23:24,489 [INFO] PluginManage:359 - Loaded plugin memorymap (category:base,tabindex:4)
2024-08-01 09:23:24,489 [INFO] PluginManage:310 - Check plugin pinoutandconfiguration
2024-08-01 09:23:24,512 [INFO] PluginManage:359 - Loaded plugin pinoutandconfiguration (category:base,tabindex:1)
2024-08-01 09:23:24,512 [INFO] PluginManage:310 - Check plugin pinoutconfig
2024-08-01 09:23:24,674 [WARN] SupportedApi:132 - Cannot load RTOS API schema: s4s-elt-must-match.1: The content of 'definitions' must match (annotation?, (simpleType | complexType)?, (unique | key | keyref)*)). A problem was found starting at: attribute.
2024-08-01 09:23:24,843 [INFO] PluginManage:359 - Loaded plugin pinoutconfig (category:base,tabindex:0)
2024-08-01 09:23:24,843 [INFO] PluginManage:310 - Check plugin power
2024-08-01 09:23:24,883 [INFO] PluginManage:359 - Loaded plugin power (category:power,tabindex:4)
2024-08-01 09:23:24,883 [INFO] PluginManage:310 - Check plugin projectmanager
2024-08-01 09:23:24,902 [INFO] PluginManage:359 - Loaded plugin projectmanager (category:projectmanager,tabindex:3)
2024-08-01 09:23:24,902 [INFO] PluginManage:310 - Check plugin thirdparty
2024-08-01 09:23:25,242 [INFO] PluginManage:359 - Loaded plugin thirdparty (category:base,tabindex:-1)
2024-08-01 09:23:25,242 [INFO] PluginManage:310 - Check plugin tools
2024-08-01 09:23:25,242 [WARN] IntegrityCheckThread:84 - waiting for thirdparty lock release [integrity check]
2024-08-01 09:23:25,242 [INFO] IntegrityCheckThread:86 - entering critical section [integrity check]
2024-08-01 09:23:25,243 [INFO] ThirdPartyUpdaterWithRetryManager:70 - Updater plugin not ready yet. [1/15]
2024-08-01 09:23:25,283 [INFO] PluginManage:359 - Loaded plugin tools (category:base,tabindex:7)
2024-08-01 09:23:25,283 [INFO] PluginManage:310 - Check plugin tutovideos
2024-08-01 09:23:25,540 [INFO] PluginManage:359 - Loaded plugin tutovideos (category:base,tabindex:-1)
2024-08-01 09:23:25,540 [INFO] PluginManage:310 - Check plugin updater
2024-08-01 09:23:25,557 [INFO] PluginManage:359 - Loaded plugin updater (category:base,tabindex:12)
2024-08-01 09:23:25,557 [INFO] PluginManage:310 - Check plugin userauth
2024-08-01 09:23:25,564 [INFO] UserAuth:114 - Init User Auth plugin
2024-08-01 09:23:25,564 [INFO] PluginManage:359 - Loaded plugin userauth (category:base,tabindex:14)
2024-08-01 09:23:25,564 [INFO] PluginManage:283 - PluginManage : Loaded plugins [17]
2024-08-01 09:23:26,152 [INFO] PinOutPanel:1561 - setPackage(No Configuration,No Configuration)
2024-08-01 09:23:26,261 [INFO] CADModel:165 - CPN selected for project level
2024-08-01 09:23:26,261 [INFO] CADModel:114 - Register for checkConnection events
2024-08-01 09:23:26,296 [INFO] IPUIPlugin:80 - create IPUIPlugin
2024-08-01 09:23:26,296 [INFO] PluginManager:220 - loadIPPluginJar : add adc
2024-08-01 09:23:26,340 [INFO] IPUIPlugin:80 - create IPUIPlugin
2024-08-01 09:23:26,340 [INFO] PluginManager:220 - loadIPPluginJar : add aes
2024-08-01 09:23:26,387 [INFO] IPUIPlugin:80 - create IPUIPlugin
2024-08-01 09:23:26,387 [INFO] PluginManager:220 - loadIPPluginJar : add can
2024-08-01 09:23:26,414 [INFO] IPUIPlugin:80 - create IPUIPlugin
2024-08-01 09:23:26,415 [INFO] PluginManager:220 - loadIPPluginJar : add comp
2024-08-01 09:23:26,453 [INFO] IPUIPlugin:80 - create IPUIPlugin
2024-08-01 09:23:26,453 [INFO] PluginManager:220 - loadIPPluginJar : add cryp
2024-08-01 09:23:26,490 [INFO] IPUIPlugin:80 - create IPUIPlugin
2024-08-01 09:23:26,490 [INFO] PluginManager:220 - loadIPPluginJar : add dfsdm
2024-08-01 09:23:26,507 [INFO] IPUIPlugin:80 - create IPUIPlugin
2024-08-01 09:23:26,508 [INFO] PluginManager:220 - loadIPPluginJar : add dma
2024-08-01 09:23:26,559 [INFO] IPUIPlugin:80 - create IPUIPlugin
2024-08-01 09:23:26,559 [INFO] PluginManager:220 - loadIPPluginJar : add dma3
2024-08-01 09:23:26,610 [INFO] IPUIPlugin:80 - create IPUIPlugin
2024-08-01 09:23:26,611 [INFO] PluginManager:220 - loadIPPluginJar : add extmemmanager
2024-08-01 09:23:26,635 [INFO] IPUIPlugin:80 - create IPUIPlugin
2024-08-01 09:23:26,635 [INFO] PluginManager:220 - loadIPPluginJar : add fatfs
2024-08-01 09:23:26,690 [INFO] IPUIPlugin:80 - create IPUIPlugin
2024-08-01 09:23:26,690 [INFO] PluginManager:220 - loadIPPluginJar : add fmc
2024-08-01 09:23:26,713 [INFO] IPUIPlugin:80 - create IPUIPlugin
2024-08-01 09:23:26,713 [INFO] PluginManager:220 - loadIPPluginJar : add freertos
2024-08-01 09:23:26,740 [INFO] IPUIPlugin:80 - create IPUIPlugin
2024-08-01 09:23:26,740 [INFO] PluginManager:220 - loadIPPluginJar : add genericplugin
2024-08-01 09:23:26,844 [INFO] IPUIPlugin:80 - create IPUIPlugin
2024-08-01 09:23:26,845 [INFO] PluginManager:220 - loadIPPluginJar : add gfxmmu
2024-08-01 09:23:27,118 [INFO] IPUIPlugin:80 - create IPUIPlugin
2024-08-01 09:23:27,118 [INFO] PluginManager:220 - loadIPPluginJar : add gic
2024-08-01 09:23:27,138 [INFO] IPUIPlugin:80 - create IPUIPlugin
2024-08-01 09:23:27,139 [INFO] PluginManager:220 - loadIPPluginJar : add gpio
2024-08-01 09:23:27,250 [INFO] IPUIPlugin:80 - create IPUIPlugin
2024-08-01 09:23:27,250 [INFO] PluginManager:220 - loadIPPluginJar : add gtzc
2024-08-01 09:23:27,292 [INFO] IPUIPlugin:80 - create IPUIPlugin
2024-08-01 09:23:27,292 [INFO] PluginManager:220 - loadIPPluginJar : add hash
2024-08-01 09:23:27,354 [INFO] IPUIPlugin:80 - create IPUIPlugin
2024-08-01 09:23:27,354 [INFO] PluginManager:220 - loadIPPluginJar : add i2c
2024-08-01 09:23:27,399 [INFO] IPUIPlugin:80 - create IPUIPlugin
2024-08-01 09:23:27,399 [INFO] PluginManager:220 - loadIPPluginJar : add i2s
2024-08-01 09:23:27,449 [INFO] IPUIPlugin:80 - create IPUIPlugin
2024-08-01 09:23:27,449 [INFO] PluginManager:220 - loadIPPluginJar : add i3c
2024-08-01 09:23:27,568 [INFO] IPUIPlugin:80 - create IPUIPlugin
2024-08-01 09:23:27,568 [INFO] PluginManager:220 - loadIPPluginJar : add ipddr
2024-08-01 09:23:27,678 [INFO] IPUIPlugin:80 - create IPUIPlugin
2024-08-01 09:23:27,679 [INFO] PluginManager:220 - loadIPPluginJar : add linkedlist
2024-08-01 09:23:27,723 [INFO] IPUIPlugin:80 - create IPUIPlugin
2024-08-01 09:23:27,724 [INFO] PluginManager:220 - loadIPPluginJar : add lorawan
2024-08-01 09:23:27,769 [INFO] IPUIPlugin:80 - create IPUIPlugin
2024-08-01 09:23:27,770 [INFO] PluginManager:220 - loadIPPluginJar : add ltdc
2024-08-01 09:23:27,788 [INFO] IPUIPlugin:80 - create IPUIPlugin
2024-08-01 09:23:27,788 [INFO] PluginManager:220 - loadIPPluginJar : add mdma
2024-08-01 09:23:27,806 [INFO] IPUIPlugin:80 - create IPUIPlugin
2024-08-01 09:23:27,806 [INFO] PluginManager:220 - loadIPPluginJar : add nvic
2024-08-01 09:23:27,848 [INFO] IPUIPlugin:80 - create IPUIPlugin
2024-08-01 09:23:27,848 [INFO] PluginManager:220 - loadIPPluginJar : add opamp
2024-08-01 09:23:27,918 [INFO] IPUIPlugin:80 - create IPUIPlugin
2024-08-01 09:23:27,918 [INFO] PluginManager:220 - loadIPPluginJar : add openamp
2024-08-01 09:23:27,968 [INFO] IPUIPlugin:80 - create IPUIPlugin
2024-08-01 09:23:27,968 [INFO] PluginManager:220 - loadIPPluginJar : add pdm2pcm
2024-08-01 09:23:27,986 [INFO] IPUIPlugin:80 - create IPUIPlugin
2024-08-01 09:23:27,988 [INFO] PluginManager:220 - loadIPPluginJar : add plateformsettings
2024-08-01 09:23:28,015 [INFO] IPUIPlugin:80 - create IPUIPlugin
2024-08-01 09:23:28,015 [INFO] PluginManager:220 - loadIPPluginJar : add quadspi
2024-08-01 09:23:28,032 [INFO] IPUIPlugin:80 - create IPUIPlugin
2024-08-01 09:23:28,032 [INFO] PluginManager:220 - loadIPPluginJar : add resmgrutility
2024-08-01 09:23:28,088 [INFO] IPUIPlugin:80 - create IPUIPlugin
2024-08-01 09:23:28,089 [INFO] PluginManager:220 - loadIPPluginJar : add sai
2024-08-01 09:23:28,132 [INFO] IPUIPlugin:80 - create IPUIPlugin
2024-08-01 09:23:28,132 [INFO] PluginManager:220 - loadIPPluginJar : add spi
2024-08-01 09:23:28,212 [INFO] IPUIPlugin:80 - create IPUIPlugin
2024-08-01 09:23:28,212 [INFO] PluginManager:220 - loadIPPluginJar : add stm32_wpan
2024-08-01 09:23:28,242 [INFO] IPUIPlugin:80 - create IPUIPlugin
2024-08-01 09:23:28,242 [INFO] PluginManager:220 - loadIPPluginJar : add tim
2024-08-01 09:23:28,245 [INFO] ThirdPartyUpdaterWithRetryManager:70 - Updater plugin not ready yet. [2/15]
2024-08-01 09:23:28,312 [INFO] IPUIPlugin:80 - create IPUIPlugin
2024-08-01 09:23:28,312 [INFO] PluginManager:220 - loadIPPluginJar : add touchsensing
2024-08-01 09:23:28,424 [INFO] IPUIPlugin:80 - create IPUIPlugin
2024-08-01 09:23:28,424 [INFO] PluginManager:220 - loadIPPluginJar : add tracer_emb
2024-08-01 09:23:28,456 [INFO] IPUIPlugin:80 - create IPUIPlugin
2024-08-01 09:23:28,456 [INFO] PluginManager:220 - loadIPPluginJar : add ts
2024-08-01 09:23:28,485 [INFO] IPUIPlugin:80 - create IPUIPlugin
2024-08-01 09:23:28,485 [INFO] PluginManager:220 - loadIPPluginJar : add tsc
2024-08-01 09:23:28,515 [INFO] IPUIPlugin:80 - create IPUIPlugin
2024-08-01 09:23:28,516 [INFO] PluginManager:220 - loadIPPluginJar : add ucpd
2024-08-01 09:23:28,571 [INFO] IPUIPlugin:80 - create IPUIPlugin
2024-08-01 09:23:28,572 [INFO] PluginManager:220 - loadIPPluginJar : add usart
2024-08-01 09:23:28,626 [INFO] IPUIPlugin:80 - create IPUIPlugin
2024-08-01 09:23:28,626 [INFO] PluginManager:220 - loadIPPluginJar : add usbx
2024-08-01 09:23:28,909 [INFO] CADModel:165 - CPN selected for project level
2024-08-01 09:23:28,909 [INFO] CADModel:114 - Register for checkConnection events
2024-08-01 09:23:28,909 [FATAL] Updater:308 - Updater called before beeing initialized
2024-08-01 09:23:28,909 [ERROR] CADModel:125 - Updater not yet initialized, retry later 
2024-08-01 09:23:29,101 [INFO] CADModel:165 - CPN selected for project level
2024-08-01 09:23:29,101 [INFO] CADModel:114 - Register for checkConnection events
2024-08-01 09:23:29,101 [FATAL] Updater:308 - Updater called before beeing initialized
2024-08-01 09:23:29,101 [ERROR] CADModel:125 - Updater not yet initialized, retry later 
2024-08-01 09:23:29,104 [FATAL] Updater:308 - Updater called before beeing initialized
2024-08-01 09:23:29,377 [FATAL] Updater:308 - Updater called before beeing initialized
2024-08-01 09:23:29,389 [INFO] DbMcusAds:53 - JSON generation date=Thu May 16 06:22:01 BRT 2024 (1715851321109)
2024-08-01 09:23:29,390 [FATAL] Updater:308 - Updater called before beeing initialized
2024-08-01 09:23:29,495 [WARN] DetailPanel:346 - Failed to get advertising image, set to default
2024-08-01 09:23:29,710 [FATAL] Updater:308 - Updater called before beeing initialized
2024-08-01 09:23:29,884 [FATAL] Updater:308 - Updater called before beeing initialized
2024-08-01 09:23:29,884 [FATAL] Updater:308 - Updater called before beeing initialized
2024-08-01 09:23:29,884 [WARN] DetailPanel:346 - Failed to get advertising image, set to default
2024-08-01 09:23:29,885 [FATAL] Updater:308 - Updater called before beeing initialized
2024-08-01 09:23:29,961 [ERROR] Updater:1120 - MainUpdater not yet initialized. External WinMGr cannot be set.
2024-08-01 09:23:29,972 [INFO] Updater:1056 - Updater Version found : 6.11.1
2024-08-01 09:23:30,007 [INFO] ApplicationProperties:184 - Using Application install path: C:\ST\STM32CubeIDE_1.15.1\STM32CubeIDE\plugins\com.st.stm32cube.common.mx_6.11.1.202404110753
2024-08-01 09:23:31,245 [INFO] ThirdPartyUpdaterWithRetryManager:70 - Updater plugin not ready yet. [3/15]
2024-08-01 09:23:31,589 [ERROR] LogOutputStream:75 - [STDERR_REDIRECT] Aug 01, 2024 9:23:31 AM java.util.prefs.WindowsPreferences <init>
2024-08-01 09:23:31,591 [ERROR] LogOutputStream:75 - [STDERR_REDIRECT] WARNING: Could not open/create prefs root node Software\JavaSoft\Prefs at root 0xffffffff80000002. Windows RegCreateKeyEx(...) returned error code 5.
2024-08-01 09:23:31,591 [ERROR] LogOutputStream:75 - [STDERR_REDIRECT] 
2024-08-01 09:23:32,016 [INFO] MainUpdater:2873 - connection check result : 10
2024-08-01 09:23:32,017 [INFO] MainUpdater:290 - Updater Check For Update Now.
2024-08-01 09:23:32,017 [INFO] MicroXplorer:498 - Change Database Version : DB.6.0.111
2024-08-01 09:23:32,041 [INFO] McuFinderGlobals:63 - Set McuFinder mode to 2 (CubeIDE integrated)
2024-08-01 09:23:32,069 [INFO] UserAuth:415 - Internet connection configuration mode: 1
2024-08-01 09:23:32,106 [INFO] JxBrowserEngine:152 - Initiate JxBrowser Engine with user profile folder
2024-08-01 09:23:32,419 [INFO] CheckServerUpdateThread:120 - End of CheckServer Thread
2024-08-01 09:23:34,612 [WARN] PackLoader:240 - Cannot read IP mode file for STMicroelectronics.FP-SNS-MOTENVWB1.1.4.0
2024-08-01 09:23:34,632 [WARN] PackLoader:240 - Cannot read IP mode file for STMicroelectronics.X-CUBE-SMBUS.2.1.0
2024-08-01 09:23:34,648 [WARN] PackLoader:240 - Cannot read IP mode file for STMicroelectronics.X-CUBE-TOUCHGFX.4.23.2
2024-08-01 09:23:34,711 [WARN] PackLoader:240 - Cannot read IP mode file for STMicroelectronics.X-CUBE-AZRTOS-F7.1.1.0
2024-08-01 09:23:34,739 [WARN] PackLoader:240 - Cannot read IP mode file for STMicroelectronics.FP-SNS-FLIGHT1.5.0.2
2024-08-01 09:23:34,767 [WARN] PackLoader:240 - Cannot read IP mode file for STMicroelectronics.X-CUBE-DISPLAY.3.0.0
2024-08-01 09:23:34,796 [WARN] PackLoader:240 - Cannot read IP mode file for STMicroelectronics.X-CUBE-BLE1.7.0.0
2024-08-01 09:23:34,825 [WARN] PackLoader:240 - Cannot read IP mode file for emotas.I-CUBE-CANOPEN.1.3.0
2024-08-01 09:23:34,859 [WARN] PackLoader:240 - Cannot read IP mode file for STMicroelectronics.X-CUBE-BLEMGR.3.1.0
2024-08-01 09:23:34,983 [WARN] PackLoader:240 - Cannot read IP mode file for STMicroelectronics.FP-SNS-SMARTAG2.1.2.0
2024-08-01 09:23:35,103 [INFO] LogOutputStream:77 - [STDOUT_REDIRECT] 1 : Invalid condition id : UX_CORESTACK_Condition cause : null
2024-08-01 09:23:35,104 [INFO] LogOutputStream:77 - [STDOUT_REDIRECT] 1 : Invalid condition id : UX_CORESTACK_Condition cause : null
2024-08-01 09:23:35,105 [INFO] LogOutputStream:77 - [STDOUT_REDIRECT] 1 : Invalid condition id : UX_CORESTACK_Condition cause : null
2024-08-01 09:23:35,107 [INFO] LogOutputStream:77 - [STDOUT_REDIRECT] 1 : Invalid condition id : UX_CORESTACK_Condition cause : null
2024-08-01 09:23:35,109 [INFO] LogOutputStream:77 - [STDOUT_REDIRECT] 1 : Invalid condition id : UX_CORESTACK_Condition cause : null
2024-08-01 09:23:35,114 [WARN] PackLoader:240 - Cannot read IP mode file for STMicroelectronics.X-CUBE-AZRTOS-WL.2.0.0
2024-08-01 09:23:35,297 [WARN] PackLoader:240 - Cannot read IP mode file for STMicroelectronics.FP-SNS-MOTENV1.5.0.0
2024-08-01 09:23:35,313 [WARN] PackLoader:240 - Cannot read IP mode file for wolfSSL.I-CUBE-wolfMQTT.1.19.0
2024-08-01 09:23:35,331 [WARN] PackLoader:240 - Cannot read IP mode file for WES.I-CUBE-Cesium.1.3.0
2024-08-01 09:23:35,353 [WARN] PackLoader:240 - Cannot read IP mode file for STMicroelectronics.X-CUBE-BLE2.3.3.0
2024-08-01 09:23:35,675 [WARN] PackLoader:240 - Cannot read IP mode file for STMicroelectronics.X-CUBE-TCPP.4.1.0
2024-08-01 09:23:35,719 [WARN] PackLoader:240 - Cannot read IP mode file for STMicroelectronics.X-CUBE-AZRTOS-G0.1.1.0
2024-08-01 09:23:35,740 [WARN] PackLoader:240 - Cannot read IP mode file for STMicroelectronics.X-CUBE-SAFEA1.1.2.2
2024-08-01 09:23:35,757 [WARN] PackLoader:240 - Cannot read IP mode file for STMicroelectronics.X-CUBE-NFC4.3.0.0
2024-08-01 09:23:35,770 [WARN] PackLoader:240 - Cannot read IP mode file for wolfSSL.I-CUBE-wolfMQTT.1.18.0
2024-08-01 09:23:35,792 [WARN] PackLoader:240 - Cannot read IP mode file for EmbeddedOffice.I-CUBE-FS-RTOS.1.0.1
2024-08-01 09:23:35,792 [ERROR] ConditionMgr:805 - Attr not supported : Dmpu
2024-08-01 09:23:35,792 [ERROR] ConditionMgr:805 - Attr not supported : Dmpu
2024-08-01 09:23:35,792 [ERROR] ConditionMgr:805 - Attr not supported : Dmpu
2024-08-01 09:23:35,792 [ERROR] ConditionMgr:805 - Attr not supported : Dmpu
2024-08-01 09:23:35,793 [ERROR] ConditionMgr:805 - Attr not supported : Dmpu
2024-08-01 09:23:35,793 [ERROR] ConditionMgr:805 - Attr not supported : Dmpu
2024-08-01 09:23:35,793 [ERROR] ConditionMgr:805 - Attr not supported : Dmpu
2024-08-01 09:23:35,793 [ERROR] ConditionMgr:805 - Attr not supported : Dmpu
2024-08-01 09:23:35,793 [ERROR] ConditionMgr:805 - Attr not supported : Dmpu
2024-08-01 09:23:35,793 [ERROR] ConditionMgr:805 - Attr not supported : Dmpu
2024-08-01 09:23:35,793 [ERROR] ConditionMgr:805 - Attr not supported : Dmpu
2024-08-01 09:23:35,793 [ERROR] ConditionMgr:805 - Attr not supported : Dmpu
2024-08-01 09:23:35,793 [ERROR] ConditionMgr:805 - Attr not supported : Dmpu
2024-08-01 09:23:35,793 [ERROR] ConditionMgr:805 - Attr not supported : Dmpu
2024-08-01 09:23:35,793 [ERROR] ConditionMgr:805 - Attr not supported : Dmpu
2024-08-01 09:23:35,793 [ERROR] ConditionMgr:805 - Attr not supported : Dmpu
2024-08-01 09:23:35,794 [ERROR] ConditionMgr:805 - Attr not supported : Dmpu
2024-08-01 09:23:35,794 [ERROR] ConditionMgr:805 - Attr not supported : Dmpu
2024-08-01 09:23:35,794 [ERROR] ConditionMgr:805 - Attr not supported : Dmpu
2024-08-01 09:23:35,794 [ERROR] ConditionMgr:805 - Attr not supported : Dmpu
2024-08-01 09:23:35,794 [ERROR] ConditionMgr:805 - Attr not supported : Dmpu
2024-08-01 09:23:35,794 [ERROR] ConditionMgr:805 - Attr not supported : Dmpu
2024-08-01 09:23:35,794 [ERROR] ConditionMgr:805 - Attr not supported : Dmpu
2024-08-01 09:23:35,794 [ERROR] ConditionMgr:805 - Attr not supported : Dmpu
2024-08-01 09:23:35,794 [ERROR] ConditionMgr:805 - Attr not supported : Dmpu
2024-08-01 09:23:35,794 [ERROR] ConditionMgr:805 - Attr not supported : Dmpu
2024-08-01 09:23:35,794 [ERROR] ConditionMgr:805 - Attr not supported : Dmpu
2024-08-01 09:23:35,794 [ERROR] ConditionMgr:805 - Attr not supported : Dmpu
2024-08-01 09:23:35,794 [ERROR] ConditionMgr:805 - Attr not supported : Dmpu
2024-08-01 09:23:35,794 [ERROR] ConditionMgr:805 - Attr not supported : Dmpu
2024-08-01 09:23:35,795 [ERROR] ConditionMgr:805 - Attr not supported : Dmpu
2024-08-01 09:23:35,795 [ERROR] ConditionMgr:805 - Attr not supported : Dmpu
2024-08-01 09:23:35,795 [ERROR] ConditionMgr:805 - Attr not supported : Dmpu
2024-08-01 09:23:35,795 [ERROR] ConditionMgr:805 - Attr not supported : Dmpu
2024-08-01 09:23:35,795 [ERROR] ConditionMgr:805 - Attr not supported : Dmpu
2024-08-01 09:23:35,795 [ERROR] ConditionMgr:805 - Attr not supported : Dmpu
2024-08-01 09:23:35,795 [ERROR] ConditionMgr:805 - Attr not supported : Dmpu
2024-08-01 09:23:35,795 [ERROR] ConditionMgr:805 - Attr not supported : Dmpu
2024-08-01 09:23:35,795 [ERROR] ConditionMgr:805 - Attr not supported : Dmpu
2024-08-01 09:23:35,796 [ERROR] ConditionMgr:805 - Attr not supported : Dmpu
2024-08-01 09:23:35,796 [ERROR] ConditionMgr:805 - Attr not supported : Dmpu
2024-08-01 09:23:35,796 [ERROR] ConditionMgr:805 - Attr not supported : Dmpu
2024-08-01 09:23:35,796 [ERROR] ConditionMgr:805 - Attr not supported : Dmpu
2024-08-01 09:23:35,796 [ERROR] ConditionMgr:805 - Attr not supported : Dmpu
2024-08-01 09:23:35,796 [ERROR] ConditionMgr:805 - Attr not supported : Dmpu
2024-08-01 09:23:35,796 [ERROR] ConditionMgr:805 - Attr not supported : Dmpu
2024-08-01 09:23:35,796 [ERROR] ConditionMgr:805 - Attr not supported : Dmpu
2024-08-01 09:23:35,796 [ERROR] ConditionMgr:805 - Attr not supported : Dmpu
2024-08-01 09:23:35,797 [ERROR] ConditionMgr:805 - Attr not supported : Dmpu
2024-08-01 09:23:35,797 [ERROR] ConditionMgr:805 - Attr not supported : Dmpu
2024-08-01 09:23:35,797 [ERROR] ConditionMgr:805 - Attr not supported : Dmpu
2024-08-01 09:23:35,797 [ERROR] ConditionMgr:805 - Attr not supported : Dmpu
2024-08-01 09:23:35,797 [ERROR] ConditionMgr:805 - Attr not supported : Dmpu
2024-08-01 09:23:35,797 [ERROR] ConditionMgr:805 - Attr not supported : Dmpu
2024-08-01 09:23:35,798 [ERROR] ConditionMgr:805 - Attr not supported : Dmpu
2024-08-01 09:23:35,798 [ERROR] ConditionMgr:805 - Attr not supported : Dmpu
2024-08-01 09:23:35,798 [ERROR] ConditionMgr:805 - Attr not supported : Dmpu
2024-08-01 09:23:35,798 [ERROR] ConditionMgr:805 - Attr not supported : Dmpu
2024-08-01 09:23:35,798 [ERROR] ConditionMgr:805 - Attr not supported : Dmpu
2024-08-01 09:23:35,798 [ERROR] ConditionMgr:805 - Attr not supported : Dmpu
2024-08-01 09:23:35,798 [ERROR] ConditionMgr:805 - Attr not supported : Dmpu
2024-08-01 09:23:35,798 [ERROR] ConditionMgr:805 - Attr not supported : Dmpu
2024-08-01 09:23:35,798 [ERROR] ConditionMgr:805 - Attr not supported : Dmpu
2024-08-01 09:23:35,798 [ERROR] ConditionMgr:805 - Attr not supported : Dmpu
2024-08-01 09:23:35,814 [WARN] PackLoader:240 - Cannot read IP mode file for RealThread.X-CUBE-RT-Thread_Nano.4.1.1
2024-08-01 09:23:35,827 [WARN] PackLoader:240 - Cannot read IP mode file for wolfSSL.I-CUBE-wolfSSL.5.7.0
2024-08-01 09:23:35,841 [WARN] PackLoader:240 - Cannot read IP mode file for STMicroelectronics.FP-ATR-SIGFOX1.3.2.0
2024-08-01 09:23:35,860 [WARN] PackLoader:240 - Cannot read IP mode file for STMicroelectronics.X-CUBE-EEPRMA1.5.1.0
2024-08-01 09:23:35,892 [WARN] PackLoader:240 - Cannot read IP mode file for ITTIA_DB.I-CUBE-ITTIADB.8.9.0
2024-08-01 09:23:35,953 [WARN] PackLoader:240 - Cannot read IP mode file for SEGGER.I-CUBE-embOS.1.3.1
2024-08-01 09:23:36,047 [WARN] PackLoader:240 - Cannot read IP mode file for STMicroelectronics.X-CUBE-ALGOBUILD.1.4.0
2024-08-01 09:23:36,073 [WARN] PackLoader:240 - Cannot read IP mode file for STMicroelectronics.X-CUBE-GNSS1.6.0.0
2024-08-01 09:23:36,114 [WARN] PackLoader:240 - Cannot read IP mode file for STMicroelectronics.X-CUBE-AZRTOS-F4.1.1.0
2024-08-01 09:23:36,139 [WARN] PackLoader:240 - Cannot read IP mode file for STMicroelectronics.X-CUBE-FREERTOS.1.2.0
2024-08-01 09:23:36,189 [WARN] PackLoader:240 - Cannot read IP mode file for STMicroelectronics.X-CUBE-AZRTOS-L5.2.0.0
2024-08-01 09:23:36,231 [WARN] PackLoader:240 - Cannot read IP mode file for STMicroelectronics.X-CUBE-NFC6.3.1.0
2024-08-01 09:23:36,250 [WARN] PackLoader:240 - Cannot read IP mode file for STMicroelectronics.X-CUBE-DPower.1.2.0
2024-08-01 09:23:36,266 [WARN] PackLoader:240 - Cannot read IP mode file for STMicroelectronics.X-CUBE-AI.9.0.0
2024-08-01 09:23:36,281 [WARN] PackLoader:240 - Cannot read IP mode file for STMicroelectronics.X-CUBE-NFC7.1.0.1
2024-08-01 09:23:36,298 [WARN] PackLoader:240 - Cannot read IP mode file for wolfSSL.I-CUBE-wolfTPM.3.2.0
2024-08-01 09:23:36,337 [WARN] ConditionMgr:438 - getConditionDescription Invalid condition id : LAN8742 Phy interface Condition cause : null
2024-08-01 09:23:36,338 [WARN] PackLoader:240 - Cannot read IP mode file for STMicroelectronics.X-CUBE-AZRTOS-L4.2.0.0
2024-08-01 09:23:36,340 [WARN] ConditionMgr:1039 - genDependencies : Invalid condition id : LAN8742 Phy interface Condition cause : null
2024-08-01 09:23:36,340 [WARN] ConditionMgr:1039 - genDependencies : Invalid condition id : LAN8742 Phy interface Condition cause : null
2024-08-01 09:23:36,341 [WARN] ConditionMgr:1039 - genDependencies : Invalid condition id : LAN8742 Phy interface Condition cause : null
2024-08-01 09:23:36,362 [WARN] PackLoader:240 - Cannot read IP mode file for STMicroelectronics.X-CUBE-SFXS2LP1.4.0.0
2024-08-01 09:23:36,397 [WARN] ConditionMgr:438 - getConditionDescription Invalid condition id : UX DEVICE CLASS RTOS Condition cause : null
2024-08-01 09:23:36,397 [WARN] ConditionMgr:438 - getConditionDescription Invalid condition id : UX DEVICE CLASS RTOS Condition cause : null
2024-08-01 09:23:36,400 [WARN] PackLoader:240 - Cannot read IP mode file for STMicroelectronics.X-CUBE-AZRTOS-WB.2.0.0
2024-08-01 09:23:36,401 [WARN] ConditionMgr:1039 - genDependencies : Invalid condition id : UX DEVICE CLASS RTOS Condition cause : null
2024-08-01 09:23:36,401 [WARN] ConditionMgr:1039 - genDependencies : Invalid condition id : UX DEVICE CLASS RTOS Condition cause : null
2024-08-01 09:23:36,402 [WARN] ConditionMgr:1039 - genDependencies : Invalid condition id : UX DEVICE CLASS RTOS Condition cause : null
2024-08-01 09:23:36,402 [WARN] ConditionMgr:1039 - genDependencies : Invalid condition id : UX DEVICE CLASS RTOS Condition cause : null
2024-08-01 09:23:36,402 [WARN] ConditionMgr:1039 - genDependencies : Invalid condition id : UX DEVICE CLASS RTOS Condition cause : null
2024-08-01 09:23:36,426 [WARN] PackLoader:240 - Cannot read IP mode file for STMicroelectronics.FP-SNS-STBOX1.2.0.0
2024-08-01 09:23:36,454 [WARN] PackLoader:240 - Cannot read IP mode file for STMicroelectronics.X-CUBE-SUBG2.5.0.0
2024-08-01 09:23:36,618 [WARN] PackLoader:240 - Cannot read IP mode file for STMicroelectronics.X-CUBE-AZRTOS-G4.2.0.0
2024-08-01 09:23:36,635 [WARN] PackLoader:240 - Cannot read IP mode file for STMicroelectronics.X-CUBE-ISPU.2.0.0
2024-08-01 09:23:36,650 [WARN] PackLoader:240 - Cannot read IP mode file for STMicroelectronics.X-CUBE-ALS.1.0.2
2024-08-01 09:23:36,716 [WARN] PackLoader:240 - Cannot read IP mode file for STMicroelectronics.X-CUBE-MEMS1.10.0.0
2024-08-01 09:23:36,883 [WARN] PackLoader:240 - Cannot read IP mode file for STMicroelectronics.X-CUBE-TOUCHGFX.4.24.0
2024-08-01 09:23:36,899 [WARN] PackLoader:240 - Cannot read IP mode file for portGmbH.I-Cube-SoM-uGOAL.1.1.0
2024-08-01 09:23:36,913 [WARN] PackLoader:240 - Cannot read IP mode file for STMicroelectronics.X-CUBE-ALS.1.0.1
2024-08-01 09:23:36,971 [WARN] PackLoader:240 - Cannot read IP mode file for STMicroelectronics.X-CUBE-AZRTOS-H7RS.1.0.0
2024-08-01 09:23:36,991 [WARN] PackLoader:240 - Cannot read IP mode file for STMicroelectronics.FP-ATR-ASTRA1.2.0.0
2024-08-01 09:23:37,040 [WARN] PackLoader:240 - Cannot read IP mode file for STMicroelectronics.X-CUBE-TOF1.3.4.2
2024-08-01 09:23:37,080 [WARN] PackLoader:240 - Cannot read IP mode file for STMicroelectronics.X-CUBE-TOF1.3.4.1
2024-08-01 09:23:37,126 [WARN] PackLoader:240 - Cannot read IP mode file for STMicroelectronics.X-CUBE-AZRTOS-H7.3.2.0
2024-08-01 09:23:37,159 [WARN] PackLoader:240 - Cannot read IP mode file for Infineon.AIROC-Wi-Fi-Bluetooth-STM32.1.6.0
2024-08-01 09:23:37,176 [WARN] PackLoader:240 - Cannot read IP mode file for wolfSSL.I-CUBE-wolfSSH.1.4.17
2024-08-01 09:23:37,177 [INFO] ThirdParty:978 - Integrity check success = true
2024-08-01 09:23:37,177 [INFO] IntegrityCheckThread:100 - exiting critical section [integrity check]
2024-08-01 09:23:37,177 [INFO] IntegrityCheckThread:103 - End integrity checks thread
2024-08-01 09:23:46,735 [INFO] WebApp:161 - Instantiating new browser for Auth
2024-08-01 09:23:51,240 [INFO] WebApp:779 - Register for checkConnection events
2024-08-01 09:23:51,240 [INFO] WebApp:414 - Apply proxy settings
2024-08-01 09:23:51,240 [INFO] WebApp:499 - Chromium requires no authentication
2024-08-01 09:23:51,252 [INFO] WebApp:442 - Direct internet connection detected
2024-08-01 09:23:51,485 [INFO] WebApp:192 - Starting web application
2024-08-01 09:23:51,486 [INFO] WebApp:544 - Web application path used C:\ST\STM32CubeIDE_1.15.1\STM32CubeIDE\plugins\com.st.stm32cube.common.mx_6.11.1.202404110753\db\plugins\mcufinder\reactClient1\index.html
2024-08-01 22:06:31,542 [INFO] Activator:176 - 


2024-08-01 22:06:31,545 [INFO] Activator:177 - !SESSION log4j initialized
2024-08-01 22:06:40,712 [INFO] LogOutputStream:77 - [STDOUT_REDIRECT] 
2024-08-01 22:06:44,173 [INFO] ApplicationProperties:184 - Using Application install path: C:\ST\STM32CubeIDE_1.15.1\STM32CubeIDE\plugins\com.st.stm32cube.common.mx_6.11.1.202404110753
2024-08-01 22:06:44,201 [INFO] DbMcusXml:78 - Set database path to: C:\ST\STM32CubeIDE_1.15.1\STM32CubeIDE\plugins\com.st.stm32cube.common.mx_6.11.1.202404110753\\db\/mcu/
2024-08-01 22:06:44,202 [INFO] ApiDb:274 - Set plugin database path to: C:\ST\STM32CubeIDE_1.15.1\STM32CubeIDE\plugins\com.st.stm32cube.common.mx_6.11.1.202404110753\\db\/plugins/boardmanager/
2024-08-01 22:06:44,202 [WARN] ApiDb:259 - Overriding images path with different value:  => C:\ST\STM32CubeIDE_1.15.1\STM32CubeIDE\plugins\com.st.stm32cube.common.mx_6.11.1.202404110753\\db\/plugins/mcufinder/images/
2024-08-01 22:06:44,220 [INFO] ApiDb:250 - Set database path to: C:\Users\Matheus Markies\.stmcufinder\plugins\mcufinder//mcu/
2024-08-01 22:06:44,221 [INFO] DbMcusAds:125 - Set database path to: C:\Users\Matheus Markies\.stmcufinder\plugins\mcufinder//mcu/
2024-08-01 22:06:44,224 [INFO] CrossReferenceDbSqlite:203 - Set database path to: C:\Users\Matheus Markies\.stmcufinder\plugins\mcufinder//mcu/cs/
2024-08-01 22:06:44,431 [INFO] RulesReader:64 - Compatibility file has been processed (297 Rules)
2024-08-01 22:06:44,584 [INFO] DbMcusXml:78 - Set database path to: C:\ST\STM32CubeIDE_1.15.1\STM32CubeIDE\plugins\com.st.stm32cube.common.mx_6.11.1.202404110753\\db\/mcu/
2024-08-01 22:06:44,584 [INFO] ApiDb:274 - Set plugin database path to: C:\ST\STM32CubeIDE_1.15.1\STM32CubeIDE\plugins\com.st.stm32cube.common.mx_6.11.1.202404110753\\db\/plugins/boardmanager/
2024-08-01 22:06:44,584 [INFO] ApiDb:261 - Set plugin images path to: C:\ST\STM32CubeIDE_1.15.1\STM32CubeIDE\plugins\com.st.stm32cube.common.mx_6.11.1.202404110753\\db\/plugins/mcufinder/images/
2024-08-01 22:06:44,585 [WARN] DbFile:41 - Overriding database path with different value: C:\Users\Matheus Markies\.stmcufinder\plugins\mcufinder/ => C:\Users\Matheus Markies\.stmcufinder\plugins\mcufinder
2024-08-01 22:06:44,585 [INFO] ApiDb:250 - Set database path to: C:\Users\Matheus Markies\.stmcufinder\plugins\mcufinder//mcu/
2024-08-01 22:06:44,585 [WARN] DbFile:41 - Overriding database path with different value: C:\Users\Matheus Markies\.stmcufinder\plugins\mcufinder/ => C:\Users\Matheus Markies\.stmcufinder\plugins\mcufinder
2024-08-01 22:06:44,585 [INFO] DbMcusAds:125 - Set database path to: C:\Users\Matheus Markies\.stmcufinder\plugins\mcufinder//mcu/
2024-08-01 22:06:44,585 [WARN] DbFile:41 - Overriding database path with different value: C:\Users\Matheus Markies\.stmcufinder\plugins\mcufinder/ => C:\Users\Matheus Markies\.stmcufinder\plugins\mcufinder
2024-08-01 22:06:44,585 [WARN] DbFile:41 - Overriding database path with different value: C:\Users\Matheus Markies\.stmcufinder\plugins\mcufinder/ => C:\Users\Matheus Markies\.stmcufinder\plugins\mcufinder
2024-08-01 22:06:44,586 [INFO] CrossReferenceDbSqlite:203 - Set database path to: C:\Users\Matheus Markies\.stmcufinder\plugins\mcufinder//mcu/cs/
2024-08-01 22:06:44,748 [INFO] MainPanel:264 - HeapMemory: 268435456
2024-08-01 22:06:44,949 [INFO] DbMcusXml:78 - Set database path to: C:\ST\STM32CubeIDE_1.15.1\STM32CubeIDE\plugins\com.st.stm32cube.common.mx_6.11.1.202404110753\\db\/mcu/
2024-08-01 22:06:44,949 [INFO] ApiDb:274 - Set plugin database path to: C:\ST\STM32CubeIDE_1.15.1\STM32CubeIDE\plugins\com.st.stm32cube.common.mx_6.11.1.202404110753\\db\/plugins/boardmanager/
2024-08-01 22:06:44,949 [INFO] ApiDb:261 - Set plugin images path to: C:\ST\STM32CubeIDE_1.15.1\STM32CubeIDE\plugins\com.st.stm32cube.common.mx_6.11.1.202404110753\\db\/plugins/mcufinder/images/
2024-08-01 22:06:44,950 [WARN] DbFile:41 - Overriding database path with different value: C:\Users\Matheus Markies\.stmcufinder\plugins\mcufinder/ => C:\Users\Matheus Markies\.stmcufinder\plugins\mcufinder
2024-08-01 22:06:44,950 [INFO] ApiDb:250 - Set database path to: C:\Users\Matheus Markies\.stmcufinder\plugins\mcufinder//mcu/
2024-08-01 22:06:44,950 [WARN] DbFile:41 - Overriding database path with different value: C:\Users\Matheus Markies\.stmcufinder\plugins\mcufinder/ => C:\Users\Matheus Markies\.stmcufinder\plugins\mcufinder
2024-08-01 22:06:44,950 [INFO] DbMcusAds:125 - Set database path to: C:\Users\Matheus Markies\.stmcufinder\plugins\mcufinder//mcu/
2024-08-01 22:06:44,950 [WARN] DbFile:41 - Overriding database path with different value: C:\Users\Matheus Markies\.stmcufinder\plugins\mcufinder/ => C:\Users\Matheus Markies\.stmcufinder\plugins\mcufinder
2024-08-01 22:06:44,950 [WARN] DbFile:41 - Overriding database path with different value: C:\Users\Matheus Markies\.stmcufinder\plugins\mcufinder/ => C:\Users\Matheus Markies\.stmcufinder\plugins\mcufinder
2024-08-01 22:06:44,950 [INFO] CrossReferenceDbSqlite:203 - Set database path to: C:\Users\Matheus Markies\.stmcufinder\plugins\mcufinder//mcu/cs/
2024-08-01 22:06:44,977 [INFO] ApplicationProperties:184 - Using Application install path: C:\ST\STM32CubeIDE_1.15.1\STM32CubeIDE\plugins\com.st.stm32cube.common.mx_6.11.1.202404110753
2024-08-01 22:06:44,979 [INFO] PluginManage:196 - Search for loadable plugins [exclusion list=, ]
2024-08-01 22:06:44,981 [INFO] PluginManage:310 - Check plugin analytics
2024-08-01 22:06:45,264 [INFO] AnalyticsPlugin:253 - Accepted Software Licenses: 
2024-08-01 22:06:45,264 [INFO] AnalyticsPlugin:255 - Accepted CMSIS Pack Licenses: 
2024-08-01 22:06:45,264 [INFO] AnalyticsPlugin:257 - Accepted Firmware Licenses: FW.F4.1.28.0
2024-08-01 22:06:45,268 [INFO] PluginManage:359 - Loaded plugin analytics (category:tool,tabindex:-1)
2024-08-01 22:06:45,269 [INFO] PluginManage:310 - Check plugin cadmodel
2024-08-01 22:06:45,294 [INFO] CADModel:105 - Init CAD model plugin
2024-08-01 22:06:45,294 [INFO] PluginManage:359 - Loaded plugin cadmodel (category:power,tabindex:5)
2024-08-01 22:06:45,294 [INFO] PluginManage:310 - Check plugin clock
2024-08-01 22:06:45,328 [INFO] PluginManage:359 - Loaded plugin clock (category:base,tabindex:2)
2024-08-01 22:06:45,328 [INFO] PluginManage:310 - Check plugin ddr
2024-08-01 22:06:45,331 [INFO] PluginManage:359 - Loaded plugin ddr (category:tool,tabindex:6)
2024-08-01 22:06:45,331 [INFO] PluginManage:310 - Check plugin filemanager
2024-08-01 22:06:45,538 [INFO] PluginManage:359 - Loaded plugin filemanager (category:base,tabindex:10)
2024-08-01 22:06:45,538 [INFO] PluginManage:310 - Check plugin ipmanager
2024-08-01 22:06:45,550 [INFO] PluginManage:359 - Loaded plugin ipmanager (category:base,tabindex:5)
2024-08-01 22:06:45,551 [INFO] PluginManage:310 - Check plugin lpbam
2024-08-01 22:06:45,583 [INFO] PluginManage:359 - Loaded plugin lpbam (category:base,tabindex:0)
2024-08-01 22:06:45,584 [INFO] PluginManage:310 - Check plugin memorymap
2024-08-01 22:06:45,631 [INFO] PluginManage:359 - Loaded plugin memorymap (category:base,tabindex:4)
2024-08-01 22:06:45,631 [INFO] PluginManage:310 - Check plugin pinoutandconfiguration
2024-08-01 22:06:45,656 [INFO] PluginManage:359 - Loaded plugin pinoutandconfiguration (category:base,tabindex:1)
2024-08-01 22:06:45,656 [INFO] PluginManage:310 - Check plugin pinoutconfig
2024-08-01 22:06:45,830 [WARN] SupportedApi:132 - Cannot load RTOS API schema: s4s-elt-must-match.1: The content of 'definitions' must match (annotation?, (simpleType | complexType)?, (unique | key | keyref)*)). A problem was found starting at: attribute.
2024-08-01 22:06:46,027 [INFO] PluginManage:359 - Loaded plugin pinoutconfig (category:base,tabindex:0)
2024-08-01 22:06:46,027 [INFO] PluginManage:310 - Check plugin power
2024-08-01 22:06:46,072 [INFO] PluginManage:359 - Loaded plugin power (category:power,tabindex:4)
2024-08-01 22:06:46,072 [INFO] PluginManage:310 - Check plugin projectmanager
2024-08-01 22:06:46,096 [INFO] PluginManage:359 - Loaded plugin projectmanager (category:projectmanager,tabindex:3)
2024-08-01 22:06:46,096 [INFO] PluginManage:310 - Check plugin thirdparty
2024-08-01 22:06:46,678 [INFO] PluginManage:359 - Loaded plugin thirdparty (category:base,tabindex:-1)
2024-08-01 22:06:46,678 [INFO] PluginManage:310 - Check plugin tools
2024-08-01 22:06:46,678 [WARN] IntegrityCheckThread:84 - waiting for thirdparty lock release [integrity check]
2024-08-01 22:06:46,682 [INFO] IntegrityCheckThread:86 - entering critical section [integrity check]
2024-08-01 22:06:46,683 [INFO] ThirdPartyUpdaterWithRetryManager:70 - Updater plugin not ready yet. [1/15]
2024-08-01 22:06:46,735 [INFO] PluginManage:359 - Loaded plugin tools (category:base,tabindex:7)
2024-08-01 22:06:46,735 [INFO] PluginManage:310 - Check plugin tutovideos
2024-08-01 22:06:47,020 [INFO] PluginManage:359 - Loaded plugin tutovideos (category:base,tabindex:-1)
2024-08-01 22:06:47,020 [INFO] PluginManage:310 - Check plugin updater
2024-08-01 22:06:47,039 [INFO] PluginManage:359 - Loaded plugin updater (category:base,tabindex:12)
2024-08-01 22:06:47,040 [INFO] PluginManage:310 - Check plugin userauth
2024-08-01 22:06:47,048 [INFO] UserAuth:114 - Init User Auth plugin
2024-08-01 22:06:47,048 [INFO] PluginManage:359 - Loaded plugin userauth (category:base,tabindex:14)
2024-08-01 22:06:47,048 [INFO] PluginManage:283 - PluginManage : Loaded plugins [17]
2024-08-01 22:06:47,565 [INFO] PinOutPanel:1561 - setPackage(No Configuration,No Configuration)
2024-08-01 22:06:47,824 [INFO] CADModel:165 - CPN selected for project level
2024-08-01 22:06:47,825 [INFO] CADModel:114 - Register for checkConnection events
2024-08-01 22:06:47,895 [INFO] IPUIPlugin:80 - create IPUIPlugin
2024-08-01 22:06:47,895 [INFO] PluginManager:220 - loadIPPluginJar : add adc
2024-08-01 22:06:47,948 [INFO] IPUIPlugin:80 - create IPUIPlugin
2024-08-01 22:06:47,948 [INFO] PluginManager:220 - loadIPPluginJar : add aes
2024-08-01 22:06:48,006 [INFO] IPUIPlugin:80 - create IPUIPlugin
2024-08-01 22:06:48,007 [INFO] PluginManager:220 - loadIPPluginJar : add can
2024-08-01 22:06:48,045 [INFO] IPUIPlugin:80 - create IPUIPlugin
2024-08-01 22:06:48,045 [INFO] PluginManager:220 - loadIPPluginJar : add comp
2024-08-01 22:06:48,092 [INFO] IPUIPlugin:80 - create IPUIPlugin
2024-08-01 22:06:48,092 [INFO] PluginManager:220 - loadIPPluginJar : add cryp
2024-08-01 22:06:48,133 [INFO] IPUIPlugin:80 - create IPUIPlugin
2024-08-01 22:06:48,133 [INFO] PluginManager:220 - loadIPPluginJar : add dfsdm
2024-08-01 22:06:48,152 [INFO] IPUIPlugin:80 - create IPUIPlugin
2024-08-01 22:06:48,152 [INFO] PluginManager:220 - loadIPPluginJar : add dma
2024-08-01 22:06:48,211 [INFO] IPUIPlugin:80 - create IPUIPlugin
2024-08-01 22:06:48,211 [INFO] PluginManager:220 - loadIPPluginJar : add dma3
2024-08-01 22:06:48,271 [INFO] IPUIPlugin:80 - create IPUIPlugin
2024-08-01 22:06:48,271 [INFO] PluginManager:220 - loadIPPluginJar : add extmemmanager
2024-08-01 22:06:48,300 [INFO] IPUIPlugin:80 - create IPUIPlugin
2024-08-01 22:06:48,300 [INFO] PluginManager:220 - loadIPPluginJar : add fatfs
2024-08-01 22:06:48,364 [INFO] IPUIPlugin:80 - create IPUIPlugin
2024-08-01 22:06:48,364 [INFO] PluginManager:220 - loadIPPluginJar : add fmc
2024-08-01 22:06:48,387 [INFO] IPUIPlugin:80 - create IPUIPlugin
2024-08-01 22:06:48,387 [INFO] PluginManager:220 - loadIPPluginJar : add freertos
2024-08-01 22:06:48,417 [INFO] IPUIPlugin:80 - create IPUIPlugin
2024-08-01 22:06:48,417 [INFO] PluginManager:220 - loadIPPluginJar : add genericplugin
2024-08-01 22:06:48,547 [INFO] IPUIPlugin:80 - create IPUIPlugin
2024-08-01 22:06:48,547 [INFO] PluginManager:220 - loadIPPluginJar : add gfxmmu
2024-08-01 22:06:48,745 [INFO] IPUIPlugin:80 - create IPUIPlugin
2024-08-01 22:06:48,745 [INFO] PluginManager:220 - loadIPPluginJar : add gic
2024-08-01 22:06:48,764 [INFO] IPUIPlugin:80 - create IPUIPlugin
2024-08-01 22:06:48,765 [INFO] PluginManager:220 - loadIPPluginJar : add gpio
2024-08-01 22:06:48,898 [INFO] IPUIPlugin:80 - create IPUIPlugin
2024-08-01 22:06:48,898 [INFO] PluginManager:220 - loadIPPluginJar : add gtzc
2024-08-01 22:06:49,048 [INFO] IPUIPlugin:80 - create IPUIPlugin
2024-08-01 22:06:49,048 [INFO] PluginManager:220 - loadIPPluginJar : add hash
2024-08-01 22:06:49,119 [INFO] IPUIPlugin:80 - create IPUIPlugin
2024-08-01 22:06:49,119 [INFO] PluginManager:220 - loadIPPluginJar : add i2c
2024-08-01 22:06:49,173 [INFO] IPUIPlugin:80 - create IPUIPlugin
2024-08-01 22:06:49,173 [INFO] PluginManager:220 - loadIPPluginJar : add i2s
2024-08-01 22:06:49,231 [INFO] IPUIPlugin:80 - create IPUIPlugin
2024-08-01 22:06:49,232 [INFO] PluginManager:220 - loadIPPluginJar : add i3c
2024-08-01 22:06:49,441 [INFO] IPUIPlugin:80 - create IPUIPlugin
2024-08-01 22:06:49,442 [INFO] PluginManager:220 - loadIPPluginJar : add ipddr
2024-08-01 22:06:49,612 [INFO] IPUIPlugin:80 - create IPUIPlugin
2024-08-01 22:06:49,612 [INFO] PluginManager:220 - loadIPPluginJar : add linkedlist
2024-08-01 22:06:49,670 [INFO] IPUIPlugin:80 - create IPUIPlugin
2024-08-01 22:06:49,670 [INFO] PluginManager:220 - loadIPPluginJar : add lorawan
2024-08-01 22:06:49,685 [INFO] ThirdPartyUpdaterWithRetryManager:70 - Updater plugin not ready yet. [2/15]
2024-08-01 22:06:49,733 [INFO] IPUIPlugin:80 - create IPUIPlugin
2024-08-01 22:06:49,733 [INFO] PluginManager:220 - loadIPPluginJar : add ltdc
2024-08-01 22:06:49,768 [INFO] IPUIPlugin:80 - create IPUIPlugin
2024-08-01 22:06:49,768 [INFO] PluginManager:220 - loadIPPluginJar : add mdma
2024-08-01 22:06:49,788 [INFO] IPUIPlugin:80 - create IPUIPlugin
2024-08-01 22:06:49,788 [INFO] PluginManager:220 - loadIPPluginJar : add nvic
2024-08-01 22:06:49,859 [INFO] IPUIPlugin:80 - create IPUIPlugin
2024-08-01 22:06:49,862 [INFO] PluginManager:220 - loadIPPluginJar : add opamp
2024-08-01 22:06:49,966 [INFO] IPUIPlugin:80 - create IPUIPlugin
2024-08-01 22:06:49,967 [INFO] PluginManager:220 - loadIPPluginJar : add openamp
2024-08-01 22:06:50,027 [INFO] IPUIPlugin:80 - create IPUIPlugin
2024-08-01 22:06:50,028 [INFO] PluginManager:220 - loadIPPluginJar : add pdm2pcm
2024-08-01 22:06:50,049 [INFO] IPUIPlugin:80 - create IPUIPlugin
2024-08-01 22:06:50,052 [INFO] PluginManager:220 - loadIPPluginJar : add plateformsettings
2024-08-01 22:06:50,056 [INFO] IPUIPlugin:80 - create IPUIPlugin
2024-08-01 22:06:50,056 [INFO] PluginManager:220 - loadIPPluginJar : add quadspi
2024-08-01 22:06:50,078 [INFO] IPUIPlugin:80 - create IPUIPlugin
2024-08-01 22:06:50,078 [INFO] PluginManager:220 - loadIPPluginJar : add resmgrutility
2024-08-01 22:06:50,149 [INFO] IPUIPlugin:80 - create IPUIPlugin
2024-08-01 22:06:50,149 [INFO] PluginManager:220 - loadIPPluginJar : add sai
2024-08-01 22:06:50,200 [INFO] IPUIPlugin:80 - create IPUIPlugin
2024-08-01 22:06:50,201 [INFO] PluginManager:220 - loadIPPluginJar : add spi
2024-08-01 22:06:50,314 [INFO] IPUIPlugin:80 - create IPUIPlugin
2024-08-01 22:06:50,314 [INFO] PluginManager:220 - loadIPPluginJar : add stm32_wpan
2024-08-01 22:06:50,349 [INFO] IPUIPlugin:80 - create IPUIPlugin
2024-08-01 22:06:50,350 [INFO] PluginManager:220 - loadIPPluginJar : add tim
2024-08-01 22:06:50,445 [INFO] IPUIPlugin:80 - create IPUIPlugin
2024-08-01 22:06:50,445 [INFO] PluginManager:220 - loadIPPluginJar : add touchsensing
2024-08-01 22:06:50,482 [INFO] IPUIPlugin:80 - create IPUIPlugin
2024-08-01 22:06:50,482 [INFO] PluginManager:220 - loadIPPluginJar : add tracer_emb
2024-08-01 22:06:50,516 [INFO] IPUIPlugin:80 - create IPUIPlugin
2024-08-01 22:06:50,516 [INFO] PluginManager:220 - loadIPPluginJar : add ts
2024-08-01 22:06:50,551 [INFO] IPUIPlugin:80 - create IPUIPlugin
2024-08-01 22:06:50,551 [INFO] PluginManager:220 - loadIPPluginJar : add tsc
2024-08-01 22:06:50,588 [INFO] IPUIPlugin:80 - create IPUIPlugin
2024-08-01 22:06:50,588 [INFO] PluginManager:220 - loadIPPluginJar : add ucpd
2024-08-01 22:06:50,657 [INFO] IPUIPlugin:80 - create IPUIPlugin
2024-08-01 22:06:50,657 [INFO] PluginManager:220 - loadIPPluginJar : add usart
2024-08-01 22:06:50,727 [INFO] IPUIPlugin:80 - create IPUIPlugin
2024-08-01 22:06:50,727 [INFO] PluginManager:220 - loadIPPluginJar : add usbx
2024-08-01 22:06:50,899 [INFO] CADModel:165 - CPN selected for project level
2024-08-01 22:06:50,899 [INFO] CADModel:114 - Register for checkConnection events
2024-08-01 22:06:50,899 [FATAL] Updater:308 - Updater called before beeing initialized
2024-08-01 22:06:50,899 [ERROR] CADModel:125 - Updater not yet initialized, retry later 
2024-08-01 22:06:51,113 [INFO] CADModel:165 - CPN selected for project level
2024-08-01 22:06:51,114 [INFO] CADModel:114 - Register for checkConnection events
2024-08-01 22:06:51,114 [FATAL] Updater:308 - Updater called before beeing initialized
2024-08-01 22:06:51,114 [ERROR] CADModel:125 - Updater not yet initialized, retry later 
2024-08-01 22:06:51,118 [FATAL] Updater:308 - Updater called before beeing initialized
2024-08-01 22:06:51,426 [FATAL] Updater:308 - Updater called before beeing initialized
2024-08-01 22:06:51,437 [INFO] DbMcusAds:53 - JSON generation date=Thu May 16 06:22:01 BRT 2024 (1715851321109)
2024-08-01 22:06:51,437 [FATAL] Updater:308 - Updater called before beeing initialized
2024-08-01 22:06:51,553 [WARN] DetailPanel:346 - Failed to get advertising image, set to default
2024-08-01 22:06:51,695 [FATAL] Updater:308 - Updater called before beeing initialized
2024-08-01 22:06:51,698 [FATAL] Updater:308 - Updater called before beeing initialized
2024-08-01 22:06:51,699 [FATAL] Updater:308 - Updater called before beeing initialized
2024-08-01 22:06:51,699 [WARN] DetailPanel:346 - Failed to get advertising image, set to default
2024-08-01 22:06:51,700 [FATAL] Updater:308 - Updater called before beeing initialized
2024-08-01 22:06:51,787 [ERROR] Updater:1120 - MainUpdater not yet initialized. External WinMGr cannot be set.
2024-08-01 22:06:51,801 [INFO] Updater:1056 - Updater Version found : 6.11.1
2024-08-01 22:06:51,838 [INFO] ApplicationProperties:184 - Using Application install path: C:\ST\STM32CubeIDE_1.15.1\STM32CubeIDE\plugins\com.st.stm32cube.common.mx_6.11.1.202404110753
2024-08-01 22:06:52,687 [INFO] ThirdPartyUpdaterWithRetryManager:70 - Updater plugin not ready yet. [3/15]
2024-08-01 22:06:53,450 [ERROR] LogOutputStream:75 - [STDERR_REDIRECT] Aug 01, 2024 10:06:53 PM java.util.prefs.WindowsPreferences <init>
2024-08-01 22:06:53,453 [ERROR] LogOutputStream:75 - [STDERR_REDIRECT] WARNING: Could not open/create prefs root node Software\JavaSoft\Prefs at root 0xffffffff80000002. Windows RegCreateKeyEx(...) returned error code 5.
2024-08-01 22:06:53,453 [ERROR] LogOutputStream:75 - [STDERR_REDIRECT] 
2024-08-01 22:06:53,930 [INFO] MainUpdater:2873 - connection check result : 10
2024-08-01 22:06:53,931 [INFO] MainUpdater:290 - Updater Check For Update Now.
2024-08-01 22:06:53,932 [INFO] MicroXplorer:498 - Change Database Version : DB.6.0.111
2024-08-01 22:06:53,951 [INFO] McuFinderGlobals:63 - Set McuFinder mode to 2 (CubeIDE integrated)
2024-08-01 22:06:53,971 [INFO] UserAuth:415 - Internet connection configuration mode: 1
2024-08-01 22:06:54,060 [INFO] JxBrowserEngine:152 - Initiate JxBrowser Engine with user profile folder
2024-08-01 22:06:54,363 [INFO] CheckServerUpdateThread:120 - End of CheckServer Thread
2024-08-01 22:06:56,237 [WARN] PackLoader:240 - Cannot read IP mode file for STMicroelectronics.FP-SNS-MOTENVWB1.1.4.0
2024-08-01 22:06:56,267 [WARN] PackLoader:240 - Cannot read IP mode file for STMicroelectronics.X-CUBE-SMBUS.2.1.0
2024-08-01 22:06:56,290 [WARN] PackLoader:240 - Cannot read IP mode file for STMicroelectronics.X-CUBE-TOUCHGFX.4.23.2
2024-08-01 22:06:56,365 [WARN] PackLoader:240 - Cannot read IP mode file for STMicroelectronics.X-CUBE-AZRTOS-F7.1.1.0
2024-08-01 22:06:56,418 [WARN] PackLoader:240 - Cannot read IP mode file for STMicroelectronics.FP-SNS-FLIGHT1.5.0.2
2024-08-01 22:06:56,460 [WARN] PackLoader:240 - Cannot read IP mode file for STMicroelectronics.X-CUBE-DISPLAY.3.0.0
2024-08-01 22:06:56,495 [WARN] PackLoader:240 - Cannot read IP mode file for STMicroelectronics.X-CUBE-BLE1.7.0.0
2024-08-01 22:06:56,522 [WARN] PackLoader:240 - Cannot read IP mode file for emotas.I-CUBE-CANOPEN.1.3.0
2024-08-01 22:06:56,550 [WARN] PackLoader:240 - Cannot read IP mode file for STMicroelectronics.X-CUBE-BLEMGR.3.1.0
2024-08-01 22:06:56,568 [WARN] PackLoader:240 - Cannot read IP mode file for STMicroelectronics.FP-SNS-SMARTAG2.1.2.0
2024-08-01 22:06:56,595 [INFO] LogOutputStream:77 - [STDOUT_REDIRECT] 1 : Invalid condition id : UX_CORESTACK_Condition cause : null
2024-08-01 22:06:56,596 [INFO] LogOutputStream:77 - [STDOUT_REDIRECT] 1 : Invalid condition id : UX_CORESTACK_Condition cause : null
2024-08-01 22:06:56,598 [INFO] LogOutputStream:77 - [STDOUT_REDIRECT] 1 : Invalid condition id : UX_CORESTACK_Condition cause : null
2024-08-01 22:06:56,599 [INFO] LogOutputStream:77 - [STDOUT_REDIRECT] 1 : Invalid condition id : UX_CORESTACK_Condition cause : null
2024-08-01 22:06:56,601 [INFO] LogOutputStream:77 - [STDOUT_REDIRECT] 1 : Invalid condition id : UX_CORESTACK_Condition cause : null
2024-08-01 22:06:56,605 [WARN] PackLoader:240 - Cannot read IP mode file for STMicroelectronics.X-CUBE-AZRTOS-WL.2.0.0
2024-08-01 22:06:56,623 [WARN] PackLoader:240 - Cannot read IP mode file for STMicroelectronics.FP-SNS-MOTENV1.5.0.0
2024-08-01 22:06:56,645 [WARN] PackLoader:240 - Cannot read IP mode file for wolfSSL.I-CUBE-wolfMQTT.1.19.0
2024-08-01 22:06:56,669 [WARN] PackLoader:240 - Cannot read IP mode file for WES.I-CUBE-Cesium.1.3.0
2024-08-01 22:06:56,687 [WARN] PackLoader:240 - Cannot read IP mode file for STMicroelectronics.X-CUBE-BLE2.3.3.0
2024-08-01 22:06:56,708 [WARN] PackLoader:240 - Cannot read IP mode file for STMicroelectronics.X-CUBE-TCPP.4.1.0
2024-08-01 22:06:56,769 [WARN] PackLoader:240 - Cannot read IP mode file for STMicroelectronics.X-CUBE-AZRTOS-G0.1.1.0
2024-08-01 22:06:56,794 [WARN] PackLoader:240 - Cannot read IP mode file for STMicroelectronics.X-CUBE-SAFEA1.1.2.2
2024-08-01 22:06:56,814 [WARN] PackLoader:240 - Cannot read IP mode file for STMicroelectronics.X-CUBE-NFC4.3.0.0
2024-08-01 22:06:56,830 [WARN] PackLoader:240 - Cannot read IP mode file for wolfSSL.I-CUBE-wolfMQTT.1.18.0
2024-08-01 22:06:56,892 [WARN] PackLoader:240 - Cannot read IP mode file for EmbeddedOffice.I-CUBE-FS-RTOS.1.0.1
2024-08-01 22:06:56,893 [ERROR] ConditionMgr:805 - Attr not supported : Dmpu
2024-08-01 22:06:56,893 [ERROR] ConditionMgr:805 - Attr not supported : Dmpu
2024-08-01 22:06:56,894 [ERROR] ConditionMgr:805 - Attr not supported : Dmpu
2024-08-01 22:06:56,894 [ERROR] ConditionMgr:805 - Attr not supported : Dmpu
2024-08-01 22:06:56,894 [ERROR] ConditionMgr:805 - Attr not supported : Dmpu
2024-08-01 22:06:56,894 [ERROR] ConditionMgr:805 - Attr not supported : Dmpu
2024-08-01 22:06:56,894 [ERROR] ConditionMgr:805 - Attr not supported : Dmpu
2024-08-01 22:06:56,894 [ERROR] ConditionMgr:805 - Attr not supported : Dmpu
2024-08-01 22:06:56,894 [ERROR] ConditionMgr:805 - Attr not supported : Dmpu
2024-08-01 22:06:56,894 [ERROR] ConditionMgr:805 - Attr not supported : Dmpu
2024-08-01 22:06:56,894 [ERROR] ConditionMgr:805 - Attr not supported : Dmpu
2024-08-01 22:06:56,894 [ERROR] ConditionMgr:805 - Attr not supported : Dmpu
2024-08-01 22:06:56,894 [ERROR] ConditionMgr:805 - Attr not supported : Dmpu
2024-08-01 22:06:56,895 [ERROR] ConditionMgr:805 - Attr not supported : Dmpu
2024-08-01 22:06:56,895 [ERROR] ConditionMgr:805 - Attr not supported : Dmpu
2024-08-01 22:06:56,895 [ERROR] ConditionMgr:805 - Attr not supported : Dmpu
2024-08-01 22:06:56,895 [ERROR] ConditionMgr:805 - Attr not supported : Dmpu
2024-08-01 22:06:56,895 [ERROR] ConditionMgr:805 - Attr not supported : Dmpu
2024-08-01 22:06:56,895 [ERROR] ConditionMgr:805 - Attr not supported : Dmpu
2024-08-01 22:06:56,895 [ERROR] ConditionMgr:805 - Attr not supported : Dmpu
2024-08-01 22:06:56,895 [ERROR] ConditionMgr:805 - Attr not supported : Dmpu
2024-08-01 22:06:56,895 [ERROR] ConditionMgr:805 - Attr not supported : Dmpu
2024-08-01 22:06:56,895 [ERROR] ConditionMgr:805 - Attr not supported : Dmpu
2024-08-01 22:06:56,896 [ERROR] ConditionMgr:805 - Attr not supported : Dmpu
2024-08-01 22:06:56,896 [ERROR] ConditionMgr:805 - Attr not supported : Dmpu
2024-08-01 22:06:56,896 [ERROR] ConditionMgr:805 - Attr not supported : Dmpu
2024-08-01 22:06:56,896 [ERROR] ConditionMgr:805 - Attr not supported : Dmpu
2024-08-01 22:06:56,896 [ERROR] ConditionMgr:805 - Attr not supported : Dmpu
2024-08-01 22:06:56,896 [ERROR] ConditionMgr:805 - Attr not supported : Dmpu
2024-08-01 22:06:56,896 [ERROR] ConditionMgr:805 - Attr not supported : Dmpu
2024-08-01 22:06:56,896 [ERROR] ConditionMgr:805 - Attr not supported : Dmpu
2024-08-01 22:06:56,896 [ERROR] ConditionMgr:805 - Attr not supported : Dmpu
2024-08-01 22:06:56,896 [ERROR] ConditionMgr:805 - Attr not supported : Dmpu
2024-08-01 22:06:56,896 [ERROR] ConditionMgr:805 - Attr not supported : Dmpu
2024-08-01 22:06:56,896 [ERROR] ConditionMgr:805 - Attr not supported : Dmpu
2024-08-01 22:06:56,897 [ERROR] ConditionMgr:805 - Attr not supported : Dmpu
2024-08-01 22:06:56,897 [ERROR] ConditionMgr:805 - Attr not supported : Dmpu
2024-08-01 22:06:56,897 [ERROR] ConditionMgr:805 - Attr not supported : Dmpu
2024-08-01 22:06:56,897 [ERROR] ConditionMgr:805 - Attr not supported : Dmpu
2024-08-01 22:06:56,897 [ERROR] ConditionMgr:805 - Attr not supported : Dmpu
2024-08-01 22:06:56,897 [ERROR] ConditionMgr:805 - Attr not supported : Dmpu
2024-08-01 22:06:56,897 [ERROR] ConditionMgr:805 - Attr not supported : Dmpu
2024-08-01 22:06:56,897 [ERROR] ConditionMgr:805 - Attr not supported : Dmpu
2024-08-01 22:06:56,898 [ERROR] ConditionMgr:805 - Attr not supported : Dmpu
2024-08-01 22:06:56,898 [ERROR] ConditionMgr:805 - Attr not supported : Dmpu
2024-08-01 22:06:56,898 [ERROR] ConditionMgr:805 - Attr not supported : Dmpu
2024-08-01 22:06:56,898 [ERROR] ConditionMgr:805 - Attr not supported : Dmpu
2024-08-01 22:06:56,898 [ERROR] ConditionMgr:805 - Attr not supported : Dmpu
2024-08-01 22:06:56,898 [ERROR] ConditionMgr:805 - Attr not supported : Dmpu
2024-08-01 22:06:56,898 [ERROR] ConditionMgr:805 - Attr not supported : Dmpu
2024-08-01 22:06:56,898 [ERROR] ConditionMgr:805 - Attr not supported : Dmpu
2024-08-01 22:06:56,898 [ERROR] ConditionMgr:805 - Attr not supported : Dmpu
2024-08-01 22:06:56,898 [ERROR] ConditionMgr:805 - Attr not supported : Dmpu
2024-08-01 22:06:56,898 [ERROR] ConditionMgr:805 - Attr not supported : Dmpu
2024-08-01 22:06:56,898 [ERROR] ConditionMgr:805 - Attr not supported : Dmpu
2024-08-01 22:06:56,899 [ERROR] ConditionMgr:805 - Attr not supported : Dmpu
2024-08-01 22:06:56,899 [ERROR] ConditionMgr:805 - Attr not supported : Dmpu
2024-08-01 22:06:56,899 [ERROR] ConditionMgr:805 - Attr not supported : Dmpu
2024-08-01 22:06:56,902 [ERROR] ConditionMgr:805 - Attr not supported : Dmpu
2024-08-01 22:06:56,902 [ERROR] ConditionMgr:805 - Attr not supported : Dmpu
2024-08-01 22:06:56,902 [ERROR] ConditionMgr:805 - Attr not supported : Dmpu
2024-08-01 22:06:56,902 [ERROR] ConditionMgr:805 - Attr not supported : Dmpu
2024-08-01 22:06:56,903 [ERROR] ConditionMgr:805 - Attr not supported : Dmpu
2024-08-01 22:06:56,903 [ERROR] ConditionMgr:805 - Attr not supported : Dmpu
2024-08-01 22:06:56,938 [WARN] PackLoader:240 - Cannot read IP mode file for RealThread.X-CUBE-RT-Thread_Nano.4.1.1
2024-08-01 22:06:57,030 [WARN] PackLoader:240 - Cannot read IP mode file for wolfSSL.I-CUBE-wolfSSL.5.7.0
2024-08-01 22:06:57,090 [WARN] PackLoader:240 - Cannot read IP mode file for STMicroelectronics.FP-ATR-SIGFOX1.3.2.0
2024-08-01 22:06:57,137 [WARN] PackLoader:240 - Cannot read IP mode file for STMicroelectronics.X-CUBE-EEPRMA1.5.1.0
2024-08-01 22:06:57,173 [WARN] PackLoader:240 - Cannot read IP mode file for ITTIA_DB.I-CUBE-ITTIADB.8.9.0
2024-08-01 22:06:57,254 [WARN] PackLoader:240 - Cannot read IP mode file for SEGGER.I-CUBE-embOS.1.3.1
2024-08-01 22:06:57,366 [WARN] PackLoader:240 - Cannot read IP mode file for STMicroelectronics.X-CUBE-ALGOBUILD.1.4.0
2024-08-01 22:06:57,401 [WARN] PackLoader:240 - Cannot read IP mode file for STMicroelectronics.X-CUBE-GNSS1.6.0.0
2024-08-01 22:06:57,452 [WARN] PackLoader:240 - Cannot read IP mode file for STMicroelectronics.X-CUBE-AZRTOS-F4.1.1.0
2024-08-01 22:06:57,475 [WARN] PackLoader:240 - Cannot read IP mode file for STMicroelectronics.X-CUBE-FREERTOS.1.2.0
2024-08-01 22:06:57,534 [WARN] PackLoader:240 - Cannot read IP mode file for STMicroelectronics.X-CUBE-AZRTOS-L5.2.0.0
2024-08-01 22:06:57,567 [WARN] PackLoader:240 - Cannot read IP mode file for STMicroelectronics.X-CUBE-NFC6.3.1.0
2024-08-01 22:06:57,596 [WARN] PackLoader:240 - Cannot read IP mode file for STMicroelectronics.X-CUBE-DPower.1.2.0
2024-08-01 22:06:57,633 [WARN] PackLoader:240 - Cannot read IP mode file for STMicroelectronics.X-CUBE-AI.9.0.0
2024-08-01 22:06:57,655 [WARN] PackLoader:240 - Cannot read IP mode file for STMicroelectronics.X-CUBE-NFC7.1.0.1
2024-08-01 22:06:57,688 [WARN] PackLoader:240 - Cannot read IP mode file for wolfSSL.I-CUBE-wolfTPM.3.2.0
2024-08-01 22:06:57,801 [WARN] ConditionMgr:438 - getConditionDescription Invalid condition id : LAN8742 Phy interface Condition cause : null
2024-08-01 22:06:57,802 [WARN] PackLoader:240 - Cannot read IP mode file for STMicroelectronics.X-CUBE-AZRTOS-L4.2.0.0
2024-08-01 22:06:57,809 [WARN] ConditionMgr:1039 - genDependencies : Invalid condition id : LAN8742 Phy interface Condition cause : null
2024-08-01 22:06:57,810 [WARN] ConditionMgr:1039 - genDependencies : Invalid condition id : LAN8742 Phy interface Condition cause : null
2024-08-01 22:06:57,811 [WARN] ConditionMgr:1039 - genDependencies : Invalid condition id : LAN8742 Phy interface Condition cause : null
2024-08-01 22:06:57,844 [WARN] PackLoader:240 - Cannot read IP mode file for STMicroelectronics.X-CUBE-SFXS2LP1.4.0.0
2024-08-01 22:06:57,885 [WARN] ConditionMgr:438 - getConditionDescription Invalid condition id : UX DEVICE CLASS RTOS Condition cause : null
2024-08-01 22:06:57,887 [WARN] ConditionMgr:438 - getConditionDescription Invalid condition id : UX DEVICE CLASS RTOS Condition cause : null
2024-08-01 22:06:57,890 [WARN] PackLoader:240 - Cannot read IP mode file for STMicroelectronics.X-CUBE-AZRTOS-WB.2.0.0
2024-08-01 22:06:57,892 [WARN] ConditionMgr:1039 - genDependencies : Invalid condition id : UX DEVICE CLASS RTOS Condition cause : null
2024-08-01 22:06:57,892 [WARN] ConditionMgr:1039 - genDependencies : Invalid condition id : UX DEVICE CLASS RTOS Condition cause : null
2024-08-01 22:06:57,895 [WARN] ConditionMgr:1039 - genDependencies : Invalid condition id : UX DEVICE CLASS RTOS Condition cause : null
2024-08-01 22:06:57,896 [WARN] ConditionMgr:1039 - genDependencies : Invalid condition id : UX DEVICE CLASS RTOS Condition cause : null
2024-08-01 22:06:57,896 [WARN] ConditionMgr:1039 - genDependencies : Invalid condition id : UX DEVICE CLASS RTOS Condition cause : null
2024-08-01 22:06:57,932 [WARN] PackLoader:240 - Cannot read IP mode file for STMicroelectronics.FP-SNS-STBOX1.2.0.0
2024-08-01 22:06:57,975 [WARN] PackLoader:240 - Cannot read IP mode file for STMicroelectronics.X-CUBE-SUBG2.5.0.0
2024-08-01 22:06:58,069 [WARN] PackLoader:240 - Cannot read IP mode file for STMicroelectronics.X-CUBE-AZRTOS-G4.2.0.0
2024-08-01 22:06:58,495 [WARN] PackLoader:240 - Cannot read IP mode file for STMicroelectronics.X-CUBE-ISPU.2.0.0
2024-08-01 22:06:58,568 [WARN] PackLoader:240 - Cannot read IP mode file for STMicroelectronics.X-CUBE-ALS.1.0.2
2024-08-01 22:06:58,653 [WARN] PackLoader:240 - Cannot read IP mode file for STMicroelectronics.X-CUBE-MEMS1.10.0.0
2024-08-01 22:06:58,932 [WARN] PackLoader:240 - Cannot read IP mode file for STMicroelectronics.X-CUBE-TOUCHGFX.4.24.0
2024-08-01 22:06:59,016 [WARN] PackLoader:240 - Cannot read IP mode file for portGmbH.I-Cube-SoM-uGOAL.1.1.0
2024-08-01 22:06:59,151 [WARN] PackLoader:240 - Cannot read IP mode file for STMicroelectronics.X-CUBE-ALS.1.0.1
2024-08-01 22:06:59,201 [WARN] PackLoader:240 - Cannot read IP mode file for STMicroelectronics.X-CUBE-AZRTOS-H7RS.1.0.0
2024-08-01 22:06:59,223 [WARN] PackLoader:240 - Cannot read IP mode file for STMicroelectronics.FP-ATR-ASTRA1.2.0.0
2024-08-01 22:06:59,260 [WARN] PackLoader:240 - Cannot read IP mode file for STMicroelectronics.X-CUBE-TOF1.3.4.2
2024-08-01 22:06:59,319 [WARN] PackLoader:240 - Cannot read IP mode file for STMicroelectronics.X-CUBE-TOF1.3.4.1
2024-08-01 22:06:59,402 [WARN] PackLoader:240 - Cannot read IP mode file for STMicroelectronics.X-CUBE-AZRTOS-H7.3.2.0
2024-08-01 22:06:59,440 [WARN] PackLoader:240 - Cannot read IP mode file for Infineon.AIROC-Wi-Fi-Bluetooth-STM32.1.6.0
2024-08-01 22:06:59,468 [WARN] PackLoader:240 - Cannot read IP mode file for wolfSSL.I-CUBE-wolfSSH.1.4.17
2024-08-01 22:06:59,474 [INFO] ThirdParty:978 - Integrity check success = true
2024-08-01 22:06:59,474 [INFO] IntegrityCheckThread:100 - exiting critical section [integrity check]
2024-08-01 22:06:59,475 [INFO] IntegrityCheckThread:103 - End integrity checks thread
2024-08-01 22:07:02,218 [INFO] WebApp:161 - Instantiating new browser for Auth
2024-08-01 22:07:03,489 [INFO] WebApp:779 - Register for checkConnection events
2024-08-01 22:07:03,489 [INFO] WebApp:414 - Apply proxy settings
2024-08-01 22:07:03,489 [INFO] WebApp:499 - Chromium requires no authentication
2024-08-01 22:07:03,501 [INFO] WebApp:442 - Direct internet connection detected
2024-08-01 22:07:03,763 [INFO] WebApp:192 - Starting web application
2024-08-01 22:07:03,763 [INFO] WebApp:544 - Web application path used C:\ST\STM32CubeIDE_1.15.1\STM32CubeIDE\plugins\com.st.stm32cube.common.mx_6.11.1.202404110753\db\plugins\mcufinder\reactClient1\index.html
2024-08-01 22:10:27,759 [ERROR] LogOutputStream:75 - [STDERR_REDIRECT] 
2024-08-01 22:10:27,760 [ERROR] LogOutputStream:75 - [STDERR_REDIRECT] 
2024-08-01 22:58:24,316 [INFO] Activator:176 - 


2024-08-01 22:58:24,318 [INFO] Activator:177 - !SESSION log4j initialized
2024-08-01 22:58:31,200 [INFO] LogOutputStream:77 - [STDOUT_REDIRECT] 
2024-08-01 22:58:33,918 [INFO] ApplicationProperties:184 - Using Application install path: C:\ST\STM32CubeIDE_1.15.1\STM32CubeIDE\plugins\com.st.stm32cube.common.mx_6.11.1.202404110753
2024-08-01 22:58:33,936 [INFO] DbMcusXml:78 - Set database path to: C:\ST\STM32CubeIDE_1.15.1\STM32CubeIDE\plugins\com.st.stm32cube.common.mx_6.11.1.202404110753\\db\/mcu/
2024-08-01 22:58:33,937 [INFO] ApiDb:274 - Set plugin database path to: C:\ST\STM32CubeIDE_1.15.1\STM32CubeIDE\plugins\com.st.stm32cube.common.mx_6.11.1.202404110753\\db\/plugins/boardmanager/
2024-08-01 22:58:33,937 [WARN] ApiDb:259 - Overriding images path with different value:  => C:\ST\STM32CubeIDE_1.15.1\STM32CubeIDE\plugins\com.st.stm32cube.common.mx_6.11.1.202404110753\\db\/plugins/mcufinder/images/
2024-08-01 22:58:33,945 [INFO] ApiDb:250 - Set database path to: C:\Users\Matheus Markies\.stmcufinder\plugins\mcufinder//mcu/
2024-08-01 22:58:33,947 [INFO] DbMcusAds:125 - Set database path to: C:\Users\Matheus Markies\.stmcufinder\plugins\mcufinder//mcu/
2024-08-01 22:58:33,950 [INFO] CrossReferenceDbSqlite:203 - Set database path to: C:\Users\Matheus Markies\.stmcufinder\plugins\mcufinder//mcu/cs/
2024-08-01 22:58:34,076 [INFO] RulesReader:64 - Compatibility file has been processed (297 Rules)
2024-08-01 22:58:34,174 [INFO] DbMcusXml:78 - Set database path to: C:\ST\STM32CubeIDE_1.15.1\STM32CubeIDE\plugins\com.st.stm32cube.common.mx_6.11.1.202404110753\\db\/mcu/
2024-08-01 22:58:34,174 [INFO] ApiDb:274 - Set plugin database path to: C:\ST\STM32CubeIDE_1.15.1\STM32CubeIDE\plugins\com.st.stm32cube.common.mx_6.11.1.202404110753\\db\/plugins/boardmanager/
2024-08-01 22:58:34,174 [INFO] ApiDb:261 - Set plugin images path to: C:\ST\STM32CubeIDE_1.15.1\STM32CubeIDE\plugins\com.st.stm32cube.common.mx_6.11.1.202404110753\\db\/plugins/mcufinder/images/
2024-08-01 22:58:34,174 [WARN] DbFile:41 - Overriding database path with different value: C:\Users\Matheus Markies\.stmcufinder\plugins\mcufinder/ => C:\Users\Matheus Markies\.stmcufinder\plugins\mcufinder
2024-08-01 22:58:34,175 [INFO] ApiDb:250 - Set database path to: C:\Users\Matheus Markies\.stmcufinder\plugins\mcufinder//mcu/
2024-08-01 22:58:34,175 [WARN] DbFile:41 - Overriding database path with different value: C:\Users\Matheus Markies\.stmcufinder\plugins\mcufinder/ => C:\Users\Matheus Markies\.stmcufinder\plugins\mcufinder
2024-08-01 22:58:34,175 [INFO] DbMcusAds:125 - Set database path to: C:\Users\Matheus Markies\.stmcufinder\plugins\mcufinder//mcu/
2024-08-01 22:58:34,175 [WARN] DbFile:41 - Overriding database path with different value: C:\Users\Matheus Markies\.stmcufinder\plugins\mcufinder/ => C:\Users\Matheus Markies\.stmcufinder\plugins\mcufinder
2024-08-01 22:58:34,175 [WARN] DbFile:41 - Overriding database path with different value: C:\Users\Matheus Markies\.stmcufinder\plugins\mcufinder/ => C:\Users\Matheus Markies\.stmcufinder\plugins\mcufinder
2024-08-01 22:58:34,175 [INFO] CrossReferenceDbSqlite:203 - Set database path to: C:\Users\Matheus Markies\.stmcufinder\plugins\mcufinder//mcu/cs/
2024-08-01 22:58:34,272 [INFO] MainPanel:264 - HeapMemory: 268435456
2024-08-01 22:58:34,377 [INFO] DbMcusXml:78 - Set database path to: C:\ST\STM32CubeIDE_1.15.1\STM32CubeIDE\plugins\com.st.stm32cube.common.mx_6.11.1.202404110753\\db\/mcu/
2024-08-01 22:58:34,377 [INFO] ApiDb:274 - Set plugin database path to: C:\ST\STM32CubeIDE_1.15.1\STM32CubeIDE\plugins\com.st.stm32cube.common.mx_6.11.1.202404110753\\db\/plugins/boardmanager/
2024-08-01 22:58:34,377 [INFO] ApiDb:261 - Set plugin images path to: C:\ST\STM32CubeIDE_1.15.1\STM32CubeIDE\plugins\com.st.stm32cube.common.mx_6.11.1.202404110753\\db\/plugins/mcufinder/images/
2024-08-01 22:58:34,378 [WARN] DbFile:41 - Overriding database path with different value: C:\Users\Matheus Markies\.stmcufinder\plugins\mcufinder/ => C:\Users\Matheus Markies\.stmcufinder\plugins\mcufinder
2024-08-01 22:58:34,379 [INFO] ApiDb:250 - Set database path to: C:\Users\Matheus Markies\.stmcufinder\plugins\mcufinder//mcu/
2024-08-01 22:58:34,379 [WARN] DbFile:41 - Overriding database path with different value: C:\Users\Matheus Markies\.stmcufinder\plugins\mcufinder/ => C:\Users\Matheus Markies\.stmcufinder\plugins\mcufinder
2024-08-01 22:58:34,379 [INFO] DbMcusAds:125 - Set database path to: C:\Users\Matheus Markies\.stmcufinder\plugins\mcufinder//mcu/
2024-08-01 22:58:34,379 [WARN] DbFile:41 - Overriding database path with different value: C:\Users\Matheus Markies\.stmcufinder\plugins\mcufinder/ => C:\Users\Matheus Markies\.stmcufinder\plugins\mcufinder
2024-08-01 22:58:34,379 [WARN] DbFile:41 - Overriding database path with different value: C:\Users\Matheus Markies\.stmcufinder\plugins\mcufinder/ => C:\Users\Matheus Markies\.stmcufinder\plugins\mcufinder
2024-08-01 22:58:34,379 [INFO] CrossReferenceDbSqlite:203 - Set database path to: C:\Users\Matheus Markies\.stmcufinder\plugins\mcufinder//mcu/cs/
2024-08-01 22:58:34,411 [INFO] ApplicationProperties:184 - Using Application install path: C:\ST\STM32CubeIDE_1.15.1\STM32CubeIDE\plugins\com.st.stm32cube.common.mx_6.11.1.202404110753
2024-08-01 22:58:34,413 [INFO] PluginManage:196 - Search for loadable plugins [exclusion list=, ]
2024-08-01 22:58:34,415 [INFO] PluginManage:310 - Check plugin analytics
2024-08-01 22:58:34,686 [INFO] AnalyticsPlugin:253 - Accepted Software Licenses: 
2024-08-01 22:58:34,686 [INFO] AnalyticsPlugin:255 - Accepted CMSIS Pack Licenses: 
2024-08-01 22:58:34,687 [INFO] AnalyticsPlugin:257 - Accepted Firmware Licenses: FW.F4.1.28.0
2024-08-01 22:58:34,689 [INFO] PluginManage:359 - Loaded plugin analytics (category:tool,tabindex:-1)
2024-08-01 22:58:34,691 [INFO] PluginManage:310 - Check plugin cadmodel
2024-08-01 22:58:34,696 [INFO] CADModel:105 - Init CAD model plugin
2024-08-01 22:58:34,696 [INFO] PluginManage:359 - Loaded plugin cadmodel (category:power,tabindex:5)
2024-08-01 22:58:34,700 [INFO] PluginManage:310 - Check plugin clock
2024-08-01 22:58:34,712 [INFO] PluginManage:359 - Loaded plugin clock (category:base,tabindex:2)
2024-08-01 22:58:34,712 [INFO] PluginManage:310 - Check plugin ddr
2024-08-01 22:58:34,715 [INFO] PluginManage:359 - Loaded plugin ddr (category:tool,tabindex:6)
2024-08-01 22:58:34,715 [INFO] PluginManage:310 - Check plugin filemanager
2024-08-01 22:58:34,891 [INFO] PluginManage:359 - Loaded plugin filemanager (category:base,tabindex:10)
2024-08-01 22:58:34,891 [INFO] PluginManage:310 - Check plugin ipmanager
2024-08-01 22:58:34,900 [INFO] PluginManage:359 - Loaded plugin ipmanager (category:base,tabindex:5)
2024-08-01 22:58:34,901 [INFO] PluginManage:310 - Check plugin lpbam
2024-08-01 22:58:34,911 [INFO] PluginManage:359 - Loaded plugin lpbam (category:base,tabindex:0)
2024-08-01 22:58:34,911 [INFO] PluginManage:310 - Check plugin memorymap
2024-08-01 22:58:34,925 [INFO] PluginManage:359 - Loaded plugin memorymap (category:base,tabindex:4)
2024-08-01 22:58:34,925 [INFO] PluginManage:310 - Check plugin pinoutandconfiguration
2024-08-01 22:58:34,933 [INFO] PluginManage:359 - Loaded plugin pinoutandconfiguration (category:base,tabindex:1)
2024-08-01 22:58:34,933 [INFO] PluginManage:310 - Check plugin pinoutconfig
2024-08-01 22:58:35,029 [WARN] SupportedApi:132 - Cannot load RTOS API schema: s4s-elt-must-match.1: The content of 'definitions' must match (annotation?, (simpleType | complexType)?, (unique | key | keyref)*)). A problem was found starting at: attribute.
2024-08-01 22:58:35,185 [INFO] PluginManage:359 - Loaded plugin pinoutconfig (category:base,tabindex:0)
2024-08-01 22:58:35,185 [INFO] PluginManage:310 - Check plugin power
2024-08-01 22:58:35,202 [INFO] PluginManage:359 - Loaded plugin power (category:power,tabindex:4)
2024-08-01 22:58:35,202 [INFO] PluginManage:310 - Check plugin projectmanager
2024-08-01 22:58:35,231 [INFO] PluginManage:359 - Loaded plugin projectmanager (category:projectmanager,tabindex:3)
2024-08-01 22:58:35,231 [INFO] PluginManage:310 - Check plugin thirdparty
2024-08-01 22:58:35,389 [INFO] PluginManage:359 - Loaded plugin thirdparty (category:base,tabindex:-1)
2024-08-01 22:58:35,389 [INFO] PluginManage:310 - Check plugin tools
2024-08-01 22:58:35,389 [WARN] IntegrityCheckThread:84 - waiting for thirdparty lock release [integrity check]
2024-08-01 22:58:35,391 [INFO] IntegrityCheckThread:86 - entering critical section [integrity check]
2024-08-01 22:58:35,392 [INFO] ThirdPartyUpdaterWithRetryManager:70 - Updater plugin not ready yet. [1/15]
2024-08-01 22:58:35,393 [INFO] PluginManage:359 - Loaded plugin tools (category:base,tabindex:7)
2024-08-01 22:58:35,393 [INFO] PluginManage:310 - Check plugin tutovideos
2024-08-01 22:58:35,608 [INFO] PluginManage:359 - Loaded plugin tutovideos (category:base,tabindex:-1)
2024-08-01 22:58:35,608 [INFO] PluginManage:310 - Check plugin updater
2024-08-01 22:58:35,620 [INFO] PluginManage:359 - Loaded plugin updater (category:base,tabindex:12)
2024-08-01 22:58:35,620 [INFO] PluginManage:310 - Check plugin userauth
2024-08-01 22:58:35,625 [INFO] UserAuth:114 - Init User Auth plugin
2024-08-01 22:58:35,625 [INFO] PluginManage:359 - Loaded plugin userauth (category:base,tabindex:14)
2024-08-01 22:58:35,626 [INFO] PluginManage:283 - PluginManage : Loaded plugins [17]
2024-08-01 22:58:35,908 [INFO] PinOutPanel:1561 - setPackage(No Configuration,No Configuration)
2024-08-01 22:58:36,030 [INFO] CADModel:165 - CPN selected for project level
2024-08-01 22:58:36,031 [INFO] CADModel:114 - Register for checkConnection events
2024-08-01 22:58:36,054 [INFO] IPUIPlugin:80 - create IPUIPlugin
2024-08-01 22:58:36,054 [INFO] PluginManager:220 - loadIPPluginJar : add adc
2024-08-01 22:58:36,057 [INFO] IPUIPlugin:80 - create IPUIPlugin
2024-08-01 22:58:36,058 [INFO] PluginManager:220 - loadIPPluginJar : add aes
2024-08-01 22:58:36,065 [INFO] IPUIPlugin:80 - create IPUIPlugin
2024-08-01 22:58:36,065 [INFO] PluginManager:220 - loadIPPluginJar : add can
2024-08-01 22:58:36,067 [INFO] IPUIPlugin:80 - create IPUIPlugin
2024-08-01 22:58:36,068 [INFO] PluginManager:220 - loadIPPluginJar : add comp
2024-08-01 22:58:36,071 [INFO] IPUIPlugin:80 - create IPUIPlugin
2024-08-01 22:58:36,071 [INFO] PluginManager:220 - loadIPPluginJar : add cryp
2024-08-01 22:58:36,075 [INFO] IPUIPlugin:80 - create IPUIPlugin
2024-08-01 22:58:36,075 [INFO] PluginManager:220 - loadIPPluginJar : add dfsdm
2024-08-01 22:58:36,084 [INFO] IPUIPlugin:80 - create IPUIPlugin
2024-08-01 22:58:36,084 [INFO] PluginManager:220 - loadIPPluginJar : add dma
2024-08-01 22:58:36,088 [INFO] IPUIPlugin:80 - create IPUIPlugin
2024-08-01 22:58:36,089 [INFO] PluginManager:220 - loadIPPluginJar : add dma3
2024-08-01 22:58:36,095 [INFO] IPUIPlugin:80 - create IPUIPlugin
2024-08-01 22:58:36,096 [INFO] PluginManager:220 - loadIPPluginJar : add extmemmanager
2024-08-01 22:58:36,098 [INFO] IPUIPlugin:80 - create IPUIPlugin
2024-08-01 22:58:36,098 [INFO] PluginManager:220 - loadIPPluginJar : add fatfs
2024-08-01 22:58:36,121 [INFO] IPUIPlugin:80 - create IPUIPlugin
2024-08-01 22:58:36,122 [INFO] PluginManager:220 - loadIPPluginJar : add fmc
2024-08-01 22:58:36,130 [INFO] IPUIPlugin:80 - create IPUIPlugin
2024-08-01 22:58:36,131 [INFO] PluginManager:220 - loadIPPluginJar : add freertos
2024-08-01 22:58:36,133 [INFO] IPUIPlugin:80 - create IPUIPlugin
2024-08-01 22:58:36,134 [INFO] PluginManager:220 - loadIPPluginJar : add genericplugin
2024-08-01 22:58:36,137 [INFO] IPUIPlugin:80 - create IPUIPlugin
2024-08-01 22:58:36,137 [INFO] PluginManager:220 - loadIPPluginJar : add gfxmmu
2024-08-01 22:58:36,144 [INFO] IPUIPlugin:80 - create IPUIPlugin
2024-08-01 22:58:36,144 [INFO] PluginManager:220 - loadIPPluginJar : add gic
2024-08-01 22:58:36,149 [INFO] IPUIPlugin:80 - create IPUIPlugin
2024-08-01 22:58:36,149 [INFO] PluginManager:220 - loadIPPluginJar : add gpio
2024-08-01 22:58:36,153 [INFO] IPUIPlugin:80 - create IPUIPlugin
2024-08-01 22:58:36,153 [INFO] PluginManager:220 - loadIPPluginJar : add gtzc
2024-08-01 22:58:36,157 [INFO] IPUIPlugin:80 - create IPUIPlugin
2024-08-01 22:58:36,157 [INFO] PluginManager:220 - loadIPPluginJar : add hash
2024-08-01 22:58:36,161 [INFO] IPUIPlugin:80 - create IPUIPlugin
2024-08-01 22:58:36,161 [INFO] PluginManager:220 - loadIPPluginJar : add i2c
2024-08-01 22:58:36,165 [INFO] IPUIPlugin:80 - create IPUIPlugin
2024-08-01 22:58:36,166 [INFO] PluginManager:220 - loadIPPluginJar : add i2s
2024-08-01 22:58:36,170 [INFO] IPUIPlugin:80 - create IPUIPlugin
2024-08-01 22:58:36,170 [INFO] PluginManager:220 - loadIPPluginJar : add i3c
2024-08-01 22:58:36,174 [INFO] IPUIPlugin:80 - create IPUIPlugin
2024-08-01 22:58:36,174 [INFO] PluginManager:220 - loadIPPluginJar : add ipddr
2024-08-01 22:58:36,182 [INFO] IPUIPlugin:80 - create IPUIPlugin
2024-08-01 22:58:36,183 [INFO] PluginManager:220 - loadIPPluginJar : add linkedlist
2024-08-01 22:58:36,187 [INFO] IPUIPlugin:80 - create IPUIPlugin
2024-08-01 22:58:36,187 [INFO] PluginManager:220 - loadIPPluginJar : add lorawan
2024-08-01 22:58:36,189 [INFO] IPUIPlugin:80 - create IPUIPlugin
2024-08-01 22:58:36,189 [INFO] PluginManager:220 - loadIPPluginJar : add ltdc
2024-08-01 22:58:36,197 [INFO] IPUIPlugin:80 - create IPUIPlugin
2024-08-01 22:58:36,197 [INFO] PluginManager:220 - loadIPPluginJar : add mdma
2024-08-01 22:58:36,202 [INFO] IPUIPlugin:80 - create IPUIPlugin
2024-08-01 22:58:36,202 [INFO] PluginManager:220 - loadIPPluginJar : add nvic
2024-08-01 22:58:36,206 [INFO] IPUIPlugin:80 - create IPUIPlugin
2024-08-01 22:58:36,206 [INFO] PluginManager:220 - loadIPPluginJar : add opamp
2024-08-01 22:58:36,211 [INFO] IPUIPlugin:80 - create IPUIPlugin
2024-08-01 22:58:36,211 [INFO] PluginManager:220 - loadIPPluginJar : add openamp
2024-08-01 22:58:36,215 [INFO] IPUIPlugin:80 - create IPUIPlugin
2024-08-01 22:58:36,216 [INFO] PluginManager:220 - loadIPPluginJar : add pdm2pcm
2024-08-01 22:58:36,223 [INFO] IPUIPlugin:80 - create IPUIPlugin
2024-08-01 22:58:36,227 [INFO] PluginManager:220 - loadIPPluginJar : add plateformsettings
2024-08-01 22:58:36,229 [INFO] IPUIPlugin:80 - create IPUIPlugin
2024-08-01 22:58:36,229 [INFO] PluginManager:220 - loadIPPluginJar : add quadspi
2024-08-01 22:58:36,234 [INFO] IPUIPlugin:80 - create IPUIPlugin
2024-08-01 22:58:36,234 [INFO] PluginManager:220 - loadIPPluginJar : add resmgrutility
2024-08-01 22:58:36,238 [INFO] IPUIPlugin:80 - create IPUIPlugin
2024-08-01 22:58:36,238 [INFO] PluginManager:220 - loadIPPluginJar : add sai
2024-08-01 22:58:36,241 [INFO] IPUIPlugin:80 - create IPUIPlugin
2024-08-01 22:58:36,242 [INFO] PluginManager:220 - loadIPPluginJar : add spi
2024-08-01 22:58:36,250 [INFO] IPUIPlugin:80 - create IPUIPlugin
2024-08-01 22:58:36,250 [INFO] PluginManager:220 - loadIPPluginJar : add stm32_wpan
2024-08-01 22:58:36,253 [INFO] IPUIPlugin:80 - create IPUIPlugin
2024-08-01 22:58:36,253 [INFO] PluginManager:220 - loadIPPluginJar : add tim
2024-08-01 22:58:36,257 [INFO] IPUIPlugin:80 - create IPUIPlugin
2024-08-01 22:58:36,257 [INFO] PluginManager:220 - loadIPPluginJar : add touchsensing
2024-08-01 22:58:36,259 [INFO] IPUIPlugin:80 - create IPUIPlugin
2024-08-01 22:58:36,260 [INFO] PluginManager:220 - loadIPPluginJar : add tracer_emb
2024-08-01 22:58:36,262 [INFO] IPUIPlugin:80 - create IPUIPlugin
2024-08-01 22:58:36,262 [INFO] PluginManager:220 - loadIPPluginJar : add ts
2024-08-01 22:58:36,265 [INFO] IPUIPlugin:80 - create IPUIPlugin
2024-08-01 22:58:36,265 [INFO] PluginManager:220 - loadIPPluginJar : add tsc
2024-08-01 22:58:36,267 [INFO] IPUIPlugin:80 - create IPUIPlugin
2024-08-01 22:58:36,267 [INFO] PluginManager:220 - loadIPPluginJar : add ucpd
2024-08-01 22:58:36,271 [INFO] IPUIPlugin:80 - create IPUIPlugin
2024-08-01 22:58:36,271 [INFO] PluginManager:220 - loadIPPluginJar : add usart
2024-08-01 22:58:36,275 [INFO] IPUIPlugin:80 - create IPUIPlugin
2024-08-01 22:58:36,275 [INFO] PluginManager:220 - loadIPPluginJar : add usbx
2024-08-01 22:58:36,416 [INFO] CADModel:165 - CPN selected for project level
2024-08-01 22:58:36,416 [INFO] CADModel:114 - Register for checkConnection events
2024-08-01 22:58:36,419 [FATAL] Updater:308 - Updater called before beeing initialized
2024-08-01 22:58:36,419 [ERROR] CADModel:125 - Updater not yet initialized, retry later 
2024-08-01 22:58:36,575 [INFO] CADModel:165 - CPN selected for project level
2024-08-01 22:58:36,576 [INFO] CADModel:114 - Register for checkConnection events
2024-08-01 22:58:36,576 [FATAL] Updater:308 - Updater called before beeing initialized
2024-08-01 22:58:36,576 [ERROR] CADModel:125 - Updater not yet initialized, retry later 
2024-08-01 22:58:36,580 [FATAL] Updater:308 - Updater called before beeing initialized
2024-08-01 22:58:36,854 [FATAL] Updater:308 - Updater called before beeing initialized
2024-08-01 22:58:36,859 [INFO] DbMcusAds:53 - JSON generation date=Thu May 16 06:22:01 BRT 2024 (1715851321109)
2024-08-01 22:58:36,859 [FATAL] Updater:308 - Updater called before beeing initialized
2024-08-01 22:58:36,913 [WARN] DetailPanel:346 - Failed to get advertising image, set to default
2024-08-01 22:58:37,027 [FATAL] Updater:308 - Updater called before beeing initialized
2024-08-01 22:58:37,029 [FATAL] Updater:308 - Updater called before beeing initialized
2024-08-01 22:58:37,029 [FATAL] Updater:308 - Updater called before beeing initialized
2024-08-01 22:58:37,029 [WARN] DetailPanel:346 - Failed to get advertising image, set to default
2024-08-01 22:58:37,030 [FATAL] Updater:308 - Updater called before beeing initialized
2024-08-01 22:58:37,090 [ERROR] Updater:1120 - MainUpdater not yet initialized. External WinMGr cannot be set.
2024-08-01 22:58:37,092 [INFO] Updater:1056 - Updater Version found : 6.11.1
2024-08-01 22:58:37,112 [INFO] ApplicationProperties:184 - Using Application install path: C:\ST\STM32CubeIDE_1.15.1\STM32CubeIDE\plugins\com.st.stm32cube.common.mx_6.11.1.202404110753
2024-08-01 22:58:38,395 [INFO] ThirdPartyUpdaterWithRetryManager:70 - Updater plugin not ready yet. [2/15]
2024-08-01 22:58:38,688 [ERROR] LogOutputStream:75 - [STDERR_REDIRECT] Aug 01, 2024 10:58:38 PM java.util.prefs.WindowsPreferences <init>
2024-08-01 22:58:38,691 [ERROR] LogOutputStream:75 - [STDERR_REDIRECT] WARNING: Could not open/create prefs root node Software\JavaSoft\Prefs at root 0xffffffff80000002. Windows RegCreateKeyEx(...) returned error code 5.
2024-08-01 22:58:38,691 [ERROR] LogOutputStream:75 - [STDERR_REDIRECT] 
2024-08-01 22:58:38,988 [INFO] MainUpdater:2873 - connection check result : 10
2024-08-01 22:58:38,989 [INFO] MainUpdater:290 - Updater Check For Update Now.
2024-08-01 22:58:38,989 [INFO] MicroXplorer:498 - Change Database Version : DB.6.0.111
2024-08-01 22:58:38,996 [INFO] McuFinderGlobals:63 - Set McuFinder mode to 2 (CubeIDE integrated)
2024-08-01 22:58:39,004 [INFO] UserAuth:415 - Internet connection configuration mode: 1
2024-08-01 22:58:39,041 [INFO] JxBrowserEngine:152 - Initiate JxBrowser Engine with user profile folder
2024-08-01 22:58:39,355 [INFO] CheckServerUpdateThread:120 - End of CheckServer Thread
2024-08-01 22:58:39,861 [INFO] WebApp:161 - Instantiating new browser for Auth
2024-08-01 22:58:40,737 [INFO] WebApp:779 - Register for checkConnection events
2024-08-01 22:58:40,737 [INFO] WebApp:414 - Apply proxy settings
2024-08-01 22:58:40,738 [INFO] WebApp:499 - Chromium requires no authentication
2024-08-01 22:58:40,748 [INFO] WebApp:442 - Direct internet connection detected
2024-08-01 22:58:40,933 [INFO] WebApp:192 - Starting web application
2024-08-01 22:58:40,934 [INFO] WebApp:544 - Web application path used C:\ST\STM32CubeIDE_1.15.1\STM32CubeIDE\plugins\com.st.stm32cube.common.mx_6.11.1.202404110753\db\plugins\mcufinder\reactClient1\index.html
2024-08-01 22:58:41,705 [WARN] PackLoader:240 - Cannot read IP mode file for STMicroelectronics.FP-SNS-MOTENVWB1.1.4.0
2024-08-01 22:58:41,724 [WARN] PackLoader:240 - Cannot read IP mode file for STMicroelectronics.X-CUBE-SMBUS.2.1.0
2024-08-01 22:58:41,733 [WARN] PackLoader:240 - Cannot read IP mode file for STMicroelectronics.X-CUBE-TOUCHGFX.4.23.2
2024-08-01 22:58:41,776 [WARN] PackLoader:240 - Cannot read IP mode file for STMicroelectronics.X-CUBE-AZRTOS-F7.1.1.0
2024-08-01 22:58:41,791 [WARN] PackLoader:240 - Cannot read IP mode file for STMicroelectronics.FP-SNS-FLIGHT1.5.0.2
2024-08-01 22:58:41,804 [WARN] PackLoader:240 - Cannot read IP mode file for STMicroelectronics.X-CUBE-DISPLAY.3.0.0
2024-08-01 22:58:41,821 [WARN] PackLoader:240 - Cannot read IP mode file for STMicroelectronics.X-CUBE-BLE1.7.0.0
2024-08-01 22:58:41,829 [WARN] PackLoader:240 - Cannot read IP mode file for emotas.I-CUBE-CANOPEN.1.3.0
2024-08-01 22:58:41,857 [WARN] PackLoader:240 - Cannot read IP mode file for STMicroelectronics.X-CUBE-BLEMGR.3.1.0
2024-08-01 22:58:41,870 [WARN] PackLoader:240 - Cannot read IP mode file for STMicroelectronics.FP-SNS-SMARTAG2.1.2.0
2024-08-01 22:58:41,882 [INFO] LogOutputStream:77 - [STDOUT_REDIRECT] 1 : Invalid condition id : UX_CORESTACK_Condition cause : null
2024-08-01 22:58:41,884 [INFO] LogOutputStream:77 - [STDOUT_REDIRECT] 1 : Invalid condition id : UX_CORESTACK_Condition cause : null
2024-08-01 22:58:41,886 [INFO] LogOutputStream:77 - [STDOUT_REDIRECT] 1 : Invalid condition id : UX_CORESTACK_Condition cause : null
2024-08-01 22:58:41,887 [INFO] LogOutputStream:77 - [STDOUT_REDIRECT] 1 : Invalid condition id : UX_CORESTACK_Condition cause : null
2024-08-01 22:58:41,890 [INFO] LogOutputStream:77 - [STDOUT_REDIRECT] 1 : Invalid condition id : UX_CORESTACK_Condition cause : null
2024-08-01 22:58:41,895 [WARN] PackLoader:240 - Cannot read IP mode file for STMicroelectronics.X-CUBE-AZRTOS-WL.2.0.0
2024-08-01 22:58:41,904 [WARN] PackLoader:240 - Cannot read IP mode file for STMicroelectronics.FP-SNS-MOTENV1.5.0.0
2024-08-01 22:58:41,913 [WARN] PackLoader:240 - Cannot read IP mode file for wolfSSL.I-CUBE-wolfMQTT.1.19.0
2024-08-01 22:58:41,933 [WARN] PackLoader:240 - Cannot read IP mode file for WES.I-CUBE-Cesium.1.3.0
2024-08-01 22:58:41,941 [WARN] PackLoader:240 - Cannot read IP mode file for STMicroelectronics.X-CUBE-BLE2.3.3.0
2024-08-01 22:58:41,950 [WARN] PackLoader:240 - Cannot read IP mode file for STMicroelectronics.X-CUBE-TCPP.4.1.0
2024-08-01 22:58:42,003 [WARN] PackLoader:240 - Cannot read IP mode file for STMicroelectronics.X-CUBE-AZRTOS-G0.1.1.0
2024-08-01 22:58:42,015 [WARN] PackLoader:240 - Cannot read IP mode file for STMicroelectronics.X-CUBE-SAFEA1.1.2.2
2024-08-01 22:58:42,025 [WARN] PackLoader:240 - Cannot read IP mode file for STMicroelectronics.X-CUBE-NFC4.3.0.0
2024-08-01 22:58:42,031 [WARN] PackLoader:240 - Cannot read IP mode file for wolfSSL.I-CUBE-wolfMQTT.1.18.0
2024-08-01 22:58:42,066 [WARN] PackLoader:240 - Cannot read IP mode file for EmbeddedOffice.I-CUBE-FS-RTOS.1.0.1
2024-08-01 22:58:42,067 [ERROR] ConditionMgr:805 - Attr not supported : Dmpu
2024-08-01 22:58:42,067 [ERROR] ConditionMgr:805 - Attr not supported : Dmpu
2024-08-01 22:58:42,067 [ERROR] ConditionMgr:805 - Attr not supported : Dmpu
2024-08-01 22:58:42,067 [ERROR] ConditionMgr:805 - Attr not supported : Dmpu
2024-08-01 22:58:42,067 [ERROR] ConditionMgr:805 - Attr not supported : Dmpu
2024-08-01 22:58:42,067 [ERROR] ConditionMgr:805 - Attr not supported : Dmpu
2024-08-01 22:58:42,067 [ERROR] ConditionMgr:805 - Attr not supported : Dmpu
2024-08-01 22:58:42,067 [ERROR] ConditionMgr:805 - Attr not supported : Dmpu
2024-08-01 22:58:42,067 [ERROR] ConditionMgr:805 - Attr not supported : Dmpu
2024-08-01 22:58:42,068 [ERROR] ConditionMgr:805 - Attr not supported : Dmpu
2024-08-01 22:58:42,068 [ERROR] ConditionMgr:805 - Attr not supported : Dmpu
2024-08-01 22:58:42,068 [ERROR] ConditionMgr:805 - Attr not supported : Dmpu
2024-08-01 22:58:42,068 [ERROR] ConditionMgr:805 - Attr not supported : Dmpu
2024-08-01 22:58:42,068 [ERROR] ConditionMgr:805 - Attr not supported : Dmpu
2024-08-01 22:58:42,068 [ERROR] ConditionMgr:805 - Attr not supported : Dmpu
2024-08-01 22:58:42,068 [ERROR] ConditionMgr:805 - Attr not supported : Dmpu
2024-08-01 22:58:42,068 [ERROR] ConditionMgr:805 - Attr not supported : Dmpu
2024-08-01 22:58:42,068 [ERROR] ConditionMgr:805 - Attr not supported : Dmpu
2024-08-01 22:58:42,069 [ERROR] ConditionMgr:805 - Attr not supported : Dmpu
2024-08-01 22:58:42,069 [ERROR] ConditionMgr:805 - Attr not supported : Dmpu
2024-08-01 22:58:42,069 [ERROR] ConditionMgr:805 - Attr not supported : Dmpu
2024-08-01 22:58:42,069 [ERROR] ConditionMgr:805 - Attr not supported : Dmpu
2024-08-01 22:58:42,069 [ERROR] ConditionMgr:805 - Attr not supported : Dmpu
2024-08-01 22:58:42,069 [ERROR] ConditionMgr:805 - Attr not supported : Dmpu
2024-08-01 22:58:42,069 [ERROR] ConditionMgr:805 - Attr not supported : Dmpu
2024-08-01 22:58:42,069 [ERROR] ConditionMgr:805 - Attr not supported : Dmpu
2024-08-01 22:58:42,069 [ERROR] ConditionMgr:805 - Attr not supported : Dmpu
2024-08-01 22:58:42,069 [ERROR] ConditionMgr:805 - Attr not supported : Dmpu
2024-08-01 22:58:42,069 [ERROR] ConditionMgr:805 - Attr not supported : Dmpu
2024-08-01 22:58:42,069 [ERROR] ConditionMgr:805 - Attr not supported : Dmpu
2024-08-01 22:58:42,070 [ERROR] ConditionMgr:805 - Attr not supported : Dmpu
2024-08-01 22:58:42,070 [ERROR] ConditionMgr:805 - Attr not supported : Dmpu
2024-08-01 22:58:42,070 [ERROR] ConditionMgr:805 - Attr not supported : Dmpu
2024-08-01 22:58:42,070 [ERROR] ConditionMgr:805 - Attr not supported : Dmpu
2024-08-01 22:58:42,070 [ERROR] ConditionMgr:805 - Attr not supported : Dmpu
2024-08-01 22:58:42,070 [ERROR] ConditionMgr:805 - Attr not supported : Dmpu
2024-08-01 22:58:42,070 [ERROR] ConditionMgr:805 - Attr not supported : Dmpu
2024-08-01 22:58:42,071 [ERROR] ConditionMgr:805 - Attr not supported : Dmpu
2024-08-01 22:58:42,071 [ERROR] ConditionMgr:805 - Attr not supported : Dmpu
2024-08-01 22:58:42,071 [ERROR] ConditionMgr:805 - Attr not supported : Dmpu
2024-08-01 22:58:42,071 [ERROR] ConditionMgr:805 - Attr not supported : Dmpu
2024-08-01 22:58:42,071 [ERROR] ConditionMgr:805 - Attr not supported : Dmpu
2024-08-01 22:58:42,071 [ERROR] ConditionMgr:805 - Attr not supported : Dmpu
2024-08-01 22:58:42,071 [ERROR] ConditionMgr:805 - Attr not supported : Dmpu
2024-08-01 22:58:42,071 [ERROR] ConditionMgr:805 - Attr not supported : Dmpu
2024-08-01 22:58:42,071 [ERROR] ConditionMgr:805 - Attr not supported : Dmpu
2024-08-01 22:58:42,071 [ERROR] ConditionMgr:805 - Attr not supported : Dmpu
2024-08-01 22:58:42,072 [ERROR] ConditionMgr:805 - Attr not supported : Dmpu
2024-08-01 22:58:42,072 [ERROR] ConditionMgr:805 - Attr not supported : Dmpu
2024-08-01 22:58:42,072 [ERROR] ConditionMgr:805 - Attr not supported : Dmpu
2024-08-01 22:58:42,072 [ERROR] ConditionMgr:805 - Attr not supported : Dmpu
2024-08-01 22:58:42,072 [ERROR] ConditionMgr:805 - Attr not supported : Dmpu
2024-08-01 22:58:42,072 [ERROR] ConditionMgr:805 - Attr not supported : Dmpu
2024-08-01 22:58:42,072 [ERROR] ConditionMgr:805 - Attr not supported : Dmpu
2024-08-01 22:58:42,072 [ERROR] ConditionMgr:805 - Attr not supported : Dmpu
2024-08-01 22:58:42,072 [ERROR] ConditionMgr:805 - Attr not supported : Dmpu
2024-08-01 22:58:42,072 [ERROR] ConditionMgr:805 - Attr not supported : Dmpu
2024-08-01 22:58:42,073 [ERROR] ConditionMgr:805 - Attr not supported : Dmpu
2024-08-01 22:58:42,073 [ERROR] ConditionMgr:805 - Attr not supported : Dmpu
2024-08-01 22:58:42,073 [ERROR] ConditionMgr:805 - Attr not supported : Dmpu
2024-08-01 22:58:42,073 [ERROR] ConditionMgr:805 - Attr not supported : Dmpu
2024-08-01 22:58:42,073 [ERROR] ConditionMgr:805 - Attr not supported : Dmpu
2024-08-01 22:58:42,073 [ERROR] ConditionMgr:805 - Attr not supported : Dmpu
2024-08-01 22:58:42,073 [ERROR] ConditionMgr:805 - Attr not supported : Dmpu
2024-08-01 22:58:42,081 [WARN] PackLoader:240 - Cannot read IP mode file for RealThread.X-CUBE-RT-Thread_Nano.4.1.1
2024-08-01 22:58:42,089 [WARN] PackLoader:240 - Cannot read IP mode file for wolfSSL.I-CUBE-wolfSSL.5.7.0
2024-08-01 22:58:42,095 [WARN] PackLoader:240 - Cannot read IP mode file for STMicroelectronics.FP-ATR-SIGFOX1.3.2.0
2024-08-01 22:58:42,104 [WARN] PackLoader:240 - Cannot read IP mode file for STMicroelectronics.X-CUBE-EEPRMA1.5.1.0
2024-08-01 22:58:42,131 [WARN] PackLoader:240 - Cannot read IP mode file for ITTIA_DB.I-CUBE-ITTIADB.8.9.0
2024-08-01 22:58:42,205 [WARN] PackLoader:240 - Cannot read IP mode file for SEGGER.I-CUBE-embOS.1.3.1
2024-08-01 22:58:42,256 [WARN] PackLoader:240 - Cannot read IP mode file for STMicroelectronics.X-CUBE-ALGOBUILD.1.4.0
2024-08-01 22:58:42,265 [WARN] PackLoader:240 - Cannot read IP mode file for STMicroelectronics.X-CUBE-GNSS1.6.0.0
2024-08-01 22:58:42,288 [WARN] PackLoader:240 - Cannot read IP mode file for STMicroelectronics.X-CUBE-AZRTOS-F4.1.1.0
2024-08-01 22:58:42,310 [WARN] PackLoader:240 - Cannot read IP mode file for STMicroelectronics.X-CUBE-FREERTOS.1.2.0
2024-08-01 22:58:42,331 [WARN] PackLoader:240 - Cannot read IP mode file for STMicroelectronics.X-CUBE-AZRTOS-L5.2.0.0
2024-08-01 22:58:42,342 [WARN] PackLoader:240 - Cannot read IP mode file for STMicroelectronics.X-CUBE-NFC6.3.1.0
2024-08-01 22:58:42,351 [WARN] PackLoader:240 - Cannot read IP mode file for STMicroelectronics.X-CUBE-DPower.1.2.0
2024-08-01 22:58:42,356 [WARN] PackLoader:240 - Cannot read IP mode file for STMicroelectronics.X-CUBE-AI.9.0.0
2024-08-01 22:58:42,363 [WARN] PackLoader:240 - Cannot read IP mode file for STMicroelectronics.X-CUBE-NFC7.1.0.1
2024-08-01 22:58:42,369 [WARN] PackLoader:240 - Cannot read IP mode file for wolfSSL.I-CUBE-wolfTPM.3.2.0
2024-08-01 22:58:42,389 [WARN] ConditionMgr:438 - getConditionDescription Invalid condition id : LAN8742 Phy interface Condition cause : null
2024-08-01 22:58:42,390 [WARN] PackLoader:240 - Cannot read IP mode file for STMicroelectronics.X-CUBE-AZRTOS-L4.2.0.0
2024-08-01 22:58:42,392 [WARN] ConditionMgr:1039 - genDependencies : Invalid condition id : LAN8742 Phy interface Condition cause : null
2024-08-01 22:58:42,392 [WARN] ConditionMgr:1039 - genDependencies : Invalid condition id : LAN8742 Phy interface Condition cause : null
2024-08-01 22:58:42,393 [WARN] ConditionMgr:1039 - genDependencies : Invalid condition id : LAN8742 Phy interface Condition cause : null
2024-08-01 22:58:42,403 [WARN] PackLoader:240 - Cannot read IP mode file for STMicroelectronics.X-CUBE-SFXS2LP1.4.0.0
2024-08-01 22:58:42,435 [WARN] ConditionMgr:438 - getConditionDescription Invalid condition id : UX DEVICE CLASS RTOS Condition cause : null
2024-08-01 22:58:42,435 [WARN] ConditionMgr:438 - getConditionDescription Invalid condition id : UX DEVICE CLASS RTOS Condition cause : null
2024-08-01 22:58:42,437 [WARN] PackLoader:240 - Cannot read IP mode file for STMicroelectronics.X-CUBE-AZRTOS-WB.2.0.0
2024-08-01 22:58:42,438 [WARN] ConditionMgr:1039 - genDependencies : Invalid condition id : UX DEVICE CLASS RTOS Condition cause : null
2024-08-01 22:58:42,438 [WARN] ConditionMgr:1039 - genDependencies : Invalid condition id : UX DEVICE CLASS RTOS Condition cause : null
2024-08-01 22:58:42,439 [WARN] ConditionMgr:1039 - genDependencies : Invalid condition id : UX DEVICE CLASS RTOS Condition cause : null
2024-08-01 22:58:42,439 [WARN] ConditionMgr:1039 - genDependencies : Invalid condition id : UX DEVICE CLASS RTOS Condition cause : null
2024-08-01 22:58:42,439 [WARN] ConditionMgr:1039 - genDependencies : Invalid condition id : UX DEVICE CLASS RTOS Condition cause : null
2024-08-01 22:58:42,449 [WARN] PackLoader:240 - Cannot read IP mode file for STMicroelectronics.FP-SNS-STBOX1.2.0.0
2024-08-01 22:58:42,465 [WARN] PackLoader:240 - Cannot read IP mode file for STMicroelectronics.X-CUBE-SUBG2.5.0.0
2024-08-01 22:58:42,494 [WARN] PackLoader:240 - Cannot read IP mode file for STMicroelectronics.X-CUBE-AZRTOS-G4.2.0.0
2024-08-01 22:58:42,502 [WARN] PackLoader:240 - Cannot read IP mode file for STMicroelectronics.X-CUBE-ISPU.2.0.0
2024-08-01 22:58:42,507 [WARN] PackLoader:240 - Cannot read IP mode file for STMicroelectronics.X-CUBE-ALS.1.0.2
2024-08-01 22:58:42,566 [WARN] PackLoader:240 - Cannot read IP mode file for STMicroelectronics.X-CUBE-MEMS1.10.0.0
2024-08-01 22:58:42,750 [WARN] PackLoader:240 - Cannot read IP mode file for STMicroelectronics.X-CUBE-TOUCHGFX.4.24.0
2024-08-01 22:58:42,757 [WARN] PackLoader:240 - Cannot read IP mode file for portGmbH.I-Cube-SoM-uGOAL.1.1.0
2024-08-01 22:58:42,762 [WARN] PackLoader:240 - Cannot read IP mode file for STMicroelectronics.X-CUBE-ALS.1.0.1
2024-08-01 22:58:42,780 [WARN] PackLoader:240 - Cannot read IP mode file for STMicroelectronics.X-CUBE-AZRTOS-H7RS.1.0.0
2024-08-01 22:58:42,787 [WARN] PackLoader:240 - Cannot read IP mode file for STMicroelectronics.FP-ATR-ASTRA1.2.0.0
2024-08-01 22:58:42,807 [WARN] PackLoader:240 - Cannot read IP mode file for STMicroelectronics.X-CUBE-TOF1.3.4.2
2024-08-01 22:58:42,847 [WARN] PackLoader:240 - Cannot read IP mode file for STMicroelectronics.X-CUBE-TOF1.3.4.1
2024-08-01 22:58:42,878 [WARN] PackLoader:240 - Cannot read IP mode file for STMicroelectronics.X-CUBE-AZRTOS-H7.3.2.0
2024-08-01 22:58:42,916 [WARN] PackLoader:240 - Cannot read IP mode file for Infineon.AIROC-Wi-Fi-Bluetooth-STM32.1.6.0
2024-08-01 22:58:42,934 [WARN] PackLoader:240 - Cannot read IP mode file for wolfSSL.I-CUBE-wolfSSH.1.4.17
2024-08-01 22:58:42,935 [INFO] ThirdParty:978 - Integrity check success = true
2024-08-01 22:58:42,935 [INFO] IntegrityCheckThread:100 - exiting critical section [integrity check]
2024-08-01 22:58:42,935 [INFO] IntegrityCheckThread:103 - End integrity checks thread
2024-08-01 22:59:09,508 [ERROR] LogOutputStream:75 - [STDERR_REDIRECT] 
2024-08-01 22:59:09,509 [ERROR] LogOutputStream:75 - [STDERR_REDIRECT] 
2024-08-01 23:32:04,722 [INFO] Activator:176 - 


2024-08-01 23:32:04,724 [INFO] Activator:177 - !SESSION log4j initialized
2024-08-01 23:32:11,225 [INFO] LogOutputStream:77 - [STDOUT_REDIRECT] 
2024-08-01 23:32:13,720 [INFO] ApplicationProperties:184 - Using Application install path: C:\ST\STM32CubeIDE_1.15.1\STM32CubeIDE\plugins\com.st.stm32cube.common.mx_6.11.1.202404110753
2024-08-01 23:32:13,737 [INFO] DbMcusXml:78 - Set database path to: C:\ST\STM32CubeIDE_1.15.1\STM32CubeIDE\plugins\com.st.stm32cube.common.mx_6.11.1.202404110753\\db\/mcu/
2024-08-01 23:32:13,737 [INFO] ApiDb:274 - Set plugin database path to: C:\ST\STM32CubeIDE_1.15.1\STM32CubeIDE\plugins\com.st.stm32cube.common.mx_6.11.1.202404110753\\db\/plugins/boardmanager/
2024-08-01 23:32:13,738 [WARN] ApiDb:259 - Overriding images path with different value:  => C:\ST\STM32CubeIDE_1.15.1\STM32CubeIDE\plugins\com.st.stm32cube.common.mx_6.11.1.202404110753\\db\/plugins/mcufinder/images/
2024-08-01 23:32:13,746 [INFO] ApiDb:250 - Set database path to: C:\Users\Matheus Markies\.stmcufinder\plugins\mcufinder//mcu/
2024-08-01 23:32:13,747 [INFO] DbMcusAds:125 - Set database path to: C:\Users\Matheus Markies\.stmcufinder\plugins\mcufinder//mcu/
2024-08-01 23:32:13,749 [INFO] CrossReferenceDbSqlite:203 - Set database path to: C:\Users\Matheus Markies\.stmcufinder\plugins\mcufinder//mcu/cs/
2024-08-01 23:32:13,876 [INFO] RulesReader:64 - Compatibility file has been processed (297 Rules)
2024-08-01 23:32:13,966 [INFO] DbMcusXml:78 - Set database path to: C:\ST\STM32CubeIDE_1.15.1\STM32CubeIDE\plugins\com.st.stm32cube.common.mx_6.11.1.202404110753\\db\/mcu/
2024-08-01 23:32:13,967 [INFO] ApiDb:274 - Set plugin database path to: C:\ST\STM32CubeIDE_1.15.1\STM32CubeIDE\plugins\com.st.stm32cube.common.mx_6.11.1.202404110753\\db\/plugins/boardmanager/
2024-08-01 23:32:13,967 [INFO] ApiDb:261 - Set plugin images path to: C:\ST\STM32CubeIDE_1.15.1\STM32CubeIDE\plugins\com.st.stm32cube.common.mx_6.11.1.202404110753\\db\/plugins/mcufinder/images/
2024-08-01 23:32:13,967 [WARN] DbFile:41 - Overriding database path with different value: C:\Users\Matheus Markies\.stmcufinder\plugins\mcufinder/ => C:\Users\Matheus Markies\.stmcufinder\plugins\mcufinder
2024-08-01 23:32:13,967 [INFO] ApiDb:250 - Set database path to: C:\Users\Matheus Markies\.stmcufinder\plugins\mcufinder//mcu/
2024-08-01 23:32:13,967 [WARN] DbFile:41 - Overriding database path with different value: C:\Users\Matheus Markies\.stmcufinder\plugins\mcufinder/ => C:\Users\Matheus Markies\.stmcufinder\plugins\mcufinder
2024-08-01 23:32:13,967 [INFO] DbMcusAds:125 - Set database path to: C:\Users\Matheus Markies\.stmcufinder\plugins\mcufinder//mcu/
2024-08-01 23:32:13,967 [WARN] DbFile:41 - Overriding database path with different value: C:\Users\Matheus Markies\.stmcufinder\plugins\mcufinder/ => C:\Users\Matheus Markies\.stmcufinder\plugins\mcufinder
2024-08-01 23:32:13,968 [WARN] DbFile:41 - Overriding database path with different value: C:\Users\Matheus Markies\.stmcufinder\plugins\mcufinder/ => C:\Users\Matheus Markies\.stmcufinder\plugins\mcufinder
2024-08-01 23:32:13,968 [INFO] CrossReferenceDbSqlite:203 - Set database path to: C:\Users\Matheus Markies\.stmcufinder\plugins\mcufinder//mcu/cs/
2024-08-01 23:32:14,080 [INFO] MainPanel:264 - HeapMemory: 268435456
2024-08-01 23:32:14,224 [INFO] DbMcusXml:78 - Set database path to: C:\ST\STM32CubeIDE_1.15.1\STM32CubeIDE\plugins\com.st.stm32cube.common.mx_6.11.1.202404110753\\db\/mcu/
2024-08-01 23:32:14,225 [INFO] ApiDb:274 - Set plugin database path to: C:\ST\STM32CubeIDE_1.15.1\STM32CubeIDE\plugins\com.st.stm32cube.common.mx_6.11.1.202404110753\\db\/plugins/boardmanager/
2024-08-01 23:32:14,225 [INFO] ApiDb:261 - Set plugin images path to: C:\ST\STM32CubeIDE_1.15.1\STM32CubeIDE\plugins\com.st.stm32cube.common.mx_6.11.1.202404110753\\db\/plugins/mcufinder/images/
2024-08-01 23:32:14,228 [WARN] DbFile:41 - Overriding database path with different value: C:\Users\Matheus Markies\.stmcufinder\plugins\mcufinder/ => C:\Users\Matheus Markies\.stmcufinder\plugins\mcufinder
2024-08-01 23:32:14,228 [INFO] ApiDb:250 - Set database path to: C:\Users\Matheus Markies\.stmcufinder\plugins\mcufinder//mcu/
2024-08-01 23:32:14,228 [WARN] DbFile:41 - Overriding database path with different value: C:\Users\Matheus Markies\.stmcufinder\plugins\mcufinder/ => C:\Users\Matheus Markies\.stmcufinder\plugins\mcufinder
2024-08-01 23:32:14,228 [INFO] DbMcusAds:125 - Set database path to: C:\Users\Matheus Markies\.stmcufinder\plugins\mcufinder//mcu/
2024-08-01 23:32:14,228 [WARN] DbFile:41 - Overriding database path with different value: C:\Users\Matheus Markies\.stmcufinder\plugins\mcufinder/ => C:\Users\Matheus Markies\.stmcufinder\plugins\mcufinder
2024-08-01 23:32:14,228 [WARN] DbFile:41 - Overriding database path with different value: C:\Users\Matheus Markies\.stmcufinder\plugins\mcufinder/ => C:\Users\Matheus Markies\.stmcufinder\plugins\mcufinder
2024-08-01 23:32:14,228 [INFO] CrossReferenceDbSqlite:203 - Set database path to: C:\Users\Matheus Markies\.stmcufinder\plugins\mcufinder//mcu/cs/
2024-08-01 23:32:14,250 [INFO] ApplicationProperties:184 - Using Application install path: C:\ST\STM32CubeIDE_1.15.1\STM32CubeIDE\plugins\com.st.stm32cube.common.mx_6.11.1.202404110753
2024-08-01 23:32:14,252 [INFO] PluginManage:196 - Search for loadable plugins [exclusion list=, ]
2024-08-01 23:32:14,254 [INFO] PluginManage:310 - Check plugin analytics
2024-08-01 23:32:14,683 [INFO] AnalyticsPlugin:253 - Accepted Software Licenses: 
2024-08-01 23:32:14,683 [INFO] AnalyticsPlugin:255 - Accepted CMSIS Pack Licenses: 
2024-08-01 23:32:14,684 [INFO] AnalyticsPlugin:257 - Accepted Firmware Licenses: FW.F4.1.28.0
2024-08-01 23:32:14,688 [INFO] PluginManage:359 - Loaded plugin analytics (category:tool,tabindex:-1)
2024-08-01 23:32:14,688 [INFO] PluginManage:310 - Check plugin cadmodel
2024-08-01 23:32:14,702 [INFO] CADModel:105 - Init CAD model plugin
2024-08-01 23:32:14,702 [INFO] PluginManage:359 - Loaded plugin cadmodel (category:power,tabindex:5)
2024-08-01 23:32:14,703 [INFO] PluginManage:310 - Check plugin clock
2024-08-01 23:32:14,717 [INFO] PluginManage:359 - Loaded plugin clock (category:base,tabindex:2)
2024-08-01 23:32:14,717 [INFO] PluginManage:310 - Check plugin ddr
2024-08-01 23:32:14,719 [INFO] PluginManage:359 - Loaded plugin ddr (category:tool,tabindex:6)
2024-08-01 23:32:14,720 [INFO] PluginManage:310 - Check plugin filemanager
2024-08-01 23:32:14,901 [INFO] PluginManage:359 - Loaded plugin filemanager (category:base,tabindex:10)
2024-08-01 23:32:14,902 [INFO] PluginManage:310 - Check plugin ipmanager
2024-08-01 23:32:14,912 [INFO] PluginManage:359 - Loaded plugin ipmanager (category:base,tabindex:5)
2024-08-01 23:32:14,913 [INFO] PluginManage:310 - Check plugin lpbam
2024-08-01 23:32:14,922 [INFO] PluginManage:359 - Loaded plugin lpbam (category:base,tabindex:0)
2024-08-01 23:32:14,922 [INFO] PluginManage:310 - Check plugin memorymap
2024-08-01 23:32:14,936 [INFO] PluginManage:359 - Loaded plugin memorymap (category:base,tabindex:4)
2024-08-01 23:32:14,937 [INFO] PluginManage:310 - Check plugin pinoutandconfiguration
2024-08-01 23:32:14,946 [INFO] PluginManage:359 - Loaded plugin pinoutandconfiguration (category:base,tabindex:1)
2024-08-01 23:32:14,946 [INFO] PluginManage:310 - Check plugin pinoutconfig
2024-08-01 23:32:15,072 [WARN] SupportedApi:132 - Cannot load RTOS API schema: s4s-elt-must-match.1: The content of 'definitions' must match (annotation?, (simpleType | complexType)?, (unique | key | keyref)*)). A problem was found starting at: attribute.
2024-08-01 23:32:15,263 [INFO] PluginManage:359 - Loaded plugin pinoutconfig (category:base,tabindex:0)
2024-08-01 23:32:15,263 [INFO] PluginManage:310 - Check plugin power
2024-08-01 23:32:15,279 [INFO] PluginManage:359 - Loaded plugin power (category:power,tabindex:4)
2024-08-01 23:32:15,279 [INFO] PluginManage:310 - Check plugin projectmanager
2024-08-01 23:32:15,311 [INFO] PluginManage:359 - Loaded plugin projectmanager (category:projectmanager,tabindex:3)
2024-08-01 23:32:15,311 [INFO] PluginManage:310 - Check plugin thirdparty
2024-08-01 23:32:15,532 [INFO] PluginManage:359 - Loaded plugin thirdparty (category:base,tabindex:-1)
2024-08-01 23:32:15,532 [INFO] PluginManage:310 - Check plugin tools
2024-08-01 23:32:15,533 [WARN] IntegrityCheckThread:84 - waiting for thirdparty lock release [integrity check]
2024-08-01 23:32:15,535 [INFO] PluginManage:359 - Loaded plugin tools (category:base,tabindex:7)
2024-08-01 23:32:15,535 [INFO] IntegrityCheckThread:86 - entering critical section [integrity check]
2024-08-01 23:32:15,535 [INFO] PluginManage:310 - Check plugin tutovideos
2024-08-01 23:32:15,536 [INFO] ThirdPartyUpdaterWithRetryManager:70 - Updater plugin not ready yet. [1/15]
2024-08-01 23:32:15,985 [INFO] PluginManage:359 - Loaded plugin tutovideos (category:base,tabindex:-1)
2024-08-01 23:32:15,986 [INFO] PluginManage:310 - Check plugin updater
2024-08-01 23:32:16,010 [INFO] PluginManage:359 - Loaded plugin updater (category:base,tabindex:12)
2024-08-01 23:32:16,010 [INFO] PluginManage:310 - Check plugin userauth
2024-08-01 23:32:16,017 [INFO] UserAuth:114 - Init User Auth plugin
2024-08-01 23:32:16,018 [INFO] PluginManage:359 - Loaded plugin userauth (category:base,tabindex:14)
2024-08-01 23:32:16,019 [INFO] PluginManage:283 - PluginManage : Loaded plugins [17]
2024-08-01 23:32:16,431 [INFO] PinOutPanel:1561 - setPackage(No Configuration,No Configuration)
2024-08-01 23:32:16,617 [INFO] CADModel:165 - CPN selected for project level
2024-08-01 23:32:16,617 [INFO] CADModel:114 - Register for checkConnection events
2024-08-01 23:32:16,654 [INFO] IPUIPlugin:80 - create IPUIPlugin
2024-08-01 23:32:16,654 [INFO] PluginManager:220 - loadIPPluginJar : add adc
2024-08-01 23:32:16,659 [INFO] IPUIPlugin:80 - create IPUIPlugin
2024-08-01 23:32:16,659 [INFO] PluginManager:220 - loadIPPluginJar : add aes
2024-08-01 23:32:16,664 [INFO] IPUIPlugin:80 - create IPUIPlugin
2024-08-01 23:32:16,664 [INFO] PluginManager:220 - loadIPPluginJar : add can
2024-08-01 23:32:16,668 [INFO] IPUIPlugin:80 - create IPUIPlugin
2024-08-01 23:32:16,670 [INFO] PluginManager:220 - loadIPPluginJar : add comp
2024-08-01 23:32:16,673 [INFO] IPUIPlugin:80 - create IPUIPlugin
2024-08-01 23:32:16,674 [INFO] PluginManager:220 - loadIPPluginJar : add cryp
2024-08-01 23:32:16,678 [INFO] IPUIPlugin:80 - create IPUIPlugin
2024-08-01 23:32:16,678 [INFO] PluginManager:220 - loadIPPluginJar : add dfsdm
2024-08-01 23:32:16,686 [INFO] IPUIPlugin:80 - create IPUIPlugin
2024-08-01 23:32:16,687 [INFO] PluginManager:220 - loadIPPluginJar : add dma
2024-08-01 23:32:16,692 [INFO] IPUIPlugin:80 - create IPUIPlugin
2024-08-01 23:32:16,692 [INFO] PluginManager:220 - loadIPPluginJar : add dma3
2024-08-01 23:32:16,697 [INFO] IPUIPlugin:80 - create IPUIPlugin
2024-08-01 23:32:16,697 [INFO] PluginManager:220 - loadIPPluginJar : add extmemmanager
2024-08-01 23:32:16,700 [INFO] IPUIPlugin:80 - create IPUIPlugin
2024-08-01 23:32:16,701 [INFO] PluginManager:220 - loadIPPluginJar : add fatfs
2024-08-01 23:32:16,709 [INFO] IPUIPlugin:80 - create IPUIPlugin
2024-08-01 23:32:16,709 [INFO] PluginManager:220 - loadIPPluginJar : add fmc
2024-08-01 23:32:16,716 [INFO] IPUIPlugin:80 - create IPUIPlugin
2024-08-01 23:32:16,716 [INFO] PluginManager:220 - loadIPPluginJar : add freertos
2024-08-01 23:32:16,719 [INFO] IPUIPlugin:80 - create IPUIPlugin
2024-08-01 23:32:16,720 [INFO] PluginManager:220 - loadIPPluginJar : add genericplugin
2024-08-01 23:32:16,725 [INFO] IPUIPlugin:80 - create IPUIPlugin
2024-08-01 23:32:16,725 [INFO] PluginManager:220 - loadIPPluginJar : add gfxmmu
2024-08-01 23:32:16,734 [INFO] IPUIPlugin:80 - create IPUIPlugin
2024-08-01 23:32:16,734 [INFO] PluginManager:220 - loadIPPluginJar : add gic
2024-08-01 23:32:16,742 [INFO] IPUIPlugin:80 - create IPUIPlugin
2024-08-01 23:32:16,742 [INFO] PluginManager:220 - loadIPPluginJar : add gpio
2024-08-01 23:32:16,746 [INFO] IPUIPlugin:80 - create IPUIPlugin
2024-08-01 23:32:16,746 [INFO] PluginManager:220 - loadIPPluginJar : add gtzc
2024-08-01 23:32:16,749 [INFO] IPUIPlugin:80 - create IPUIPlugin
2024-08-01 23:32:16,750 [INFO] PluginManager:220 - loadIPPluginJar : add hash
2024-08-01 23:32:16,754 [INFO] IPUIPlugin:80 - create IPUIPlugin
2024-08-01 23:32:16,754 [INFO] PluginManager:220 - loadIPPluginJar : add i2c
2024-08-01 23:32:16,759 [INFO] IPUIPlugin:80 - create IPUIPlugin
2024-08-01 23:32:16,759 [INFO] PluginManager:220 - loadIPPluginJar : add i2s
2024-08-01 23:32:16,763 [INFO] IPUIPlugin:80 - create IPUIPlugin
2024-08-01 23:32:16,764 [INFO] PluginManager:220 - loadIPPluginJar : add i3c
2024-08-01 23:32:16,768 [INFO] IPUIPlugin:80 - create IPUIPlugin
2024-08-01 23:32:16,769 [INFO] PluginManager:220 - loadIPPluginJar : add ipddr
2024-08-01 23:32:16,777 [INFO] IPUIPlugin:80 - create IPUIPlugin
2024-08-01 23:32:16,777 [INFO] PluginManager:220 - loadIPPluginJar : add linkedlist
2024-08-01 23:32:16,781 [INFO] IPUIPlugin:80 - create IPUIPlugin
2024-08-01 23:32:16,781 [INFO] PluginManager:220 - loadIPPluginJar : add lorawan
2024-08-01 23:32:16,783 [INFO] IPUIPlugin:80 - create IPUIPlugin
2024-08-01 23:32:16,784 [INFO] PluginManager:220 - loadIPPluginJar : add ltdc
2024-08-01 23:32:16,792 [INFO] IPUIPlugin:80 - create IPUIPlugin
2024-08-01 23:32:16,792 [INFO] PluginManager:220 - loadIPPluginJar : add mdma
2024-08-01 23:32:16,797 [INFO] IPUIPlugin:80 - create IPUIPlugin
2024-08-01 23:32:16,797 [INFO] PluginManager:220 - loadIPPluginJar : add nvic
2024-08-01 23:32:16,803 [INFO] IPUIPlugin:80 - create IPUIPlugin
2024-08-01 23:32:16,803 [INFO] PluginManager:220 - loadIPPluginJar : add opamp
2024-08-01 23:32:16,807 [INFO] IPUIPlugin:80 - create IPUIPlugin
2024-08-01 23:32:16,807 [INFO] PluginManager:220 - loadIPPluginJar : add openamp
2024-08-01 23:32:16,814 [INFO] IPUIPlugin:80 - create IPUIPlugin
2024-08-01 23:32:16,814 [INFO] PluginManager:220 - loadIPPluginJar : add pdm2pcm
2024-08-01 23:32:16,822 [INFO] IPUIPlugin:80 - create IPUIPlugin
2024-08-01 23:32:16,826 [INFO] PluginManager:220 - loadIPPluginJar : add plateformsettings
2024-08-01 23:32:16,829 [INFO] IPUIPlugin:80 - create IPUIPlugin
2024-08-01 23:32:16,829 [INFO] PluginManager:220 - loadIPPluginJar : add quadspi
2024-08-01 23:32:16,835 [INFO] IPUIPlugin:80 - create IPUIPlugin
2024-08-01 23:32:16,835 [INFO] PluginManager:220 - loadIPPluginJar : add resmgrutility
2024-08-01 23:32:16,839 [INFO] IPUIPlugin:80 - create IPUIPlugin
2024-08-01 23:32:16,839 [INFO] PluginManager:220 - loadIPPluginJar : add sai
2024-08-01 23:32:16,843 [INFO] IPUIPlugin:80 - create IPUIPlugin
2024-08-01 23:32:16,844 [INFO] PluginManager:220 - loadIPPluginJar : add spi
2024-08-01 23:32:16,855 [INFO] IPUIPlugin:80 - create IPUIPlugin
2024-08-01 23:32:16,855 [INFO] PluginManager:220 - loadIPPluginJar : add stm32_wpan
2024-08-01 23:32:16,866 [INFO] IPUIPlugin:80 - create IPUIPlugin
2024-08-01 23:32:16,867 [INFO] PluginManager:220 - loadIPPluginJar : add tim
2024-08-01 23:32:16,877 [INFO] IPUIPlugin:80 - create IPUIPlugin
2024-08-01 23:32:16,878 [INFO] PluginManager:220 - loadIPPluginJar : add touchsensing
2024-08-01 23:32:16,881 [INFO] IPUIPlugin:80 - create IPUIPlugin
2024-08-01 23:32:16,881 [INFO] PluginManager:220 - loadIPPluginJar : add tracer_emb
2024-08-01 23:32:16,886 [INFO] IPUIPlugin:80 - create IPUIPlugin
2024-08-01 23:32:16,887 [INFO] PluginManager:220 - loadIPPluginJar : add ts
2024-08-01 23:32:16,891 [INFO] IPUIPlugin:80 - create IPUIPlugin
2024-08-01 23:32:16,892 [INFO] PluginManager:220 - loadIPPluginJar : add tsc
2024-08-01 23:32:16,897 [INFO] IPUIPlugin:80 - create IPUIPlugin
2024-08-01 23:32:16,898 [INFO] PluginManager:220 - loadIPPluginJar : add ucpd
2024-08-01 23:32:16,902 [INFO] IPUIPlugin:80 - create IPUIPlugin
2024-08-01 23:32:16,902 [INFO] PluginManager:220 - loadIPPluginJar : add usart
2024-08-01 23:32:16,908 [INFO] IPUIPlugin:80 - create IPUIPlugin
2024-08-01 23:32:16,909 [INFO] PluginManager:220 - loadIPPluginJar : add usbx
2024-08-01 23:32:17,072 [INFO] CADModel:165 - CPN selected for project level
2024-08-01 23:32:17,073 [INFO] CADModel:114 - Register for checkConnection events
2024-08-01 23:32:17,073 [FATAL] Updater:308 - Updater called before beeing initialized
2024-08-01 23:32:17,073 [ERROR] CADModel:125 - Updater not yet initialized, retry later 
2024-08-01 23:32:17,256 [INFO] CADModel:165 - CPN selected for project level
2024-08-01 23:32:17,256 [INFO] CADModel:114 - Register for checkConnection events
2024-08-01 23:32:17,257 [FATAL] Updater:308 - Updater called before beeing initialized
2024-08-01 23:32:17,257 [ERROR] CADModel:125 - Updater not yet initialized, retry later 
2024-08-01 23:32:17,261 [FATAL] Updater:308 - Updater called before beeing initialized
2024-08-01 23:32:17,493 [FATAL] Updater:308 - Updater called before beeing initialized
2024-08-01 23:32:17,498 [INFO] DbMcusAds:53 - JSON generation date=Thu May 16 06:22:01 BRT 2024 (1715851321109)
2024-08-01 23:32:17,498 [FATAL] Updater:308 - Updater called before beeing initialized
2024-08-01 23:32:17,567 [WARN] DetailPanel:346 - Failed to get advertising image, set to default
2024-08-01 23:32:17,717 [FATAL] Updater:308 - Updater called before beeing initialized
2024-08-01 23:32:17,719 [FATAL] Updater:308 - Updater called before beeing initialized
2024-08-01 23:32:17,719 [FATAL] Updater:308 - Updater called before beeing initialized
2024-08-01 23:32:17,719 [WARN] DetailPanel:346 - Failed to get advertising image, set to default
2024-08-01 23:32:17,720 [FATAL] Updater:308 - Updater called before beeing initialized
2024-08-01 23:32:17,828 [ERROR] Updater:1120 - MainUpdater not yet initialized. External WinMGr cannot be set.
2024-08-01 23:32:17,831 [INFO] Updater:1056 - Updater Version found : 6.11.1
2024-08-01 23:32:17,855 [INFO] ApplicationProperties:184 - Using Application install path: C:\ST\STM32CubeIDE_1.15.1\STM32CubeIDE\plugins\com.st.stm32cube.common.mx_6.11.1.202404110753
2024-08-01 23:32:18,537 [INFO] ThirdPartyUpdaterWithRetryManager:70 - Updater plugin not ready yet. [2/15]
2024-08-01 23:32:19,447 [ERROR] LogOutputStream:75 - [STDERR_REDIRECT] Aug 01, 2024 11:32:19 PM java.util.prefs.WindowsPreferences <init>
2024-08-01 23:32:19,451 [ERROR] LogOutputStream:75 - [STDERR_REDIRECT] WARNING: Could not open/create prefs root node Software\JavaSoft\Prefs at root 0xffffffff80000002. Windows RegCreateKeyEx(...) returned error code 5.
2024-08-01 23:32:19,451 [ERROR] LogOutputStream:75 - [STDERR_REDIRECT] 
2024-08-01 23:32:19,979 [INFO] MainUpdater:2873 - connection check result : 10
2024-08-01 23:32:19,980 [INFO] MainUpdater:290 - Updater Check For Update Now.
2024-08-01 23:32:19,980 [INFO] MicroXplorer:498 - Change Database Version : DB.6.0.111
2024-08-01 23:32:19,986 [INFO] McuFinderGlobals:63 - Set McuFinder mode to 2 (CubeIDE integrated)
2024-08-01 23:32:19,993 [INFO] UserAuth:415 - Internet connection configuration mode: 1
2024-08-01 23:32:20,058 [INFO] JxBrowserEngine:152 - Initiate JxBrowser Engine with user profile folder
2024-08-01 23:32:20,329 [INFO] CheckServerUpdateThread:120 - End of CheckServer Thread
2024-08-01 23:32:21,048 [INFO] WebApp:161 - Instantiating new browser for Auth
2024-08-01 23:32:22,085 [INFO] WebApp:779 - Register for checkConnection events
2024-08-01 23:32:22,085 [INFO] WebApp:414 - Apply proxy settings
2024-08-01 23:32:22,085 [INFO] WebApp:499 - Chromium requires no authentication
2024-08-01 23:32:22,093 [WARN] PackLoader:240 - Cannot read IP mode file for STMicroelectronics.FP-SNS-MOTENVWB1.1.4.0
2024-08-01 23:32:22,099 [INFO] WebApp:442 - Direct internet connection detected
2024-08-01 23:32:22,106 [WARN] PackLoader:240 - Cannot read IP mode file for STMicroelectronics.X-CUBE-SMBUS.2.1.0
2024-08-01 23:32:22,133 [WARN] PackLoader:240 - Cannot read IP mode file for STMicroelectronics.X-CUBE-TOUCHGFX.4.23.2
2024-08-01 23:32:22,191 [WARN] PackLoader:240 - Cannot read IP mode file for STMicroelectronics.X-CUBE-AZRTOS-F7.1.1.0
2024-08-01 23:32:22,259 [WARN] PackLoader:240 - Cannot read IP mode file for STMicroelectronics.FP-SNS-FLIGHT1.5.0.2
2024-08-01 23:32:22,288 [WARN] PackLoader:240 - Cannot read IP mode file for STMicroelectronics.X-CUBE-DISPLAY.3.0.0
2024-08-01 23:32:22,332 [WARN] PackLoader:240 - Cannot read IP mode file for STMicroelectronics.X-CUBE-BLE1.7.0.0
2024-08-01 23:32:22,346 [WARN] PackLoader:240 - Cannot read IP mode file for emotas.I-CUBE-CANOPEN.1.3.0
2024-08-01 23:32:22,370 [WARN] PackLoader:240 - Cannot read IP mode file for STMicroelectronics.X-CUBE-BLEMGR.3.1.0
2024-08-01 23:32:22,415 [WARN] PackLoader:240 - Cannot read IP mode file for STMicroelectronics.FP-SNS-SMARTAG2.1.2.0
2024-08-01 23:32:22,433 [INFO] LogOutputStream:77 - [STDOUT_REDIRECT] 1 : Invalid condition id : UX_CORESTACK_Condition cause : null
2024-08-01 23:32:22,434 [INFO] LogOutputStream:77 - [STDOUT_REDIRECT] 1 : Invalid condition id : UX_CORESTACK_Condition cause : null
2024-08-01 23:32:22,436 [INFO] LogOutputStream:77 - [STDOUT_REDIRECT] 1 : Invalid condition id : UX_CORESTACK_Condition cause : null
2024-08-01 23:32:22,438 [INFO] LogOutputStream:77 - [STDOUT_REDIRECT] 1 : Invalid condition id : UX_CORESTACK_Condition cause : null
2024-08-01 23:32:22,439 [INFO] LogOutputStream:77 - [STDOUT_REDIRECT] 1 : Invalid condition id : UX_CORESTACK_Condition cause : null
2024-08-01 23:32:22,448 [WARN] PackLoader:240 - Cannot read IP mode file for STMicroelectronics.X-CUBE-AZRTOS-WL.2.0.0
2024-08-01 23:32:22,475 [WARN] PackLoader:240 - Cannot read IP mode file for STMicroelectronics.FP-SNS-MOTENV1.5.0.0
2024-08-01 23:32:22,492 [WARN] PackLoader:240 - Cannot read IP mode file for wolfSSL.I-CUBE-wolfMQTT.1.19.0
2024-08-01 23:32:22,504 [WARN] PackLoader:240 - Cannot read IP mode file for WES.I-CUBE-Cesium.1.3.0
2024-08-01 23:32:22,520 [INFO] WebApp:192 - Starting web application
2024-08-01 23:32:22,521 [INFO] WebApp:544 - Web application path used C:\ST\STM32CubeIDE_1.15.1\STM32CubeIDE\plugins\com.st.stm32cube.common.mx_6.11.1.202404110753\db\plugins\mcufinder\reactClient1\index.html
2024-08-01 23:32:22,547 [WARN] PackLoader:240 - Cannot read IP mode file for STMicroelectronics.X-CUBE-BLE2.3.3.0
2024-08-01 23:32:22,627 [WARN] PackLoader:240 - Cannot read IP mode file for STMicroelectronics.X-CUBE-TCPP.4.1.0
2024-08-01 23:32:22,672 [WARN] PackLoader:240 - Cannot read IP mode file for STMicroelectronics.X-CUBE-AZRTOS-G0.1.1.0
2024-08-01 23:32:22,833 [WARN] PackLoader:240 - Cannot read IP mode file for STMicroelectronics.X-CUBE-SAFEA1.1.2.2
2024-08-01 23:32:22,849 [WARN] PackLoader:240 - Cannot read IP mode file for STMicroelectronics.X-CUBE-NFC4.3.0.0
2024-08-01 23:32:22,858 [WARN] PackLoader:240 - Cannot read IP mode file for wolfSSL.I-CUBE-wolfMQTT.1.18.0
2024-08-01 23:32:22,882 [WARN] PackLoader:240 - Cannot read IP mode file for EmbeddedOffice.I-CUBE-FS-RTOS.1.0.1
2024-08-01 23:32:22,883 [ERROR] ConditionMgr:805 - Attr not supported : Dmpu
2024-08-01 23:32:22,883 [ERROR] ConditionMgr:805 - Attr not supported : Dmpu
2024-08-01 23:32:22,883 [ERROR] ConditionMgr:805 - Attr not supported : Dmpu
2024-08-01 23:32:22,883 [ERROR] ConditionMgr:805 - Attr not supported : Dmpu
2024-08-01 23:32:22,883 [ERROR] ConditionMgr:805 - Attr not supported : Dmpu
2024-08-01 23:32:22,883 [ERROR] ConditionMgr:805 - Attr not supported : Dmpu
2024-08-01 23:32:22,883 [ERROR] ConditionMgr:805 - Attr not supported : Dmpu
2024-08-01 23:32:22,883 [ERROR] ConditionMgr:805 - Attr not supported : Dmpu
2024-08-01 23:32:22,883 [ERROR] ConditionMgr:805 - Attr not supported : Dmpu
2024-08-01 23:32:22,883 [ERROR] ConditionMgr:805 - Attr not supported : Dmpu
2024-08-01 23:32:22,883 [ERROR] ConditionMgr:805 - Attr not supported : Dmpu
2024-08-01 23:32:22,884 [ERROR] ConditionMgr:805 - Attr not supported : Dmpu
2024-08-01 23:32:22,884 [ERROR] ConditionMgr:805 - Attr not supported : Dmpu
2024-08-01 23:32:22,884 [ERROR] ConditionMgr:805 - Attr not supported : Dmpu
2024-08-01 23:32:22,884 [ERROR] ConditionMgr:805 - Attr not supported : Dmpu
2024-08-01 23:32:22,884 [ERROR] ConditionMgr:805 - Attr not supported : Dmpu
2024-08-01 23:32:22,884 [ERROR] ConditionMgr:805 - Attr not supported : Dmpu
2024-08-01 23:32:22,884 [ERROR] ConditionMgr:805 - Attr not supported : Dmpu
2024-08-01 23:32:22,885 [ERROR] ConditionMgr:805 - Attr not supported : Dmpu
2024-08-01 23:32:22,885 [ERROR] ConditionMgr:805 - Attr not supported : Dmpu
2024-08-01 23:32:22,885 [ERROR] ConditionMgr:805 - Attr not supported : Dmpu
2024-08-01 23:32:22,885 [ERROR] ConditionMgr:805 - Attr not supported : Dmpu
2024-08-01 23:32:22,886 [ERROR] ConditionMgr:805 - Attr not supported : Dmpu
2024-08-01 23:32:22,886 [ERROR] ConditionMgr:805 - Attr not supported : Dmpu
2024-08-01 23:32:22,887 [ERROR] ConditionMgr:805 - Attr not supported : Dmpu
2024-08-01 23:32:22,887 [ERROR] ConditionMgr:805 - Attr not supported : Dmpu
2024-08-01 23:32:22,887 [ERROR] ConditionMgr:805 - Attr not supported : Dmpu
2024-08-01 23:32:22,887 [ERROR] ConditionMgr:805 - Attr not supported : Dmpu
2024-08-01 23:32:22,887 [ERROR] ConditionMgr:805 - Attr not supported : Dmpu
2024-08-01 23:32:22,887 [ERROR] ConditionMgr:805 - Attr not supported : Dmpu
2024-08-01 23:32:22,887 [ERROR] ConditionMgr:805 - Attr not supported : Dmpu
2024-08-01 23:32:22,887 [ERROR] ConditionMgr:805 - Attr not supported : Dmpu
2024-08-01 23:32:22,887 [ERROR] ConditionMgr:805 - Attr not supported : Dmpu
2024-08-01 23:32:22,888 [ERROR] ConditionMgr:805 - Attr not supported : Dmpu
2024-08-01 23:32:22,888 [ERROR] ConditionMgr:805 - Attr not supported : Dmpu
2024-08-01 23:32:22,888 [ERROR] ConditionMgr:805 - Attr not supported : Dmpu
2024-08-01 23:32:22,888 [ERROR] ConditionMgr:805 - Attr not supported : Dmpu
2024-08-01 23:32:22,888 [ERROR] ConditionMgr:805 - Attr not supported : Dmpu
2024-08-01 23:32:22,888 [ERROR] ConditionMgr:805 - Attr not supported : Dmpu
2024-08-01 23:32:22,888 [ERROR] ConditionMgr:805 - Attr not supported : Dmpu
2024-08-01 23:32:22,889 [ERROR] ConditionMgr:805 - Attr not supported : Dmpu
2024-08-01 23:32:22,889 [ERROR] ConditionMgr:805 - Attr not supported : Dmpu
2024-08-01 23:32:22,889 [ERROR] ConditionMgr:805 - Attr not supported : Dmpu
2024-08-01 23:32:22,891 [ERROR] ConditionMgr:805 - Attr not supported : Dmpu
2024-08-01 23:32:22,891 [ERROR] ConditionMgr:805 - Attr not supported : Dmpu
2024-08-01 23:32:22,891 [ERROR] ConditionMgr:805 - Attr not supported : Dmpu
2024-08-01 23:32:22,891 [ERROR] ConditionMgr:805 - Attr not supported : Dmpu
2024-08-01 23:32:22,893 [ERROR] ConditionMgr:805 - Attr not supported : Dmpu
2024-08-01 23:32:22,893 [ERROR] ConditionMgr:805 - Attr not supported : Dmpu
2024-08-01 23:32:22,893 [ERROR] ConditionMgr:805 - Attr not supported : Dmpu
2024-08-01 23:32:22,893 [ERROR] ConditionMgr:805 - Attr not supported : Dmpu
2024-08-01 23:32:22,893 [ERROR] ConditionMgr:805 - Attr not supported : Dmpu
2024-08-01 23:32:22,893 [ERROR] ConditionMgr:805 - Attr not supported : Dmpu
2024-08-01 23:32:22,893 [ERROR] ConditionMgr:805 - Attr not supported : Dmpu
2024-08-01 23:32:22,894 [ERROR] ConditionMgr:805 - Attr not supported : Dmpu
2024-08-01 23:32:22,894 [ERROR] ConditionMgr:805 - Attr not supported : Dmpu
2024-08-01 23:32:22,894 [ERROR] ConditionMgr:805 - Attr not supported : Dmpu
2024-08-01 23:32:22,894 [ERROR] ConditionMgr:805 - Attr not supported : Dmpu
2024-08-01 23:32:22,894 [ERROR] ConditionMgr:805 - Attr not supported : Dmpu
2024-08-01 23:32:22,894 [ERROR] ConditionMgr:805 - Attr not supported : Dmpu
2024-08-01 23:32:22,894 [ERROR] ConditionMgr:805 - Attr not supported : Dmpu
2024-08-01 23:32:22,894 [ERROR] ConditionMgr:805 - Attr not supported : Dmpu
2024-08-01 23:32:22,894 [ERROR] ConditionMgr:805 - Attr not supported : Dmpu
2024-08-01 23:32:22,894 [ERROR] ConditionMgr:805 - Attr not supported : Dmpu
2024-08-01 23:32:22,968 [WARN] PackLoader:240 - Cannot read IP mode file for RealThread.X-CUBE-RT-Thread_Nano.4.1.1
2024-08-01 23:32:22,977 [WARN] PackLoader:240 - Cannot read IP mode file for wolfSSL.I-CUBE-wolfSSL.5.7.0
2024-08-01 23:32:22,985 [WARN] PackLoader:240 - Cannot read IP mode file for STMicroelectronics.FP-ATR-SIGFOX1.3.2.0
2024-08-01 23:32:22,998 [WARN] PackLoader:240 - Cannot read IP mode file for STMicroelectronics.X-CUBE-EEPRMA1.5.1.0
2024-08-01 23:32:23,068 [WARN] PackLoader:240 - Cannot read IP mode file for ITTIA_DB.I-CUBE-ITTIADB.8.9.0
2024-08-01 23:32:23,179 [WARN] PackLoader:240 - Cannot read IP mode file for SEGGER.I-CUBE-embOS.1.3.1
2024-08-01 23:32:23,489 [WARN] PackLoader:240 - Cannot read IP mode file for STMicroelectronics.X-CUBE-ALGOBUILD.1.4.0
2024-08-01 23:32:23,516 [WARN] PackLoader:240 - Cannot read IP mode file for STMicroelectronics.X-CUBE-GNSS1.6.0.0
2024-08-01 23:32:23,563 [WARN] PackLoader:240 - Cannot read IP mode file for STMicroelectronics.X-CUBE-AZRTOS-F4.1.1.0
2024-08-01 23:32:23,595 [WARN] PackLoader:240 - Cannot read IP mode file for STMicroelectronics.X-CUBE-FREERTOS.1.2.0
2024-08-01 23:32:23,662 [WARN] PackLoader:240 - Cannot read IP mode file for STMicroelectronics.X-CUBE-AZRTOS-L5.2.0.0
2024-08-01 23:32:23,685 [WARN] PackLoader:240 - Cannot read IP mode file for STMicroelectronics.X-CUBE-NFC6.3.1.0
2024-08-01 23:32:23,762 [WARN] PackLoader:240 - Cannot read IP mode file for STMicroelectronics.X-CUBE-DPower.1.2.0
2024-08-01 23:32:23,772 [WARN] PackLoader:240 - Cannot read IP mode file for STMicroelectronics.X-CUBE-AI.9.0.0
2024-08-01 23:32:23,787 [WARN] PackLoader:240 - Cannot read IP mode file for STMicroelectronics.X-CUBE-NFC7.1.0.1
2024-08-01 23:32:23,799 [WARN] PackLoader:240 - Cannot read IP mode file for wolfSSL.I-CUBE-wolfTPM.3.2.0
2024-08-01 23:32:23,919 [WARN] ConditionMgr:438 - getConditionDescription Invalid condition id : LAN8742 Phy interface Condition cause : null
2024-08-01 23:32:23,920 [WARN] PackLoader:240 - Cannot read IP mode file for STMicroelectronics.X-CUBE-AZRTOS-L4.2.0.0
2024-08-01 23:32:23,922 [WARN] ConditionMgr:1039 - genDependencies : Invalid condition id : LAN8742 Phy interface Condition cause : null
2024-08-01 23:32:23,922 [WARN] ConditionMgr:1039 - genDependencies : Invalid condition id : LAN8742 Phy interface Condition cause : null
2024-08-01 23:32:23,927 [WARN] ConditionMgr:1039 - genDependencies : Invalid condition id : LAN8742 Phy interface Condition cause : null
2024-08-01 23:32:23,939 [WARN] PackLoader:240 - Cannot read IP mode file for STMicroelectronics.X-CUBE-SFXS2LP1.4.0.0
2024-08-01 23:32:23,969 [WARN] ConditionMgr:438 - getConditionDescription Invalid condition id : UX DEVICE CLASS RTOS Condition cause : null
2024-08-01 23:32:23,970 [WARN] ConditionMgr:438 - getConditionDescription Invalid condition id : UX DEVICE CLASS RTOS Condition cause : null
2024-08-01 23:32:23,972 [WARN] PackLoader:240 - Cannot read IP mode file for STMicroelectronics.X-CUBE-AZRTOS-WB.2.0.0
2024-08-01 23:32:23,976 [WARN] ConditionMgr:1039 - genDependencies : Invalid condition id : UX DEVICE CLASS RTOS Condition cause : null
2024-08-01 23:32:23,976 [WARN] ConditionMgr:1039 - genDependencies : Invalid condition id : UX DEVICE CLASS RTOS Condition cause : null
2024-08-01 23:32:23,977 [WARN] ConditionMgr:1039 - genDependencies : Invalid condition id : UX DEVICE CLASS RTOS Condition cause : null
2024-08-01 23:32:23,977 [WARN] ConditionMgr:1039 - genDependencies : Invalid condition id : UX DEVICE CLASS RTOS Condition cause : null
2024-08-01 23:32:23,977 [WARN] ConditionMgr:1039 - genDependencies : Invalid condition id : UX DEVICE CLASS RTOS Condition cause : null
2024-08-01 23:32:23,987 [WARN] PackLoader:240 - Cannot read IP mode file for STMicroelectronics.FP-SNS-STBOX1.2.0.0
2024-08-01 23:32:24,002 [WARN] PackLoader:240 - Cannot read IP mode file for STMicroelectronics.X-CUBE-SUBG2.5.0.0
2024-08-01 23:32:24,072 [WARN] PackLoader:240 - Cannot read IP mode file for STMicroelectronics.X-CUBE-AZRTOS-G4.2.0.0
2024-08-01 23:32:24,082 [WARN] PackLoader:240 - Cannot read IP mode file for STMicroelectronics.X-CUBE-ISPU.2.0.0
2024-08-01 23:32:24,088 [WARN] PackLoader:240 - Cannot read IP mode file for STMicroelectronics.X-CUBE-ALS.1.0.2
2024-08-01 23:32:24,134 [WARN] PackLoader:240 - Cannot read IP mode file for STMicroelectronics.X-CUBE-MEMS1.10.0.0
2024-08-01 23:32:24,262 [WARN] PackLoader:240 - Cannot read IP mode file for STMicroelectronics.X-CUBE-TOUCHGFX.4.24.0
2024-08-01 23:32:24,268 [WARN] PackLoader:240 - Cannot read IP mode file for portGmbH.I-Cube-SoM-uGOAL.1.1.0
2024-08-01 23:32:24,272 [WARN] PackLoader:240 - Cannot read IP mode file for STMicroelectronics.X-CUBE-ALS.1.0.1
2024-08-01 23:32:24,289 [WARN] PackLoader:240 - Cannot read IP mode file for STMicroelectronics.X-CUBE-AZRTOS-H7RS.1.0.0
2024-08-01 23:32:24,296 [WARN] PackLoader:240 - Cannot read IP mode file for STMicroelectronics.FP-ATR-ASTRA1.2.0.0
2024-08-01 23:32:24,316 [WARN] PackLoader:240 - Cannot read IP mode file for STMicroelectronics.X-CUBE-TOF1.3.4.2
2024-08-01 23:32:24,335 [WARN] PackLoader:240 - Cannot read IP mode file for STMicroelectronics.X-CUBE-TOF1.3.4.1
2024-08-01 23:32:24,364 [WARN] PackLoader:240 - Cannot read IP mode file for STMicroelectronics.X-CUBE-AZRTOS-H7.3.2.0
2024-08-01 23:32:24,380 [WARN] PackLoader:240 - Cannot read IP mode file for Infineon.AIROC-Wi-Fi-Bluetooth-STM32.1.6.0
2024-08-01 23:32:24,388 [WARN] PackLoader:240 - Cannot read IP mode file for wolfSSL.I-CUBE-wolfSSH.1.4.17
2024-08-01 23:32:24,388 [INFO] ThirdParty:978 - Integrity check success = true
2024-08-01 23:32:24,388 [INFO] IntegrityCheckThread:100 - exiting critical section [integrity check]
2024-08-01 23:32:24,388 [INFO] IntegrityCheckThread:103 - End integrity checks thread
2024-08-01 23:33:24,007 [ERROR] LogOutputStream:75 - [STDERR_REDIRECT] 
2024-08-01 23:33:24,009 [ERROR] LogOutputStream:75 - [STDERR_REDIRECT] 
