2024-07-30 08:58:07,434 [INFO] Activator:176 - 


2024-07-30 08:58:07,442 [INFO] Activator:177 - !SESSION log4j initialized
2024-07-30 08:58:20,420 [INFO] LogOutputStream:77 - [STDOUT_REDIRECT] 
2024-07-30 08:58:24,253 [INFO] ApplicationProperties:184 - Using Application install path: C:\ST\STM32CubeIDE_1.15.1\STM32CubeIDE\plugins\com.st.stm32cube.common.mx_6.11.1.202404110753
2024-07-30 08:58:24,283 [INFO] DbMcusXml:78 - Set database path to: C:\ST\STM32CubeIDE_1.15.1\STM32CubeIDE\plugins\com.st.stm32cube.common.mx_6.11.1.202404110753\\db\/mcu/
2024-07-30 08:58:24,283 [INFO] ApiDb:274 - Set plugin database path to: C:\ST\STM32CubeIDE_1.15.1\STM32CubeIDE\plugins\com.st.stm32cube.common.mx_6.11.1.202404110753\\db\/plugins/boardmanager/
2024-07-30 08:58:24,284 [WARN] ApiDb:259 - Overriding images path with different value:  => C:\ST\STM32CubeIDE_1.15.1\STM32CubeIDE\plugins\com.st.stm32cube.common.mx_6.11.1.202404110753\\db\/plugins/mcufinder/images/
2024-07-30 08:58:24,296 [INFO] ApiDb:250 - Set database path to: C:\Users\Matheus Markies\.stmcufinder\plugins\mcufinder//mcu/
2024-07-30 08:58:24,298 [INFO] DbMcusAds:125 - Set database path to: C:\Users\Matheus Markies\.stmcufinder\plugins\mcufinder//mcu/
2024-07-30 08:58:24,300 [INFO] CrossReferenceDbSqlite:203 - Set database path to: C:\Users\Matheus Markies\.stmcufinder\plugins\mcufinder//mcu/cs/
2024-07-30 08:58:24,452 [INFO] RulesReader:64 - Compatibility file has been processed (297 Rules)
2024-07-30 08:58:24,586 [INFO] DbMcusXml:78 - Set database path to: C:\ST\STM32CubeIDE_1.15.1\STM32CubeIDE\plugins\com.st.stm32cube.common.mx_6.11.1.202404110753\\db\/mcu/
2024-07-30 08:58:24,587 [INFO] ApiDb:274 - Set plugin database path to: C:\ST\STM32CubeIDE_1.15.1\STM32CubeIDE\plugins\com.st.stm32cube.common.mx_6.11.1.202404110753\\db\/plugins/boardmanager/
2024-07-30 08:58:24,587 [INFO] ApiDb:261 - Set plugin images path to: C:\ST\STM32CubeIDE_1.15.1\STM32CubeIDE\plugins\com.st.stm32cube.common.mx_6.11.1.202404110753\\db\/plugins/mcufinder/images/
2024-07-30 08:58:24,587 [WARN] DbFile:41 - Overriding database path with different value: C:\Users\Matheus Markies\.stmcufinder\plugins\mcufinder/ => C:\Users\Matheus Markies\.stmcufinder\plugins\mcufinder
2024-07-30 08:58:24,587 [INFO] ApiDb:250 - Set database path to: C:\Users\Matheus Markies\.stmcufinder\plugins\mcufinder//mcu/
2024-07-30 08:58:24,587 [WARN] DbFile:41 - Overriding database path with different value: C:\Users\Matheus Markies\.stmcufinder\plugins\mcufinder/ => C:\Users\Matheus Markies\.stmcufinder\plugins\mcufinder
2024-07-30 08:58:24,588 [INFO] DbMcusAds:125 - Set database path to: C:\Users\Matheus Markies\.stmcufinder\plugins\mcufinder//mcu/
2024-07-30 08:58:24,588 [WARN] DbFile:41 - Overriding database path with different value: C:\Users\Matheus Markies\.stmcufinder\plugins\mcufinder/ => C:\Users\Matheus Markies\.stmcufinder\plugins\mcufinder
2024-07-30 08:58:24,588 [WARN] DbFile:41 - Overriding database path with different value: C:\Users\Matheus Markies\.stmcufinder\plugins\mcufinder/ => C:\Users\Matheus Markies\.stmcufinder\plugins\mcufinder
2024-07-30 08:58:24,588 [INFO] CrossReferenceDbSqlite:203 - Set database path to: C:\Users\Matheus Markies\.stmcufinder\plugins\mcufinder//mcu/cs/
2024-07-30 08:58:24,707 [INFO] MainPanel:264 - HeapMemory: 268435456
2024-07-30 08:58:24,861 [INFO] DbMcusXml:78 - Set database path to: C:\ST\STM32CubeIDE_1.15.1\STM32CubeIDE\plugins\com.st.stm32cube.common.mx_6.11.1.202404110753\\db\/mcu/
2024-07-30 08:58:24,861 [INFO] ApiDb:274 - Set plugin database path to: C:\ST\STM32CubeIDE_1.15.1\STM32CubeIDE\plugins\com.st.stm32cube.common.mx_6.11.1.202404110753\\db\/plugins/boardmanager/
2024-07-30 08:58:24,862 [INFO] ApiDb:261 - Set plugin images path to: C:\ST\STM32CubeIDE_1.15.1\STM32CubeIDE\plugins\com.st.stm32cube.common.mx_6.11.1.202404110753\\db\/plugins/mcufinder/images/
2024-07-30 08:58:24,862 [WARN] DbFile:41 - Overriding database path with different value: C:\Users\Matheus Markies\.stmcufinder\plugins\mcufinder/ => C:\Users\Matheus Markies\.stmcufinder\plugins\mcufinder
2024-07-30 08:58:24,862 [INFO] ApiDb:250 - Set database path to: C:\Users\Matheus Markies\.stmcufinder\plugins\mcufinder//mcu/
2024-07-30 08:58:24,862 [WARN] DbFile:41 - Overriding database path with different value: C:\Users\Matheus Markies\.stmcufinder\plugins\mcufinder/ => C:\Users\Matheus Markies\.stmcufinder\plugins\mcufinder
2024-07-30 08:58:24,862 [INFO] DbMcusAds:125 - Set database path to: C:\Users\Matheus Markies\.stmcufinder\plugins\mcufinder//mcu/
2024-07-30 08:58:24,863 [WARN] DbFile:41 - Overriding database path with different value: C:\Users\Matheus Markies\.stmcufinder\plugins\mcufinder/ => C:\Users\Matheus Markies\.stmcufinder\plugins\mcufinder
2024-07-30 08:58:24,863 [WARN] DbFile:41 - Overriding database path with different value: C:\Users\Matheus Markies\.stmcufinder\plugins\mcufinder/ => C:\Users\Matheus Markies\.stmcufinder\plugins\mcufinder
2024-07-30 08:58:24,863 [INFO] CrossReferenceDbSqlite:203 - Set database path to: C:\Users\Matheus Markies\.stmcufinder\plugins\mcufinder//mcu/cs/
2024-07-30 08:58:24,888 [INFO] ApplicationProperties:184 - Using Application install path: C:\ST\STM32CubeIDE_1.15.1\STM32CubeIDE\plugins\com.st.stm32cube.common.mx_6.11.1.202404110753
2024-07-30 08:58:24,891 [INFO] PluginManage:196 - Search for loadable plugins [exclusion list=, ]
2024-07-30 08:58:24,892 [INFO] PluginManage:310 - Check plugin analytics
2024-07-30 08:58:25,164 [INFO] AnalyticsPlugin:253 - Accepted Software Licenses: 
2024-07-30 08:58:25,164 [INFO] AnalyticsPlugin:255 - Accepted CMSIS Pack Licenses: 
2024-07-30 08:58:25,164 [INFO] AnalyticsPlugin:257 - Accepted Firmware Licenses: FW.F4.1.28.0
2024-07-30 08:58:25,166 [INFO] PluginManage:359 - Loaded plugin analytics (category:tool,tabindex:-1)
2024-07-30 08:58:25,167 [INFO] PluginManage:310 - Check plugin cadmodel
2024-07-30 08:58:25,199 [INFO] CADModel:105 - Init CAD model plugin
2024-07-30 08:58:25,200 [INFO] PluginManage:359 - Loaded plugin cadmodel (category:power,tabindex:5)
2024-07-30 08:58:25,200 [INFO] PluginManage:310 - Check plugin clock
2024-07-30 08:58:25,233 [INFO] PluginManage:359 - Loaded plugin clock (category:base,tabindex:2)
2024-07-30 08:58:25,233 [INFO] PluginManage:310 - Check plugin ddr
2024-07-30 08:58:25,239 [INFO] PluginManage:359 - Loaded plugin ddr (category:tool,tabindex:6)
2024-07-30 08:58:25,239 [INFO] PluginManage:310 - Check plugin filemanager
2024-07-30 08:58:25,474 [INFO] PluginManage:359 - Loaded plugin filemanager (category:base,tabindex:10)
2024-07-30 08:58:25,475 [INFO] PluginManage:310 - Check plugin ipmanager
2024-07-30 08:58:25,485 [INFO] PluginManage:359 - Loaded plugin ipmanager (category:base,tabindex:5)
2024-07-30 08:58:25,486 [INFO] PluginManage:310 - Check plugin lpbam
2024-07-30 08:58:25,513 [INFO] PluginManage:359 - Loaded plugin lpbam (category:base,tabindex:0)
2024-07-30 08:58:25,514 [INFO] PluginManage:310 - Check plugin memorymap
2024-07-30 08:58:25,553 [INFO] PluginManage:359 - Loaded plugin memorymap (category:base,tabindex:4)
2024-07-30 08:58:25,553 [INFO] PluginManage:310 - Check plugin pinoutandconfiguration
2024-07-30 08:58:25,576 [INFO] PluginManage:359 - Loaded plugin pinoutandconfiguration (category:base,tabindex:1)
2024-07-30 08:58:25,576 [INFO] PluginManage:310 - Check plugin pinoutconfig
2024-07-30 08:58:25,700 [WARN] SupportedApi:132 - Cannot load RTOS API schema: s4s-elt-must-match.1: The content of 'definitions' must match (annotation?, (simpleType | complexType)?, (unique | key | keyref)*)). A problem was found starting at: attribute.
2024-07-30 08:58:25,887 [INFO] PluginManage:359 - Loaded plugin pinoutconfig (category:base,tabindex:0)
2024-07-30 08:58:25,887 [INFO] PluginManage:310 - Check plugin power
2024-07-30 08:58:25,932 [INFO] PluginManage:359 - Loaded plugin power (category:power,tabindex:4)
2024-07-30 08:58:25,932 [INFO] PluginManage:310 - Check plugin projectmanager
2024-07-30 08:58:25,954 [INFO] PluginManage:359 - Loaded plugin projectmanager (category:projectmanager,tabindex:3)
2024-07-30 08:58:25,954 [INFO] PluginManage:310 - Check plugin thirdparty
2024-07-30 08:58:26,306 [INFO] PluginManage:359 - Loaded plugin thirdparty (category:base,tabindex:-1)
2024-07-30 08:58:26,306 [INFO] PluginManage:310 - Check plugin tools
2024-07-30 08:58:26,306 [WARN] IntegrityCheckThread:84 - waiting for thirdparty lock release [integrity check]
2024-07-30 08:58:26,306 [INFO] IntegrityCheckThread:86 - entering critical section [integrity check]
2024-07-30 08:58:26,307 [INFO] ThirdPartyUpdaterWithRetryManager:70 - Updater plugin not ready yet. [1/15]
2024-07-30 08:58:26,348 [INFO] PluginManage:359 - Loaded plugin tools (category:base,tabindex:7)
2024-07-30 08:58:26,348 [INFO] PluginManage:310 - Check plugin tutovideos
2024-07-30 08:58:26,638 [INFO] PluginManage:359 - Loaded plugin tutovideos (category:base,tabindex:-1)
2024-07-30 08:58:26,639 [INFO] PluginManage:310 - Check plugin updater
2024-07-30 08:58:26,660 [INFO] PluginManage:359 - Loaded plugin updater (category:base,tabindex:12)
2024-07-30 08:58:26,660 [INFO] PluginManage:310 - Check plugin userauth
2024-07-30 08:58:26,669 [INFO] UserAuth:114 - Init User Auth plugin
2024-07-30 08:58:26,669 [INFO] PluginManage:359 - Loaded plugin userauth (category:base,tabindex:14)
2024-07-30 08:58:26,669 [INFO] PluginManage:283 - PluginManage : Loaded plugins [17]
2024-07-30 08:58:27,152 [INFO] PinOutPanel:1561 - setPackage(No Configuration,No Configuration)
2024-07-30 08:58:27,305 [INFO] CADModel:165 - CPN selected for project level
2024-07-30 08:58:27,305 [INFO] CADModel:114 - Register for checkConnection events
2024-07-30 08:58:27,339 [INFO] IPUIPlugin:80 - create IPUIPlugin
2024-07-30 08:58:27,339 [INFO] PluginManager:220 - loadIPPluginJar : add adc
2024-07-30 08:58:27,380 [INFO] IPUIPlugin:80 - create IPUIPlugin
2024-07-30 08:58:27,380 [INFO] PluginManager:220 - loadIPPluginJar : add aes
2024-07-30 08:58:27,428 [INFO] IPUIPlugin:80 - create IPUIPlugin
2024-07-30 08:58:27,429 [INFO] PluginManager:220 - loadIPPluginJar : add can
2024-07-30 08:58:27,456 [INFO] IPUIPlugin:80 - create IPUIPlugin
2024-07-30 08:58:27,457 [INFO] PluginManager:220 - loadIPPluginJar : add comp
2024-07-30 08:58:27,497 [INFO] IPUIPlugin:80 - create IPUIPlugin
2024-07-30 08:58:27,497 [INFO] PluginManager:220 - loadIPPluginJar : add cryp
2024-07-30 08:58:27,533 [INFO] IPUIPlugin:80 - create IPUIPlugin
2024-07-30 08:58:27,533 [INFO] PluginManager:220 - loadIPPluginJar : add dfsdm
2024-07-30 08:58:27,549 [INFO] IPUIPlugin:80 - create IPUIPlugin
2024-07-30 08:58:27,550 [INFO] PluginManager:220 - loadIPPluginJar : add dma
2024-07-30 08:58:27,605 [INFO] IPUIPlugin:80 - create IPUIPlugin
2024-07-30 08:58:27,605 [INFO] PluginManager:220 - loadIPPluginJar : add dma3
2024-07-30 08:58:27,656 [INFO] IPUIPlugin:80 - create IPUIPlugin
2024-07-30 08:58:27,656 [INFO] PluginManager:220 - loadIPPluginJar : add extmemmanager
2024-07-30 08:58:27,678 [INFO] IPUIPlugin:80 - create IPUIPlugin
2024-07-30 08:58:27,679 [INFO] PluginManager:220 - loadIPPluginJar : add fatfs
2024-07-30 08:58:27,734 [INFO] IPUIPlugin:80 - create IPUIPlugin
2024-07-30 08:58:27,734 [INFO] PluginManager:220 - loadIPPluginJar : add fmc
2024-07-30 08:58:27,753 [INFO] IPUIPlugin:80 - create IPUIPlugin
2024-07-30 08:58:27,754 [INFO] PluginManager:220 - loadIPPluginJar : add freertos
2024-07-30 08:58:27,777 [INFO] IPUIPlugin:80 - create IPUIPlugin
2024-07-30 08:58:27,777 [INFO] PluginManager:220 - loadIPPluginJar : add genericplugin
2024-07-30 08:58:27,899 [INFO] IPUIPlugin:80 - create IPUIPlugin
2024-07-30 08:58:27,899 [INFO] PluginManager:220 - loadIPPluginJar : add gfxmmu
2024-07-30 08:58:28,152 [INFO] IPUIPlugin:80 - create IPUIPlugin
2024-07-30 08:58:28,153 [INFO] PluginManager:220 - loadIPPluginJar : add gic
2024-07-30 08:58:28,169 [INFO] IPUIPlugin:80 - create IPUIPlugin
2024-07-30 08:58:28,170 [INFO] PluginManager:220 - loadIPPluginJar : add gpio
2024-07-30 08:58:28,312 [INFO] IPUIPlugin:80 - create IPUIPlugin
2024-07-30 08:58:28,312 [INFO] PluginManager:220 - loadIPPluginJar : add gtzc
2024-07-30 08:58:28,351 [INFO] IPUIPlugin:80 - create IPUIPlugin
2024-07-30 08:58:28,351 [INFO] PluginManager:220 - loadIPPluginJar : add hash
2024-07-30 08:58:28,417 [INFO] IPUIPlugin:80 - create IPUIPlugin
2024-07-30 08:58:28,418 [INFO] PluginManager:220 - loadIPPluginJar : add i2c
2024-07-30 08:58:28,468 [INFO] IPUIPlugin:80 - create IPUIPlugin
2024-07-30 08:58:28,468 [INFO] PluginManager:220 - loadIPPluginJar : add i2s
2024-07-30 08:58:28,516 [INFO] IPUIPlugin:80 - create IPUIPlugin
2024-07-30 08:58:28,516 [INFO] PluginManager:220 - loadIPPluginJar : add i3c
2024-07-30 08:58:28,645 [INFO] IPUIPlugin:80 - create IPUIPlugin
2024-07-30 08:58:28,645 [INFO] PluginManager:220 - loadIPPluginJar : add ipddr
2024-07-30 08:58:28,761 [INFO] IPUIPlugin:80 - create IPUIPlugin
2024-07-30 08:58:28,761 [INFO] PluginManager:220 - loadIPPluginJar : add linkedlist
2024-07-30 08:58:28,803 [INFO] IPUIPlugin:80 - create IPUIPlugin
2024-07-30 08:58:28,803 [INFO] PluginManager:220 - loadIPPluginJar : add lorawan
2024-07-30 08:58:28,844 [INFO] IPUIPlugin:80 - create IPUIPlugin
2024-07-30 08:58:28,844 [INFO] PluginManager:220 - loadIPPluginJar : add ltdc
2024-07-30 08:58:28,861 [INFO] IPUIPlugin:80 - create IPUIPlugin
2024-07-30 08:58:28,861 [INFO] PluginManager:220 - loadIPPluginJar : add mdma
2024-07-30 08:58:28,876 [INFO] IPUIPlugin:80 - create IPUIPlugin
2024-07-30 08:58:28,876 [INFO] PluginManager:220 - loadIPPluginJar : add nvic
2024-07-30 08:58:28,919 [INFO] IPUIPlugin:80 - create IPUIPlugin
2024-07-30 08:58:28,920 [INFO] PluginManager:220 - loadIPPluginJar : add opamp
2024-07-30 08:58:28,996 [INFO] IPUIPlugin:80 - create IPUIPlugin
2024-07-30 08:58:28,996 [INFO] PluginManager:220 - loadIPPluginJar : add openamp
2024-07-30 08:58:29,050 [INFO] IPUIPlugin:80 - create IPUIPlugin
2024-07-30 08:58:29,050 [INFO] PluginManager:220 - loadIPPluginJar : add pdm2pcm
2024-07-30 08:58:29,068 [INFO] IPUIPlugin:80 - create IPUIPlugin
2024-07-30 08:58:29,071 [INFO] PluginManager:220 - loadIPPluginJar : add plateformsettings
2024-07-30 08:58:29,098 [INFO] IPUIPlugin:80 - create IPUIPlugin
2024-07-30 08:58:29,099 [INFO] PluginManager:220 - loadIPPluginJar : add quadspi
2024-07-30 08:58:29,115 [INFO] IPUIPlugin:80 - create IPUIPlugin
2024-07-30 08:58:29,116 [INFO] PluginManager:220 - loadIPPluginJar : add resmgrutility
2024-07-30 08:58:29,174 [INFO] IPUIPlugin:80 - create IPUIPlugin
2024-07-30 08:58:29,174 [INFO] PluginManager:220 - loadIPPluginJar : add sai
2024-07-30 08:58:29,220 [INFO] IPUIPlugin:80 - create IPUIPlugin
2024-07-30 08:58:29,220 [INFO] PluginManager:220 - loadIPPluginJar : add spi
2024-07-30 08:58:29,304 [INFO] IPUIPlugin:80 - create IPUIPlugin
2024-07-30 08:58:29,305 [INFO] PluginManager:220 - loadIPPluginJar : add stm32_wpan
2024-07-30 08:58:29,310 [INFO] ThirdPartyUpdaterWithRetryManager:70 - Updater plugin not ready yet. [2/15]
2024-07-30 08:58:29,332 [INFO] IPUIPlugin:80 - create IPUIPlugin
2024-07-30 08:58:29,332 [INFO] PluginManager:220 - loadIPPluginJar : add tim
2024-07-30 08:58:29,405 [INFO] IPUIPlugin:80 - create IPUIPlugin
2024-07-30 08:58:29,406 [INFO] PluginManager:220 - loadIPPluginJar : add touchsensing
2024-07-30 08:58:29,433 [INFO] IPUIPlugin:80 - create IPUIPlugin
2024-07-30 08:58:29,434 [INFO] PluginManager:220 - loadIPPluginJar : add tracer_emb
2024-07-30 08:58:29,463 [INFO] IPUIPlugin:80 - create IPUIPlugin
2024-07-30 08:58:29,463 [INFO] PluginManager:220 - loadIPPluginJar : add ts
2024-07-30 08:58:29,490 [INFO] IPUIPlugin:80 - create IPUIPlugin
2024-07-30 08:58:29,490 [INFO] PluginManager:220 - loadIPPluginJar : add tsc
2024-07-30 08:58:29,536 [INFO] IPUIPlugin:80 - create IPUIPlugin
2024-07-30 08:58:29,536 [INFO] PluginManager:220 - loadIPPluginJar : add ucpd
2024-07-30 08:58:29,590 [INFO] IPUIPlugin:80 - create IPUIPlugin
2024-07-30 08:58:29,590 [INFO] PluginManager:220 - loadIPPluginJar : add usart
2024-07-30 08:58:29,649 [INFO] IPUIPlugin:80 - create IPUIPlugin
2024-07-30 08:58:29,649 [INFO] PluginManager:220 - loadIPPluginJar : add usbx
2024-07-30 08:58:29,797 [INFO] CADModel:165 - CPN selected for project level
2024-07-30 08:58:29,797 [INFO] CADModel:114 - Register for checkConnection events
2024-07-30 08:58:29,798 [FATAL] Updater:308 - Updater called before beeing initialized
2024-07-30 08:58:29,798 [ERROR] CADModel:125 - Updater not yet initialized, retry later 
2024-07-30 08:58:29,990 [INFO] CADModel:165 - CPN selected for project level
2024-07-30 08:58:29,990 [INFO] CADModel:114 - Register for checkConnection events
2024-07-30 08:58:29,990 [FATAL] Updater:308 - Updater called before beeing initialized
2024-07-30 08:58:29,990 [ERROR] CADModel:125 - Updater not yet initialized, retry later 
2024-07-30 08:58:29,994 [FATAL] Updater:308 - Updater called before beeing initialized
2024-07-30 08:58:30,185 [FATAL] Updater:308 - Updater called before beeing initialized
2024-07-30 08:58:30,197 [INFO] DbMcusAds:53 - JSON generation date=Thu May 16 06:22:01 BRT 2024 (1715851321109)
2024-07-30 08:58:30,197 [FATAL] Updater:308 - Updater called before beeing initialized
2024-07-30 08:58:30,301 [WARN] DetailPanel:346 - Failed to get advertising image, set to default
2024-07-30 08:58:30,427 [FATAL] Updater:308 - Updater called before beeing initialized
2024-07-30 08:58:30,430 [FATAL] Updater:308 - Updater called before beeing initialized
2024-07-30 08:58:30,430 [FATAL] Updater:308 - Updater called before beeing initialized
2024-07-30 08:58:30,430 [WARN] DetailPanel:346 - Failed to get advertising image, set to default
2024-07-30 08:58:30,431 [FATAL] Updater:308 - Updater called before beeing initialized
2024-07-30 08:58:30,505 [ERROR] Updater:1120 - MainUpdater not yet initialized. External WinMGr cannot be set.
2024-07-30 08:58:30,516 [INFO] Updater:1056 - Updater Version found : 6.11.1
2024-07-30 08:58:30,545 [INFO] ApplicationProperties:184 - Using Application install path: C:\ST\STM32CubeIDE_1.15.1\STM32CubeIDE\plugins\com.st.stm32cube.common.mx_6.11.1.202404110753
2024-07-30 08:58:32,128 [ERROR] LogOutputStream:75 - [STDERR_REDIRECT] Jul 30, 2024 8:58:32 AM java.util.prefs.WindowsPreferences <init>
2024-07-30 08:58:32,131 [ERROR] LogOutputStream:75 - [STDERR_REDIRECT] WARNING: Could not open/create prefs root node Software\JavaSoft\Prefs at root 0xffffffff80000002. Windows RegCreateKeyEx(...) returned error code 5.
2024-07-30 08:58:32,131 [ERROR] LogOutputStream:75 - [STDERR_REDIRECT] 
2024-07-30 08:58:32,310 [INFO] ThirdPartyUpdaterWithRetryManager:70 - Updater plugin not ready yet. [3/15]
2024-07-30 08:58:32,577 [INFO] MainUpdater:2873 - connection check result : 10
2024-07-30 08:58:32,578 [INFO] MainUpdater:290 - Updater Check For Update Now.
2024-07-30 08:58:32,578 [INFO] MicroXplorer:498 - Change Database Version : DB.6.0.111
2024-07-30 08:58:32,595 [INFO] McuFinderGlobals:63 - Set McuFinder mode to 2 (CubeIDE integrated)
2024-07-30 08:58:32,613 [INFO] UserAuth:415 - Internet connection configuration mode: 1
2024-07-30 08:58:32,685 [INFO] JxBrowserEngine:152 - Initiate JxBrowser Engine with user profile folder
2024-07-30 08:58:32,908 [INFO] CheckServerUpdateThread:120 - End of CheckServer Thread
2024-07-30 08:58:35,641 [WARN] PackLoader:240 - Cannot read IP mode file for STMicroelectronics.FP-SNS-MOTENVWB1.1.4.0
2024-07-30 08:58:35,661 [WARN] PackLoader:240 - Cannot read IP mode file for STMicroelectronics.X-CUBE-SMBUS.2.1.0
2024-07-30 08:58:35,676 [WARN] PackLoader:240 - Cannot read IP mode file for STMicroelectronics.X-CUBE-TOUCHGFX.4.23.2
2024-07-30 08:58:35,748 [WARN] PackLoader:240 - Cannot read IP mode file for STMicroelectronics.X-CUBE-AZRTOS-F7.1.1.0
2024-07-30 08:58:35,787 [WARN] PackLoader:240 - Cannot read IP mode file for STMicroelectronics.FP-SNS-FLIGHT1.5.0.2
2024-07-30 08:58:35,826 [WARN] PackLoader:240 - Cannot read IP mode file for STMicroelectronics.X-CUBE-DISPLAY.3.0.0
2024-07-30 08:58:35,871 [WARN] PackLoader:240 - Cannot read IP mode file for STMicroelectronics.X-CUBE-BLE1.7.0.0
2024-07-30 08:58:35,896 [WARN] PackLoader:240 - Cannot read IP mode file for emotas.I-CUBE-CANOPEN.1.3.0
2024-07-30 08:58:35,939 [WARN] PackLoader:240 - Cannot read IP mode file for STMicroelectronics.X-CUBE-BLEMGR.3.1.0
2024-07-30 08:58:35,958 [WARN] PackLoader:240 - Cannot read IP mode file for STMicroelectronics.FP-SNS-SMARTAG2.1.2.0
2024-07-30 08:58:35,989 [INFO] LogOutputStream:77 - [STDOUT_REDIRECT] 1 : Invalid condition id : UX_CORESTACK_Condition cause : null
2024-07-30 08:58:35,990 [INFO] LogOutputStream:77 - [STDOUT_REDIRECT] 1 : Invalid condition id : UX_CORESTACK_Condition cause : null
2024-07-30 08:58:35,992 [INFO] LogOutputStream:77 - [STDOUT_REDIRECT] 1 : Invalid condition id : UX_CORESTACK_Condition cause : null
2024-07-30 08:58:35,993 [INFO] LogOutputStream:77 - [STDOUT_REDIRECT] 1 : Invalid condition id : UX_CORESTACK_Condition cause : null
2024-07-30 08:58:35,995 [INFO] LogOutputStream:77 - [STDOUT_REDIRECT] 1 : Invalid condition id : UX_CORESTACK_Condition cause : null
2024-07-30 08:58:36,009 [WARN] PackLoader:240 - Cannot read IP mode file for STMicroelectronics.X-CUBE-AZRTOS-WL.2.0.0
2024-07-30 08:58:36,025 [WARN] PackLoader:240 - Cannot read IP mode file for STMicroelectronics.FP-SNS-MOTENV1.5.0.0
2024-07-30 08:58:36,045 [WARN] PackLoader:240 - Cannot read IP mode file for wolfSSL.I-CUBE-wolfMQTT.1.19.0
2024-07-30 08:58:36,071 [WARN] PackLoader:240 - Cannot read IP mode file for WES.I-CUBE-Cesium.1.3.0
2024-07-30 08:58:36,088 [WARN] PackLoader:240 - Cannot read IP mode file for STMicroelectronics.X-CUBE-BLE2.3.3.0
2024-07-30 08:58:36,117 [WARN] PackLoader:240 - Cannot read IP mode file for STMicroelectronics.X-CUBE-TCPP.4.1.0
2024-07-30 08:58:36,177 [WARN] PackLoader:240 - Cannot read IP mode file for STMicroelectronics.X-CUBE-AZRTOS-G0.1.1.0
2024-07-30 08:58:36,203 [WARN] PackLoader:240 - Cannot read IP mode file for STMicroelectronics.X-CUBE-SAFEA1.1.2.2
2024-07-30 08:58:36,232 [WARN] PackLoader:240 - Cannot read IP mode file for STMicroelectronics.X-CUBE-NFC4.3.0.0
2024-07-30 08:58:36,247 [WARN] PackLoader:240 - Cannot read IP mode file for wolfSSL.I-CUBE-wolfMQTT.1.18.0
2024-07-30 08:58:36,290 [WARN] PackLoader:240 - Cannot read IP mode file for EmbeddedOffice.I-CUBE-FS-RTOS.1.0.1
2024-07-30 08:58:36,290 [ERROR] ConditionMgr:805 - Attr not supported : Dmpu
2024-07-30 08:58:36,290 [ERROR] ConditionMgr:805 - Attr not supported : Dmpu
2024-07-30 08:58:36,291 [ERROR] ConditionMgr:805 - Attr not supported : Dmpu
2024-07-30 08:58:36,291 [ERROR] ConditionMgr:805 - Attr not supported : Dmpu
2024-07-30 08:58:36,291 [ERROR] ConditionMgr:805 - Attr not supported : Dmpu
2024-07-30 08:58:36,291 [ERROR] ConditionMgr:805 - Attr not supported : Dmpu
2024-07-30 08:58:36,291 [ERROR] ConditionMgr:805 - Attr not supported : Dmpu
2024-07-30 08:58:36,292 [ERROR] ConditionMgr:805 - Attr not supported : Dmpu
2024-07-30 08:58:36,292 [ERROR] ConditionMgr:805 - Attr not supported : Dmpu
2024-07-30 08:58:36,292 [ERROR] ConditionMgr:805 - Attr not supported : Dmpu
2024-07-30 08:58:36,292 [ERROR] ConditionMgr:805 - Attr not supported : Dmpu
2024-07-30 08:58:36,292 [ERROR] ConditionMgr:805 - Attr not supported : Dmpu
2024-07-30 08:58:36,292 [ERROR] ConditionMgr:805 - Attr not supported : Dmpu
2024-07-30 08:58:36,292 [ERROR] ConditionMgr:805 - Attr not supported : Dmpu
2024-07-30 08:58:36,292 [ERROR] ConditionMgr:805 - Attr not supported : Dmpu
2024-07-30 08:58:36,292 [ERROR] ConditionMgr:805 - Attr not supported : Dmpu
2024-07-30 08:58:36,292 [ERROR] ConditionMgr:805 - Attr not supported : Dmpu
2024-07-30 08:58:36,293 [ERROR] ConditionMgr:805 - Attr not supported : Dmpu
2024-07-30 08:58:36,293 [ERROR] ConditionMgr:805 - Attr not supported : Dmpu
2024-07-30 08:58:36,293 [ERROR] ConditionMgr:805 - Attr not supported : Dmpu
2024-07-30 08:58:36,294 [ERROR] ConditionMgr:805 - Attr not supported : Dmpu
2024-07-30 08:58:36,294 [ERROR] ConditionMgr:805 - Attr not supported : Dmpu
2024-07-30 08:58:36,294 [ERROR] ConditionMgr:805 - Attr not supported : Dmpu
2024-07-30 08:58:36,294 [ERROR] ConditionMgr:805 - Attr not supported : Dmpu
2024-07-30 08:58:36,294 [ERROR] ConditionMgr:805 - Attr not supported : Dmpu
2024-07-30 08:58:36,294 [ERROR] ConditionMgr:805 - Attr not supported : Dmpu
2024-07-30 08:58:36,295 [ERROR] ConditionMgr:805 - Attr not supported : Dmpu
2024-07-30 08:58:36,295 [ERROR] ConditionMgr:805 - Attr not supported : Dmpu
2024-07-30 08:58:36,295 [ERROR] ConditionMgr:805 - Attr not supported : Dmpu
2024-07-30 08:58:36,296 [ERROR] ConditionMgr:805 - Attr not supported : Dmpu
2024-07-30 08:58:36,296 [ERROR] ConditionMgr:805 - Attr not supported : Dmpu
2024-07-30 08:58:36,296 [ERROR] ConditionMgr:805 - Attr not supported : Dmpu
2024-07-30 08:58:36,296 [ERROR] ConditionMgr:805 - Attr not supported : Dmpu
2024-07-30 08:58:36,296 [ERROR] ConditionMgr:805 - Attr not supported : Dmpu
2024-07-30 08:58:36,297 [ERROR] ConditionMgr:805 - Attr not supported : Dmpu
2024-07-30 08:58:36,297 [ERROR] ConditionMgr:805 - Attr not supported : Dmpu
2024-07-30 08:58:36,297 [ERROR] ConditionMgr:805 - Attr not supported : Dmpu
2024-07-30 08:58:36,298 [ERROR] ConditionMgr:805 - Attr not supported : Dmpu
2024-07-30 08:58:36,303 [ERROR] ConditionMgr:805 - Attr not supported : Dmpu
2024-07-30 08:58:36,315 [ERROR] ConditionMgr:805 - Attr not supported : Dmpu
2024-07-30 08:58:36,315 [ERROR] ConditionMgr:805 - Attr not supported : Dmpu
2024-07-30 08:58:36,315 [ERROR] ConditionMgr:805 - Attr not supported : Dmpu
2024-07-30 08:58:36,315 [ERROR] ConditionMgr:805 - Attr not supported : Dmpu
2024-07-30 08:58:36,316 [ERROR] ConditionMgr:805 - Attr not supported : Dmpu
2024-07-30 08:58:36,316 [ERROR] ConditionMgr:805 - Attr not supported : Dmpu
2024-07-30 08:58:36,316 [ERROR] ConditionMgr:805 - Attr not supported : Dmpu
2024-07-30 08:58:36,316 [ERROR] ConditionMgr:805 - Attr not supported : Dmpu
2024-07-30 08:58:36,316 [ERROR] ConditionMgr:805 - Attr not supported : Dmpu
2024-07-30 08:58:36,316 [ERROR] ConditionMgr:805 - Attr not supported : Dmpu
2024-07-30 08:58:36,316 [ERROR] ConditionMgr:805 - Attr not supported : Dmpu
2024-07-30 08:58:36,316 [ERROR] ConditionMgr:805 - Attr not supported : Dmpu
2024-07-30 08:58:36,316 [ERROR] ConditionMgr:805 - Attr not supported : Dmpu
2024-07-30 08:58:36,316 [ERROR] ConditionMgr:805 - Attr not supported : Dmpu
2024-07-30 08:58:36,316 [ERROR] ConditionMgr:805 - Attr not supported : Dmpu
2024-07-30 08:58:36,316 [ERROR] ConditionMgr:805 - Attr not supported : Dmpu
2024-07-30 08:58:36,316 [ERROR] ConditionMgr:805 - Attr not supported : Dmpu
2024-07-30 08:58:36,317 [ERROR] ConditionMgr:805 - Attr not supported : Dmpu
2024-07-30 08:58:36,317 [ERROR] ConditionMgr:805 - Attr not supported : Dmpu
2024-07-30 08:58:36,317 [ERROR] ConditionMgr:805 - Attr not supported : Dmpu
2024-07-30 08:58:36,317 [ERROR] ConditionMgr:805 - Attr not supported : Dmpu
2024-07-30 08:58:36,317 [ERROR] ConditionMgr:805 - Attr not supported : Dmpu
2024-07-30 08:58:36,317 [ERROR] ConditionMgr:805 - Attr not supported : Dmpu
2024-07-30 08:58:36,317 [ERROR] ConditionMgr:805 - Attr not supported : Dmpu
2024-07-30 08:58:36,317 [ERROR] ConditionMgr:805 - Attr not supported : Dmpu
2024-07-30 08:58:36,375 [WARN] PackLoader:240 - Cannot read IP mode file for RealThread.X-CUBE-RT-Thread_Nano.4.1.1
2024-07-30 08:58:36,392 [WARN] PackLoader:240 - Cannot read IP mode file for wolfSSL.I-CUBE-wolfSSL.5.7.0
2024-07-30 08:58:36,406 [WARN] PackLoader:240 - Cannot read IP mode file for STMicroelectronics.FP-ATR-SIGFOX1.3.2.0
2024-07-30 08:58:36,422 [WARN] PackLoader:240 - Cannot read IP mode file for STMicroelectronics.X-CUBE-EEPRMA1.5.1.0
2024-07-30 08:58:36,486 [WARN] PackLoader:240 - Cannot read IP mode file for ITTIA_DB.I-CUBE-ITTIADB.8.9.0
2024-07-30 08:58:36,530 [WARN] PackLoader:240 - Cannot read IP mode file for SEGGER.I-CUBE-embOS.1.3.1
2024-07-30 08:58:36,601 [WARN] PackLoader:240 - Cannot read IP mode file for STMicroelectronics.X-CUBE-ALGOBUILD.1.4.0
2024-07-30 08:58:36,627 [WARN] PackLoader:240 - Cannot read IP mode file for STMicroelectronics.X-CUBE-GNSS1.6.0.0
2024-07-30 08:58:36,669 [WARN] PackLoader:240 - Cannot read IP mode file for STMicroelectronics.X-CUBE-AZRTOS-F4.1.1.0
2024-07-30 08:58:36,691 [WARN] PackLoader:240 - Cannot read IP mode file for STMicroelectronics.X-CUBE-FREERTOS.1.2.0
2024-07-30 08:58:36,764 [WARN] PackLoader:240 - Cannot read IP mode file for STMicroelectronics.X-CUBE-AZRTOS-L5.2.0.0
2024-07-30 08:58:36,808 [WARN] PackLoader:240 - Cannot read IP mode file for STMicroelectronics.X-CUBE-NFC6.3.1.0
2024-07-30 08:58:36,842 [WARN] PackLoader:240 - Cannot read IP mode file for STMicroelectronics.X-CUBE-DPower.1.2.0
2024-07-30 08:58:36,882 [WARN] PackLoader:240 - Cannot read IP mode file for STMicroelectronics.X-CUBE-AI.9.0.0
2024-07-30 08:58:36,949 [WARN] PackLoader:240 - Cannot read IP mode file for STMicroelectronics.X-CUBE-NFC7.1.0.1
2024-07-30 08:58:36,970 [WARN] PackLoader:240 - Cannot read IP mode file for wolfSSL.I-CUBE-wolfTPM.3.2.0
2024-07-30 08:58:37,023 [WARN] ConditionMgr:438 - getConditionDescription Invalid condition id : LAN8742 Phy interface Condition cause : null
2024-07-30 08:58:37,024 [WARN] PackLoader:240 - Cannot read IP mode file for STMicroelectronics.X-CUBE-AZRTOS-L4.2.0.0
2024-07-30 08:58:37,026 [WARN] ConditionMgr:1039 - genDependencies : Invalid condition id : LAN8742 Phy interface Condition cause : null
2024-07-30 08:58:37,026 [WARN] ConditionMgr:1039 - genDependencies : Invalid condition id : LAN8742 Phy interface Condition cause : null
2024-07-30 08:58:37,027 [WARN] ConditionMgr:1039 - genDependencies : Invalid condition id : LAN8742 Phy interface Condition cause : null
2024-07-30 08:58:37,047 [WARN] PackLoader:240 - Cannot read IP mode file for STMicroelectronics.X-CUBE-SFXS2LP1.4.0.0
2024-07-30 08:58:37,085 [WARN] ConditionMgr:438 - getConditionDescription Invalid condition id : UX DEVICE CLASS RTOS Condition cause : null
2024-07-30 08:58:37,085 [WARN] ConditionMgr:438 - getConditionDescription Invalid condition id : UX DEVICE CLASS RTOS Condition cause : null
2024-07-30 08:58:37,088 [WARN] PackLoader:240 - Cannot read IP mode file for STMicroelectronics.X-CUBE-AZRTOS-WB.2.0.0
2024-07-30 08:58:37,088 [WARN] ConditionMgr:1039 - genDependencies : Invalid condition id : UX DEVICE CLASS RTOS Condition cause : null
2024-07-30 08:58:37,088 [WARN] ConditionMgr:1039 - genDependencies : Invalid condition id : UX DEVICE CLASS RTOS Condition cause : null
2024-07-30 08:58:37,089 [WARN] ConditionMgr:1039 - genDependencies : Invalid condition id : UX DEVICE CLASS RTOS Condition cause : null
2024-07-30 08:58:37,089 [WARN] ConditionMgr:1039 - genDependencies : Invalid condition id : UX DEVICE CLASS RTOS Condition cause : null
2024-07-30 08:58:37,089 [WARN] ConditionMgr:1039 - genDependencies : Invalid condition id : UX DEVICE CLASS RTOS Condition cause : null
2024-07-30 08:58:37,109 [WARN] PackLoader:240 - Cannot read IP mode file for STMicroelectronics.FP-SNS-STBOX1.2.0.0
2024-07-30 08:58:37,137 [WARN] PackLoader:240 - Cannot read IP mode file for STMicroelectronics.X-CUBE-SUBG2.5.0.0
2024-07-30 08:58:37,174 [WARN] PackLoader:240 - Cannot read IP mode file for STMicroelectronics.X-CUBE-AZRTOS-G4.2.0.0
2024-07-30 08:58:37,191 [WARN] PackLoader:240 - Cannot read IP mode file for STMicroelectronics.X-CUBE-ISPU.2.0.0
2024-07-30 08:58:37,207 [WARN] PackLoader:240 - Cannot read IP mode file for STMicroelectronics.X-CUBE-ALS.1.0.2
2024-07-30 08:58:37,267 [WARN] PackLoader:240 - Cannot read IP mode file for STMicroelectronics.X-CUBE-MEMS1.10.0.0
2024-07-30 08:58:37,426 [WARN] PackLoader:240 - Cannot read IP mode file for STMicroelectronics.X-CUBE-TOUCHGFX.4.24.0
2024-07-30 08:58:37,453 [WARN] PackLoader:240 - Cannot read IP mode file for portGmbH.I-Cube-SoM-uGOAL.1.1.0
2024-07-30 08:58:37,475 [WARN] PackLoader:240 - Cannot read IP mode file for STMicroelectronics.X-CUBE-ALS.1.0.1
2024-07-30 08:58:37,516 [WARN] PackLoader:240 - Cannot read IP mode file for STMicroelectronics.X-CUBE-AZRTOS-H7RS.1.0.0
2024-07-30 08:58:37,534 [WARN] PackLoader:240 - Cannot read IP mode file for STMicroelectronics.FP-ATR-ASTRA1.2.0.0
2024-07-30 08:58:37,564 [WARN] PackLoader:240 - Cannot read IP mode file for STMicroelectronics.X-CUBE-TOF1.3.4.2
2024-07-30 08:58:37,597 [WARN] PackLoader:240 - Cannot read IP mode file for STMicroelectronics.X-CUBE-TOF1.3.4.1
2024-07-30 08:58:37,642 [WARN] PackLoader:240 - Cannot read IP mode file for STMicroelectronics.X-CUBE-AZRTOS-H7.3.2.0
2024-07-30 08:58:37,747 [WARN] PackLoader:240 - Cannot read IP mode file for Infineon.AIROC-Wi-Fi-Bluetooth-STM32.1.6.0
2024-07-30 08:58:37,838 [WARN] PackLoader:240 - Cannot read IP mode file for wolfSSL.I-CUBE-wolfSSH.1.4.17
2024-07-30 08:58:37,838 [INFO] ThirdParty:978 - Integrity check success = true
2024-07-30 08:58:37,838 [INFO] IntegrityCheckThread:100 - exiting critical section [integrity check]
2024-07-30 08:58:37,838 [INFO] IntegrityCheckThread:103 - End integrity checks thread
2024-07-30 08:58:42,190 [INFO] WebApp:161 - Instantiating new browser for Auth
2024-07-30 08:58:43,314 [INFO] WebApp:779 - Register for checkConnection events
2024-07-30 08:58:43,314 [INFO] WebApp:414 - Apply proxy settings
2024-07-30 08:58:43,314 [INFO] WebApp:499 - Chromium requires no authentication
2024-07-30 08:58:43,326 [INFO] WebApp:442 - Direct internet connection detected
2024-07-30 08:58:43,572 [INFO] WebApp:192 - Starting web application
2024-07-30 08:58:43,572 [INFO] WebApp:544 - Web application path used C:\ST\STM32CubeIDE_1.15.1\STM32CubeIDE\plugins\com.st.stm32cube.common.mx_6.11.1.202404110753\db\plugins\mcufinder\reactClient1\index.html
2024-07-30 09:25:40,004 [INFO] McuFinderGlobals:63 - Set McuFinder mode to 2 (CubeIDE integrated)
2024-07-30 09:25:40,038 [INFO] MainUpdater:2873 - connection check result : 10
2024-07-30 09:25:40,046 [INFO] MainUpdater:2873 - connection check result : 10
2024-07-30 09:25:40,279 [INFO] MicroXplorer:468 - Change Database Path : 
2024-07-30 09:25:40,279 [INFO] MicroXplorer:498 - Change Database Version : DB.6.0.111
2024-07-30 09:25:40,286 [WARN] ThirdParty:871 - waiting for thirdparty lock release [close project]
2024-07-30 09:25:40,286 [INFO] ThirdParty:873 - entering critical section [close project]
2024-07-30 09:25:40,288 [INFO] ThirdParty:883 - exiting critical section [close project]
2024-07-30 09:25:40,290 [INFO] PinOutPanel:1561 - setPackage(No Configuration,No Configuration)
2024-07-30 09:25:40,295 [INFO] UtilMem:75 - Begin LoadConfig() Used Memory: 646197304 Bytes (1073741824)
2024-07-30 09:25:40,296 [INFO] MicroXplorer:468 - Change Database Path : 
2024-07-30 09:25:40,296 [INFO] MicroXplorer:498 - Change Database Version : DB.6.0.111
2024-07-30 09:25:40,296 [INFO] OpenFileManager:312 - Change cursor
2024-07-30 09:25:40,342 [INFO] Mcu:2021 - Initializing MCU STM32L053C(6-8)Tx STM32L053C8Tx STM32L053C8T6
2024-07-30 09:25:42,208 [INFO] Context:663 - Trying to add GPIOservice into a context  which must be forbidden
2024-07-30 09:25:43,464 [INFO] RtosManager:555 - Registered RTOS mode: class=CMSIS, group=RTOS, mode=CMSIS_V1, owner=FREERTOS
2024-07-30 09:25:43,464 [INFO] RtosManager:555 - Registered RTOS mode: class=CMSIS, group=RTOS2, mode=CMSIS_V2, owner=FREERTOS
2024-07-30 09:25:43,465 [INFO] RtosManager:555 - Registered RTOS mode: class=RTOS, group=Core, mode=CMSIS_V1, owner=FREERTOS
2024-07-30 09:25:43,465 [INFO] RtosManager:555 - Registered RTOS mode: class=RTOS, group=Core, mode=CMSIS_V2, owner=FREERTOS
2024-07-30 09:25:43,467 [WARN] ModelIntegratedComponent:184 - Missing modes for component STMicroelectronics:FreeRTOS:0.0.1:STMicroelectronics:RTOS:FreeRTOS:Core:::10.2.0:
2024-07-30 09:25:43,491 [WARN] ModelIntegratedComponent:63 - No mode defined for component null
2024-07-30 09:25:43,491 [WARN] ModelIntegratedComponent:63 - No mode defined for component null
2024-07-30 09:25:43,491 [WARN] ModelIntegratedComponent:63 - No mode defined for component null
2024-07-30 09:25:43,491 [WARN] ModelIntegratedComponent:63 - No mode defined for component null
2024-07-30 09:25:43,491 [WARN] ModelIntegratedComponent:63 - No mode defined for component null
2024-07-30 09:25:43,491 [WARN] ModelIntegratedComponent:63 - No mode defined for component null
2024-07-30 09:25:43,491 [WARN] ModelIntegratedComponent:63 - No mode defined for component null
2024-07-30 09:25:43,491 [WARN] ModelIntegratedComponent:63 - No mode defined for component null
2024-07-30 09:25:43,491 [WARN] ModelIntegratedComponent:63 - No mode defined for component null
2024-07-30 09:25:43,491 [WARN] ModelIntegratedComponent:63 - No mode defined for component null
2024-07-30 09:25:43,491 [WARN] ModelIntegratedComponent:63 - No mode defined for component null
2024-07-30 09:25:43,491 [WARN] ModelIntegratedComponent:63 - No mode defined for component null
2024-07-30 09:25:43,491 [WARN] ModelIntegratedComponent:63 - No mode defined for component null
2024-07-30 09:25:43,491 [WARN] ModelIntegratedComponent:63 - No mode defined for component null
2024-07-30 09:25:43,491 [WARN] ModelIntegratedComponent:63 - No mode defined for component null
2024-07-30 09:25:43,492 [WARN] ModelIntegratedComponent:63 - No mode defined for component null
2024-07-30 09:25:43,492 [WARN] ModelIntegratedComponent:63 - No mode defined for component null
2024-07-30 09:25:43,492 [WARN] ModelIntegratedComponent:63 - No mode defined for component null
2024-07-30 09:25:43,492 [WARN] ModelIntegratedComponent:63 - No mode defined for component null
2024-07-30 09:25:43,492 [WARN] ModelIntegratedComponent:63 - No mode defined for component null
2024-07-30 09:25:43,492 [WARN] ModelIntegratedComponent:63 - No mode defined for component null
2024-07-30 09:25:43,492 [WARN] ModelIntegratedComponent:63 - No mode defined for component null
2024-07-30 09:25:43,492 [WARN] ModelIntegratedComponent:63 - No mode defined for component null
2024-07-30 09:25:43,492 [WARN] ModelIntegratedComponent:63 - No mode defined for component null
2024-07-30 09:25:43,493 [WARN] ModelIntegratedComponent:63 - No mode defined for component null
2024-07-30 09:25:43,493 [WARN] ModelIntegratedComponent:63 - No mode defined for component null
2024-07-30 09:25:43,493 [WARN] ModelIntegratedComponent:63 - No mode defined for component null
2024-07-30 09:25:43,493 [WARN] ModelIntegratedComponent:63 - No mode defined for component null
2024-07-30 09:25:43,493 [WARN] ModelIntegratedComponent:63 - No mode defined for component null
2024-07-30 09:25:43,493 [WARN] ModelIntegratedComponent:63 - No mode defined for component null
2024-07-30 09:25:43,493 [WARN] ModelIntegratedComponent:63 - No mode defined for component null
2024-07-30 09:25:43,493 [WARN] ModelIntegratedComponent:63 - No mode defined for component null
2024-07-30 09:25:43,493 [WARN] ModelIntegratedComponent:63 - No mode defined for component null
2024-07-30 09:25:43,493 [WARN] ModelIntegratedComponent:63 - No mode defined for component null
2024-07-30 09:25:43,675 [INFO] ThirdPartyModel:298 - Start build external matchings
2024-07-30 09:25:44,282 [INFO] ThirdPartyModel:316 - End build external matchings
2024-07-30 09:25:44,304 [INFO] ImportTextPane:194 - (OptionalMessage_ERROR) IP (RCC) : Parameter (48USBFreq_Value) has invalid value (32000000)
2024-07-30 09:25:44,304 [INFO] ImportTextPane:194 - (OptionalMessage_ERROR) IP (RCC) : Invalid parameter (FamilyName)
2024-07-30 09:25:44,307 [INFO] ImportTextPane:194 - (OptionalMessage_ERROR) IP (RCC) : Parameter (RTCHSEDivFreq_Value) has invalid value (12500000)
2024-07-30 09:25:44,307 [INFO] ImportTextPane:194 - (OptionalMessage_ERROR) IP (RCC) : Invalid parameter (TIMFreq_Value)
2024-07-30 09:25:44,784 [INFO] ApiDb:581 - Connected to CubeFinder SQLite database (C:\Users\Matheus Markies\.stmcufinder\plugins\mcufinder\mcu\cube-finder-db.db)
2024-07-30 09:25:45,040 [INFO] ApiDb:668 - CubeFinder database Data Model version=2.1
2024-07-30 09:25:45,040 [INFO] ApiDb:669 - CubeFinder database Configuration version=3.0.39
2024-07-30 09:25:45,042 [INFO] ApiDb:670 - CubeFinder database generation date=2024-06-20 (1718880634)
2024-07-30 09:25:45,042 [INFO] ApiDb:671 - CubeFinder database FW Pack versions=[FP-ATR-ASTRA1_V2.0.0, FP-SNS-FLIGHT1_V5.0.2, FP-SNS-MOTENV1_V5.0.0, FP-SNS-MOTENVWB1_V1.4.0, FP-SNS-SMARTAG2_V1.2.0, STM32Cube_FW_C0_V1.2.0, STM32Cube_FW_F4_V1.28.0, STM32Cube_FW_F7_V1.17.2, STM32Cube_FW_G0_V1.6.2, STM32Cube_FW_G4_V1.6.0, STM32Cube_FW_H5_V1.3.0, STM32Cube_FW_H7RS_V1.1.0, STM32Cube_FW_H7_V1.11.2, STM32Cube_FW_L0_V1.12.2, STM32Cube_FW_L5_V1.5.1, STM32Cube_FW_U0_V1.1.0, STM32Cube_FW_U5_V1.6.0, STM32Cube_FW_WB0_V1.0.0, STM32Cube_FW_WBA_V1.4.0, STM32Cube_FW_WB_V1.20.0, STM32Cube_FW_WL_V1.3.0, X-CUBE-ALGOBUILD_V1.4.0, X-CUBE-ALS_V1.0.2, X-CUBE-AZRTOS-F4_V1.1.0, X-CUBE-AZRTOS-F7_V1.1.0, X-CUBE-AZRTOS-G0_V1.1.0, X-CUBE-AZRTOS-G4_V2.0.0, X-CUBE-AZRTOS-H7RS_V1.0.0, X-CUBE-AZRTOS-H7_V3.2.0, X-CUBE-AZRTOS-L4_V2.0.0, X-CUBE-AZRTOS-L5_V1.1.0, X-CUBE-AZRTOS-WB_V2.0.0, X-CUBE-AZRTOS-WL_V2.0.0, X-CUBE-BLE1_V7.0.0, X-CUBE-BLE2_V3.3.0, X-CUBE-BLEMGR_V3.1.0, X-CUBE-EEPRMA1_V5.1.0, X-CUBE-FREERTOS_V1.2.0, X-CUBE-GNSS1_V6.0.0, X-CUBE-MEMS1_V10.0.0, X-CUBE-NFC4_V3.0.0, X-CUBE-NFC7_V1.0.1, X-CUBE-SFXS2LP1_V4.0.0, X-CUBE-SUBG2_V5.0.0, X-CUBE-TOF1_V3.4.1]
2024-07-30 09:25:45,371 [INFO] DbBoardsSqlite:226 - include board P-NUCLEO-WB55-NUCLEO as a kit item of type 'Nucleo-64'
2024-07-30 09:25:45,372 [INFO] DbBoardsSqlite:226 - include board P-NUCLEO-WB55-USBDONGLE as a kit item of type 'Nucleo USB Dongle'
2024-07-30 09:25:45,374 [INFO] DbBoardsSqlite:226 - include board STEVAL-IDP005V1 as a kit item of type 'Evaluation Board'
2024-07-30 09:25:45,375 [INFO] DbBoardsSqlite:226 - include board STEVAL-IDP005V2 as a kit item of type 'Evaluation Board'
2024-07-30 09:25:47,245 [INFO] ApiDb:240 - Found 483 in-development CPN: [B-G473E-ZEST1S, B-WB1M-WPAN1, B-WL5M-SUBG1, NUCLEO-C031C6, NUCLEO-H503RB, NUCLEO-H533RE, NUCLEO-H563ZI, NUCLEO-H7S3L8, NUCLEO-U031R8, NUCLEO-U083RC, NUCLEO-U545RE-Q, NUCLEO-U5A5ZJ-Q, NUCLEO-WBA52CG, NUCLEO-WBA55CG, STEVAL-PROTEUS1, STEVAL-SMARTAG2, STEVAL-STWINBX1, STM320518-EVAL, STM32C0116-DK, STM32C011D6Y3TR, STM32C011D6Y6TR, STM32C011F4P3, STM32C011F4P6, STM32C011F4U3, STM32C011F4U6TR, STM32C011F6P3, STM32C011F6P6, STM32C011F6U3, STM32C011F6U6TR, STM32C011J4M3, STM32C011J4M6, STM32C011J6M3, STM32C011J6M6, STM32C0316-DK, STM32C031C4T3, STM32C031C4T6, STM32C031C4U3, STM32C031C4U6, STM32C031C6T3, STM32C031C6T6, STM32C031C6U3, STM32C031C6U6, STM32C031F4P3, STM32C031F4P6, STM32C031F6P3, STM32C031F6P6, STM32C031G4U3, STM32C031G4U6, STM32C031G6U3, STM32C031G6U6, STM32C031K4T3, STM32C031K4T6, STM32C031K4U3, STM32C031K4U6, STM32C031K6T3, STM32C031K6T6, STM32C031K6U3, STM32C031K6U6, STM32G071K8TXN, STM32G071K8UXN, STM32G081GBU6N, STM32G081KBT6N, STM32G081KBUXN, STM32G0B1CCT6N, STM32G0B1KCT6, STM32G0B1NEY6TR, STM32G0B1RCT6N, STM32G0C1CCT6, STM32G0C1CCT6N, STM32G0C1CCU6N, STM32G0C1CET6N, STM32G0C1CEU6N, STM32G0C1KCT6, STM32G0C1NEY6TR, STM32G0C1RCI6N, STM32G0C1RCT6N, STM32G0C1REI6N, STM32G0C1RET6N, STM32G0C1VCI6, STM32G0C1VEI6, STM32G471CCT6, STM32G471CCU6, STM32G471CET3, STM32G471CET6, STM32G471CEU3, STM32G471CEU6, STM32G471MCT6, STM32G471MET3, STM32G471MET6, STM32G471MEY6TR, STM32G471QCT6, STM32G471QET3, STM32G471RCT6, STM32G471RET3, STM32G471RET6, STM32G471VCH6, STM32G471VCI6, STM32G471VCT6, STM32G471VEH3, STM32G471VEH6, STM32G471VEI3, STM32G471VEI6, STM32G471VET3, STM32G471VET6, STM32G474CCT6, STM32H503CBT6, STM32H503CBU6, STM32H503EBY6TR, STM32H503KBU6, STM32H503RBT6, STM32H523CCT6, STM32H523CCU6, STM32H523CET6, STM32H523CEU6, STM32H523HEY6TR, STM32H523RCT6, STM32H523RET6, STM32H523VCI6, STM32H523VCT6, STM32H523VEI6, STM32H523VET6, STM32H523ZCJ6, STM32H523ZCT6, STM32H523ZEJ6, STM32H523ZET6, STM32H533CET6, STM32H533CEU6, STM32H533HEY6TR, STM32H533RET6, STM32H533VEI6, STM32H533VET6, STM32H533ZEJ6, STM32H533ZET6, STM32H562AGI6, STM32H562AII6, STM32H562IGK6, STM32H562IGT6, STM32H562IIK6, STM32H562IIT6, STM32H562RGT6, STM32H562RGV6, STM32H562RIT6, STM32H562RIV6, STM32H562VGT6, STM32H562VIT6, STM32H562ZGT6, STM32H562ZIT6, STM32H563AGI6, STM32H563AII3Q, STM32H563AII6, STM32H563IGK6, STM32H563IGT6, STM32H563IIK3Q, STM32H563IIK6, STM32H563IIT3Q, STM32H563IIT6, STM32H563MIY3QTR, STM32H563RGT6, STM32H563RGV6, STM32H563RIT6, STM32H563RIV6, STM32H563VGT6, STM32H563VIT3Q, STM32H563VIT6, STM32H563ZGT6, STM32H563ZIT3Q, STM32H563ZIT6, STM32H573AII3Q, STM32H573AII6, STM32H573I-DK, STM32H573IIK3Q, STM32H573IIK6, STM32H573IIT3Q, STM32H573IIT6, STM32H573MIY3QTR, STM32H573RIT6, STM32H573RIV6, STM32H573VIT3Q, STM32H573VIT6, STM32H573ZIT3Q, STM32H573ZIT6, STM32H7R3A8I6, STM32H7R3I8K6, STM32H7R3I8T6, STM32H7R3L8H6, STM32H7R3L8H6H, STM32H7R3R8V6, STM32H7R3V8H6, STM32H7R3V8T6, STM32H7R3V8Y6, STM32H7R3Z8J6, STM32H7R3Z8T6, STM32H7R7A8I6, STM32H7R7I8K6, STM32H7R7I8T6, STM32H7R7L8H6, STM32H7R7L8H6H, STM32H7R7Z8J6, STM32H7S3A8I6, STM32H7S3I8K6, STM32H7S3I8T6, STM32H7S3L8H6, STM32H7S3L8H6H, STM32H7S3R8V6, STM32H7S3V8H6, STM32H7S3V8T6, STM32H7S3V8Y6, STM32H7S3Z8J6, STM32H7S3Z8T6, STM32H7S78-DK, STM32H7S7A8I6, STM32H7S7I8K6, STM32H7S7I8T6, STM32H7S7L8H6, STM32H7S7L8H6H, STM32H7S7Z8J6, STM32L4R5QGI6STR, STM32MP131AAE3, STM32MP131AAF3, STM32MP131AAG3, STM32MP131CAE3, STM32MP131CAF3, STM32MP131CAG3, STM32MP131DAE7, STM32MP131DAF7, STM32MP131DAG7, STM32MP131FAE7, STM32MP131FAF7, STM32MP131FAG7, STM32MP133AAE3, STM32MP133AAF3, STM32MP133AAG3, STM32MP133CAE3, STM32MP133CAF3, STM32MP133CAG3, STM32MP133DAE7, STM32MP133DAF7, STM32MP133DAG7, STM32MP133FAE7, STM32MP133FAF7, STM32MP133FAG7, STM32MP135AAE3, STM32MP135AAF3, STM32MP135AAG3, STM32MP135CAE3, STM32MP135CAF3, STM32MP135CAG3, STM32MP135DAE7, STM32MP135DAF7, STM32MP135DAG7, STM32MP135F-DK, STM32MP135FAE7, STM32MP135FAF7, STM32MP135FAF7T, STM32MP135FAF7U, STM32MP135FAG7, STM32U031C6T6, STM32U031C6U6, STM32U031C8T6, STM32U031C8U6, STM32U031F4P6, STM32U031F6P6, STM32U031F8P6, STM32U031G6Y6TR, STM32U031G8Y6TR, STM32U031K4U6, STM32U031K6U6, STM32U031K8U6, STM32U031R6I6, STM32U031R6T6, STM32U031R8I6, STM32U031R8T6, STM32U073C8T6, STM32U073C8U6, STM32U073CBT6, STM32U073CBU6, STM32U073CCT6, STM32U073CCU6, STM32U073H8Y6TR, STM32U073HBY6TR, STM32U073HCY6TR, STM32U073K8U6, STM32U073KBU6, STM32U073KCU6, STM32U073M8I6, STM32U073M8T6, STM32U073MBI6, STM32U073MBT6, STM32U073MCI6, STM32U073MCT6, STM32U073R8I6, STM32U073R8T6, STM32U073RBI6, STM32U073RBT6, STM32U073RCI6, STM32U073RCT6, STM32U083C-DK, STM32U083CCT6, STM32U083CCU6, STM32U083HCY6TR, STM32U083KCU6, STM32U083MCI6, STM32U083MCT6, STM32U083RCI6, STM32U083RCT6, STM32U535CBT6, STM32U535CBT6Q, STM32U535CBU6, STM32U535CBU6Q, STM32U535CCT6, STM32U535CCT6Q, STM32U535CCU6, STM32U535CCU6Q, STM32U535CET6, STM32U535CET6Q, STM32U535CEU6, STM32U535CEU6Q, STM32U535JEY6QTR, STM32U535NCY6QTR, STM32U535NEY6QTR, STM32U535RBI6, STM32U535RBI6Q, STM32U535RBT6, STM32U535RBT6Q, STM32U535RCI6, STM32U535RCI6Q, STM32U535RCT6, STM32U535RCT6Q, STM32U535REI6, STM32U535REI6Q, STM32U535RET6, STM32U535RET6Q, STM32U535VCI6, STM32U535VCI6Q, STM32U535VCT6, STM32U535VCT6Q, STM32U535VEI6, STM32U535VEI6Q, STM32U535VET6, STM32U535VET6Q, STM32U545CET6, STM32U545CET6Q, STM32U545CEU6, STM32U545CEU6Q, STM32U545JEY6QTR, STM32U545NEY6QTR, STM32U545REI6, STM32U545REI6Q, STM32U545RET6, STM32U545RET6Q, STM32U545VEI6, STM32U545VEI6Q, STM32U545VET6, STM32U545VET6Q, STM32U595AIH6, STM32U595AIH6Q, STM32U595AJH6, STM32U595AJH6Q, STM32U595QII6, STM32U595QII6Q, STM32U595QJI6, STM32U595QJI6Q, STM32U595RIT6, STM32U595RIT6Q, STM32U595RJT6, STM32U595RJT6Q, STM32U595VIT6, STM32U595VIT6Q, STM32U595VJT6, STM32U595VJT6Q, STM32U595ZIT6, STM32U595ZIT6Q, STM32U595ZIY6QTR, STM32U595ZJT6, STM32U595ZJT6Q, STM32U595ZJY6QTR, STM32U599BJY6QTR, STM32U599NIH6Q, STM32U599NJH6Q, STM32U599VIT6Q, STM32U599VJT6, STM32U599VJT6Q, STM32U599ZIT6Q, STM32U599ZIY6QTR, STM32U599ZJT6Q, STM32U599ZJY6QTR, STM32U5A5AJH6, STM32U5A5AJH6Q, STM32U5A5QII3Q , STM32U5A5QJI6, STM32U5A5QJI6Q, STM32U5A5RJT6, STM32U5A5RJT6Q, STM32U5A5VJT6, STM32U5A5VJT6Q, STM32U5A5ZJT6, STM32U5A5ZJT6Q, STM32U5A5ZJY6QTR, STM32U5A9BJY6QTR, STM32U5A9J-DK, STM32U5A9NJH6Q, STM32U5A9VJT6Q, STM32U5A9ZJT6Q, STM32U5A9ZJY6QTR, STM32U5F7VIT6, STM32U5F7VIT6Q, STM32U5F7VJT6, STM32U5F7VJT6Q, STM32U5F9BJY6QTR, STM32U5F9NJH6Q, STM32U5F9VIT6Q, STM32U5F9VJT6Q, STM32U5F9ZIJ6QTR, STM32U5F9ZIT6Q, STM32U5F9ZJJ6QTR, STM32U5F9ZJT6Q, STM32U5G7VJT6, STM32U5G7VJT6Q, STM32U5G9BJY6QTR, STM32U5G9J-DK1, STM32U5G9J-DK2, STM32U5G9NJH6Q, STM32U5G9VJT6Q, STM32U5G9ZJJ6QTR, STM32U5G9ZJT6Q, STM32WB1MMCH6, STM32WBA50KEU6, STM32WBA50KEU6TR, STM32WBA50KGU6, STM32WBA50KGU6TR, STM32WBA52CEU6, STM32WBA52CEU6TR, STM32WBA52CEU7, STM32WBA52CEU7TR, STM32WBA52CGU6, STM32WBA52CGU6TR, STM32WBA52CGU6U, STM32WBA52CGU7, STM32WBA52CGU7TR, STM32WBA52KEU6, STM32WBA52KEU6TR, STM32WBA52KGU6, STM32WBA52KGU6TR, STM32WBA54CEU6, STM32WBA54CEU6TR, STM32WBA54CEU7, STM32WBA54CEU7TR, STM32WBA54CGU6, STM32WBA54CGU6TR, STM32WBA54CGU7, STM32WBA54CGU7TR, STM32WBA54KEU6, STM32WBA54KEU6TR, STM32WBA54KEU7, STM32WBA54KEU7TR, STM32WBA54KGU6, STM32WBA54KGU6TR, STM32WBA54KGU7, STM32WBA54KGU7TR, STM32WBA55CEU6, STM32WBA55CEU6TR, STM32WBA55CEU7, STM32WBA55CEU7TR, STM32WBA55CGU6, STM32WBA55CGU6TR, STM32WBA55CGU6U, STM32WBA55CGU7, STM32WBA55CGU7TR, STM32WBA55G-DK1, STM32WBA55HEF6, STM32WBA55HEF7, STM32WBA55HGF6, STM32WBA55HGF7, STM32WBA55UEI6, STM32WBA55UEI6TR, STM32WBA55UEI7, STM32WBA55UEI7TR, STM32WBA55UGI6, STM32WBA55UGI6TR, STM32WBA55UGI7, STM32WBA55UGI7TR, STM32WL5MOCH6, STM32WL5MOCH6TR]
2024-07-30 09:25:47,249 [INFO] ApiDb:668 - CubeFinder database Data Model version=2.1
2024-07-30 09:25:47,249 [INFO] ApiDb:669 - CubeFinder database Configuration version=3.0.39
2024-07-30 09:25:47,250 [INFO] ApiDb:670 - CubeFinder database generation date=2024-06-20 (1718880634)
2024-07-30 09:25:47,250 [INFO] ApiDb:671 - CubeFinder database FW Pack versions=[FP-ATR-ASTRA1_V2.0.0, FP-SNS-FLIGHT1_V5.0.2, FP-SNS-MOTENV1_V5.0.0, FP-SNS-MOTENVWB1_V1.4.0, FP-SNS-SMARTAG2_V1.2.0, STM32Cube_FW_C0_V1.2.0, STM32Cube_FW_F4_V1.28.0, STM32Cube_FW_F7_V1.17.2, STM32Cube_FW_G0_V1.6.2, STM32Cube_FW_G4_V1.6.0, STM32Cube_FW_H5_V1.3.0, STM32Cube_FW_H7RS_V1.1.0, STM32Cube_FW_H7_V1.11.2, STM32Cube_FW_L0_V1.12.2, STM32Cube_FW_L5_V1.5.1, STM32Cube_FW_U0_V1.1.0, STM32Cube_FW_U5_V1.6.0, STM32Cube_FW_WB0_V1.0.0, STM32Cube_FW_WBA_V1.4.0, STM32Cube_FW_WB_V1.20.0, STM32Cube_FW_WL_V1.3.0, X-CUBE-ALGOBUILD_V1.4.0, X-CUBE-ALS_V1.0.2, X-CUBE-AZRTOS-F4_V1.1.0, X-CUBE-AZRTOS-F7_V1.1.0, X-CUBE-AZRTOS-G0_V1.1.0, X-CUBE-AZRTOS-G4_V2.0.0, X-CUBE-AZRTOS-H7RS_V1.0.0, X-CUBE-AZRTOS-H7_V3.2.0, X-CUBE-AZRTOS-L4_V2.0.0, X-CUBE-AZRTOS-L5_V1.1.0, X-CUBE-AZRTOS-WB_V2.0.0, X-CUBE-AZRTOS-WL_V2.0.0, X-CUBE-BLE1_V7.0.0, X-CUBE-BLE2_V3.3.0, X-CUBE-BLEMGR_V3.1.0, X-CUBE-EEPRMA1_V5.1.0, X-CUBE-FREERTOS_V1.2.0, X-CUBE-GNSS1_V6.0.0, X-CUBE-MEMS1_V10.0.0, X-CUBE-NFC4_V3.0.0, X-CUBE-NFC7_V1.0.1, X-CUBE-SFXS2LP1_V4.0.0, X-CUBE-SUBG2_V5.0.0, X-CUBE-TOF1_V3.4.1]
2024-07-30 09:25:49,720 [INFO] ApiDb:240 - Found 483 in-development CPN: [B-G473E-ZEST1S, B-WB1M-WPAN1, B-WL5M-SUBG1, NUCLEO-C031C6, NUCLEO-H503RB, NUCLEO-H533RE, NUCLEO-H563ZI, NUCLEO-H7S3L8, NUCLEO-U031R8, NUCLEO-U083RC, NUCLEO-U545RE-Q, NUCLEO-U5A5ZJ-Q, NUCLEO-WBA52CG, NUCLEO-WBA55CG, STEVAL-PROTEUS1, STEVAL-SMARTAG2, STEVAL-STWINBX1, STM320518-EVAL, STM32C0116-DK, STM32C011D6Y3TR, STM32C011D6Y6TR, STM32C011F4P3, STM32C011F4P6, STM32C011F4U3, STM32C011F4U6TR, STM32C011F6P3, STM32C011F6P6, STM32C011F6U3, STM32C011F6U6TR, STM32C011J4M3, STM32C011J4M6, STM32C011J6M3, STM32C011J6M6, STM32C0316-DK, STM32C031C4T3, STM32C031C4T6, STM32C031C4U3, STM32C031C4U6, STM32C031C6T3, STM32C031C6T6, STM32C031C6U3, STM32C031C6U6, STM32C031F4P3, STM32C031F4P6, STM32C031F6P3, STM32C031F6P6, STM32C031G4U3, STM32C031G4U6, STM32C031G6U3, STM32C031G6U6, STM32C031K4T3, STM32C031K4T6, STM32C031K4U3, STM32C031K4U6, STM32C031K6T3, STM32C031K6T6, STM32C031K6U3, STM32C031K6U6, STM32G071K8TXN, STM32G071K8UXN, STM32G081GBU6N, STM32G081KBT6N, STM32G081KBUXN, STM32G0B1CCT6N, STM32G0B1KCT6, STM32G0B1NEY6TR, STM32G0B1RCT6N, STM32G0C1CCT6, STM32G0C1CCT6N, STM32G0C1CCU6N, STM32G0C1CET6N, STM32G0C1CEU6N, STM32G0C1KCT6, STM32G0C1NEY6TR, STM32G0C1RCI6N, STM32G0C1RCT6N, STM32G0C1REI6N, STM32G0C1RET6N, STM32G0C1VCI6, STM32G0C1VEI6, STM32G471CCT6, STM32G471CCU6, STM32G471CET3, STM32G471CET6, STM32G471CEU3, STM32G471CEU6, STM32G471MCT6, STM32G471MET3, STM32G471MET6, STM32G471MEY6TR, STM32G471QCT6, STM32G471QET3, STM32G471RCT6, STM32G471RET3, STM32G471RET6, STM32G471VCH6, STM32G471VCI6, STM32G471VCT6, STM32G471VEH3, STM32G471VEH6, STM32G471VEI3, STM32G471VEI6, STM32G471VET3, STM32G471VET6, STM32G474CCT6, STM32H503CBT6, STM32H503CBU6, STM32H503EBY6TR, STM32H503KBU6, STM32H503RBT6, STM32H523CCT6, STM32H523CCU6, STM32H523CET6, STM32H523CEU6, STM32H523HEY6TR, STM32H523RCT6, STM32H523RET6, STM32H523VCI6, STM32H523VCT6, STM32H523VEI6, STM32H523VET6, STM32H523ZCJ6, STM32H523ZCT6, STM32H523ZEJ6, STM32H523ZET6, STM32H533CET6, STM32H533CEU6, STM32H533HEY6TR, STM32H533RET6, STM32H533VEI6, STM32H533VET6, STM32H533ZEJ6, STM32H533ZET6, STM32H562AGI6, STM32H562AII6, STM32H562IGK6, STM32H562IGT6, STM32H562IIK6, STM32H562IIT6, STM32H562RGT6, STM32H562RGV6, STM32H562RIT6, STM32H562RIV6, STM32H562VGT6, STM32H562VIT6, STM32H562ZGT6, STM32H562ZIT6, STM32H563AGI6, STM32H563AII3Q, STM32H563AII6, STM32H563IGK6, STM32H563IGT6, STM32H563IIK3Q, STM32H563IIK6, STM32H563IIT3Q, STM32H563IIT6, STM32H563MIY3QTR, STM32H563RGT6, STM32H563RGV6, STM32H563RIT6, STM32H563RIV6, STM32H563VGT6, STM32H563VIT3Q, STM32H563VIT6, STM32H563ZGT6, STM32H563ZIT3Q, STM32H563ZIT6, STM32H573AII3Q, STM32H573AII6, STM32H573I-DK, STM32H573IIK3Q, STM32H573IIK6, STM32H573IIT3Q, STM32H573IIT6, STM32H573MIY3QTR, STM32H573RIT6, STM32H573RIV6, STM32H573VIT3Q, STM32H573VIT6, STM32H573ZIT3Q, STM32H573ZIT6, STM32H7R3A8I6, STM32H7R3I8K6, STM32H7R3I8T6, STM32H7R3L8H6, STM32H7R3L8H6H, STM32H7R3R8V6, STM32H7R3V8H6, STM32H7R3V8T6, STM32H7R3V8Y6, STM32H7R3Z8J6, STM32H7R3Z8T6, STM32H7R7A8I6, STM32H7R7I8K6, STM32H7R7I8T6, STM32H7R7L8H6, STM32H7R7L8H6H, STM32H7R7Z8J6, STM32H7S3A8I6, STM32H7S3I8K6, STM32H7S3I8T6, STM32H7S3L8H6, STM32H7S3L8H6H, STM32H7S3R8V6, STM32H7S3V8H6, STM32H7S3V8T6, STM32H7S3V8Y6, STM32H7S3Z8J6, STM32H7S3Z8T6, STM32H7S78-DK, STM32H7S7A8I6, STM32H7S7I8K6, STM32H7S7I8T6, STM32H7S7L8H6, STM32H7S7L8H6H, STM32H7S7Z8J6, STM32L4R5QGI6STR, STM32MP131AAE3, STM32MP131AAF3, STM32MP131AAG3, STM32MP131CAE3, STM32MP131CAF3, STM32MP131CAG3, STM32MP131DAE7, STM32MP131DAF7, STM32MP131DAG7, STM32MP131FAE7, STM32MP131FAF7, STM32MP131FAG7, STM32MP133AAE3, STM32MP133AAF3, STM32MP133AAG3, STM32MP133CAE3, STM32MP133CAF3, STM32MP133CAG3, STM32MP133DAE7, STM32MP133DAF7, STM32MP133DAG7, STM32MP133FAE7, STM32MP133FAF7, STM32MP133FAG7, STM32MP135AAE3, STM32MP135AAF3, STM32MP135AAG3, STM32MP135CAE3, STM32MP135CAF3, STM32MP135CAG3, STM32MP135DAE7, STM32MP135DAF7, STM32MP135DAG7, STM32MP135F-DK, STM32MP135FAE7, STM32MP135FAF7, STM32MP135FAF7T, STM32MP135FAF7U, STM32MP135FAG7, STM32U031C6T6, STM32U031C6U6, STM32U031C8T6, STM32U031C8U6, STM32U031F4P6, STM32U031F6P6, STM32U031F8P6, STM32U031G6Y6TR, STM32U031G8Y6TR, STM32U031K4U6, STM32U031K6U6, STM32U031K8U6, STM32U031R6I6, STM32U031R6T6, STM32U031R8I6, STM32U031R8T6, STM32U073C8T6, STM32U073C8U6, STM32U073CBT6, STM32U073CBU6, STM32U073CCT6, STM32U073CCU6, STM32U073H8Y6TR, STM32U073HBY6TR, STM32U073HCY6TR, STM32U073K8U6, STM32U073KBU6, STM32U073KCU6, STM32U073M8I6, STM32U073M8T6, STM32U073MBI6, STM32U073MBT6, STM32U073MCI6, STM32U073MCT6, STM32U073R8I6, STM32U073R8T6, STM32U073RBI6, STM32U073RBT6, STM32U073RCI6, STM32U073RCT6, STM32U083C-DK, STM32U083CCT6, STM32U083CCU6, STM32U083HCY6TR, STM32U083KCU6, STM32U083MCI6, STM32U083MCT6, STM32U083RCI6, STM32U083RCT6, STM32U535CBT6, STM32U535CBT6Q, STM32U535CBU6, STM32U535CBU6Q, STM32U535CCT6, STM32U535CCT6Q, STM32U535CCU6, STM32U535CCU6Q, STM32U535CET6, STM32U535CET6Q, STM32U535CEU6, STM32U535CEU6Q, STM32U535JEY6QTR, STM32U535NCY6QTR, STM32U535NEY6QTR, STM32U535RBI6, STM32U535RBI6Q, STM32U535RBT6, STM32U535RBT6Q, STM32U535RCI6, STM32U535RCI6Q, STM32U535RCT6, STM32U535RCT6Q, STM32U535REI6, STM32U535REI6Q, STM32U535RET6, STM32U535RET6Q, STM32U535VCI6, STM32U535VCI6Q, STM32U535VCT6, STM32U535VCT6Q, STM32U535VEI6, STM32U535VEI6Q, STM32U535VET6, STM32U535VET6Q, STM32U545CET6, STM32U545CET6Q, STM32U545CEU6, STM32U545CEU6Q, STM32U545JEY6QTR, STM32U545NEY6QTR, STM32U545REI6, STM32U545REI6Q, STM32U545RET6, STM32U545RET6Q, STM32U545VEI6, STM32U545VEI6Q, STM32U545VET6, STM32U545VET6Q, STM32U595AIH6, STM32U595AIH6Q, STM32U595AJH6, STM32U595AJH6Q, STM32U595QII6, STM32U595QII6Q, STM32U595QJI6, STM32U595QJI6Q, STM32U595RIT6, STM32U595RIT6Q, STM32U595RJT6, STM32U595RJT6Q, STM32U595VIT6, STM32U595VIT6Q, STM32U595VJT6, STM32U595VJT6Q, STM32U595ZIT6, STM32U595ZIT6Q, STM32U595ZIY6QTR, STM32U595ZJT6, STM32U595ZJT6Q, STM32U595ZJY6QTR, STM32U599BJY6QTR, STM32U599NIH6Q, STM32U599NJH6Q, STM32U599VIT6Q, STM32U599VJT6, STM32U599VJT6Q, STM32U599ZIT6Q, STM32U599ZIY6QTR, STM32U599ZJT6Q, STM32U599ZJY6QTR, STM32U5A5AJH6, STM32U5A5AJH6Q, STM32U5A5QII3Q , STM32U5A5QJI6, STM32U5A5QJI6Q, STM32U5A5RJT6, STM32U5A5RJT6Q, STM32U5A5VJT6, STM32U5A5VJT6Q, STM32U5A5ZJT6, STM32U5A5ZJT6Q, STM32U5A5ZJY6QTR, STM32U5A9BJY6QTR, STM32U5A9J-DK, STM32U5A9NJH6Q, STM32U5A9VJT6Q, STM32U5A9ZJT6Q, STM32U5A9ZJY6QTR, STM32U5F7VIT6, STM32U5F7VIT6Q, STM32U5F7VJT6, STM32U5F7VJT6Q, STM32U5F9BJY6QTR, STM32U5F9NJH6Q, STM32U5F9VIT6Q, STM32U5F9VJT6Q, STM32U5F9ZIJ6QTR, STM32U5F9ZIT6Q, STM32U5F9ZJJ6QTR, STM32U5F9ZJT6Q, STM32U5G7VJT6, STM32U5G7VJT6Q, STM32U5G9BJY6QTR, STM32U5G9J-DK1, STM32U5G9J-DK2, STM32U5G9NJH6Q, STM32U5G9VJT6Q, STM32U5G9ZJJ6QTR, STM32U5G9ZJT6Q, STM32WB1MMCH6, STM32WBA50KEU6, STM32WBA50KEU6TR, STM32WBA50KGU6, STM32WBA50KGU6TR, STM32WBA52CEU6, STM32WBA52CEU6TR, STM32WBA52CEU7, STM32WBA52CEU7TR, STM32WBA52CGU6, STM32WBA52CGU6TR, STM32WBA52CGU6U, STM32WBA52CGU7, STM32WBA52CGU7TR, STM32WBA52KEU6, STM32WBA52KEU6TR, STM32WBA52KGU6, STM32WBA52KGU6TR, STM32WBA54CEU6, STM32WBA54CEU6TR, STM32WBA54CEU7, STM32WBA54CEU7TR, STM32WBA54CGU6, STM32WBA54CGU6TR, STM32WBA54CGU7, STM32WBA54CGU7TR, STM32WBA54KEU6, STM32WBA54KEU6TR, STM32WBA54KEU7, STM32WBA54KEU7TR, STM32WBA54KGU6, STM32WBA54KGU6TR, STM32WBA54KGU7, STM32WBA54KGU7TR, STM32WBA55CEU6, STM32WBA55CEU6TR, STM32WBA55CEU7, STM32WBA55CEU7TR, STM32WBA55CGU6, STM32WBA55CGU6TR, STM32WBA55CGU6U, STM32WBA55CGU7, STM32WBA55CGU7TR, STM32WBA55G-DK1, STM32WBA55HEF6, STM32WBA55HEF7, STM32WBA55HGF6, STM32WBA55HGF7, STM32WBA55UEI6, STM32WBA55UEI6TR, STM32WBA55UEI7, STM32WBA55UEI7TR, STM32WBA55UGI6, STM32WBA55UGI6TR, STM32WBA55UGI7, STM32WBA55UGI7TR, STM32WL5MOCH6, STM32WL5MOCH6TR]
2024-07-30 09:25:49,725 [INFO] DbMcus:218 - Found 4203 MCUs, 4203 are supported
2024-07-30 09:25:49,732 [INFO] ApiDb:423 - Load user favorites file C:\Users\Matheus Markies/.stm32cubeide/favorites.mcus.txt: 3 item(s)
2024-07-30 09:25:49,732 [INFO] ApiDb:427 - User favorites MCUs=[STM32F103RBT6, STM32F411RET7, STM32L053C8T6]
2024-07-30 09:25:49,732 [INFO] DbMcus:224 - Set 3 / 3 favorites MCUs
2024-07-30 09:25:50,195 [INFO] BoardInfo:889 - No configuration file found for board P-NUCLEO-WB55
2024-07-30 09:25:50,196 [INFO] DbBoards:161 - Kit is not supported: P-NUCLEO-WB55
2024-07-30 09:25:50,202 [INFO] BoardInfo:889 - No configuration file found for board STEVAL-BFA001V1B
2024-07-30 09:25:50,203 [INFO] DbBoards:161 - Kit is not supported: STEVAL-BFA001V1B
2024-07-30 09:25:50,204 [INFO] BoardInfo:889 - No configuration file found for board STEVAL-BFA001V2B
2024-07-30 09:25:50,204 [INFO] DbBoards:161 - Kit is not supported: STEVAL-BFA001V2B
2024-07-30 09:25:50,377 [INFO] DbBoards:168 - Found 195 boards, 192 are supported
2024-07-30 09:25:50,378 [INFO] DbBoards:169 - Found 195 boards, 8 of them is supported for  Bsp
2024-07-30 09:25:50,381 [INFO] ApiDb:423 - Load user favorites file C:\Users\Matheus Markies/.stm32cubeide/favorites.boards.txt: 0 item(s)
2024-07-30 09:25:50,381 [INFO] ApiDb:427 - User favorites Boards=[]
2024-07-30 09:25:50,381 [INFO] DbBoards:198 - Set 0 / 0 favorites Boards
2024-07-30 09:25:50,422 [INFO] UtilMem:75 - End LoadConfig() Used Memory: 835456056 Bytes (1073741824)
2024-07-30 09:25:50,672 [WARN] ThirdParty:833 - waiting for thirdparty lock release [change project]
2024-07-30 09:25:50,672 [INFO] ThirdParty:835 - entering critical section [change project]
2024-07-30 09:25:50,672 [INFO] ThirdParty:1030 - CMSIS Pack Vendor :STMicroelectronics USBPD 4.1
2024-07-30 09:25:50,672 [INFO] ThirdParty:1030 - CMSIS Pack Vendor :STMicroelectronics X-CUBE-GNSS1 6.0.0
2024-07-30 09:25:50,672 [INFO] ThirdParty:1030 - CMSIS Pack Vendor :STMicroelectronics USB_HOST 2.0.0
2024-07-30 09:25:50,672 [INFO] ThirdParty:1030 - CMSIS Pack Vendor :STMicroelectronics FP-SNS-MOTENVWB1 1.4.0
2024-07-30 09:25:50,672 [INFO] ThirdParty:1030 - CMSIS Pack Vendor :STMicroelectronics X-CUBE-AZRTOS-F4 1.1.0
2024-07-30 09:25:50,672 [INFO] ThirdParty:1030 - CMSIS Pack Vendor :STMicroelectronics LIBJPEG 8.0.0
2024-07-30 09:25:50,673 [INFO] ThirdParty:1030 - CMSIS Pack Vendor :STMicroelectronics X-CUBE-SMBUS 2.1.0
2024-07-30 09:25:50,673 [INFO] ThirdParty:1030 - CMSIS Pack Vendor :STMicroelectronics USB_DEVICE 3.0.0
2024-07-30 09:25:50,673 [INFO] ThirdParty:1030 - CMSIS Pack Vendor :STMicroelectronics X-CUBE-TCPP 4.1.0
2024-07-30 09:25:50,673 [INFO] ThirdParty:1030 - CMSIS Pack Vendor :STMicroelectronics X-CUBE-FREERTOS 1.2.0
2024-07-30 09:25:50,673 [INFO] ThirdParty:1030 - CMSIS Pack Vendor :STMicroelectronics X-CUBE-AZRTOS-WB 2.0.0
2024-07-30 09:25:50,673 [INFO] ThirdParty:1030 - CMSIS Pack Vendor :STMicroelectronics X-CUBE-TOUCHGFX 4.23.2
2024-07-30 09:25:50,673 [INFO] ThirdParty:1030 - CMSIS Pack Vendor :STMicroelectronics X-CUBE-AZRTOS-F7 1.1.0
2024-07-30 09:25:50,673 [INFO] ThirdParty:1030 - CMSIS Pack Vendor :STMicroelectronics X-CUBE-AZRTOS-L5 2.0.0
2024-07-30 09:25:50,673 [INFO] ThirdParty:1030 - CMSIS Pack Vendor :STMicroelectronics USB_DEVICE 2.0.0
2024-07-30 09:25:50,673 [INFO] ThirdParty:1030 - CMSIS Pack Vendor :STMicroelectronics X-CUBE-NFC6 3.1.0
2024-07-30 09:25:50,673 [INFO] ThirdParty:1030 - CMSIS Pack Vendor :STMicroelectronics FP-SNS-STBOX1 2.0.0
2024-07-30 09:25:50,673 [INFO] ThirdParty:1030 - CMSIS Pack Vendor :STMicroelectronics FreeRTOS 0.0.1
2024-07-30 09:25:50,673 [INFO] ThirdParty:1030 - CMSIS Pack Vendor :STMicroelectronics X-CUBE-AZRTOS-G0 1.1.0
2024-07-30 09:25:50,673 [INFO] ThirdParty:1030 - CMSIS Pack Vendor :STMicroelectronics X-CUBE-SAFEA1 1.2.2
2024-07-30 09:25:50,673 [INFO] ThirdParty:1030 - CMSIS Pack Vendor :STMicroelectronics X-CUBE-NFC4 3.0.0
2024-07-30 09:25:50,673 [INFO] ThirdParty:1030 - CMSIS Pack Vendor :STMicroelectronics X-CUBE-DPower 1.2.0
2024-07-30 09:25:50,673 [INFO] ThirdParty:1030 - CMSIS Pack Vendor :STMicroelectronics X-CUBE-SUBG2 5.0.0
2024-07-30 09:25:50,673 [INFO] ThirdParty:1030 - CMSIS Pack Vendor :STMicroelectronics STM32_WPAN 1.0.0
2024-07-30 09:25:50,673 [INFO] ThirdParty:1030 - CMSIS Pack Vendor :wolfSSL I-CUBE-wolfMQTT 1.18.0
2024-07-30 09:25:50,674 [INFO] ThirdParty:1030 - CMSIS Pack Vendor :EmbeddedOffice I-CUBE-FS-RTOS 1.0.1
2024-07-30 09:25:50,674 [INFO] ThirdParty:1030 - CMSIS Pack Vendor :STMicroelectronics lwIP 2.0.3
2024-07-30 09:25:50,674 [INFO] ThirdParty:1030 - CMSIS Pack Vendor :STMicroelectronics FP-SNS-FLIGHT1 5.0.2
2024-07-30 09:25:50,674 [INFO] ThirdParty:1030 - CMSIS Pack Vendor :STMicroelectronics USB_HOST 1.0.0
2024-07-30 09:25:50,674 [INFO] ThirdParty:1030 - CMSIS Pack Vendor :STMicroelectronics X-CUBE-AI 9.0.0
2024-07-30 09:25:50,674 [INFO] ThirdParty:1030 - CMSIS Pack Vendor :STMicroelectronics X-CUBE-AZRTOS-G4 2.0.0
2024-07-30 09:25:50,674 [INFO] ThirdParty:1030 - CMSIS Pack Vendor :STMicroelectronics PDM2PCM 3.1.0
2024-07-30 09:25:50,674 [INFO] ThirdParty:1030 - CMSIS Pack Vendor :STMicroelectronics PDM2PCM 3.3.0
2024-07-30 09:25:50,674 [INFO] ThirdParty:1030 - CMSIS Pack Vendor :STMicroelectronics X-CUBE-DISPLAY 3.0.0
2024-07-30 09:25:50,674 [INFO] ThirdParty:1030 - CMSIS Pack Vendor :RealThread X-CUBE-RT-Thread_Nano 4.1.1
2024-07-30 09:25:50,674 [INFO] ThirdParty:1030 - CMSIS Pack Vendor :wolfSSL I-CUBE-wolfSSL 5.7.0
2024-07-30 09:25:50,674 [INFO] ThirdParty:1030 - CMSIS Pack Vendor :STMicroelectronics X-CUBE-BLE1 7.0.0
2024-07-30 09:25:50,674 [INFO] ThirdParty:1030 - CMSIS Pack Vendor :STMicroelectronics FP-ATR-SIGFOX1 3.2.0
2024-07-30 09:25:50,674 [INFO] ThirdParty:1030 - CMSIS Pack Vendor :STMicroelectronics X-CUBE-ISPU 2.0.0
2024-07-30 09:25:50,674 [INFO] ThirdParty:1030 - CMSIS Pack Vendor :STMicroelectronics X-CUBE-EEPRMA1 5.1.0
2024-07-30 09:25:50,674 [INFO] ThirdParty:1030 - CMSIS Pack Vendor :STMicroelectronics HAL Drivers 0.0.0
2024-07-30 09:25:50,674 [INFO] ThirdParty:1030 - CMSIS Pack Vendor :STMicroelectronics MBEDTLS 2.16.2
2024-07-30 09:25:50,674 [INFO] ThirdParty:1030 - CMSIS Pack Vendor :STMicroelectronics X-CUBE-ALS 1.0.2
2024-07-30 09:25:50,674 [INFO] ThirdParty:1030 - CMSIS Pack Vendor :emotas I-CUBE-CANOPEN 1.3.0
2024-07-30 09:25:50,674 [INFO] ThirdParty:1030 - CMSIS Pack Vendor :STMicroelectronics X-CUBE-MEMS1 10.0.0
2024-07-30 09:25:50,674 [INFO] ThirdParty:1030 - CMSIS Pack Vendor :STMicroelectronics X-CUBE-NFC7 1.0.1
2024-07-30 09:25:50,675 [INFO] ThirdParty:1030 - CMSIS Pack Vendor :STMicroelectronics MBEDTLS 2.14.1
2024-07-30 09:25:50,675 [INFO] ThirdParty:1030 - CMSIS Pack Vendor :STMicroelectronics X-CUBE-TOUCHGFX 4.24.0
2024-07-30 09:25:50,675 [INFO] ThirdParty:1030 - CMSIS Pack Vendor :ITTIA_DB I-CUBE-ITTIADB 8.9.0
2024-07-30 09:25:50,675 [INFO] ThirdParty:1030 - CMSIS Pack Vendor :wolfSSL I-CUBE-wolfTPM 3.2.0
2024-07-30 09:25:50,675 [INFO] ThirdParty:1030 - CMSIS Pack Vendor :portGmbH I-Cube-SoM-uGOAL 1.1.0
2024-07-30 09:25:50,675 [INFO] ThirdParty:1030 - CMSIS Pack Vendor :STMicroelectronics X-CUBE-ALS 1.0.1
2024-07-30 09:25:50,675 [INFO] ThirdParty:1030 - CMSIS Pack Vendor :STMicroelectronics X-CUBE-BLEMGR 3.1.0
2024-07-30 09:25:50,675 [INFO] ThirdParty:1030 - CMSIS Pack Vendor :STMicroelectronics ThreadX 1.0.0
2024-07-30 09:25:50,675 [INFO] ThirdParty:1030 - CMSIS Pack Vendor :STMicroelectronics FP-SNS-SMARTAG2 1.2.0
2024-07-30 09:25:50,675 [INFO] ThirdParty:1030 - CMSIS Pack Vendor :STMicroelectronics X-CUBE-AZRTOS-WL 2.0.0
2024-07-30 09:25:50,675 [INFO] ThirdParty:1030 - CMSIS Pack Vendor :SEGGER I-CUBE-embOS 1.3.1
2024-07-30 09:25:50,675 [INFO] ThirdParty:1030 - CMSIS Pack Vendor :STMicroelectronics X-CUBE-ALGOBUILD 1.4.0
2024-07-30 09:25:50,675 [INFO] ThirdParty:1030 - CMSIS Pack Vendor :STMicroelectronics FP-SNS-MOTENV1 5.0.0
2024-07-30 09:25:50,675 [INFO] ThirdParty:1030 - CMSIS Pack Vendor :STMicroelectronics USB_DEVICE 1.0.0
2024-07-30 09:25:50,675 [INFO] ThirdParty:1030 - CMSIS Pack Vendor :STMicroelectronics X-CUBE-AZRTOS-H7RS 1.0.0
2024-07-30 09:25:50,675 [INFO] ThirdParty:1030 - CMSIS Pack Vendor :wolfSSL I-CUBE-wolfMQTT 1.19.0
2024-07-30 09:25:50,675 [INFO] ThirdParty:1030 - CMSIS Pack Vendor :STMicroelectronics X-CUBE-AZRTOS-L4 2.0.0
2024-07-30 09:25:50,675 [INFO] ThirdParty:1030 - CMSIS Pack Vendor :STMicroelectronics ThreadX 0.0.2
2024-07-30 09:25:50,675 [INFO] ThirdParty:1030 - CMSIS Pack Vendor :WES I-CUBE-Cesium 1.3.0
2024-07-30 09:25:50,676 [INFO] ThirdParty:1030 - CMSIS Pack Vendor :STMicroelectronics FP-ATR-ASTRA1 2.0.0
2024-07-30 09:25:50,676 [INFO] ThirdParty:1030 - CMSIS Pack Vendor :STMicroelectronics lwIP 2.1.2
2024-07-30 09:25:50,676 [INFO] ThirdParty:1030 - CMSIS Pack Vendor :STMicroelectronics X-CUBE-SFXS2LP1 4.0.0
2024-07-30 09:25:50,676 [INFO] ThirdParty:1030 - CMSIS Pack Vendor :STMicroelectronics X-CUBE-BLE2 3.3.0
2024-07-30 09:25:50,676 [INFO] ThirdParty:1030 - CMSIS Pack Vendor :STMicroelectronics X-CUBE-TOF1 3.4.2
2024-07-30 09:25:50,676 [INFO] ThirdParty:1030 - CMSIS Pack Vendor :STMicroelectronics X-CUBE-TOF1 3.4.1
2024-07-30 09:25:50,676 [INFO] ThirdParty:1030 - CMSIS Pack Vendor :STMicroelectronics X-CUBE-AZRTOS-H7 3.2.0
2024-07-30 09:25:50,676 [INFO] ThirdParty:1030 - CMSIS Pack Vendor :Infineon AIROC-Wi-Fi-Bluetooth-STM32 1.6.0
2024-07-30 09:25:50,676 [INFO] ThirdParty:1030 - CMSIS Pack Vendor :STMicroelectronics PDM2PCM 3.2.0
2024-07-30 09:25:50,676 [INFO] ThirdParty:1030 - CMSIS Pack Vendor :wolfSSL I-CUBE-wolfSSH 1.4.17
2024-07-30 09:25:50,676 [INFO] ThirdParty:841 - exiting critical section [change project]
2024-07-30 09:25:51,102 [INFO] PinOutPanel:1561 - setPackage(No Configuration,No Configuration)
2024-07-30 09:25:51,104 [INFO] PinOutPanel:1561 - setPackage(STM32L053C8Tx,LQFP48)
2024-07-30 09:25:52,218 [INFO] UtilMem:75 - Before build in PCC Used Memory: 657335744 Bytes (1073741824)
2024-07-30 09:25:53,340 [INFO] UserBatteryFile:101 - Battery_LiPo 3500.0 0.0 3.7 0.0 0.0
2024-07-30 09:25:53,633 [INFO] UtilMem:75 - After build in PCC Used Memory: 766013248 Bytes (1073741824)
2024-07-30 09:25:53,672 [INFO] IPUIPlugin:80 - create IPUIPlugin
2024-07-30 09:25:53,673 [INFO] IPUIPlugin:80 - create IPUIPlugin
2024-07-30 09:25:53,673 [INFO] IPUIPlugin:80 - create IPUIPlugin
2024-07-30 09:25:53,673 [INFO] IPUIPlugin:80 - create IPUIPlugin
2024-07-30 09:25:53,673 [INFO] IPUIPlugin:80 - create IPUIPlugin
2024-07-30 09:25:53,673 [INFO] IPUIPlugin:80 - create IPUIPlugin
2024-07-30 09:25:53,673 [INFO] IPUIPlugin:80 - create IPUIPlugin
2024-07-30 09:25:53,673 [INFO] IPUIPlugin:80 - create IPUIPlugin
2024-07-30 09:25:53,674 [INFO] IPUIPlugin:80 - create IPUIPlugin
2024-07-30 09:25:53,674 [INFO] IPUIPlugin:80 - create IPUIPlugin
2024-07-30 09:25:53,674 [INFO] IPUIPlugin:80 - create IPUIPlugin
2024-07-30 09:25:53,674 [INFO] IPUIPlugin:80 - create IPUIPlugin
2024-07-30 09:25:53,674 [INFO] IPUIPlugin:80 - create IPUIPlugin
2024-07-30 09:25:53,675 [INFO] IPUIPlugin:80 - create IPUIPlugin
2024-07-30 09:25:53,675 [INFO] IPUIPlugin:80 - create IPUIPlugin
2024-07-30 09:25:53,675 [INFO] IPUIPlugin:80 - create IPUIPlugin
2024-07-30 09:25:53,675 [INFO] IPUIPlugin:80 - create IPUIPlugin
2024-07-30 09:25:53,675 [INFO] IPUIPlugin:80 - create IPUIPlugin
2024-07-30 09:25:53,676 [INFO] IPUIPlugin:80 - create IPUIPlugin
2024-07-30 09:25:53,676 [INFO] IPUIPlugin:80 - create IPUIPlugin
2024-07-30 09:25:53,676 [INFO] IPUIPlugin:80 - create IPUIPlugin
2024-07-30 09:25:53,676 [INFO] IPUIPlugin:80 - create IPUIPlugin
2024-07-30 09:25:53,676 [INFO] IPUIPlugin:80 - create IPUIPlugin
2024-07-30 09:25:53,676 [INFO] IPUIPlugin:80 - create IPUIPlugin
2024-07-30 09:25:53,679 [INFO] IPUIPlugin:80 - create IPUIPlugin
2024-07-30 09:25:53,680 [INFO] IPUIPlugin:80 - create IPUIPlugin
2024-07-30 09:25:53,680 [INFO] IPUIPlugin:80 - create IPUIPlugin
2024-07-30 09:25:53,680 [INFO] IPUIPlugin:80 - create IPUIPlugin
2024-07-30 09:25:53,680 [INFO] IPUIPlugin:80 - create IPUIPlugin
2024-07-30 09:25:53,681 [INFO] IPUIPlugin:80 - create IPUIPlugin
2024-07-30 09:25:53,681 [INFO] IPUIPlugin:80 - create IPUIPlugin
2024-07-30 09:25:53,681 [INFO] IPUIPlugin:80 - create IPUIPlugin
2024-07-30 09:25:53,681 [INFO] IPUIPlugin:80 - create IPUIPlugin
2024-07-30 09:25:53,685 [INFO] IPUIPlugin:80 - create IPUIPlugin
2024-07-30 09:25:54,022 [INFO] CADModel:165 - CPN selected for project levelSTM32L053C8T6
2024-07-30 09:25:54,022 [INFO] CADModel:114 - Register for checkConnection events
2024-07-30 09:25:54,077 [INFO] OpenFileManager:343 - Restore cursor
2024-07-30 09:26:01,211 [INFO] NvicIntPanel:101 - NVIC parent = com.st.microxplorer.plugins.ip.nvic.MultiNvicIntPanel[,0,0,518x274,layout=javax.swing.BoxLayout,alignmentX=0.0,alignmentY=0.0,border=,flags=9,maximumSize=,minimumSize=,preferredSize=]
2024-07-30 09:59:59,092 [ERROR] LogOutputStream:75 - [STDERR_REDIRECT] 
2024-07-30 09:59:59,099 [ERROR] LogOutputStream:75 - [STDERR_REDIRECT] 
2024-07-30 10:00:20,205 [INFO] Activator:176 - 


2024-07-30 10:00:20,207 [INFO] Activator:177 - !SESSION log4j initialized
2024-07-30 10:00:29,488 [INFO] LogOutputStream:77 - [STDOUT_REDIRECT] 
2024-07-30 10:00:31,812 [INFO] ApplicationProperties:184 - Using Application install path: C:\ST\STM32CubeIDE_1.15.1\STM32CubeIDE\plugins\com.st.stm32cube.common.mx_6.11.1.202404110753
2024-07-30 10:00:31,830 [INFO] DbMcusXml:78 - Set database path to: C:\ST\STM32CubeIDE_1.15.1\STM32CubeIDE\plugins\com.st.stm32cube.common.mx_6.11.1.202404110753\\db\/mcu/
2024-07-30 10:00:31,831 [INFO] ApiDb:274 - Set plugin database path to: C:\ST\STM32CubeIDE_1.15.1\STM32CubeIDE\plugins\com.st.stm32cube.common.mx_6.11.1.202404110753\\db\/plugins/boardmanager/
2024-07-30 10:00:31,831 [WARN] ApiDb:259 - Overriding images path with different value:  => C:\ST\STM32CubeIDE_1.15.1\STM32CubeIDE\plugins\com.st.stm32cube.common.mx_6.11.1.202404110753\\db\/plugins/mcufinder/images/
2024-07-30 10:00:31,838 [INFO] ApiDb:250 - Set database path to: C:\Users\Matheus Markies\.stmcufinder\plugins\mcufinder//mcu/
2024-07-30 10:00:31,839 [INFO] DbMcusAds:125 - Set database path to: C:\Users\Matheus Markies\.stmcufinder\plugins\mcufinder//mcu/
2024-07-30 10:00:31,841 [INFO] CrossReferenceDbSqlite:203 - Set database path to: C:\Users\Matheus Markies\.stmcufinder\plugins\mcufinder//mcu/cs/
2024-07-30 10:00:31,952 [INFO] RulesReader:64 - Compatibility file has been processed (297 Rules)
2024-07-30 10:00:32,042 [INFO] DbMcusXml:78 - Set database path to: C:\ST\STM32CubeIDE_1.15.1\STM32CubeIDE\plugins\com.st.stm32cube.common.mx_6.11.1.202404110753\\db\/mcu/
2024-07-30 10:00:32,042 [INFO] ApiDb:274 - Set plugin database path to: C:\ST\STM32CubeIDE_1.15.1\STM32CubeIDE\plugins\com.st.stm32cube.common.mx_6.11.1.202404110753\\db\/plugins/boardmanager/
2024-07-30 10:00:32,042 [INFO] ApiDb:261 - Set plugin images path to: C:\ST\STM32CubeIDE_1.15.1\STM32CubeIDE\plugins\com.st.stm32cube.common.mx_6.11.1.202404110753\\db\/plugins/mcufinder/images/
2024-07-30 10:00:32,043 [WARN] DbFile:41 - Overriding database path with different value: C:\Users\Matheus Markies\.stmcufinder\plugins\mcufinder/ => C:\Users\Matheus Markies\.stmcufinder\plugins\mcufinder
2024-07-30 10:00:32,043 [INFO] ApiDb:250 - Set database path to: C:\Users\Matheus Markies\.stmcufinder\plugins\mcufinder//mcu/
2024-07-30 10:00:32,043 [WARN] DbFile:41 - Overriding database path with different value: C:\Users\Matheus Markies\.stmcufinder\plugins\mcufinder/ => C:\Users\Matheus Markies\.stmcufinder\plugins\mcufinder
2024-07-30 10:00:32,043 [INFO] DbMcusAds:125 - Set database path to: C:\Users\Matheus Markies\.stmcufinder\plugins\mcufinder//mcu/
2024-07-30 10:00:32,043 [WARN] DbFile:41 - Overriding database path with different value: C:\Users\Matheus Markies\.stmcufinder\plugins\mcufinder/ => C:\Users\Matheus Markies\.stmcufinder\plugins\mcufinder
2024-07-30 10:00:32,043 [WARN] DbFile:41 - Overriding database path with different value: C:\Users\Matheus Markies\.stmcufinder\plugins\mcufinder/ => C:\Users\Matheus Markies\.stmcufinder\plugins\mcufinder
2024-07-30 10:00:32,043 [INFO] CrossReferenceDbSqlite:203 - Set database path to: C:\Users\Matheus Markies\.stmcufinder\plugins\mcufinder//mcu/cs/
2024-07-30 10:00:32,125 [INFO] MainPanel:264 - HeapMemory: 268435456
2024-07-30 10:00:32,206 [INFO] DbMcusXml:78 - Set database path to: C:\ST\STM32CubeIDE_1.15.1\STM32CubeIDE\plugins\com.st.stm32cube.common.mx_6.11.1.202404110753\\db\/mcu/
2024-07-30 10:00:32,206 [INFO] ApiDb:274 - Set plugin database path to: C:\ST\STM32CubeIDE_1.15.1\STM32CubeIDE\plugins\com.st.stm32cube.common.mx_6.11.1.202404110753\\db\/plugins/boardmanager/
2024-07-30 10:00:32,206 [INFO] ApiDb:261 - Set plugin images path to: C:\ST\STM32CubeIDE_1.15.1\STM32CubeIDE\plugins\com.st.stm32cube.common.mx_6.11.1.202404110753\\db\/plugins/mcufinder/images/
2024-07-30 10:00:32,206 [WARN] DbFile:41 - Overriding database path with different value: C:\Users\Matheus Markies\.stmcufinder\plugins\mcufinder/ => C:\Users\Matheus Markies\.stmcufinder\plugins\mcufinder
2024-07-30 10:00:32,206 [INFO] ApiDb:250 - Set database path to: C:\Users\Matheus Markies\.stmcufinder\plugins\mcufinder//mcu/
2024-07-30 10:00:32,207 [WARN] DbFile:41 - Overriding database path with different value: C:\Users\Matheus Markies\.stmcufinder\plugins\mcufinder/ => C:\Users\Matheus Markies\.stmcufinder\plugins\mcufinder
2024-07-30 10:00:32,207 [INFO] DbMcusAds:125 - Set database path to: C:\Users\Matheus Markies\.stmcufinder\plugins\mcufinder//mcu/
2024-07-30 10:00:32,207 [WARN] DbFile:41 - Overriding database path with different value: C:\Users\Matheus Markies\.stmcufinder\plugins\mcufinder/ => C:\Users\Matheus Markies\.stmcufinder\plugins\mcufinder
2024-07-30 10:00:32,207 [WARN] DbFile:41 - Overriding database path with different value: C:\Users\Matheus Markies\.stmcufinder\plugins\mcufinder/ => C:\Users\Matheus Markies\.stmcufinder\plugins\mcufinder
2024-07-30 10:00:32,207 [INFO] CrossReferenceDbSqlite:203 - Set database path to: C:\Users\Matheus Markies\.stmcufinder\plugins\mcufinder//mcu/cs/
2024-07-30 10:00:32,228 [INFO] ApplicationProperties:184 - Using Application install path: C:\ST\STM32CubeIDE_1.15.1\STM32CubeIDE\plugins\com.st.stm32cube.common.mx_6.11.1.202404110753
2024-07-30 10:00:32,229 [INFO] PluginManage:196 - Search for loadable plugins [exclusion list=, ]
2024-07-30 10:00:32,231 [INFO] PluginManage:310 - Check plugin analytics
2024-07-30 10:00:32,439 [INFO] AnalyticsPlugin:253 - Accepted Software Licenses: 
2024-07-30 10:00:32,439 [INFO] AnalyticsPlugin:255 - Accepted CMSIS Pack Licenses: 
2024-07-30 10:00:32,439 [INFO] AnalyticsPlugin:257 - Accepted Firmware Licenses: FW.F4.1.28.0
2024-07-30 10:00:32,441 [INFO] PluginManage:359 - Loaded plugin analytics (category:tool,tabindex:-1)
2024-07-30 10:00:32,442 [INFO] PluginManage:310 - Check plugin cadmodel
2024-07-30 10:00:32,449 [INFO] CADModel:105 - Init CAD model plugin
2024-07-30 10:00:32,450 [INFO] PluginManage:359 - Loaded plugin cadmodel (category:power,tabindex:5)
2024-07-30 10:00:32,450 [INFO] PluginManage:310 - Check plugin clock
2024-07-30 10:00:32,460 [INFO] PluginManage:359 - Loaded plugin clock (category:base,tabindex:2)
2024-07-30 10:00:32,460 [INFO] PluginManage:310 - Check plugin ddr
2024-07-30 10:00:32,463 [INFO] PluginManage:359 - Loaded plugin ddr (category:tool,tabindex:6)
2024-07-30 10:00:32,463 [INFO] PluginManage:310 - Check plugin filemanager
2024-07-30 10:00:32,614 [INFO] PluginManage:359 - Loaded plugin filemanager (category:base,tabindex:10)
2024-07-30 10:00:32,614 [INFO] PluginManage:310 - Check plugin ipmanager
2024-07-30 10:00:32,623 [INFO] PluginManage:359 - Loaded plugin ipmanager (category:base,tabindex:5)
2024-07-30 10:00:32,623 [INFO] PluginManage:310 - Check plugin lpbam
2024-07-30 10:00:32,633 [INFO] PluginManage:359 - Loaded plugin lpbam (category:base,tabindex:0)
2024-07-30 10:00:32,633 [INFO] PluginManage:310 - Check plugin memorymap
2024-07-30 10:00:32,648 [INFO] PluginManage:359 - Loaded plugin memorymap (category:base,tabindex:4)
2024-07-30 10:00:32,649 [INFO] PluginManage:310 - Check plugin pinoutandconfiguration
2024-07-30 10:00:32,656 [INFO] PluginManage:359 - Loaded plugin pinoutandconfiguration (category:base,tabindex:1)
2024-07-30 10:00:32,656 [INFO] PluginManage:310 - Check plugin pinoutconfig
2024-07-30 10:00:32,744 [WARN] SupportedApi:132 - Cannot load RTOS API schema: s4s-elt-must-match.1: The content of 'definitions' must match (annotation?, (simpleType | complexType)?, (unique | key | keyref)*)). A problem was found starting at: attribute.
2024-07-30 10:00:32,902 [INFO] PluginManage:359 - Loaded plugin pinoutconfig (category:base,tabindex:0)
2024-07-30 10:00:32,903 [INFO] PluginManage:310 - Check plugin power
2024-07-30 10:00:32,912 [INFO] PluginManage:359 - Loaded plugin power (category:power,tabindex:4)
2024-07-30 10:00:32,912 [INFO] PluginManage:310 - Check plugin projectmanager
2024-07-30 10:00:32,935 [INFO] PluginManage:359 - Loaded plugin projectmanager (category:projectmanager,tabindex:3)
2024-07-30 10:00:32,935 [INFO] PluginManage:310 - Check plugin thirdparty
2024-07-30 10:00:33,099 [INFO] PluginManage:359 - Loaded plugin thirdparty (category:base,tabindex:-1)
2024-07-30 10:00:33,099 [INFO] PluginManage:310 - Check plugin tools
2024-07-30 10:00:33,102 [INFO] PluginManage:359 - Loaded plugin tools (category:base,tabindex:7)
2024-07-30 10:00:33,103 [INFO] PluginManage:310 - Check plugin tutovideos
2024-07-30 10:00:33,140 [WARN] IntegrityCheckThread:84 - waiting for thirdparty lock release [integrity check]
2024-07-30 10:00:33,172 [INFO] IntegrityCheckThread:86 - entering critical section [integrity check]
2024-07-30 10:00:33,172 [INFO] ThirdPartyUpdaterWithRetryManager:70 - Updater plugin not ready yet. [1/15]
2024-07-30 10:00:33,356 [INFO] PluginManage:359 - Loaded plugin tutovideos (category:base,tabindex:-1)
2024-07-30 10:00:33,357 [INFO] PluginManage:310 - Check plugin updater
2024-07-30 10:00:33,397 [INFO] PluginManage:359 - Loaded plugin updater (category:base,tabindex:12)
2024-07-30 10:00:33,397 [INFO] PluginManage:310 - Check plugin userauth
2024-07-30 10:00:33,411 [INFO] UserAuth:114 - Init User Auth plugin
2024-07-30 10:00:33,411 [INFO] PluginManage:359 - Loaded plugin userauth (category:base,tabindex:14)
2024-07-30 10:00:33,411 [INFO] PluginManage:283 - PluginManage : Loaded plugins [17]
2024-07-30 10:00:33,716 [INFO] PinOutPanel:1561 - setPackage(No Configuration,No Configuration)
2024-07-30 10:00:33,832 [INFO] CADModel:165 - CPN selected for project level
2024-07-30 10:00:33,832 [INFO] CADModel:114 - Register for checkConnection events
2024-07-30 10:00:33,853 [INFO] IPUIPlugin:80 - create IPUIPlugin
2024-07-30 10:00:33,853 [INFO] PluginManager:220 - loadIPPluginJar : add adc
2024-07-30 10:00:33,857 [INFO] IPUIPlugin:80 - create IPUIPlugin
2024-07-30 10:00:33,857 [INFO] PluginManager:220 - loadIPPluginJar : add aes
2024-07-30 10:00:33,861 [INFO] IPUIPlugin:80 - create IPUIPlugin
2024-07-30 10:00:33,861 [INFO] PluginManager:220 - loadIPPluginJar : add can
2024-07-30 10:00:33,864 [INFO] IPUIPlugin:80 - create IPUIPlugin
2024-07-30 10:00:33,864 [INFO] PluginManager:220 - loadIPPluginJar : add comp
2024-07-30 10:00:33,868 [INFO] IPUIPlugin:80 - create IPUIPlugin
2024-07-30 10:00:33,868 [INFO] PluginManager:220 - loadIPPluginJar : add cryp
2024-07-30 10:00:33,871 [INFO] IPUIPlugin:80 - create IPUIPlugin
2024-07-30 10:00:33,872 [INFO] PluginManager:220 - loadIPPluginJar : add dfsdm
2024-07-30 10:00:33,879 [INFO] IPUIPlugin:80 - create IPUIPlugin
2024-07-30 10:00:33,879 [INFO] PluginManager:220 - loadIPPluginJar : add dma
2024-07-30 10:00:33,882 [INFO] IPUIPlugin:80 - create IPUIPlugin
2024-07-30 10:00:33,882 [INFO] PluginManager:220 - loadIPPluginJar : add dma3
2024-07-30 10:00:33,886 [INFO] IPUIPlugin:80 - create IPUIPlugin
2024-07-30 10:00:33,886 [INFO] PluginManager:220 - loadIPPluginJar : add extmemmanager
2024-07-30 10:00:33,887 [INFO] IPUIPlugin:80 - create IPUIPlugin
2024-07-30 10:00:33,887 [INFO] PluginManager:220 - loadIPPluginJar : add fatfs
2024-07-30 10:00:33,891 [INFO] IPUIPlugin:80 - create IPUIPlugin
2024-07-30 10:00:33,892 [INFO] PluginManager:220 - loadIPPluginJar : add fmc
2024-07-30 10:00:33,896 [INFO] IPUIPlugin:80 - create IPUIPlugin
2024-07-30 10:00:33,896 [INFO] PluginManager:220 - loadIPPluginJar : add freertos
2024-07-30 10:00:33,898 [INFO] IPUIPlugin:80 - create IPUIPlugin
2024-07-30 10:00:33,898 [INFO] PluginManager:220 - loadIPPluginJar : add genericplugin
2024-07-30 10:00:33,901 [INFO] IPUIPlugin:80 - create IPUIPlugin
2024-07-30 10:00:33,901 [INFO] PluginManager:220 - loadIPPluginJar : add gfxmmu
2024-07-30 10:00:33,906 [INFO] IPUIPlugin:80 - create IPUIPlugin
2024-07-30 10:00:33,906 [INFO] PluginManager:220 - loadIPPluginJar : add gic
2024-07-30 10:00:33,910 [INFO] IPUIPlugin:80 - create IPUIPlugin
2024-07-30 10:00:33,910 [INFO] PluginManager:220 - loadIPPluginJar : add gpio
2024-07-30 10:00:33,913 [INFO] IPUIPlugin:80 - create IPUIPlugin
2024-07-30 10:00:33,913 [INFO] PluginManager:220 - loadIPPluginJar : add gtzc
2024-07-30 10:00:33,916 [INFO] IPUIPlugin:80 - create IPUIPlugin
2024-07-30 10:00:33,916 [INFO] PluginManager:220 - loadIPPluginJar : add hash
2024-07-30 10:00:33,919 [INFO] IPUIPlugin:80 - create IPUIPlugin
2024-07-30 10:00:33,919 [INFO] PluginManager:220 - loadIPPluginJar : add i2c
2024-07-30 10:00:33,922 [INFO] IPUIPlugin:80 - create IPUIPlugin
2024-07-30 10:00:33,922 [INFO] PluginManager:220 - loadIPPluginJar : add i2s
2024-07-30 10:00:33,925 [INFO] IPUIPlugin:80 - create IPUIPlugin
2024-07-30 10:00:33,925 [INFO] PluginManager:220 - loadIPPluginJar : add i3c
2024-07-30 10:00:33,928 [INFO] IPUIPlugin:80 - create IPUIPlugin
2024-07-30 10:00:33,929 [INFO] PluginManager:220 - loadIPPluginJar : add ipddr
2024-07-30 10:00:33,935 [INFO] IPUIPlugin:80 - create IPUIPlugin
2024-07-30 10:00:33,936 [INFO] PluginManager:220 - loadIPPluginJar : add linkedlist
2024-07-30 10:00:33,939 [INFO] IPUIPlugin:80 - create IPUIPlugin
2024-07-30 10:00:33,939 [INFO] PluginManager:220 - loadIPPluginJar : add lorawan
2024-07-30 10:00:33,941 [INFO] IPUIPlugin:80 - create IPUIPlugin
2024-07-30 10:00:33,941 [INFO] PluginManager:220 - loadIPPluginJar : add ltdc
2024-07-30 10:00:33,947 [INFO] IPUIPlugin:80 - create IPUIPlugin
2024-07-30 10:00:33,948 [INFO] PluginManager:220 - loadIPPluginJar : add mdma
2024-07-30 10:00:33,951 [INFO] IPUIPlugin:80 - create IPUIPlugin
2024-07-30 10:00:33,952 [INFO] PluginManager:220 - loadIPPluginJar : add nvic
2024-07-30 10:00:33,955 [INFO] IPUIPlugin:80 - create IPUIPlugin
2024-07-30 10:00:33,956 [INFO] PluginManager:220 - loadIPPluginJar : add opamp
2024-07-30 10:00:33,959 [INFO] IPUIPlugin:80 - create IPUIPlugin
2024-07-30 10:00:33,960 [INFO] PluginManager:220 - loadIPPluginJar : add openamp
2024-07-30 10:00:33,964 [INFO] IPUIPlugin:80 - create IPUIPlugin
2024-07-30 10:00:33,964 [INFO] PluginManager:220 - loadIPPluginJar : add pdm2pcm
2024-07-30 10:00:33,974 [INFO] IPUIPlugin:80 - create IPUIPlugin
2024-07-30 10:00:33,977 [INFO] PluginManager:220 - loadIPPluginJar : add plateformsettings
2024-07-30 10:00:33,980 [INFO] IPUIPlugin:80 - create IPUIPlugin
2024-07-30 10:00:33,980 [INFO] PluginManager:220 - loadIPPluginJar : add quadspi
2024-07-30 10:00:33,987 [INFO] IPUIPlugin:80 - create IPUIPlugin
2024-07-30 10:00:33,987 [INFO] PluginManager:220 - loadIPPluginJar : add resmgrutility
2024-07-30 10:00:33,996 [INFO] IPUIPlugin:80 - create IPUIPlugin
2024-07-30 10:00:33,996 [INFO] PluginManager:220 - loadIPPluginJar : add sai
2024-07-30 10:00:34,000 [INFO] IPUIPlugin:80 - create IPUIPlugin
2024-07-30 10:00:34,000 [INFO] PluginManager:220 - loadIPPluginJar : add spi
2024-07-30 10:00:34,006 [INFO] IPUIPlugin:80 - create IPUIPlugin
2024-07-30 10:00:34,007 [INFO] PluginManager:220 - loadIPPluginJar : add stm32_wpan
2024-07-30 10:00:34,009 [INFO] IPUIPlugin:80 - create IPUIPlugin
2024-07-30 10:00:34,009 [INFO] PluginManager:220 - loadIPPluginJar : add tim
2024-07-30 10:00:34,013 [INFO] IPUIPlugin:80 - create IPUIPlugin
2024-07-30 10:00:34,014 [INFO] PluginManager:220 - loadIPPluginJar : add touchsensing
2024-07-30 10:00:34,016 [INFO] IPUIPlugin:80 - create IPUIPlugin
2024-07-30 10:00:34,016 [INFO] PluginManager:220 - loadIPPluginJar : add tracer_emb
2024-07-30 10:00:34,019 [INFO] IPUIPlugin:80 - create IPUIPlugin
2024-07-30 10:00:34,019 [INFO] PluginManager:220 - loadIPPluginJar : add ts
2024-07-30 10:00:34,022 [INFO] IPUIPlugin:80 - create IPUIPlugin
2024-07-30 10:00:34,022 [INFO] PluginManager:220 - loadIPPluginJar : add tsc
2024-07-30 10:00:34,025 [INFO] IPUIPlugin:80 - create IPUIPlugin
2024-07-30 10:00:34,025 [INFO] PluginManager:220 - loadIPPluginJar : add ucpd
2024-07-30 10:00:34,028 [INFO] IPUIPlugin:80 - create IPUIPlugin
2024-07-30 10:00:34,029 [INFO] PluginManager:220 - loadIPPluginJar : add usart
2024-07-30 10:00:34,033 [INFO] IPUIPlugin:80 - create IPUIPlugin
2024-07-30 10:00:34,033 [INFO] PluginManager:220 - loadIPPluginJar : add usbx
2024-07-30 10:00:34,198 [INFO] CADModel:165 - CPN selected for project level
2024-07-30 10:00:34,198 [INFO] CADModel:114 - Register for checkConnection events
2024-07-30 10:00:34,198 [FATAL] Updater:308 - Updater called before beeing initialized
2024-07-30 10:00:34,199 [ERROR] CADModel:125 - Updater not yet initialized, retry later 
2024-07-30 10:00:34,365 [INFO] CADModel:165 - CPN selected for project level
2024-07-30 10:00:34,365 [INFO] CADModel:114 - Register for checkConnection events
2024-07-30 10:00:34,365 [FATAL] Updater:308 - Updater called before beeing initialized
2024-07-30 10:00:34,365 [ERROR] CADModel:125 - Updater not yet initialized, retry later 
2024-07-30 10:00:34,370 [FATAL] Updater:308 - Updater called before beeing initialized
2024-07-30 10:00:34,517 [FATAL] Updater:308 - Updater called before beeing initialized
2024-07-30 10:00:34,521 [INFO] DbMcusAds:53 - JSON generation date=Thu May 16 06:22:01 BRT 2024 (1715851321109)
2024-07-30 10:00:34,521 [FATAL] Updater:308 - Updater called before beeing initialized
2024-07-30 10:00:34,567 [WARN] DetailPanel:346 - Failed to get advertising image, set to default
2024-07-30 10:00:35,006 [FATAL] Updater:308 - Updater called before beeing initialized
2024-07-30 10:00:35,008 [FATAL] Updater:308 - Updater called before beeing initialized
2024-07-30 10:00:35,008 [FATAL] Updater:308 - Updater called before beeing initialized
2024-07-30 10:00:35,008 [WARN] DetailPanel:346 - Failed to get advertising image, set to default
2024-07-30 10:00:35,009 [FATAL] Updater:308 - Updater called before beeing initialized
2024-07-30 10:00:35,081 [ERROR] Updater:1120 - MainUpdater not yet initialized. External WinMGr cannot be set.
2024-07-30 10:00:35,083 [INFO] Updater:1056 - Updater Version found : 6.11.1
2024-07-30 10:00:35,103 [INFO] ApplicationProperties:184 - Using Application install path: C:\ST\STM32CubeIDE_1.15.1\STM32CubeIDE\plugins\com.st.stm32cube.common.mx_6.11.1.202404110753
2024-07-30 10:00:36,175 [INFO] ThirdPartyUpdaterWithRetryManager:70 - Updater plugin not ready yet. [2/15]
2024-07-30 10:00:36,686 [ERROR] LogOutputStream:75 - [STDERR_REDIRECT] Jul 30, 2024 10:00:36 AM java.util.prefs.WindowsPreferences <init>
2024-07-30 10:00:36,690 [ERROR] LogOutputStream:75 - [STDERR_REDIRECT] WARNING: Could not open/create prefs root node Software\JavaSoft\Prefs at root 0xffffffff80000002. Windows RegCreateKeyEx(...) returned error code 5.
2024-07-30 10:00:36,690 [ERROR] LogOutputStream:75 - [STDERR_REDIRECT] 
2024-07-30 10:00:37,174 [INFO] MainUpdater:2873 - connection check result : 10
2024-07-30 10:00:37,175 [INFO] MainUpdater:290 - Updater Check For Update Now.
2024-07-30 10:00:37,176 [INFO] MicroXplorer:498 - Change Database Version : DB.6.0.111
2024-07-30 10:00:37,181 [INFO] McuFinderGlobals:63 - Set McuFinder mode to 2 (CubeIDE integrated)
2024-07-30 10:00:37,195 [INFO] UserAuth:415 - Internet connection configuration mode: 1
2024-07-30 10:00:37,208 [INFO] JxBrowserEngine:152 - Initiate JxBrowser Engine with user profile folder
2024-07-30 10:00:37,590 [INFO] CheckServerUpdateThread:120 - End of CheckServer Thread
2024-07-30 10:00:38,224 [INFO] WebApp:161 - Instantiating new browser for Auth
2024-07-30 10:00:38,967 [INFO] WebApp:779 - Register for checkConnection events
2024-07-30 10:00:38,967 [INFO] WebApp:414 - Apply proxy settings
2024-07-30 10:00:38,968 [INFO] WebApp:499 - Chromium requires no authentication
2024-07-30 10:00:38,977 [INFO] WebApp:442 - Direct internet connection detected
2024-07-30 10:00:39,306 [INFO] WebApp:192 - Starting web application
2024-07-30 10:00:39,306 [INFO] WebApp:544 - Web application path used C:\ST\STM32CubeIDE_1.15.1\STM32CubeIDE\plugins\com.st.stm32cube.common.mx_6.11.1.202404110753\db\plugins\mcufinder\reactClient1\index.html
2024-07-30 10:00:39,579 [WARN] PackLoader:240 - Cannot read IP mode file for STMicroelectronics.FP-SNS-MOTENVWB1.1.4.0
2024-07-30 10:00:39,594 [WARN] PackLoader:240 - Cannot read IP mode file for STMicroelectronics.X-CUBE-SMBUS.2.1.0
2024-07-30 10:00:39,600 [WARN] PackLoader:240 - Cannot read IP mode file for STMicroelectronics.X-CUBE-TOUCHGFX.4.23.2
2024-07-30 10:00:39,676 [WARN] PackLoader:240 - Cannot read IP mode file for STMicroelectronics.X-CUBE-AZRTOS-F7.1.1.0
2024-07-30 10:00:39,694 [WARN] PackLoader:240 - Cannot read IP mode file for STMicroelectronics.FP-SNS-FLIGHT1.5.0.2
2024-07-30 10:00:39,706 [WARN] PackLoader:240 - Cannot read IP mode file for STMicroelectronics.X-CUBE-DISPLAY.3.0.0
2024-07-30 10:00:39,741 [WARN] PackLoader:240 - Cannot read IP mode file for STMicroelectronics.X-CUBE-BLE1.7.0.0
2024-07-30 10:00:39,750 [WARN] PackLoader:240 - Cannot read IP mode file for emotas.I-CUBE-CANOPEN.1.3.0
2024-07-30 10:00:39,770 [WARN] PackLoader:240 - Cannot read IP mode file for STMicroelectronics.X-CUBE-BLEMGR.3.1.0
2024-07-30 10:00:39,787 [WARN] PackLoader:240 - Cannot read IP mode file for STMicroelectronics.FP-SNS-SMARTAG2.1.2.0
2024-07-30 10:00:39,800 [INFO] LogOutputStream:77 - [STDOUT_REDIRECT] 1 : Invalid condition id : UX_CORESTACK_Condition cause : null
2024-07-30 10:00:39,801 [INFO] LogOutputStream:77 - [STDOUT_REDIRECT] 1 : Invalid condition id : UX_CORESTACK_Condition cause : null
2024-07-30 10:00:39,804 [INFO] LogOutputStream:77 - [STDOUT_REDIRECT] 1 : Invalid condition id : UX_CORESTACK_Condition cause : null
2024-07-30 10:00:39,805 [INFO] LogOutputStream:77 - [STDOUT_REDIRECT] 1 : Invalid condition id : UX_CORESTACK_Condition cause : null
2024-07-30 10:00:39,807 [INFO] LogOutputStream:77 - [STDOUT_REDIRECT] 1 : Invalid condition id : UX_CORESTACK_Condition cause : null
2024-07-30 10:00:39,814 [WARN] PackLoader:240 - Cannot read IP mode file for STMicroelectronics.X-CUBE-AZRTOS-WL.2.0.0
2024-07-30 10:00:39,822 [WARN] PackLoader:240 - Cannot read IP mode file for STMicroelectronics.FP-SNS-MOTENV1.5.0.0
2024-07-30 10:00:39,829 [WARN] PackLoader:240 - Cannot read IP mode file for wolfSSL.I-CUBE-wolfMQTT.1.19.0
2024-07-30 10:00:39,839 [WARN] PackLoader:240 - Cannot read IP mode file for WES.I-CUBE-Cesium.1.3.0
2024-07-30 10:00:39,845 [WARN] PackLoader:240 - Cannot read IP mode file for STMicroelectronics.X-CUBE-BLE2.3.3.0
2024-07-30 10:00:39,852 [WARN] PackLoader:240 - Cannot read IP mode file for STMicroelectronics.X-CUBE-TCPP.4.1.0
2024-07-30 10:00:39,887 [WARN] PackLoader:240 - Cannot read IP mode file for STMicroelectronics.X-CUBE-AZRTOS-G0.1.1.0
2024-07-30 10:00:39,899 [WARN] PackLoader:240 - Cannot read IP mode file for STMicroelectronics.X-CUBE-SAFEA1.1.2.2
2024-07-30 10:00:39,906 [WARN] PackLoader:240 - Cannot read IP mode file for STMicroelectronics.X-CUBE-NFC4.3.0.0
2024-07-30 10:00:39,911 [WARN] PackLoader:240 - Cannot read IP mode file for wolfSSL.I-CUBE-wolfMQTT.1.18.0
2024-07-30 10:00:39,924 [WARN] PackLoader:240 - Cannot read IP mode file for EmbeddedOffice.I-CUBE-FS-RTOS.1.0.1
2024-07-30 10:00:39,925 [ERROR] ConditionMgr:805 - Attr not supported : Dmpu
2024-07-30 10:00:39,925 [ERROR] ConditionMgr:805 - Attr not supported : Dmpu
2024-07-30 10:00:39,925 [ERROR] ConditionMgr:805 - Attr not supported : Dmpu
2024-07-30 10:00:39,925 [ERROR] ConditionMgr:805 - Attr not supported : Dmpu
2024-07-30 10:00:39,925 [ERROR] ConditionMgr:805 - Attr not supported : Dmpu
2024-07-30 10:00:39,925 [ERROR] ConditionMgr:805 - Attr not supported : Dmpu
2024-07-30 10:00:39,925 [ERROR] ConditionMgr:805 - Attr not supported : Dmpu
2024-07-30 10:00:39,925 [ERROR] ConditionMgr:805 - Attr not supported : Dmpu
2024-07-30 10:00:39,925 [ERROR] ConditionMgr:805 - Attr not supported : Dmpu
2024-07-30 10:00:39,926 [ERROR] ConditionMgr:805 - Attr not supported : Dmpu
2024-07-30 10:00:39,926 [ERROR] ConditionMgr:805 - Attr not supported : Dmpu
2024-07-30 10:00:39,926 [ERROR] ConditionMgr:805 - Attr not supported : Dmpu
2024-07-30 10:00:39,926 [ERROR] ConditionMgr:805 - Attr not supported : Dmpu
2024-07-30 10:00:39,926 [ERROR] ConditionMgr:805 - Attr not supported : Dmpu
2024-07-30 10:00:39,926 [ERROR] ConditionMgr:805 - Attr not supported : Dmpu
2024-07-30 10:00:39,926 [ERROR] ConditionMgr:805 - Attr not supported : Dmpu
2024-07-30 10:00:39,926 [ERROR] ConditionMgr:805 - Attr not supported : Dmpu
2024-07-30 10:00:39,926 [ERROR] ConditionMgr:805 - Attr not supported : Dmpu
2024-07-30 10:00:39,926 [ERROR] ConditionMgr:805 - Attr not supported : Dmpu
2024-07-30 10:00:39,926 [ERROR] ConditionMgr:805 - Attr not supported : Dmpu
2024-07-30 10:00:39,927 [ERROR] ConditionMgr:805 - Attr not supported : Dmpu
2024-07-30 10:00:39,927 [ERROR] ConditionMgr:805 - Attr not supported : Dmpu
2024-07-30 10:00:39,927 [ERROR] ConditionMgr:805 - Attr not supported : Dmpu
2024-07-30 10:00:39,927 [ERROR] ConditionMgr:805 - Attr not supported : Dmpu
2024-07-30 10:00:39,927 [ERROR] ConditionMgr:805 - Attr not supported : Dmpu
2024-07-30 10:00:39,927 [ERROR] ConditionMgr:805 - Attr not supported : Dmpu
2024-07-30 10:00:39,927 [ERROR] ConditionMgr:805 - Attr not supported : Dmpu
2024-07-30 10:00:39,927 [ERROR] ConditionMgr:805 - Attr not supported : Dmpu
2024-07-30 10:00:39,927 [ERROR] ConditionMgr:805 - Attr not supported : Dmpu
2024-07-30 10:00:39,927 [ERROR] ConditionMgr:805 - Attr not supported : Dmpu
2024-07-30 10:00:39,927 [ERROR] ConditionMgr:805 - Attr not supported : Dmpu
2024-07-30 10:00:39,927 [ERROR] ConditionMgr:805 - Attr not supported : Dmpu
2024-07-30 10:00:39,927 [ERROR] ConditionMgr:805 - Attr not supported : Dmpu
2024-07-30 10:00:39,928 [ERROR] ConditionMgr:805 - Attr not supported : Dmpu
2024-07-30 10:00:39,928 [ERROR] ConditionMgr:805 - Attr not supported : Dmpu
2024-07-30 10:00:39,928 [ERROR] ConditionMgr:805 - Attr not supported : Dmpu
2024-07-30 10:00:39,928 [ERROR] ConditionMgr:805 - Attr not supported : Dmpu
2024-07-30 10:00:39,928 [ERROR] ConditionMgr:805 - Attr not supported : Dmpu
2024-07-30 10:00:39,928 [ERROR] ConditionMgr:805 - Attr not supported : Dmpu
2024-07-30 10:00:39,928 [ERROR] ConditionMgr:805 - Attr not supported : Dmpu
2024-07-30 10:00:39,928 [ERROR] ConditionMgr:805 - Attr not supported : Dmpu
2024-07-30 10:00:39,928 [ERROR] ConditionMgr:805 - Attr not supported : Dmpu
2024-07-30 10:00:39,929 [ERROR] ConditionMgr:805 - Attr not supported : Dmpu
2024-07-30 10:00:39,929 [ERROR] ConditionMgr:805 - Attr not supported : Dmpu
2024-07-30 10:00:39,929 [ERROR] ConditionMgr:805 - Attr not supported : Dmpu
2024-07-30 10:00:39,929 [ERROR] ConditionMgr:805 - Attr not supported : Dmpu
2024-07-30 10:00:39,929 [ERROR] ConditionMgr:805 - Attr not supported : Dmpu
2024-07-30 10:00:39,930 [ERROR] ConditionMgr:805 - Attr not supported : Dmpu
2024-07-30 10:00:39,930 [ERROR] ConditionMgr:805 - Attr not supported : Dmpu
2024-07-30 10:00:39,930 [ERROR] ConditionMgr:805 - Attr not supported : Dmpu
2024-07-30 10:00:39,930 [ERROR] ConditionMgr:805 - Attr not supported : Dmpu
2024-07-30 10:00:39,930 [ERROR] ConditionMgr:805 - Attr not supported : Dmpu
2024-07-30 10:00:39,930 [ERROR] ConditionMgr:805 - Attr not supported : Dmpu
2024-07-30 10:00:39,930 [ERROR] ConditionMgr:805 - Attr not supported : Dmpu
2024-07-30 10:00:39,930 [ERROR] ConditionMgr:805 - Attr not supported : Dmpu
2024-07-30 10:00:39,930 [ERROR] ConditionMgr:805 - Attr not supported : Dmpu
2024-07-30 10:00:39,930 [ERROR] ConditionMgr:805 - Attr not supported : Dmpu
2024-07-30 10:00:39,930 [ERROR] ConditionMgr:805 - Attr not supported : Dmpu
2024-07-30 10:00:39,930 [ERROR] ConditionMgr:805 - Attr not supported : Dmpu
2024-07-30 10:00:39,931 [ERROR] ConditionMgr:805 - Attr not supported : Dmpu
2024-07-30 10:00:39,931 [ERROR] ConditionMgr:805 - Attr not supported : Dmpu
2024-07-30 10:00:39,931 [ERROR] ConditionMgr:805 - Attr not supported : Dmpu
2024-07-30 10:00:39,931 [ERROR] ConditionMgr:805 - Attr not supported : Dmpu
2024-07-30 10:00:39,931 [ERROR] ConditionMgr:805 - Attr not supported : Dmpu
2024-07-30 10:00:39,938 [WARN] PackLoader:240 - Cannot read IP mode file for RealThread.X-CUBE-RT-Thread_Nano.4.1.1
2024-07-30 10:00:39,943 [WARN] PackLoader:240 - Cannot read IP mode file for wolfSSL.I-CUBE-wolfSSL.5.7.0
2024-07-30 10:00:39,948 [WARN] PackLoader:240 - Cannot read IP mode file for STMicroelectronics.FP-ATR-SIGFOX1.3.2.0
2024-07-30 10:00:39,956 [WARN] PackLoader:240 - Cannot read IP mode file for STMicroelectronics.X-CUBE-EEPRMA1.5.1.0
2024-07-30 10:00:39,995 [WARN] PackLoader:240 - Cannot read IP mode file for ITTIA_DB.I-CUBE-ITTIADB.8.9.0
2024-07-30 10:00:40,026 [WARN] PackLoader:240 - Cannot read IP mode file for SEGGER.I-CUBE-embOS.1.3.1
2024-07-30 10:00:40,074 [WARN] PackLoader:240 - Cannot read IP mode file for STMicroelectronics.X-CUBE-ALGOBUILD.1.4.0
2024-07-30 10:00:40,081 [WARN] PackLoader:240 - Cannot read IP mode file for STMicroelectronics.X-CUBE-GNSS1.6.0.0
2024-07-30 10:00:40,112 [WARN] PackLoader:240 - Cannot read IP mode file for STMicroelectronics.X-CUBE-AZRTOS-F4.1.1.0
2024-07-30 10:00:40,120 [WARN] PackLoader:240 - Cannot read IP mode file for STMicroelectronics.X-CUBE-FREERTOS.1.2.0
2024-07-30 10:00:40,143 [WARN] PackLoader:240 - Cannot read IP mode file for STMicroelectronics.X-CUBE-AZRTOS-L5.2.0.0
2024-07-30 10:00:40,173 [WARN] PackLoader:240 - Cannot read IP mode file for STMicroelectronics.X-CUBE-NFC6.3.1.0
2024-07-30 10:00:40,181 [WARN] PackLoader:240 - Cannot read IP mode file for STMicroelectronics.X-CUBE-DPower.1.2.0
2024-07-30 10:00:40,189 [WARN] PackLoader:240 - Cannot read IP mode file for STMicroelectronics.X-CUBE-AI.9.0.0
2024-07-30 10:00:40,200 [WARN] PackLoader:240 - Cannot read IP mode file for STMicroelectronics.X-CUBE-NFC7.1.0.1
2024-07-30 10:00:40,215 [WARN] PackLoader:240 - Cannot read IP mode file for wolfSSL.I-CUBE-wolfTPM.3.2.0
2024-07-30 10:00:40,235 [WARN] ConditionMgr:438 - getConditionDescription Invalid condition id : LAN8742 Phy interface Condition cause : null
2024-07-30 10:00:40,236 [WARN] PackLoader:240 - Cannot read IP mode file for STMicroelectronics.X-CUBE-AZRTOS-L4.2.0.0
2024-07-30 10:00:40,237 [WARN] ConditionMgr:1039 - genDependencies : Invalid condition id : LAN8742 Phy interface Condition cause : null
2024-07-30 10:00:40,238 [WARN] ConditionMgr:1039 - genDependencies : Invalid condition id : LAN8742 Phy interface Condition cause : null
2024-07-30 10:00:40,239 [WARN] ConditionMgr:1039 - genDependencies : Invalid condition id : LAN8742 Phy interface Condition cause : null
2024-07-30 10:00:40,271 [WARN] PackLoader:240 - Cannot read IP mode file for STMicroelectronics.X-CUBE-SFXS2LP1.4.0.0
2024-07-30 10:00:40,287 [WARN] ConditionMgr:438 - getConditionDescription Invalid condition id : UX DEVICE CLASS RTOS Condition cause : null
2024-07-30 10:00:40,288 [WARN] ConditionMgr:438 - getConditionDescription Invalid condition id : UX DEVICE CLASS RTOS Condition cause : null
2024-07-30 10:00:40,291 [WARN] PackLoader:240 - Cannot read IP mode file for STMicroelectronics.X-CUBE-AZRTOS-WB.2.0.0
2024-07-30 10:00:40,291 [WARN] ConditionMgr:1039 - genDependencies : Invalid condition id : UX DEVICE CLASS RTOS Condition cause : null
2024-07-30 10:00:40,292 [WARN] ConditionMgr:1039 - genDependencies : Invalid condition id : UX DEVICE CLASS RTOS Condition cause : null
2024-07-30 10:00:40,293 [WARN] ConditionMgr:1039 - genDependencies : Invalid condition id : UX DEVICE CLASS RTOS Condition cause : null
2024-07-30 10:00:40,293 [WARN] ConditionMgr:1039 - genDependencies : Invalid condition id : UX DEVICE CLASS RTOS Condition cause : null
2024-07-30 10:00:40,293 [WARN] ConditionMgr:1039 - genDependencies : Invalid condition id : UX DEVICE CLASS RTOS Condition cause : null
2024-07-30 10:00:40,303 [WARN] PackLoader:240 - Cannot read IP mode file for STMicroelectronics.FP-SNS-STBOX1.2.0.0
2024-07-30 10:00:40,317 [WARN] PackLoader:240 - Cannot read IP mode file for STMicroelectronics.X-CUBE-SUBG2.5.0.0
2024-07-30 10:00:40,339 [WARN] PackLoader:240 - Cannot read IP mode file for STMicroelectronics.X-CUBE-AZRTOS-G4.2.0.0
2024-07-30 10:00:40,346 [WARN] PackLoader:240 - Cannot read IP mode file for STMicroelectronics.X-CUBE-ISPU.2.0.0
2024-07-30 10:00:40,352 [WARN] PackLoader:240 - Cannot read IP mode file for STMicroelectronics.X-CUBE-ALS.1.0.2
2024-07-30 10:00:40,459 [WARN] PackLoader:240 - Cannot read IP mode file for STMicroelectronics.X-CUBE-MEMS1.10.0.0
2024-07-30 10:00:40,643 [WARN] PackLoader:240 - Cannot read IP mode file for STMicroelectronics.X-CUBE-TOUCHGFX.4.24.0
2024-07-30 10:00:40,649 [WARN] PackLoader:240 - Cannot read IP mode file for portGmbH.I-Cube-SoM-uGOAL.1.1.0
2024-07-30 10:00:40,654 [WARN] PackLoader:240 - Cannot read IP mode file for STMicroelectronics.X-CUBE-ALS.1.0.1
2024-07-30 10:00:40,672 [WARN] PackLoader:240 - Cannot read IP mode file for STMicroelectronics.X-CUBE-AZRTOS-H7RS.1.0.0
2024-07-30 10:00:40,679 [WARN] PackLoader:240 - Cannot read IP mode file for STMicroelectronics.FP-ATR-ASTRA1.2.0.0
2024-07-30 10:00:40,691 [WARN] PackLoader:240 - Cannot read IP mode file for STMicroelectronics.X-CUBE-TOF1.3.4.2
2024-07-30 10:00:40,753 [WARN] PackLoader:240 - Cannot read IP mode file for STMicroelectronics.X-CUBE-TOF1.3.4.1
2024-07-30 10:00:40,786 [WARN] PackLoader:240 - Cannot read IP mode file for STMicroelectronics.X-CUBE-AZRTOS-H7.3.2.0
2024-07-30 10:00:40,804 [WARN] PackLoader:240 - Cannot read IP mode file for Infineon.AIROC-Wi-Fi-Bluetooth-STM32.1.6.0
2024-07-30 10:00:40,813 [WARN] PackLoader:240 - Cannot read IP mode file for wolfSSL.I-CUBE-wolfSSH.1.4.17
2024-07-30 10:00:40,813 [INFO] ThirdParty:978 - Integrity check success = true
2024-07-30 10:00:40,813 [INFO] IntegrityCheckThread:100 - exiting critical section [integrity check]
2024-07-30 10:00:40,813 [INFO] IntegrityCheckThread:103 - End integrity checks thread
2024-07-30 10:43:40,125 [INFO] WebApp:354 - JxBrowser engine has been closed 
2024-07-30 10:51:19,425 [INFO] Activator:176 - 


2024-07-30 10:51:19,428 [INFO] Activator:177 - !SESSION log4j initialized
2024-07-30 10:51:29,978 [INFO] LogOutputStream:77 - [STDOUT_REDIRECT] 
2024-07-30 10:51:32,924 [INFO] ApplicationProperties:184 - Using Application install path: C:\ST\STM32CubeIDE_1.15.1\STM32CubeIDE\plugins\com.st.stm32cube.common.mx_6.11.1.202404110753
2024-07-30 10:51:32,941 [INFO] DbMcusXml:78 - Set database path to: C:\ST\STM32CubeIDE_1.15.1\STM32CubeIDE\plugins\com.st.stm32cube.common.mx_6.11.1.202404110753\\db\/mcu/
2024-07-30 10:51:32,941 [INFO] ApiDb:274 - Set plugin database path to: C:\ST\STM32CubeIDE_1.15.1\STM32CubeIDE\plugins\com.st.stm32cube.common.mx_6.11.1.202404110753\\db\/plugins/boardmanager/
2024-07-30 10:51:32,941 [WARN] ApiDb:259 - Overriding images path with different value:  => C:\ST\STM32CubeIDE_1.15.1\STM32CubeIDE\plugins\com.st.stm32cube.common.mx_6.11.1.202404110753\\db\/plugins/mcufinder/images/
2024-07-30 10:51:32,950 [INFO] ApiDb:250 - Set database path to: C:\Users\Matheus Markies\.stmcufinder\plugins\mcufinder//mcu/
2024-07-30 10:51:32,951 [INFO] DbMcusAds:125 - Set database path to: C:\Users\Matheus Markies\.stmcufinder\plugins\mcufinder//mcu/
2024-07-30 10:51:32,953 [INFO] CrossReferenceDbSqlite:203 - Set database path to: C:\Users\Matheus Markies\.stmcufinder\plugins\mcufinder//mcu/cs/
2024-07-30 10:51:33,099 [INFO] RulesReader:64 - Compatibility file has been processed (297 Rules)
2024-07-30 10:51:33,194 [INFO] DbMcusXml:78 - Set database path to: C:\ST\STM32CubeIDE_1.15.1\STM32CubeIDE\plugins\com.st.stm32cube.common.mx_6.11.1.202404110753\\db\/mcu/
2024-07-30 10:51:33,194 [INFO] ApiDb:274 - Set plugin database path to: C:\ST\STM32CubeIDE_1.15.1\STM32CubeIDE\plugins\com.st.stm32cube.common.mx_6.11.1.202404110753\\db\/plugins/boardmanager/
2024-07-30 10:51:33,194 [INFO] ApiDb:261 - Set plugin images path to: C:\ST\STM32CubeIDE_1.15.1\STM32CubeIDE\plugins\com.st.stm32cube.common.mx_6.11.1.202404110753\\db\/plugins/mcufinder/images/
2024-07-30 10:51:33,195 [WARN] DbFile:41 - Overriding database path with different value: C:\Users\Matheus Markies\.stmcufinder\plugins\mcufinder/ => C:\Users\Matheus Markies\.stmcufinder\plugins\mcufinder
2024-07-30 10:51:33,195 [INFO] ApiDb:250 - Set database path to: C:\Users\Matheus Markies\.stmcufinder\plugins\mcufinder//mcu/
2024-07-30 10:51:33,195 [WARN] DbFile:41 - Overriding database path with different value: C:\Users\Matheus Markies\.stmcufinder\plugins\mcufinder/ => C:\Users\Matheus Markies\.stmcufinder\plugins\mcufinder
2024-07-30 10:51:33,195 [INFO] DbMcusAds:125 - Set database path to: C:\Users\Matheus Markies\.stmcufinder\plugins\mcufinder//mcu/
2024-07-30 10:51:33,195 [WARN] DbFile:41 - Overriding database path with different value: C:\Users\Matheus Markies\.stmcufinder\plugins\mcufinder/ => C:\Users\Matheus Markies\.stmcufinder\plugins\mcufinder
2024-07-30 10:51:33,195 [WARN] DbFile:41 - Overriding database path with different value: C:\Users\Matheus Markies\.stmcufinder\plugins\mcufinder/ => C:\Users\Matheus Markies\.stmcufinder\plugins\mcufinder
2024-07-30 10:51:33,195 [INFO] CrossReferenceDbSqlite:203 - Set database path to: C:\Users\Matheus Markies\.stmcufinder\plugins\mcufinder//mcu/cs/
2024-07-30 10:51:33,283 [INFO] MainPanel:264 - HeapMemory: 268435456
2024-07-30 10:51:33,363 [INFO] DbMcusXml:78 - Set database path to: C:\ST\STM32CubeIDE_1.15.1\STM32CubeIDE\plugins\com.st.stm32cube.common.mx_6.11.1.202404110753\\db\/mcu/
2024-07-30 10:51:33,363 [INFO] ApiDb:274 - Set plugin database path to: C:\ST\STM32CubeIDE_1.15.1\STM32CubeIDE\plugins\com.st.stm32cube.common.mx_6.11.1.202404110753\\db\/plugins/boardmanager/
2024-07-30 10:51:33,363 [INFO] ApiDb:261 - Set plugin images path to: C:\ST\STM32CubeIDE_1.15.1\STM32CubeIDE\plugins\com.st.stm32cube.common.mx_6.11.1.202404110753\\db\/plugins/mcufinder/images/
2024-07-30 10:51:33,363 [WARN] DbFile:41 - Overriding database path with different value: C:\Users\Matheus Markies\.stmcufinder\plugins\mcufinder/ => C:\Users\Matheus Markies\.stmcufinder\plugins\mcufinder
2024-07-30 10:51:33,364 [INFO] ApiDb:250 - Set database path to: C:\Users\Matheus Markies\.stmcufinder\plugins\mcufinder//mcu/
2024-07-30 10:51:33,364 [WARN] DbFile:41 - Overriding database path with different value: C:\Users\Matheus Markies\.stmcufinder\plugins\mcufinder/ => C:\Users\Matheus Markies\.stmcufinder\plugins\mcufinder
2024-07-30 10:51:33,364 [INFO] DbMcusAds:125 - Set database path to: C:\Users\Matheus Markies\.stmcufinder\plugins\mcufinder//mcu/
2024-07-30 10:51:33,364 [WARN] DbFile:41 - Overriding database path with different value: C:\Users\Matheus Markies\.stmcufinder\plugins\mcufinder/ => C:\Users\Matheus Markies\.stmcufinder\plugins\mcufinder
2024-07-30 10:51:33,364 [WARN] DbFile:41 - Overriding database path with different value: C:\Users\Matheus Markies\.stmcufinder\plugins\mcufinder/ => C:\Users\Matheus Markies\.stmcufinder\plugins\mcufinder
2024-07-30 10:51:33,364 [INFO] CrossReferenceDbSqlite:203 - Set database path to: C:\Users\Matheus Markies\.stmcufinder\plugins\mcufinder//mcu/cs/
2024-07-30 10:51:33,383 [INFO] ApplicationProperties:184 - Using Application install path: C:\ST\STM32CubeIDE_1.15.1\STM32CubeIDE\plugins\com.st.stm32cube.common.mx_6.11.1.202404110753
2024-07-30 10:51:33,385 [INFO] PluginManage:196 - Search for loadable plugins [exclusion list=, ]
2024-07-30 10:51:33,386 [INFO] PluginManage:310 - Check plugin analytics
2024-07-30 10:51:33,609 [INFO] AnalyticsPlugin:253 - Accepted Software Licenses: 
2024-07-30 10:51:33,610 [INFO] AnalyticsPlugin:255 - Accepted CMSIS Pack Licenses: 
2024-07-30 10:51:33,611 [INFO] AnalyticsPlugin:257 - Accepted Firmware Licenses: FW.F4.1.28.0
2024-07-30 10:51:33,614 [INFO] PluginManage:359 - Loaded plugin analytics (category:tool,tabindex:-1)
2024-07-30 10:51:33,615 [INFO] PluginManage:310 - Check plugin cadmodel
2024-07-30 10:51:33,631 [INFO] CADModel:105 - Init CAD model plugin
2024-07-30 10:51:33,631 [INFO] PluginManage:359 - Loaded plugin cadmodel (category:power,tabindex:5)
2024-07-30 10:51:33,631 [INFO] PluginManage:310 - Check plugin clock
2024-07-30 10:51:33,654 [INFO] PluginManage:359 - Loaded plugin clock (category:base,tabindex:2)
2024-07-30 10:51:33,654 [INFO] PluginManage:310 - Check plugin ddr
2024-07-30 10:51:33,657 [INFO] PluginManage:359 - Loaded plugin ddr (category:tool,tabindex:6)
2024-07-30 10:51:33,658 [INFO] PluginManage:310 - Check plugin filemanager
2024-07-30 10:51:33,846 [INFO] PluginManage:359 - Loaded plugin filemanager (category:base,tabindex:10)
2024-07-30 10:51:33,847 [INFO] PluginManage:310 - Check plugin ipmanager
2024-07-30 10:51:33,855 [INFO] PluginManage:359 - Loaded plugin ipmanager (category:base,tabindex:5)
2024-07-30 10:51:33,856 [INFO] PluginManage:310 - Check plugin lpbam
2024-07-30 10:51:33,877 [INFO] PluginManage:359 - Loaded plugin lpbam (category:base,tabindex:0)
2024-07-30 10:51:33,878 [INFO] PluginManage:310 - Check plugin memorymap
2024-07-30 10:51:33,909 [INFO] PluginManage:359 - Loaded plugin memorymap (category:base,tabindex:4)
2024-07-30 10:51:33,910 [INFO] PluginManage:310 - Check plugin pinoutandconfiguration
2024-07-30 10:51:33,929 [INFO] PluginManage:359 - Loaded plugin pinoutandconfiguration (category:base,tabindex:1)
2024-07-30 10:51:33,929 [INFO] PluginManage:310 - Check plugin pinoutconfig
2024-07-30 10:51:34,031 [WARN] SupportedApi:132 - Cannot load RTOS API schema: s4s-elt-must-match.1: The content of 'definitions' must match (annotation?, (simpleType | complexType)?, (unique | key | keyref)*)). A problem was found starting at: attribute.
2024-07-30 10:51:34,174 [INFO] PluginManage:359 - Loaded plugin pinoutconfig (category:base,tabindex:0)
2024-07-30 10:51:34,175 [INFO] PluginManage:310 - Check plugin power
2024-07-30 10:51:34,194 [INFO] PluginManage:359 - Loaded plugin power (category:power,tabindex:4)
2024-07-30 10:51:34,194 [INFO] PluginManage:310 - Check plugin projectmanager
2024-07-30 10:51:34,215 [INFO] PluginManage:359 - Loaded plugin projectmanager (category:projectmanager,tabindex:3)
2024-07-30 10:51:34,216 [INFO] PluginManage:310 - Check plugin thirdparty
2024-07-30 10:51:34,526 [INFO] PluginManage:359 - Loaded plugin thirdparty (category:base,tabindex:-1)
2024-07-30 10:51:34,527 [INFO] PluginManage:310 - Check plugin tools
2024-07-30 10:51:34,526 [WARN] IntegrityCheckThread:84 - waiting for thirdparty lock release [integrity check]
2024-07-30 10:51:34,528 [INFO] IntegrityCheckThread:86 - entering critical section [integrity check]
2024-07-30 10:51:34,528 [INFO] ThirdPartyUpdaterWithRetryManager:70 - Updater plugin not ready yet. [1/15]
2024-07-30 10:51:34,571 [INFO] PluginManage:359 - Loaded plugin tools (category:base,tabindex:7)
2024-07-30 10:51:34,571 [INFO] PluginManage:310 - Check plugin tutovideos
2024-07-30 10:51:34,789 [INFO] PluginManage:359 - Loaded plugin tutovideos (category:base,tabindex:-1)
2024-07-30 10:51:34,789 [INFO] PluginManage:310 - Check plugin updater
2024-07-30 10:51:34,800 [INFO] PluginManage:359 - Loaded plugin updater (category:base,tabindex:12)
2024-07-30 10:51:34,800 [INFO] PluginManage:310 - Check plugin userauth
2024-07-30 10:51:34,805 [INFO] UserAuth:114 - Init User Auth plugin
2024-07-30 10:51:34,805 [INFO] PluginManage:359 - Loaded plugin userauth (category:base,tabindex:14)
2024-07-30 10:51:34,806 [INFO] PluginManage:283 - PluginManage : Loaded plugins [17]
2024-07-30 10:51:35,042 [INFO] PinOutPanel:1561 - setPackage(No Configuration,No Configuration)
2024-07-30 10:51:35,149 [INFO] CADModel:165 - CPN selected for project level
2024-07-30 10:51:35,149 [INFO] CADModel:114 - Register for checkConnection events
2024-07-30 10:51:35,175 [INFO] IPUIPlugin:80 - create IPUIPlugin
2024-07-30 10:51:35,175 [INFO] PluginManager:220 - loadIPPluginJar : add adc
2024-07-30 10:51:35,223 [INFO] IPUIPlugin:80 - create IPUIPlugin
2024-07-30 10:51:35,223 [INFO] PluginManager:220 - loadIPPluginJar : add aes
2024-07-30 10:51:35,274 [INFO] IPUIPlugin:80 - create IPUIPlugin
2024-07-30 10:51:35,274 [INFO] PluginManager:220 - loadIPPluginJar : add can
2024-07-30 10:51:35,302 [INFO] IPUIPlugin:80 - create IPUIPlugin
2024-07-30 10:51:35,302 [INFO] PluginManager:220 - loadIPPluginJar : add comp
2024-07-30 10:51:35,344 [INFO] IPUIPlugin:80 - create IPUIPlugin
2024-07-30 10:51:35,344 [INFO] PluginManager:220 - loadIPPluginJar : add cryp
2024-07-30 10:51:35,380 [INFO] IPUIPlugin:80 - create IPUIPlugin
2024-07-30 10:51:35,381 [INFO] PluginManager:220 - loadIPPluginJar : add dfsdm
2024-07-30 10:51:35,414 [INFO] IPUIPlugin:80 - create IPUIPlugin
2024-07-30 10:51:35,415 [INFO] PluginManager:220 - loadIPPluginJar : add dma
2024-07-30 10:51:35,467 [INFO] IPUIPlugin:80 - create IPUIPlugin
2024-07-30 10:51:35,467 [INFO] PluginManager:220 - loadIPPluginJar : add dma3
2024-07-30 10:51:35,521 [INFO] IPUIPlugin:80 - create IPUIPlugin
2024-07-30 10:51:35,522 [INFO] PluginManager:220 - loadIPPluginJar : add extmemmanager
2024-07-30 10:51:35,546 [INFO] IPUIPlugin:80 - create IPUIPlugin
2024-07-30 10:51:35,546 [INFO] PluginManager:220 - loadIPPluginJar : add fatfs
2024-07-30 10:51:35,601 [INFO] IPUIPlugin:80 - create IPUIPlugin
2024-07-30 10:51:35,601 [INFO] PluginManager:220 - loadIPPluginJar : add fmc
2024-07-30 10:51:35,627 [INFO] IPUIPlugin:80 - create IPUIPlugin
2024-07-30 10:51:35,627 [INFO] PluginManager:220 - loadIPPluginJar : add freertos
2024-07-30 10:51:35,652 [INFO] IPUIPlugin:80 - create IPUIPlugin
2024-07-30 10:51:35,653 [INFO] PluginManager:220 - loadIPPluginJar : add genericplugin
2024-07-30 10:51:35,771 [INFO] IPUIPlugin:80 - create IPUIPlugin
2024-07-30 10:51:35,771 [INFO] PluginManager:220 - loadIPPluginJar : add gfxmmu
2024-07-30 10:51:35,934 [INFO] IPUIPlugin:80 - create IPUIPlugin
2024-07-30 10:51:35,934 [INFO] PluginManager:220 - loadIPPluginJar : add gic
2024-07-30 10:51:35,949 [INFO] IPUIPlugin:80 - create IPUIPlugin
2024-07-30 10:51:35,949 [INFO] PluginManager:220 - loadIPPluginJar : add gpio
2024-07-30 10:51:36,076 [INFO] IPUIPlugin:80 - create IPUIPlugin
2024-07-30 10:51:36,076 [INFO] PluginManager:220 - loadIPPluginJar : add gtzc
2024-07-30 10:51:36,117 [INFO] IPUIPlugin:80 - create IPUIPlugin
2024-07-30 10:51:36,117 [INFO] PluginManager:220 - loadIPPluginJar : add hash
2024-07-30 10:51:36,197 [INFO] IPUIPlugin:80 - create IPUIPlugin
2024-07-30 10:51:36,197 [INFO] PluginManager:220 - loadIPPluginJar : add i2c
2024-07-30 10:51:36,308 [INFO] IPUIPlugin:80 - create IPUIPlugin
2024-07-30 10:51:36,308 [INFO] PluginManager:220 - loadIPPluginJar : add i2s
2024-07-30 10:51:36,394 [INFO] IPUIPlugin:80 - create IPUIPlugin
2024-07-30 10:51:36,394 [INFO] PluginManager:220 - loadIPPluginJar : add i3c
2024-07-30 10:51:36,532 [INFO] IPUIPlugin:80 - create IPUIPlugin
2024-07-30 10:51:36,532 [INFO] PluginManager:220 - loadIPPluginJar : add ipddr
2024-07-30 10:51:36,649 [INFO] IPUIPlugin:80 - create IPUIPlugin
2024-07-30 10:51:36,649 [INFO] PluginManager:220 - loadIPPluginJar : add linkedlist
2024-07-30 10:51:36,695 [INFO] IPUIPlugin:80 - create IPUIPlugin
2024-07-30 10:51:36,695 [INFO] PluginManager:220 - loadIPPluginJar : add lorawan
2024-07-30 10:51:36,740 [INFO] IPUIPlugin:80 - create IPUIPlugin
2024-07-30 10:51:36,741 [INFO] PluginManager:220 - loadIPPluginJar : add ltdc
2024-07-30 10:51:36,756 [INFO] IPUIPlugin:80 - create IPUIPlugin
2024-07-30 10:51:36,757 [INFO] PluginManager:220 - loadIPPluginJar : add mdma
2024-07-30 10:51:36,771 [INFO] IPUIPlugin:80 - create IPUIPlugin
2024-07-30 10:51:36,771 [INFO] PluginManager:220 - loadIPPluginJar : add nvic
2024-07-30 10:51:36,816 [INFO] IPUIPlugin:80 - create IPUIPlugin
2024-07-30 10:51:36,817 [INFO] PluginManager:220 - loadIPPluginJar : add opamp
2024-07-30 10:51:36,892 [INFO] IPUIPlugin:80 - create IPUIPlugin
2024-07-30 10:51:36,892 [INFO] PluginManager:220 - loadIPPluginJar : add openamp
2024-07-30 10:51:36,945 [INFO] IPUIPlugin:80 - create IPUIPlugin
2024-07-30 10:51:36,945 [INFO] PluginManager:220 - loadIPPluginJar : add pdm2pcm
2024-07-30 10:51:36,962 [INFO] IPUIPlugin:80 - create IPUIPlugin
2024-07-30 10:51:36,965 [INFO] PluginManager:220 - loadIPPluginJar : add plateformsettings
2024-07-30 10:51:36,992 [INFO] IPUIPlugin:80 - create IPUIPlugin
2024-07-30 10:51:36,992 [INFO] PluginManager:220 - loadIPPluginJar : add quadspi
2024-07-30 10:51:37,007 [INFO] IPUIPlugin:80 - create IPUIPlugin
2024-07-30 10:51:37,007 [INFO] PluginManager:220 - loadIPPluginJar : add resmgrutility
2024-07-30 10:51:37,068 [INFO] IPUIPlugin:80 - create IPUIPlugin
2024-07-30 10:51:37,068 [INFO] PluginManager:220 - loadIPPluginJar : add sai
2024-07-30 10:51:37,116 [INFO] IPUIPlugin:80 - create IPUIPlugin
2024-07-30 10:51:37,116 [INFO] PluginManager:220 - loadIPPluginJar : add spi
2024-07-30 10:51:37,202 [INFO] IPUIPlugin:80 - create IPUIPlugin
2024-07-30 10:51:37,202 [INFO] PluginManager:220 - loadIPPluginJar : add stm32_wpan
2024-07-30 10:51:37,229 [INFO] IPUIPlugin:80 - create IPUIPlugin
2024-07-30 10:51:37,230 [INFO] PluginManager:220 - loadIPPluginJar : add tim
2024-07-30 10:51:37,304 [INFO] IPUIPlugin:80 - create IPUIPlugin
2024-07-30 10:51:37,305 [INFO] PluginManager:220 - loadIPPluginJar : add touchsensing
2024-07-30 10:51:37,333 [INFO] IPUIPlugin:80 - create IPUIPlugin
2024-07-30 10:51:37,334 [INFO] PluginManager:220 - loadIPPluginJar : add tracer_emb
2024-07-30 10:51:37,362 [INFO] IPUIPlugin:80 - create IPUIPlugin
2024-07-30 10:51:37,363 [INFO] PluginManager:220 - loadIPPluginJar : add ts
2024-07-30 10:51:37,389 [INFO] IPUIPlugin:80 - create IPUIPlugin
2024-07-30 10:51:37,390 [INFO] PluginManager:220 - loadIPPluginJar : add tsc
2024-07-30 10:51:37,420 [INFO] IPUIPlugin:80 - create IPUIPlugin
2024-07-30 10:51:37,420 [INFO] PluginManager:220 - loadIPPluginJar : add ucpd
2024-07-30 10:51:37,474 [INFO] IPUIPlugin:80 - create IPUIPlugin
2024-07-30 10:51:37,474 [INFO] PluginManager:220 - loadIPPluginJar : add usart
2024-07-30 10:51:37,525 [INFO] IPUIPlugin:80 - create IPUIPlugin
2024-07-30 10:51:37,525 [INFO] PluginManager:220 - loadIPPluginJar : add usbx
2024-07-30 10:51:37,530 [INFO] ThirdPartyUpdaterWithRetryManager:70 - Updater plugin not ready yet. [2/15]
2024-07-30 10:51:37,667 [INFO] CADModel:165 - CPN selected for project level
2024-07-30 10:51:37,668 [INFO] CADModel:114 - Register for checkConnection events
2024-07-30 10:51:37,668 [FATAL] Updater:308 - Updater called before beeing initialized
2024-07-30 10:51:37,668 [ERROR] CADModel:125 - Updater not yet initialized, retry later 
2024-07-30 10:51:37,809 [INFO] CADModel:165 - CPN selected for project level
2024-07-30 10:51:37,809 [INFO] CADModel:114 - Register for checkConnection events
2024-07-30 10:51:37,809 [FATAL] Updater:308 - Updater called before beeing initialized
2024-07-30 10:51:37,809 [ERROR] CADModel:125 - Updater not yet initialized, retry later 
2024-07-30 10:51:37,812 [FATAL] Updater:308 - Updater called before beeing initialized
2024-07-30 10:51:37,974 [FATAL] Updater:308 - Updater called before beeing initialized
2024-07-30 10:51:37,985 [INFO] DbMcusAds:53 - JSON generation date=Thu May 16 06:22:01 BRT 2024 (1715851321109)
2024-07-30 10:51:37,985 [FATAL] Updater:308 - Updater called before beeing initialized
2024-07-30 10:51:38,083 [WARN] DetailPanel:346 - Failed to get advertising image, set to default
2024-07-30 10:51:38,195 [FATAL] Updater:308 - Updater called before beeing initialized
2024-07-30 10:51:38,197 [FATAL] Updater:308 - Updater called before beeing initialized
2024-07-30 10:51:38,197 [FATAL] Updater:308 - Updater called before beeing initialized
2024-07-30 10:51:38,197 [WARN] DetailPanel:346 - Failed to get advertising image, set to default
2024-07-30 10:51:38,198 [FATAL] Updater:308 - Updater called before beeing initialized
2024-07-30 10:51:38,275 [ERROR] Updater:1120 - MainUpdater not yet initialized. External WinMGr cannot be set.
2024-07-30 10:51:38,288 [INFO] Updater:1056 - Updater Version found : 6.11.1
2024-07-30 10:51:38,307 [INFO] ApplicationProperties:184 - Using Application install path: C:\ST\STM32CubeIDE_1.15.1\STM32CubeIDE\plugins\com.st.stm32cube.common.mx_6.11.1.202404110753
2024-07-30 10:51:39,889 [ERROR] LogOutputStream:75 - [STDERR_REDIRECT] Jul 30, 2024 10:51:39 AM java.util.prefs.WindowsPreferences <init>
2024-07-30 10:51:39,891 [ERROR] LogOutputStream:75 - [STDERR_REDIRECT] WARNING: Could not open/create prefs root node Software\JavaSoft\Prefs at root 0xffffffff80000002. Windows RegCreateKeyEx(...) returned error code 5.
2024-07-30 10:51:39,891 [ERROR] LogOutputStream:75 - [STDERR_REDIRECT] 
2024-07-30 10:51:40,207 [INFO] MainUpdater:2873 - connection check result : 10
2024-07-30 10:51:40,208 [INFO] MainUpdater:290 - Updater Check For Update Now.
2024-07-30 10:51:40,208 [INFO] MicroXplorer:498 - Change Database Version : DB.6.0.111
2024-07-30 10:51:40,226 [INFO] McuFinderGlobals:63 - Set McuFinder mode to 2 (CubeIDE integrated)
2024-07-30 10:51:40,238 [INFO] UserAuth:415 - Internet connection configuration mode: 1
2024-07-30 10:51:40,263 [INFO] JxBrowserEngine:152 - Initiate JxBrowser Engine with user profile folder
2024-07-30 10:51:40,532 [INFO] CheckServerUpdateThread:120 - End of CheckServer Thread
2024-07-30 10:51:40,916 [WARN] PackLoader:240 - Cannot read IP mode file for STMicroelectronics.FP-SNS-MOTENVWB1.1.4.0
2024-07-30 10:51:40,941 [WARN] PackLoader:240 - Cannot read IP mode file for STMicroelectronics.X-CUBE-SMBUS.2.1.0
2024-07-30 10:51:40,957 [WARN] PackLoader:240 - Cannot read IP mode file for STMicroelectronics.X-CUBE-TOUCHGFX.4.23.2
2024-07-30 10:51:41,010 [WARN] PackLoader:240 - Cannot read IP mode file for STMicroelectronics.X-CUBE-AZRTOS-F7.1.1.0
2024-07-30 10:51:41,043 [WARN] PackLoader:240 - Cannot read IP mode file for STMicroelectronics.FP-SNS-FLIGHT1.5.0.2
2024-07-30 10:51:41,065 [WARN] PackLoader:240 - Cannot read IP mode file for STMicroelectronics.X-CUBE-DISPLAY.3.0.0
2024-07-30 10:51:41,107 [WARN] PackLoader:240 - Cannot read IP mode file for STMicroelectronics.X-CUBE-BLE1.7.0.0
2024-07-30 10:51:41,140 [WARN] PackLoader:240 - Cannot read IP mode file for emotas.I-CUBE-CANOPEN.1.3.0
2024-07-30 10:51:41,176 [WARN] PackLoader:240 - Cannot read IP mode file for STMicroelectronics.X-CUBE-BLEMGR.3.1.0
2024-07-30 10:51:41,216 [WARN] PackLoader:240 - Cannot read IP mode file for STMicroelectronics.FP-SNS-SMARTAG2.1.2.0
2024-07-30 10:51:41,242 [INFO] LogOutputStream:77 - [STDOUT_REDIRECT] 1 : Invalid condition id : UX_CORESTACK_Condition cause : null
2024-07-30 10:51:41,242 [INFO] LogOutputStream:77 - [STDOUT_REDIRECT] 1 : Invalid condition id : UX_CORESTACK_Condition cause : null
2024-07-30 10:51:41,255 [INFO] LogOutputStream:77 - [STDOUT_REDIRECT] 1 : Invalid condition id : UX_CORESTACK_Condition cause : null
2024-07-30 10:51:41,256 [INFO] LogOutputStream:77 - [STDOUT_REDIRECT] 1 : Invalid condition id : UX_CORESTACK_Condition cause : null
2024-07-30 10:51:41,258 [INFO] LogOutputStream:77 - [STDOUT_REDIRECT] 1 : Invalid condition id : UX_CORESTACK_Condition cause : null
2024-07-30 10:51:41,262 [WARN] PackLoader:240 - Cannot read IP mode file for STMicroelectronics.X-CUBE-AZRTOS-WL.2.0.0
2024-07-30 10:51:41,280 [WARN] PackLoader:240 - Cannot read IP mode file for STMicroelectronics.FP-SNS-MOTENV1.5.0.0
2024-07-30 10:51:41,302 [WARN] PackLoader:240 - Cannot read IP mode file for wolfSSL.I-CUBE-wolfMQTT.1.19.0
2024-07-30 10:51:41,322 [WARN] PackLoader:240 - Cannot read IP mode file for WES.I-CUBE-Cesium.1.3.0
2024-07-30 10:51:41,342 [WARN] PackLoader:240 - Cannot read IP mode file for STMicroelectronics.X-CUBE-BLE2.3.3.0
2024-07-30 10:51:41,357 [WARN] PackLoader:240 - Cannot read IP mode file for STMicroelectronics.X-CUBE-TCPP.4.1.0
2024-07-30 10:51:41,414 [WARN] PackLoader:240 - Cannot read IP mode file for STMicroelectronics.X-CUBE-AZRTOS-G0.1.1.0
2024-07-30 10:51:41,446 [WARN] PackLoader:240 - Cannot read IP mode file for STMicroelectronics.X-CUBE-SAFEA1.1.2.2
2024-07-30 10:51:41,489 [WARN] PackLoader:240 - Cannot read IP mode file for STMicroelectronics.X-CUBE-NFC4.3.0.0
2024-07-30 10:51:41,509 [WARN] PackLoader:240 - Cannot read IP mode file for wolfSSL.I-CUBE-wolfMQTT.1.18.0
2024-07-30 10:51:41,529 [WARN] PackLoader:240 - Cannot read IP mode file for EmbeddedOffice.I-CUBE-FS-RTOS.1.0.1
2024-07-30 10:51:41,529 [ERROR] ConditionMgr:805 - Attr not supported : Dmpu
2024-07-30 10:51:41,529 [ERROR] ConditionMgr:805 - Attr not supported : Dmpu
2024-07-30 10:51:41,529 [ERROR] ConditionMgr:805 - Attr not supported : Dmpu
2024-07-30 10:51:41,530 [ERROR] ConditionMgr:805 - Attr not supported : Dmpu
2024-07-30 10:51:41,530 [ERROR] ConditionMgr:805 - Attr not supported : Dmpu
2024-07-30 10:51:41,530 [ERROR] ConditionMgr:805 - Attr not supported : Dmpu
2024-07-30 10:51:41,530 [ERROR] ConditionMgr:805 - Attr not supported : Dmpu
2024-07-30 10:51:41,530 [ERROR] ConditionMgr:805 - Attr not supported : Dmpu
2024-07-30 10:51:41,530 [ERROR] ConditionMgr:805 - Attr not supported : Dmpu
2024-07-30 10:51:41,530 [ERROR] ConditionMgr:805 - Attr not supported : Dmpu
2024-07-30 10:51:41,530 [ERROR] ConditionMgr:805 - Attr not supported : Dmpu
2024-07-30 10:51:41,530 [ERROR] ConditionMgr:805 - Attr not supported : Dmpu
2024-07-30 10:51:41,530 [ERROR] ConditionMgr:805 - Attr not supported : Dmpu
2024-07-30 10:51:41,530 [ERROR] ConditionMgr:805 - Attr not supported : Dmpu
2024-07-30 10:51:41,530 [ERROR] ConditionMgr:805 - Attr not supported : Dmpu
2024-07-30 10:51:41,530 [ERROR] ConditionMgr:805 - Attr not supported : Dmpu
2024-07-30 10:51:41,531 [ERROR] ConditionMgr:805 - Attr not supported : Dmpu
2024-07-30 10:51:41,531 [ERROR] ConditionMgr:805 - Attr not supported : Dmpu
2024-07-30 10:51:41,531 [ERROR] ConditionMgr:805 - Attr not supported : Dmpu
2024-07-30 10:51:41,531 [ERROR] ConditionMgr:805 - Attr not supported : Dmpu
2024-07-30 10:51:41,531 [ERROR] ConditionMgr:805 - Attr not supported : Dmpu
2024-07-30 10:51:41,531 [ERROR] ConditionMgr:805 - Attr not supported : Dmpu
2024-07-30 10:51:41,531 [ERROR] ConditionMgr:805 - Attr not supported : Dmpu
2024-07-30 10:51:41,531 [ERROR] ConditionMgr:805 - Attr not supported : Dmpu
2024-07-30 10:51:41,531 [ERROR] ConditionMgr:805 - Attr not supported : Dmpu
2024-07-30 10:51:41,531 [ERROR] ConditionMgr:805 - Attr not supported : Dmpu
2024-07-30 10:51:41,531 [ERROR] ConditionMgr:805 - Attr not supported : Dmpu
2024-07-30 10:51:41,531 [ERROR] ConditionMgr:805 - Attr not supported : Dmpu
2024-07-30 10:51:41,532 [ERROR] ConditionMgr:805 - Attr not supported : Dmpu
2024-07-30 10:51:41,532 [ERROR] ConditionMgr:805 - Attr not supported : Dmpu
2024-07-30 10:51:41,532 [ERROR] ConditionMgr:805 - Attr not supported : Dmpu
2024-07-30 10:51:41,532 [ERROR] ConditionMgr:805 - Attr not supported : Dmpu
2024-07-30 10:51:41,532 [ERROR] ConditionMgr:805 - Attr not supported : Dmpu
2024-07-30 10:51:41,532 [ERROR] ConditionMgr:805 - Attr not supported : Dmpu
2024-07-30 10:51:41,532 [ERROR] ConditionMgr:805 - Attr not supported : Dmpu
2024-07-30 10:51:41,532 [ERROR] ConditionMgr:805 - Attr not supported : Dmpu
2024-07-30 10:51:41,532 [ERROR] ConditionMgr:805 - Attr not supported : Dmpu
2024-07-30 10:51:41,532 [ERROR] ConditionMgr:805 - Attr not supported : Dmpu
2024-07-30 10:51:41,534 [ERROR] ConditionMgr:805 - Attr not supported : Dmpu
2024-07-30 10:51:41,539 [ERROR] ConditionMgr:805 - Attr not supported : Dmpu
2024-07-30 10:51:41,546 [ERROR] ConditionMgr:805 - Attr not supported : Dmpu
2024-07-30 10:51:41,546 [ERROR] ConditionMgr:805 - Attr not supported : Dmpu
2024-07-30 10:51:41,546 [ERROR] ConditionMgr:805 - Attr not supported : Dmpu
2024-07-30 10:51:41,546 [ERROR] ConditionMgr:805 - Attr not supported : Dmpu
2024-07-30 10:51:41,546 [ERROR] ConditionMgr:805 - Attr not supported : Dmpu
2024-07-30 10:51:41,546 [ERROR] ConditionMgr:805 - Attr not supported : Dmpu
2024-07-30 10:51:41,547 [ERROR] ConditionMgr:805 - Attr not supported : Dmpu
2024-07-30 10:51:41,547 [ERROR] ConditionMgr:805 - Attr not supported : Dmpu
2024-07-30 10:51:41,547 [ERROR] ConditionMgr:805 - Attr not supported : Dmpu
2024-07-30 10:51:41,547 [ERROR] ConditionMgr:805 - Attr not supported : Dmpu
2024-07-30 10:51:41,547 [ERROR] ConditionMgr:805 - Attr not supported : Dmpu
2024-07-30 10:51:41,547 [ERROR] ConditionMgr:805 - Attr not supported : Dmpu
2024-07-30 10:51:41,547 [ERROR] ConditionMgr:805 - Attr not supported : Dmpu
2024-07-30 10:51:41,547 [ERROR] ConditionMgr:805 - Attr not supported : Dmpu
2024-07-30 10:51:41,547 [ERROR] ConditionMgr:805 - Attr not supported : Dmpu
2024-07-30 10:51:41,547 [ERROR] ConditionMgr:805 - Attr not supported : Dmpu
2024-07-30 10:51:41,547 [ERROR] ConditionMgr:805 - Attr not supported : Dmpu
2024-07-30 10:51:41,548 [ERROR] ConditionMgr:805 - Attr not supported : Dmpu
2024-07-30 10:51:41,548 [ERROR] ConditionMgr:805 - Attr not supported : Dmpu
2024-07-30 10:51:41,548 [ERROR] ConditionMgr:805 - Attr not supported : Dmpu
2024-07-30 10:51:41,548 [ERROR] ConditionMgr:805 - Attr not supported : Dmpu
2024-07-30 10:51:41,548 [ERROR] ConditionMgr:805 - Attr not supported : Dmpu
2024-07-30 10:51:41,548 [ERROR] ConditionMgr:805 - Attr not supported : Dmpu
2024-07-30 10:51:41,548 [ERROR] ConditionMgr:805 - Attr not supported : Dmpu
2024-07-30 10:51:41,574 [WARN] PackLoader:240 - Cannot read IP mode file for RealThread.X-CUBE-RT-Thread_Nano.4.1.1
2024-07-30 10:51:41,589 [WARN] PackLoader:240 - Cannot read IP mode file for wolfSSL.I-CUBE-wolfSSL.5.7.0
2024-07-30 10:51:41,703 [WARN] PackLoader:240 - Cannot read IP mode file for STMicroelectronics.FP-ATR-SIGFOX1.3.2.0
2024-07-30 10:51:41,758 [WARN] PackLoader:240 - Cannot read IP mode file for STMicroelectronics.X-CUBE-EEPRMA1.5.1.0
2024-07-30 10:51:41,810 [WARN] PackLoader:240 - Cannot read IP mode file for ITTIA_DB.I-CUBE-ITTIADB.8.9.0
2024-07-30 10:51:41,904 [WARN] PackLoader:240 - Cannot read IP mode file for SEGGER.I-CUBE-embOS.1.3.1
2024-07-30 10:51:42,038 [WARN] PackLoader:240 - Cannot read IP mode file for STMicroelectronics.X-CUBE-ALGOBUILD.1.4.0
2024-07-30 10:51:42,058 [WARN] PackLoader:240 - Cannot read IP mode file for STMicroelectronics.X-CUBE-GNSS1.6.0.0
2024-07-30 10:51:42,108 [WARN] PackLoader:240 - Cannot read IP mode file for STMicroelectronics.X-CUBE-AZRTOS-F4.1.1.0
2024-07-30 10:51:42,139 [WARN] PackLoader:240 - Cannot read IP mode file for STMicroelectronics.X-CUBE-FREERTOS.1.2.0
2024-07-30 10:51:42,176 [WARN] PackLoader:240 - Cannot read IP mode file for STMicroelectronics.X-CUBE-AZRTOS-L5.2.0.0
2024-07-30 10:51:42,207 [WARN] PackLoader:240 - Cannot read IP mode file for STMicroelectronics.X-CUBE-NFC6.3.1.0
2024-07-30 10:51:42,225 [WARN] PackLoader:240 - Cannot read IP mode file for STMicroelectronics.X-CUBE-DPower.1.2.0
2024-07-30 10:51:42,239 [WARN] PackLoader:240 - Cannot read IP mode file for STMicroelectronics.X-CUBE-AI.9.0.0
2024-07-30 10:51:42,254 [WARN] PackLoader:240 - Cannot read IP mode file for STMicroelectronics.X-CUBE-NFC7.1.0.1
2024-07-30 10:51:42,282 [WARN] PackLoader:240 - Cannot read IP mode file for wolfSSL.I-CUBE-wolfTPM.3.2.0
2024-07-30 10:51:42,320 [WARN] ConditionMgr:438 - getConditionDescription Invalid condition id : LAN8742 Phy interface Condition cause : null
2024-07-30 10:51:42,321 [WARN] PackLoader:240 - Cannot read IP mode file for STMicroelectronics.X-CUBE-AZRTOS-L4.2.0.0
2024-07-30 10:51:42,323 [WARN] ConditionMgr:1039 - genDependencies : Invalid condition id : LAN8742 Phy interface Condition cause : null
2024-07-30 10:51:42,323 [WARN] ConditionMgr:1039 - genDependencies : Invalid condition id : LAN8742 Phy interface Condition cause : null
2024-07-30 10:51:42,324 [WARN] ConditionMgr:1039 - genDependencies : Invalid condition id : LAN8742 Phy interface Condition cause : null
2024-07-30 10:51:42,347 [WARN] PackLoader:240 - Cannot read IP mode file for STMicroelectronics.X-CUBE-SFXS2LP1.4.0.0
2024-07-30 10:51:42,403 [WARN] ConditionMgr:438 - getConditionDescription Invalid condition id : UX DEVICE CLASS RTOS Condition cause : null
2024-07-30 10:51:42,404 [WARN] ConditionMgr:438 - getConditionDescription Invalid condition id : UX DEVICE CLASS RTOS Condition cause : null
2024-07-30 10:51:42,406 [WARN] PackLoader:240 - Cannot read IP mode file for STMicroelectronics.X-CUBE-AZRTOS-WB.2.0.0
2024-07-30 10:51:42,407 [WARN] ConditionMgr:1039 - genDependencies : Invalid condition id : UX DEVICE CLASS RTOS Condition cause : null
2024-07-30 10:51:42,407 [WARN] ConditionMgr:1039 - genDependencies : Invalid condition id : UX DEVICE CLASS RTOS Condition cause : null
2024-07-30 10:51:42,408 [WARN] ConditionMgr:1039 - genDependencies : Invalid condition id : UX DEVICE CLASS RTOS Condition cause : null
2024-07-30 10:51:42,408 [WARN] ConditionMgr:1039 - genDependencies : Invalid condition id : UX DEVICE CLASS RTOS Condition cause : null
2024-07-30 10:51:42,408 [WARN] ConditionMgr:1039 - genDependencies : Invalid condition id : UX DEVICE CLASS RTOS Condition cause : null
2024-07-30 10:51:42,433 [WARN] PackLoader:240 - Cannot read IP mode file for STMicroelectronics.FP-SNS-STBOX1.2.0.0
2024-07-30 10:51:42,475 [WARN] PackLoader:240 - Cannot read IP mode file for STMicroelectronics.X-CUBE-SUBG2.5.0.0
2024-07-30 10:51:42,642 [WARN] PackLoader:240 - Cannot read IP mode file for STMicroelectronics.X-CUBE-AZRTOS-G4.2.0.0
2024-07-30 10:51:42,721 [WARN] PackLoader:240 - Cannot read IP mode file for STMicroelectronics.X-CUBE-ISPU.2.0.0
2024-07-30 10:51:42,762 [WARN] PackLoader:240 - Cannot read IP mode file for STMicroelectronics.X-CUBE-ALS.1.0.2
2024-07-30 10:51:42,872 [WARN] PackLoader:240 - Cannot read IP mode file for STMicroelectronics.X-CUBE-MEMS1.10.0.0
2024-07-30 10:51:43,404 [WARN] PackLoader:240 - Cannot read IP mode file for STMicroelectronics.X-CUBE-TOUCHGFX.4.24.0
2024-07-30 10:51:43,443 [WARN] PackLoader:240 - Cannot read IP mode file for portGmbH.I-Cube-SoM-uGOAL.1.1.0
2024-07-30 10:51:43,505 [WARN] PackLoader:240 - Cannot read IP mode file for STMicroelectronics.X-CUBE-ALS.1.0.1
2024-07-30 10:51:43,557 [WARN] PackLoader:240 - Cannot read IP mode file for STMicroelectronics.X-CUBE-AZRTOS-H7RS.1.0.0
2024-07-30 10:51:43,596 [WARN] PackLoader:240 - Cannot read IP mode file for STMicroelectronics.FP-ATR-ASTRA1.2.0.0
2024-07-30 10:51:43,629 [WARN] PackLoader:240 - Cannot read IP mode file for STMicroelectronics.X-CUBE-TOF1.3.4.2
2024-07-30 10:51:43,717 [WARN] PackLoader:240 - Cannot read IP mode file for STMicroelectronics.X-CUBE-TOF1.3.4.1
2024-07-30 10:51:43,771 [WARN] PackLoader:240 - Cannot read IP mode file for STMicroelectronics.X-CUBE-AZRTOS-H7.3.2.0
2024-07-30 10:51:43,808 [WARN] PackLoader:240 - Cannot read IP mode file for Infineon.AIROC-Wi-Fi-Bluetooth-STM32.1.6.0
2024-07-30 10:51:43,833 [WARN] PackLoader:240 - Cannot read IP mode file for wolfSSL.I-CUBE-wolfSSH.1.4.17
2024-07-30 10:51:43,834 [INFO] ThirdParty:978 - Integrity check success = true
2024-07-30 10:51:43,834 [INFO] IntegrityCheckThread:100 - exiting critical section [integrity check]
2024-07-30 10:51:43,834 [INFO] IntegrityCheckThread:103 - End integrity checks thread
2024-07-30 10:51:47,668 [INFO] WebApp:161 - Instantiating new browser for Auth
2024-07-30 10:51:48,371 [INFO] WebApp:779 - Register for checkConnection events
2024-07-30 10:51:48,371 [INFO] WebApp:414 - Apply proxy settings
2024-07-30 10:51:48,371 [INFO] WebApp:499 - Chromium requires no authentication
2024-07-30 10:51:48,380 [INFO] WebApp:442 - Direct internet connection detected
2024-07-30 10:51:48,692 [INFO] WebApp:192 - Starting web application
2024-07-30 10:51:48,692 [INFO] WebApp:544 - Web application path used C:\ST\STM32CubeIDE_1.15.1\STM32CubeIDE\plugins\com.st.stm32cube.common.mx_6.11.1.202404110753\db\plugins\mcufinder\reactClient1\index.html
2024-07-30 20:04:03,201 [ERROR] ConfigurationRetriever:142 - IOException on connection: Read timed out
2024-07-30 20:04:06,106 [ERROR] ConfigurationRetriever:142 - IOException on connection: Read timed out
2024-07-30 20:06:13,325 [ERROR] ConfigurationRetriever:142 - IOException on connection: Read timed out
2024-07-30 21:27:37,549 [ERROR] LogOutputStream:75 - [STDERR_REDIRECT] 
2024-07-30 21:27:37,549 [ERROR] LogOutputStream:75 - [STDERR_REDIRECT] 
