2024-10-03 17:50:33,158 [INFO] Activator:176 - 


2024-10-03 17:50:33,239 [INFO] Activator:177 - !SESSION log4j initialized
2024-10-03 17:50:40,125 [INFO] LogOutputStream:77 - [STDOUT_REDIRECT] 
2024-10-03 17:50:44,211 [INFO] ApplicationProperties:184 - Using Application install path: C:\ST\STM32CubeIDE_1.15.1\STM32CubeIDE\plugins\com.st.stm32cube.common.mx_6.11.1.202404110753
2024-10-03 17:50:44,240 [INFO] DbMcusXml:78 - Set database path to: C:\ST\STM32CubeIDE_1.15.1\STM32CubeIDE\plugins\com.st.stm32cube.common.mx_6.11.1.202404110753\\db\/mcu/
2024-10-03 17:50:44,241 [INFO] ApiDb:274 - Set plugin database path to: C:\ST\STM32CubeIDE_1.15.1\STM32CubeIDE\plugins\com.st.stm32cube.common.mx_6.11.1.202404110753\\db\/plugins/boardmanager/
2024-10-03 17:50:44,242 [WARN] ApiDb:259 - Overriding images path with different value:  => C:\ST\STM32CubeIDE_1.15.1\STM32CubeIDE\plugins\com.st.stm32cube.common.mx_6.11.1.202404110753\\db\/plugins/mcufinder/images/
2024-10-03 17:50:44,260 [INFO] ApiDb:250 - Set database path to: C:\Users\Matheus Markies\.stmcufinder\plugins\mcufinder//mcu/
2024-10-03 17:50:44,262 [INFO] DbMcusAds:125 - Set database path to: C:\Users\Matheus Markies\.stmcufinder\plugins\mcufinder//mcu/
2024-10-03 17:50:44,265 [INFO] CrossReferenceDbSqlite:203 - Set database path to: C:\Users\Matheus Markies\.stmcufinder\plugins\mcufinder//mcu/cs/
2024-10-03 17:50:44,451 [INFO] RulesReader:64 - Compatibility file has been processed (297 Rules)
2024-10-03 17:50:44,778 [INFO] DbMcusXml:78 - Set database path to: C:\ST\STM32CubeIDE_1.15.1\STM32CubeIDE\plugins\com.st.stm32cube.common.mx_6.11.1.202404110753\\db\/mcu/
2024-10-03 17:50:44,778 [INFO] ApiDb:274 - Set plugin database path to: C:\ST\STM32CubeIDE_1.15.1\STM32CubeIDE\plugins\com.st.stm32cube.common.mx_6.11.1.202404110753\\db\/plugins/boardmanager/
2024-10-03 17:50:44,779 [INFO] ApiDb:261 - Set plugin images path to: C:\ST\STM32CubeIDE_1.15.1\STM32CubeIDE\plugins\com.st.stm32cube.common.mx_6.11.1.202404110753\\db\/plugins/mcufinder/images/
2024-10-03 17:50:44,779 [WARN] DbFile:41 - Overriding database path with different value: C:\Users\Matheus Markies\.stmcufinder\plugins\mcufinder/ => C:\Users\Matheus Markies\.stmcufinder\plugins\mcufinder
2024-10-03 17:50:44,780 [INFO] ApiDb:250 - Set database path to: C:\Users\Matheus Markies\.stmcufinder\plugins\mcufinder//mcu/
2024-10-03 17:50:44,780 [WARN] DbFile:41 - Overriding database path with different value: C:\Users\Matheus Markies\.stmcufinder\plugins\mcufinder/ => C:\Users\Matheus Markies\.stmcufinder\plugins\mcufinder
2024-10-03 17:50:44,780 [INFO] DbMcusAds:125 - Set database path to: C:\Users\Matheus Markies\.stmcufinder\plugins\mcufinder//mcu/
2024-10-03 17:50:44,780 [WARN] DbFile:41 - Overriding database path with different value: C:\Users\Matheus Markies\.stmcufinder\plugins\mcufinder/ => C:\Users\Matheus Markies\.stmcufinder\plugins\mcufinder
2024-10-03 17:50:44,780 [WARN] DbFile:41 - Overriding database path with different value: C:\Users\Matheus Markies\.stmcufinder\plugins\mcufinder/ => C:\Users\Matheus Markies\.stmcufinder\plugins\mcufinder
2024-10-03 17:50:44,780 [INFO] CrossReferenceDbSqlite:203 - Set database path to: C:\Users\Matheus Markies\.stmcufinder\plugins\mcufinder//mcu/cs/
2024-10-03 17:50:44,920 [INFO] MainPanel:264 - HeapMemory: 268435456
2024-10-03 17:50:45,078 [INFO] DbMcusXml:78 - Set database path to: C:\ST\STM32CubeIDE_1.15.1\STM32CubeIDE\plugins\com.st.stm32cube.common.mx_6.11.1.202404110753\\db\/mcu/
2024-10-03 17:50:45,079 [INFO] ApiDb:274 - Set plugin database path to: C:\ST\STM32CubeIDE_1.15.1\STM32CubeIDE\plugins\com.st.stm32cube.common.mx_6.11.1.202404110753\\db\/plugins/boardmanager/
2024-10-03 17:50:45,079 [INFO] ApiDb:261 - Set plugin images path to: C:\ST\STM32CubeIDE_1.15.1\STM32CubeIDE\plugins\com.st.stm32cube.common.mx_6.11.1.202404110753\\db\/plugins/mcufinder/images/
2024-10-03 17:50:45,079 [WARN] DbFile:41 - Overriding database path with different value: C:\Users\Matheus Markies\.stmcufinder\plugins\mcufinder/ => C:\Users\Matheus Markies\.stmcufinder\plugins\mcufinder
2024-10-03 17:50:45,079 [INFO] ApiDb:250 - Set database path to: C:\Users\Matheus Markies\.stmcufinder\plugins\mcufinder//mcu/
2024-10-03 17:50:45,079 [WARN] DbFile:41 - Overriding database path with different value: C:\Users\Matheus Markies\.stmcufinder\plugins\mcufinder/ => C:\Users\Matheus Markies\.stmcufinder\plugins\mcufinder
2024-10-03 17:50:45,080 [INFO] DbMcusAds:125 - Set database path to: C:\Users\Matheus Markies\.stmcufinder\plugins\mcufinder//mcu/
2024-10-03 17:50:45,080 [WARN] DbFile:41 - Overriding database path with different value: C:\Users\Matheus Markies\.stmcufinder\plugins\mcufinder/ => C:\Users\Matheus Markies\.stmcufinder\plugins\mcufinder
2024-10-03 17:50:45,080 [WARN] DbFile:41 - Overriding database path with different value: C:\Users\Matheus Markies\.stmcufinder\plugins\mcufinder/ => C:\Users\Matheus Markies\.stmcufinder\plugins\mcufinder
2024-10-03 17:50:45,080 [INFO] CrossReferenceDbSqlite:203 - Set database path to: C:\Users\Matheus Markies\.stmcufinder\plugins\mcufinder//mcu/cs/
2024-10-03 17:50:45,107 [INFO] ApplicationProperties:184 - Using Application install path: C:\ST\STM32CubeIDE_1.15.1\STM32CubeIDE\plugins\com.st.stm32cube.common.mx_6.11.1.202404110753
2024-10-03 17:50:45,109 [INFO] PluginManage:196 - Search for loadable plugins [exclusion list=, ]
2024-10-03 17:50:45,111 [INFO] PluginManage:310 - Check plugin analytics
2024-10-03 17:50:45,403 [INFO] AnalyticsPlugin:253 - Accepted Software Licenses: 
2024-10-03 17:50:45,403 [INFO] AnalyticsPlugin:255 - Accepted CMSIS Pack Licenses: 
2024-10-03 17:50:45,403 [INFO] AnalyticsPlugin:257 - Accepted Firmware Licenses: FW.F4.1.28.0
2024-10-03 17:50:45,405 [INFO] PluginManage:359 - Loaded plugin analytics (category:tool,tabindex:-1)
2024-10-03 17:50:45,406 [INFO] PluginManage:310 - Check plugin cadmodel
2024-10-03 17:50:45,429 [INFO] CADModel:105 - Init CAD model plugin
2024-10-03 17:50:45,429 [INFO] PluginManage:359 - Loaded plugin cadmodel (category:power,tabindex:5)
2024-10-03 17:50:45,429 [INFO] PluginManage:310 - Check plugin clock
2024-10-03 17:50:45,458 [INFO] PluginManage:359 - Loaded plugin clock (category:base,tabindex:2)
2024-10-03 17:50:45,459 [INFO] PluginManage:310 - Check plugin ddr
2024-10-03 17:50:45,462 [INFO] PluginManage:359 - Loaded plugin ddr (category:tool,tabindex:6)
2024-10-03 17:50:45,462 [INFO] PluginManage:310 - Check plugin filemanager
2024-10-03 17:50:45,658 [INFO] PluginManage:359 - Loaded plugin filemanager (category:base,tabindex:10)
2024-10-03 17:50:45,658 [INFO] PluginManage:310 - Check plugin ipmanager
2024-10-03 17:50:45,669 [INFO] PluginManage:359 - Loaded plugin ipmanager (category:base,tabindex:5)
2024-10-03 17:50:45,669 [INFO] PluginManage:310 - Check plugin lpbam
2024-10-03 17:50:45,692 [INFO] PluginManage:359 - Loaded plugin lpbam (category:base,tabindex:0)
2024-10-03 17:50:45,692 [INFO] PluginManage:310 - Check plugin memorymap
2024-10-03 17:50:45,726 [INFO] PluginManage:359 - Loaded plugin memorymap (category:base,tabindex:4)
2024-10-03 17:50:45,727 [INFO] PluginManage:310 - Check plugin pinoutandconfiguration
2024-10-03 17:50:45,750 [INFO] PluginManage:359 - Loaded plugin pinoutandconfiguration (category:base,tabindex:1)
2024-10-03 17:50:45,750 [INFO] PluginManage:310 - Check plugin pinoutconfig
2024-10-03 17:50:45,901 [WARN] SupportedApi:132 - Cannot load RTOS API schema: s4s-elt-must-match.1: The content of 'definitions' must match (annotation?, (simpleType | complexType)?, (unique | key | keyref)*)). A problem was found starting at: attribute.
2024-10-03 17:50:46,143 [INFO] PluginManage:359 - Loaded plugin pinoutconfig (category:base,tabindex:0)
2024-10-03 17:50:46,143 [INFO] PluginManage:310 - Check plugin power
2024-10-03 17:50:46,215 [INFO] PluginManage:359 - Loaded plugin power (category:power,tabindex:4)
2024-10-03 17:50:46,215 [INFO] PluginManage:310 - Check plugin projectmanager
2024-10-03 17:50:46,241 [INFO] PluginManage:359 - Loaded plugin projectmanager (category:projectmanager,tabindex:3)
2024-10-03 17:50:46,241 [INFO] PluginManage:310 - Check plugin thirdparty
2024-10-03 17:50:46,760 [INFO] PluginManage:359 - Loaded plugin thirdparty (category:base,tabindex:-1)
2024-10-03 17:50:46,760 [INFO] PluginManage:310 - Check plugin tools
2024-10-03 17:50:46,760 [WARN] IntegrityCheckThread:84 - waiting for thirdparty lock release [integrity check]
2024-10-03 17:50:46,761 [INFO] IntegrityCheckThread:86 - entering critical section [integrity check]
2024-10-03 17:50:46,761 [INFO] ThirdPartyUpdaterWithRetryManager:70 - Updater plugin not ready yet. [1/15]
2024-10-03 17:50:46,803 [INFO] PluginManage:359 - Loaded plugin tools (category:base,tabindex:7)
2024-10-03 17:50:46,803 [INFO] PluginManage:310 - Check plugin tutovideos
2024-10-03 17:50:47,168 [INFO] PluginManage:359 - Loaded plugin tutovideos (category:base,tabindex:-1)
2024-10-03 17:50:47,169 [INFO] PluginManage:310 - Check plugin updater
2024-10-03 17:50:47,189 [INFO] PluginManage:359 - Loaded plugin updater (category:base,tabindex:12)
2024-10-03 17:50:47,189 [INFO] PluginManage:310 - Check plugin userauth
2024-10-03 17:50:47,196 [INFO] UserAuth:114 - Init User Auth plugin
2024-10-03 17:50:47,196 [INFO] PluginManage:359 - Loaded plugin userauth (category:base,tabindex:14)
2024-10-03 17:50:47,197 [INFO] PluginManage:283 - PluginManage : Loaded plugins [17]
2024-10-03 17:50:47,728 [INFO] PinOutPanel:1561 - setPackage(No Configuration,No Configuration)
2024-10-03 17:50:47,889 [INFO] CADModel:165 - CPN selected for project level
2024-10-03 17:50:47,890 [INFO] CADModel:114 - Register for checkConnection events
2024-10-03 17:50:47,927 [INFO] IPUIPlugin:80 - create IPUIPlugin
2024-10-03 17:50:47,927 [INFO] PluginManager:220 - loadIPPluginJar : add adc
2024-10-03 17:50:47,991 [INFO] IPUIPlugin:80 - create IPUIPlugin
2024-10-03 17:50:47,991 [INFO] PluginManager:220 - loadIPPluginJar : add aes
2024-10-03 17:50:48,176 [INFO] IPUIPlugin:80 - create IPUIPlugin
2024-10-03 17:50:48,176 [INFO] PluginManager:220 - loadIPPluginJar : add can
2024-10-03 17:50:48,211 [INFO] IPUIPlugin:80 - create IPUIPlugin
2024-10-03 17:50:48,212 [INFO] PluginManager:220 - loadIPPluginJar : add comp
2024-10-03 17:50:48,297 [INFO] IPUIPlugin:80 - create IPUIPlugin
2024-10-03 17:50:48,297 [INFO] PluginManager:220 - loadIPPluginJar : add cryp
2024-10-03 17:50:48,378 [INFO] IPUIPlugin:80 - create IPUIPlugin
2024-10-03 17:50:48,379 [INFO] PluginManager:220 - loadIPPluginJar : add dfsdm
2024-10-03 17:50:48,397 [INFO] IPUIPlugin:80 - create IPUIPlugin
2024-10-03 17:50:48,398 [INFO] PluginManager:220 - loadIPPluginJar : add dma
2024-10-03 17:50:48,564 [INFO] IPUIPlugin:80 - create IPUIPlugin
2024-10-03 17:50:48,565 [INFO] PluginManager:220 - loadIPPluginJar : add dma3
2024-10-03 17:50:48,660 [INFO] IPUIPlugin:80 - create IPUIPlugin
2024-10-03 17:50:48,660 [INFO] PluginManager:220 - loadIPPluginJar : add extmemmanager
2024-10-03 17:50:48,790 [INFO] IPUIPlugin:80 - create IPUIPlugin
2024-10-03 17:50:48,791 [INFO] PluginManager:220 - loadIPPluginJar : add fatfs
2024-10-03 17:50:48,886 [INFO] IPUIPlugin:80 - create IPUIPlugin
2024-10-03 17:50:48,886 [INFO] PluginManager:220 - loadIPPluginJar : add fmc
2024-10-03 17:50:48,911 [INFO] IPUIPlugin:80 - create IPUIPlugin
2024-10-03 17:50:48,912 [INFO] PluginManager:220 - loadIPPluginJar : add freertos
2024-10-03 17:50:48,947 [INFO] IPUIPlugin:80 - create IPUIPlugin
2024-10-03 17:50:48,948 [INFO] PluginManager:220 - loadIPPluginJar : add genericplugin
2024-10-03 17:50:49,269 [INFO] IPUIPlugin:80 - create IPUIPlugin
2024-10-03 17:50:49,269 [INFO] PluginManager:220 - loadIPPluginJar : add gfxmmu
2024-10-03 17:50:49,523 [INFO] IPUIPlugin:80 - create IPUIPlugin
2024-10-03 17:50:49,523 [INFO] PluginManager:220 - loadIPPluginJar : add gic
2024-10-03 17:50:49,541 [INFO] IPUIPlugin:80 - create IPUIPlugin
2024-10-03 17:50:49,541 [INFO] PluginManager:220 - loadIPPluginJar : add gpio
2024-10-03 17:50:49,678 [INFO] IPUIPlugin:80 - create IPUIPlugin
2024-10-03 17:50:49,678 [INFO] PluginManager:220 - loadIPPluginJar : add gtzc
2024-10-03 17:50:49,734 [INFO] IPUIPlugin:80 - create IPUIPlugin
2024-10-03 17:50:49,734 [INFO] PluginManager:220 - loadIPPluginJar : add hash
2024-10-03 17:50:49,763 [INFO] ThirdPartyUpdaterWithRetryManager:70 - Updater plugin not ready yet. [2/15]
2024-10-03 17:50:49,823 [INFO] IPUIPlugin:80 - create IPUIPlugin
2024-10-03 17:50:49,823 [INFO] PluginManager:220 - loadIPPluginJar : add i2c
2024-10-03 17:50:49,876 [INFO] IPUIPlugin:80 - create IPUIPlugin
2024-10-03 17:50:49,878 [INFO] PluginManager:220 - loadIPPluginJar : add i2s
2024-10-03 17:50:49,933 [INFO] IPUIPlugin:80 - create IPUIPlugin
2024-10-03 17:50:49,933 [INFO] PluginManager:220 - loadIPPluginJar : add i3c
2024-10-03 17:50:50,076 [INFO] IPUIPlugin:80 - create IPUIPlugin
2024-10-03 17:50:50,076 [INFO] PluginManager:220 - loadIPPluginJar : add ipddr
2024-10-03 17:50:50,199 [INFO] IPUIPlugin:80 - create IPUIPlugin
2024-10-03 17:50:50,199 [INFO] PluginManager:220 - loadIPPluginJar : add linkedlist
2024-10-03 17:50:50,250 [INFO] IPUIPlugin:80 - create IPUIPlugin
2024-10-03 17:50:50,251 [INFO] PluginManager:220 - loadIPPluginJar : add lorawan
2024-10-03 17:50:50,414 [INFO] IPUIPlugin:80 - create IPUIPlugin
2024-10-03 17:50:50,414 [INFO] PluginManager:220 - loadIPPluginJar : add ltdc
2024-10-03 17:50:50,432 [INFO] IPUIPlugin:80 - create IPUIPlugin
2024-10-03 17:50:50,432 [INFO] PluginManager:220 - loadIPPluginJar : add mdma
2024-10-03 17:50:50,449 [INFO] IPUIPlugin:80 - create IPUIPlugin
2024-10-03 17:50:50,449 [INFO] PluginManager:220 - loadIPPluginJar : add nvic
2024-10-03 17:50:50,494 [INFO] IPUIPlugin:80 - create IPUIPlugin
2024-10-03 17:50:50,494 [INFO] PluginManager:220 - loadIPPluginJar : add opamp
2024-10-03 17:50:50,741 [INFO] IPUIPlugin:80 - create IPUIPlugin
2024-10-03 17:50:50,741 [INFO] PluginManager:220 - loadIPPluginJar : add openamp
2024-10-03 17:50:50,800 [INFO] IPUIPlugin:80 - create IPUIPlugin
2024-10-03 17:50:50,800 [INFO] PluginManager:220 - loadIPPluginJar : add pdm2pcm
2024-10-03 17:50:50,820 [INFO] IPUIPlugin:80 - create IPUIPlugin
2024-10-03 17:50:50,824 [INFO] PluginManager:220 - loadIPPluginJar : add plateformsettings
2024-10-03 17:50:50,873 [INFO] IPUIPlugin:80 - create IPUIPlugin
2024-10-03 17:50:50,874 [INFO] PluginManager:220 - loadIPPluginJar : add quadspi
2024-10-03 17:50:50,892 [INFO] IPUIPlugin:80 - create IPUIPlugin
2024-10-03 17:50:50,893 [INFO] PluginManager:220 - loadIPPluginJar : add resmgrutility
2024-10-03 17:50:50,960 [INFO] IPUIPlugin:80 - create IPUIPlugin
2024-10-03 17:50:50,961 [INFO] PluginManager:220 - loadIPPluginJar : add sai
2024-10-03 17:50:51,016 [INFO] IPUIPlugin:80 - create IPUIPlugin
2024-10-03 17:50:51,016 [INFO] PluginManager:220 - loadIPPluginJar : add spi
2024-10-03 17:50:51,118 [INFO] IPUIPlugin:80 - create IPUIPlugin
2024-10-03 17:50:51,118 [INFO] PluginManager:220 - loadIPPluginJar : add stm32_wpan
2024-10-03 17:50:51,681 [INFO] IPUIPlugin:80 - create IPUIPlugin
2024-10-03 17:50:51,682 [INFO] PluginManager:220 - loadIPPluginJar : add tim
2024-10-03 17:50:52,002 [INFO] IPUIPlugin:80 - create IPUIPlugin
2024-10-03 17:50:52,003 [INFO] PluginManager:220 - loadIPPluginJar : add touchsensing
2024-10-03 17:50:52,080 [INFO] IPUIPlugin:80 - create IPUIPlugin
2024-10-03 17:50:52,080 [INFO] PluginManager:220 - loadIPPluginJar : add tracer_emb
2024-10-03 17:50:52,304 [INFO] IPUIPlugin:80 - create IPUIPlugin
2024-10-03 17:50:52,305 [INFO] PluginManager:220 - loadIPPluginJar : add ts
2024-10-03 17:50:52,372 [INFO] IPUIPlugin:80 - create IPUIPlugin
2024-10-03 17:50:52,372 [INFO] PluginManager:220 - loadIPPluginJar : add tsc
2024-10-03 17:50:52,518 [INFO] IPUIPlugin:80 - create IPUIPlugin
2024-10-03 17:50:52,518 [INFO] PluginManager:220 - loadIPPluginJar : add ucpd
2024-10-03 17:50:52,613 [INFO] IPUIPlugin:80 - create IPUIPlugin
2024-10-03 17:50:52,613 [INFO] PluginManager:220 - loadIPPluginJar : add usart
2024-10-03 17:50:52,750 [INFO] IPUIPlugin:80 - create IPUIPlugin
2024-10-03 17:50:52,750 [INFO] PluginManager:220 - loadIPPluginJar : add usbx
2024-10-03 17:50:52,764 [INFO] ThirdPartyUpdaterWithRetryManager:70 - Updater plugin not ready yet. [3/15]
2024-10-03 17:50:52,916 [INFO] CADModel:165 - CPN selected for project level
2024-10-03 17:50:52,916 [INFO] CADModel:114 - Register for checkConnection events
2024-10-03 17:50:52,917 [FATAL] Updater:308 - Updater called before beeing initialized
2024-10-03 17:50:52,917 [ERROR] CADModel:125 - Updater not yet initialized, retry later 
2024-10-03 17:50:53,327 [INFO] CADModel:165 - CPN selected for project level
2024-10-03 17:50:53,327 [INFO] CADModel:114 - Register for checkConnection events
2024-10-03 17:50:53,328 [FATAL] Updater:308 - Updater called before beeing initialized
2024-10-03 17:50:53,328 [ERROR] CADModel:125 - Updater not yet initialized, retry later 
2024-10-03 17:50:53,336 [FATAL] Updater:308 - Updater called before beeing initialized
2024-10-03 17:50:53,593 [FATAL] Updater:308 - Updater called before beeing initialized
2024-10-03 17:50:53,605 [INFO] DbMcusAds:53 - JSON generation date=Thu May 16 06:22:01 BRT 2024 (1715851321109)
2024-10-03 17:50:53,605 [FATAL] Updater:308 - Updater called before beeing initialized
2024-10-03 17:50:53,711 [WARN] DetailPanel:346 - Failed to get advertising image, set to default
2024-10-03 17:50:53,830 [FATAL] Updater:308 - Updater called before beeing initialized
2024-10-03 17:50:53,833 [FATAL] Updater:308 - Updater called before beeing initialized
2024-10-03 17:50:53,833 [FATAL] Updater:308 - Updater called before beeing initialized
2024-10-03 17:50:53,833 [WARN] DetailPanel:346 - Failed to get advertising image, set to default
2024-10-03 17:50:53,834 [FATAL] Updater:308 - Updater called before beeing initialized
2024-10-03 17:50:53,908 [ERROR] Updater:1120 - MainUpdater not yet initialized. External WinMGr cannot be set.
2024-10-03 17:50:53,921 [INFO] Updater:1056 - Updater Version found : 6.11.1
2024-10-03 17:50:53,950 [INFO] ApplicationProperties:184 - Using Application install path: C:\ST\STM32CubeIDE_1.15.1\STM32CubeIDE\plugins\com.st.stm32cube.common.mx_6.11.1.202404110753
2024-10-03 17:50:55,615 [ERROR] LogOutputStream:75 - [STDERR_REDIRECT] Oct 03, 2024 5:50:55 PM java.util.prefs.WindowsPreferences <init>
2024-10-03 17:50:55,618 [ERROR] LogOutputStream:75 - [STDERR_REDIRECT] WARNING: Could not open/create prefs root node Software\JavaSoft\Prefs at root 0xffffffff80000002. Windows RegCreateKeyEx(...) returned error code 5.
2024-10-03 17:50:55,618 [ERROR] LogOutputStream:75 - [STDERR_REDIRECT] 
2024-10-03 17:50:55,766 [INFO] ThirdPartyUpdaterWithRetryManager:70 - Updater plugin not ready yet. [4/15]
2024-10-03 17:50:56,334 [INFO] MainUpdater:2873 - connection check result : 10
2024-10-03 17:50:56,335 [INFO] MainUpdater:3567 - Updater definition file requires update
2024-10-03 17:50:56,336 [INFO] MainUpdater:290 - Updater Check For Update Now.
2024-10-03 17:50:56,336 [INFO] MicroXplorer:498 - Change Database Version : DB.6.0.111
2024-10-03 17:50:56,370 [INFO] McuFinderGlobals:63 - Set McuFinder mode to 2 (CubeIDE integrated)
2024-10-03 17:50:56,385 [INFO] UserAuth:415 - Internet connection configuration mode: 1
2024-10-03 17:50:56,422 [INFO] JxBrowserEngine:152 - Initiate JxBrowser Engine with user profile folder
2024-10-03 17:50:56,442 [INFO] ServerAccessManage:473 - Download File updaters.zip
2024-10-03 17:50:56,553 [INFO] FileExtend:240 - Unzip File : updaters.zip
2024-10-03 17:50:56,553 [INFO] FileExtend:255 - Standard Zip Deflate
2024-10-03 17:50:57,544 [INFO] ServerAccessManage:473 - Download File PacksControlFlags.xml
2024-10-03 17:50:57,929 [INFO] ServerAccessManage:473 - Download File cubemx.pidx
2024-10-03 17:50:58,771 [WARN] MainUpdater:1194 - Updater busy. Cannot search thirdparties
2024-10-03 17:50:58,771 [INFO] ThirdPartyUpdaterWithRetryManager:96 - Updater plugin is busy. [1/15]
2024-10-03 17:50:58,843 [INFO] ServerAccessManage:473 - Download File STMicroelectronics.X-CUBE-AI.pdsc
2024-10-03 17:51:01,718 [INFO] ServerAccessManage:473 - Download File STMicroelectronics.X-CUBE-IPS.pdsc
2024-10-03 17:51:01,771 [WARN] MainUpdater:1194 - Updater busy. Cannot search thirdparties
2024-10-03 17:51:01,772 [INFO] ThirdPartyUpdaterWithRetryManager:96 - Updater plugin is busy. [2/15]
2024-10-03 17:51:03,414 [INFO] ServerAccessManage:473 - Download File STMicroelectronics.X-CUBE-NFC9.pdsc
2024-10-03 17:51:04,277 [INFO] ServerAccessManage:473 - Download File STMicroelectronics.X-CUBE-NFC10.pdsc
2024-10-03 17:51:04,773 [WARN] MainUpdater:1194 - Updater busy. Cannot search thirdparties
2024-10-03 17:51:04,773 [INFO] ThirdPartyUpdaterWithRetryManager:96 - Updater plugin is busy. [3/15]
2024-10-03 17:51:06,614 [INFO] ServerAccessManage:473 - Download File STMicroelectronics.X-CUBE-WB05N.pdsc
2024-10-03 17:51:07,655 [WARN] PackLoader:240 - Cannot read IP mode file for STMicroelectronics.X-CUBE-AI.9.1.0
2024-10-03 17:51:07,701 [WARN] PackLoader:240 - Cannot read IP mode file for STMicroelectronics.X-CUBE-IPS.3.0.0
2024-10-03 17:51:07,725 [WARN] PackLoader:240 - Cannot read IP mode file for STMicroelectronics.X-CUBE-NFC9.1.0.0
2024-10-03 17:51:07,786 [WARN] PackLoader:240 - Cannot read IP mode file for STMicroelectronics.X-CUBE-NFC10.1.0.0
2024-10-03 17:51:07,803 [WARN] PackLoader:240 - Cannot read IP mode file for STMicroelectronics.X-CUBE-WB05N.1.1.0
2024-10-03 17:51:07,807 [INFO] PopulateThirdPartyThread:66 - Ending populate Thread
2024-10-03 17:51:07,809 [WARN] MainUpdater:1194 - Updater busy. Cannot search thirdparties
2024-10-03 17:51:07,809 [INFO] ThirdPartyUpdaterWithRetryManager:96 - Updater plugin is busy. [4/15]
2024-10-03 17:51:07,810 [INFO] ThirdParty:1030 - CMSIS Pack Vendor :STMicroelectronics X-CUBE-IPS 3.0.0
2024-10-03 17:51:07,810 [INFO] ThirdParty:1030 - CMSIS Pack Vendor :STMicroelectronics X-CUBE-NFC9 1.0.0
2024-10-03 17:51:07,810 [INFO] ThirdParty:1030 - CMSIS Pack Vendor :STMicroelectronics X-CUBE-AI 9.1.0
2024-10-03 17:51:07,810 [INFO] ThirdParty:1030 - CMSIS Pack Vendor :STMicroelectronics X-CUBE-NFC10 1.0.0
2024-10-03 17:51:07,810 [INFO] ThirdParty:1030 - CMSIS Pack Vendor :STMicroelectronics X-CUBE-WB05N 1.1.0
2024-10-03 17:51:07,810 [INFO] LoadServerUpdatesThread:375 - End of LoadServerUpdate Thread
2024-10-03 17:51:07,997 [INFO] CheckServerUpdateThread:120 - End of CheckServer Thread
2024-10-03 17:51:12,154 [WARN] PackLoader:240 - Cannot read IP mode file for STMicroelectronics.FP-SNS-MOTENVWB1.1.4.0
2024-10-03 17:51:12,188 [WARN] PackLoader:240 - Cannot read IP mode file for STMicroelectronics.X-CUBE-SMBUS.2.1.0
2024-10-03 17:51:12,201 [WARN] PackLoader:240 - Cannot read IP mode file for STMicroelectronics.X-CUBE-WB05N.1.1.0
2024-10-03 17:51:12,250 [WARN] PackLoader:240 - Cannot read IP mode file for STMicroelectronics.X-CUBE-TOUCHGFX.4.23.2
2024-10-03 17:51:12,323 [WARN] PackLoader:240 - Cannot read IP mode file for STMicroelectronics.X-CUBE-AZRTOS-F7.1.1.0
2024-10-03 17:51:12,359 [INFO] WebApp:161 - Instantiating new browser for Auth
2024-10-03 17:51:12,577 [WARN] PackLoader:240 - Cannot read IP mode file for STMicroelectronics.X-CUBE-MEMS1.11.0.0
2024-10-03 17:51:12,892 [WARN] PackLoader:240 - Cannot read IP mode file for STMicroelectronics.FP-SNS-FLIGHT1.5.0.2
2024-10-03 17:51:12,929 [WARN] PackLoader:240 - Cannot read IP mode file for STMicroelectronics.X-CUBE-DISPLAY.3.0.0
2024-10-03 17:51:12,982 [WARN] PackLoader:240 - Cannot read IP mode file for STMicroelectronics.X-CUBE-BLE1.7.0.0
2024-10-03 17:51:13,008 [WARN] PackLoader:240 - Cannot read IP mode file for STMicroelectronics.X-CUBE-NFC10.1.0.0
2024-10-03 17:51:13,032 [WARN] PackLoader:240 - Cannot read IP mode file for emotas.I-CUBE-CANOPEN.1.3.0
2024-10-03 17:51:13,110 [WARN] PackLoader:240 - Cannot read IP mode file for STMicroelectronics.X-CUBE-BLEMGR.3.1.0
2024-10-03 17:51:13,166 [WARN] PackLoader:240 - Cannot read IP mode file for STMicroelectronics.FP-SNS-SMARTAG2.1.2.0
2024-10-03 17:51:13,206 [INFO] LogOutputStream:77 - [STDOUT_REDIRECT] 1 : Invalid condition id : UX_CORESTACK_Condition cause : null
2024-10-03 17:51:13,209 [INFO] LogOutputStream:77 - [STDOUT_REDIRECT] 1 : Invalid condition id : UX_CORESTACK_Condition cause : null
2024-10-03 17:51:13,212 [INFO] LogOutputStream:77 - [STDOUT_REDIRECT] 1 : Invalid condition id : UX_CORESTACK_Condition cause : null
2024-10-03 17:51:13,214 [INFO] LogOutputStream:77 - [STDOUT_REDIRECT] 1 : Invalid condition id : UX_CORESTACK_Condition cause : null
2024-10-03 17:51:13,216 [INFO] LogOutputStream:77 - [STDOUT_REDIRECT] 1 : Invalid condition id : UX_CORESTACK_Condition cause : null
2024-10-03 17:51:13,220 [WARN] PackLoader:240 - Cannot read IP mode file for STMicroelectronics.X-CUBE-AZRTOS-WL.2.0.0
2024-10-03 17:51:13,273 [WARN] PackLoader:240 - Cannot read IP mode file for STMicroelectronics.FP-SNS-MOTENV1.5.0.0
2024-10-03 17:51:13,298 [WARN] PackLoader:240 - Cannot read IP mode file for wolfSSL.I-CUBE-wolfMQTT.1.19.0
2024-10-03 17:51:13,336 [WARN] PackLoader:240 - Cannot read IP mode file for WES.I-CUBE-Cesium.1.3.0
2024-10-03 17:51:13,356 [WARN] PackLoader:240 - Cannot read IP mode file for STMicroelectronics.X-CUBE-BLE2.3.3.0
2024-10-03 17:51:13,391 [WARN] PackLoader:240 - Cannot read IP mode file for STMicroelectronics.X-CUBE-NFC9.1.0.0
2024-10-03 17:51:13,412 [WARN] PackLoader:240 - Cannot read IP mode file for STMicroelectronics.X-CUBE-TCPP.4.1.0
2024-10-03 17:51:13,463 [WARN] PackLoader:240 - Cannot read IP mode file for STMicroelectronics.X-CUBE-AZRTOS-G0.1.1.0
2024-10-03 17:51:13,525 [WARN] PackLoader:240 - Cannot read IP mode file for STMicroelectronics.X-CUBE-SAFEA1.1.2.2
2024-10-03 17:51:13,555 [WARN] PackLoader:240 - Cannot read IP mode file for STMicroelectronics.X-CUBE-NFC4.3.0.0
2024-10-03 17:51:13,587 [WARN] PackLoader:240 - Cannot read IP mode file for wolfSSL.I-CUBE-wolfMQTT.1.18.0
2024-10-03 17:51:13,610 [WARN] PackLoader:240 - Cannot read IP mode file for EmbeddedOffice.I-CUBE-FS-RTOS.1.0.1
2024-10-03 17:51:13,611 [ERROR] ConditionMgr:805 - Attr not supported : Dmpu
2024-10-03 17:51:13,611 [ERROR] ConditionMgr:805 - Attr not supported : Dmpu
2024-10-03 17:51:13,611 [ERROR] ConditionMgr:805 - Attr not supported : Dmpu
2024-10-03 17:51:13,612 [ERROR] ConditionMgr:805 - Attr not supported : Dmpu
2024-10-03 17:51:13,612 [ERROR] ConditionMgr:805 - Attr not supported : Dmpu
2024-10-03 17:51:13,612 [ERROR] ConditionMgr:805 - Attr not supported : Dmpu
2024-10-03 17:51:13,612 [ERROR] ConditionMgr:805 - Attr not supported : Dmpu
2024-10-03 17:51:13,612 [ERROR] ConditionMgr:805 - Attr not supported : Dmpu
2024-10-03 17:51:13,612 [ERROR] ConditionMgr:805 - Attr not supported : Dmpu
2024-10-03 17:51:13,612 [ERROR] ConditionMgr:805 - Attr not supported : Dmpu
2024-10-03 17:51:13,612 [ERROR] ConditionMgr:805 - Attr not supported : Dmpu
2024-10-03 17:51:13,612 [ERROR] ConditionMgr:805 - Attr not supported : Dmpu
2024-10-03 17:51:13,612 [ERROR] ConditionMgr:805 - Attr not supported : Dmpu
2024-10-03 17:51:13,613 [ERROR] ConditionMgr:805 - Attr not supported : Dmpu
2024-10-03 17:51:13,613 [ERROR] ConditionMgr:805 - Attr not supported : Dmpu
2024-10-03 17:51:13,613 [ERROR] ConditionMgr:805 - Attr not supported : Dmpu
2024-10-03 17:51:13,613 [ERROR] ConditionMgr:805 - Attr not supported : Dmpu
2024-10-03 17:51:13,613 [ERROR] ConditionMgr:805 - Attr not supported : Dmpu
2024-10-03 17:51:13,613 [ERROR] ConditionMgr:805 - Attr not supported : Dmpu
2024-10-03 17:51:13,613 [ERROR] ConditionMgr:805 - Attr not supported : Dmpu
2024-10-03 17:51:13,613 [ERROR] ConditionMgr:805 - Attr not supported : Dmpu
2024-10-03 17:51:13,613 [ERROR] ConditionMgr:805 - Attr not supported : Dmpu
2024-10-03 17:51:13,613 [ERROR] ConditionMgr:805 - Attr not supported : Dmpu
2024-10-03 17:51:13,613 [ERROR] ConditionMgr:805 - Attr not supported : Dmpu
2024-10-03 17:51:13,613 [ERROR] ConditionMgr:805 - Attr not supported : Dmpu
2024-10-03 17:51:13,614 [ERROR] ConditionMgr:805 - Attr not supported : Dmpu
2024-10-03 17:51:13,614 [ERROR] ConditionMgr:805 - Attr not supported : Dmpu
2024-10-03 17:51:13,614 [ERROR] ConditionMgr:805 - Attr not supported : Dmpu
2024-10-03 17:51:13,614 [ERROR] ConditionMgr:805 - Attr not supported : Dmpu
2024-10-03 17:51:13,614 [ERROR] ConditionMgr:805 - Attr not supported : Dmpu
2024-10-03 17:51:13,614 [ERROR] ConditionMgr:805 - Attr not supported : Dmpu
2024-10-03 17:51:13,614 [ERROR] ConditionMgr:805 - Attr not supported : Dmpu
2024-10-03 17:51:13,614 [ERROR] ConditionMgr:805 - Attr not supported : Dmpu
2024-10-03 17:51:13,614 [ERROR] ConditionMgr:805 - Attr not supported : Dmpu
2024-10-03 17:51:13,614 [ERROR] ConditionMgr:805 - Attr not supported : Dmpu
2024-10-03 17:51:13,614 [ERROR] ConditionMgr:805 - Attr not supported : Dmpu
2024-10-03 17:51:13,614 [ERROR] ConditionMgr:805 - Attr not supported : Dmpu
2024-10-03 17:51:13,614 [ERROR] ConditionMgr:805 - Attr not supported : Dmpu
2024-10-03 17:51:13,615 [ERROR] ConditionMgr:805 - Attr not supported : Dmpu
2024-10-03 17:51:13,615 [ERROR] ConditionMgr:805 - Attr not supported : Dmpu
2024-10-03 17:51:13,615 [ERROR] ConditionMgr:805 - Attr not supported : Dmpu
2024-10-03 17:51:13,615 [ERROR] ConditionMgr:805 - Attr not supported : Dmpu
2024-10-03 17:51:13,615 [ERROR] ConditionMgr:805 - Attr not supported : Dmpu
2024-10-03 17:51:13,615 [ERROR] ConditionMgr:805 - Attr not supported : Dmpu
2024-10-03 17:51:13,615 [ERROR] ConditionMgr:805 - Attr not supported : Dmpu
2024-10-03 17:51:13,615 [ERROR] ConditionMgr:805 - Attr not supported : Dmpu
2024-10-03 17:51:13,615 [ERROR] ConditionMgr:805 - Attr not supported : Dmpu
2024-10-03 17:51:13,615 [ERROR] ConditionMgr:805 - Attr not supported : Dmpu
2024-10-03 17:51:13,615 [ERROR] ConditionMgr:805 - Attr not supported : Dmpu
2024-10-03 17:51:13,620 [ERROR] ConditionMgr:805 - Attr not supported : Dmpu
2024-10-03 17:51:13,620 [ERROR] ConditionMgr:805 - Attr not supported : Dmpu
2024-10-03 17:51:13,620 [ERROR] ConditionMgr:805 - Attr not supported : Dmpu
2024-10-03 17:51:13,620 [ERROR] ConditionMgr:805 - Attr not supported : Dmpu
2024-10-03 17:51:13,620 [ERROR] ConditionMgr:805 - Attr not supported : Dmpu
2024-10-03 17:51:13,620 [ERROR] ConditionMgr:805 - Attr not supported : Dmpu
2024-10-03 17:51:13,620 [ERROR] ConditionMgr:805 - Attr not supported : Dmpu
2024-10-03 17:51:13,621 [ERROR] ConditionMgr:805 - Attr not supported : Dmpu
2024-10-03 17:51:13,621 [ERROR] ConditionMgr:805 - Attr not supported : Dmpu
2024-10-03 17:51:13,621 [ERROR] ConditionMgr:805 - Attr not supported : Dmpu
2024-10-03 17:51:13,621 [ERROR] ConditionMgr:805 - Attr not supported : Dmpu
2024-10-03 17:51:13,621 [ERROR] ConditionMgr:805 - Attr not supported : Dmpu
2024-10-03 17:51:13,621 [ERROR] ConditionMgr:805 - Attr not supported : Dmpu
2024-10-03 17:51:13,621 [ERROR] ConditionMgr:805 - Attr not supported : Dmpu
2024-10-03 17:51:13,621 [ERROR] ConditionMgr:805 - Attr not supported : Dmpu
2024-10-03 17:51:13,639 [WARN] PackLoader:240 - Cannot read IP mode file for RealThread.X-CUBE-RT-Thread_Nano.4.1.1
2024-10-03 17:51:13,659 [WARN] PackLoader:240 - Cannot read IP mode file for wolfSSL.I-CUBE-wolfSSL.5.7.0
2024-10-03 17:51:13,680 [WARN] PackLoader:240 - Cannot read IP mode file for STMicroelectronics.FP-ATR-SIGFOX1.3.2.0
2024-10-03 17:51:13,712 [WARN] PackLoader:240 - Cannot read IP mode file for STMicroelectronics.X-CUBE-EEPRMA1.5.1.0
2024-10-03 17:51:13,735 [WARN] PackLoader:240 - Cannot read IP mode file for ITTIA_DB.I-CUBE-ITTIADB.8.9.0
2024-10-03 17:51:13,815 [WARN] PackLoader:240 - Cannot read IP mode file for SEGGER.I-CUBE-embOS.1.3.1
2024-10-03 17:51:13,981 [WARN] PackLoader:240 - Cannot read IP mode file for STMicroelectronics.X-CUBE-ALGOBUILD.1.4.0
2024-10-03 17:51:13,987 [WARN] PackLoader:240 - Cannot read IP mode file for STMicroelectronics.X-CUBE-AI.9.1.0
2024-10-03 17:51:14,003 [WARN] PackLoader:240 - Cannot read IP mode file for STMicroelectronics.X-CUBE-GNSS1.6.0.0
2024-10-03 17:51:14,124 [WARN] PackLoader:240 - Cannot read IP mode file for STMicroelectronics.X-CUBE-AZRTOS-F4.1.1.0
2024-10-03 17:51:14,191 [WARN] PackLoader:240 - Cannot read IP mode file for STMicroelectronics.X-CUBE-ISPU.2.1.0
2024-10-03 17:51:14,228 [WARN] PackLoader:240 - Cannot read IP mode file for STMicroelectronics.X-CUBE-FREERTOS.1.2.0
2024-10-03 17:51:14,355 [WARN] PackLoader:240 - Cannot read IP mode file for STMicroelectronics.X-CUBE-AZRTOS-L5.2.0.0
2024-10-03 17:51:14,379 [WARN] PackLoader:240 - Cannot read IP mode file for STMicroelectronics.X-CUBE-NFC6.3.1.0
2024-10-03 17:51:14,481 [WARN] PackLoader:240 - Cannot read IP mode file for STMicroelectronics.X-CUBE-DPower.1.2.0
2024-10-03 17:51:14,507 [WARN] PackLoader:240 - Cannot read IP mode file for STMicroelectronics.X-CUBE-AI.9.0.0
2024-10-03 17:51:14,549 [WARN] PackLoader:240 - Cannot read IP mode file for STMicroelectronics.X-CUBE-NFC7.1.0.1
2024-10-03 17:51:14,562 [INFO] WebApp:779 - Register for checkConnection events
2024-10-03 17:51:14,562 [INFO] WebApp:414 - Apply proxy settings
2024-10-03 17:51:14,562 [INFO] WebApp:499 - Chromium requires no authentication
2024-10-03 17:51:14,577 [WARN] PackLoader:240 - Cannot read IP mode file for wolfSSL.I-CUBE-wolfTPM.3.2.0
2024-10-03 17:51:14,587 [INFO] WebApp:442 - Direct internet connection detected
2024-10-03 17:51:14,670 [WARN] ConditionMgr:438 - getConditionDescription Invalid condition id : LAN8742 Phy interface Condition cause : null
2024-10-03 17:51:14,670 [WARN] PackLoader:240 - Cannot read IP mode file for STMicroelectronics.X-CUBE-AZRTOS-L4.2.0.0
2024-10-03 17:51:14,672 [WARN] ConditionMgr:1039 - genDependencies : Invalid condition id : LAN8742 Phy interface Condition cause : null
2024-10-03 17:51:14,672 [WARN] ConditionMgr:1039 - genDependencies : Invalid condition id : LAN8742 Phy interface Condition cause : null
2024-10-03 17:51:14,673 [WARN] ConditionMgr:1039 - genDependencies : Invalid condition id : LAN8742 Phy interface Condition cause : null
2024-10-03 17:51:14,701 [WARN] PackLoader:240 - Cannot read IP mode file for STMicroelectronics.X-CUBE-SFXS2LP1.4.0.0
2024-10-03 17:51:14,770 [WARN] PackLoader:240 - Cannot read IP mode file for STMicroelectronics.X-CUBE-AZRTOS-H7.3.3.0
2024-10-03 17:51:14,787 [WARN] PackLoader:240 - Cannot read IP mode file for STMicroelectronics.X-CUBE-IPS.3.0.0
2024-10-03 17:51:14,879 [WARN] ConditionMgr:438 - getConditionDescription Invalid condition id : UX DEVICE CLASS RTOS Condition cause : null
2024-10-03 17:51:14,880 [WARN] ConditionMgr:438 - getConditionDescription Invalid condition id : UX DEVICE CLASS RTOS Condition cause : null
2024-10-03 17:51:14,882 [WARN] PackLoader:240 - Cannot read IP mode file for STMicroelectronics.X-CUBE-AZRTOS-WB.2.0.0
2024-10-03 17:51:14,886 [WARN] ConditionMgr:1039 - genDependencies : Invalid condition id : UX DEVICE CLASS RTOS Condition cause : null
2024-10-03 17:51:14,888 [WARN] ConditionMgr:1039 - genDependencies : Invalid condition id : UX DEVICE CLASS RTOS Condition cause : null
2024-10-03 17:51:14,889 [WARN] ConditionMgr:1039 - genDependencies : Invalid condition id : UX DEVICE CLASS RTOS Condition cause : null
2024-10-03 17:51:14,891 [WARN] ConditionMgr:1039 - genDependencies : Invalid condition id : UX DEVICE CLASS RTOS Condition cause : null
2024-10-03 17:51:14,891 [WARN] ConditionMgr:1039 - genDependencies : Invalid condition id : UX DEVICE CLASS RTOS Condition cause : null
2024-10-03 17:51:14,947 [WARN] PackLoader:240 - Cannot read IP mode file for STMicroelectronics.X-CUBE-GNSS1.7.0.0
2024-10-03 17:51:14,997 [INFO] WebApp:192 - Starting web application
2024-10-03 17:51:14,998 [INFO] WebApp:544 - Web application path used C:\ST\STM32CubeIDE_1.15.1\STM32CubeIDE\plugins\com.st.stm32cube.common.mx_6.11.1.202404110753\db\plugins\mcufinder\reactClient1\index.html
2024-10-03 17:51:15,023 [WARN] PackLoader:240 - Cannot read IP mode file for STMicroelectronics.FP-SNS-STBOX1.2.0.0
2024-10-03 17:51:15,083 [WARN] PackLoader:240 - Cannot read IP mode file for STMicroelectronics.X-CUBE-SUBG2.5.0.0
2024-10-03 17:51:15,166 [WARN] PackLoader:240 - Cannot read IP mode file for STMicroelectronics.X-CUBE-AZRTOS-G4.2.0.0
2024-10-03 17:51:15,246 [WARN] PackLoader:240 - Cannot read IP mode file for STMicroelectronics.X-CUBE-ISPU.2.0.0
2024-10-03 17:51:15,298 [WARN] PackLoader:240 - Cannot read IP mode file for STMicroelectronics.X-CUBE-ALS.1.0.2
2024-10-03 17:51:15,471 [WARN] PackLoader:240 - Cannot read IP mode file for STMicroelectronics.X-CUBE-MEMS1.10.0.0
2024-10-03 17:51:15,653 [WARN] PackLoader:240 - Cannot read IP mode file for STMicroelectronics.X-CUBE-TOUCHGFX.4.24.0
2024-10-03 17:51:15,675 [WARN] PackLoader:240 - Cannot read IP mode file for STMicroelectronics.X-CUBE-TOUCHGFX.4.24.1
2024-10-03 17:51:15,703 [WARN] PackLoader:240 - Cannot read IP mode file for portGmbH.I-Cube-SoM-uGOAL.1.1.0
2024-10-03 17:51:15,730 [WARN] PackLoader:240 - Cannot read IP mode file for STMicroelectronics.X-CUBE-ALS.1.0.1
2024-10-03 17:51:15,774 [WARN] PackLoader:240 - Cannot read IP mode file for STMicroelectronics.X-CUBE-AZRTOS-H7RS.1.0.0
2024-10-03 17:51:15,800 [WARN] PackLoader:240 - Cannot read IP mode file for STMicroelectronics.FP-ATR-ASTRA1.2.0.0
2024-10-03 17:51:15,834 [WARN] PackLoader:240 - Cannot read IP mode file for STMicroelectronics.X-CUBE-TOF1.3.4.2
2024-10-03 17:51:15,923 [WARN] PackLoader:240 - Cannot read IP mode file for STMicroelectronics.X-CUBE-TOF1.3.4.1
2024-10-03 17:51:15,989 [WARN] PackLoader:240 - Cannot read IP mode file for STMicroelectronics.X-CUBE-AZRTOS-H7.3.2.0
2024-10-03 17:51:16,028 [WARN] PackLoader:240 - Cannot read IP mode file for Infineon.AIROC-Wi-Fi-Bluetooth-STM32.1.6.0
2024-10-03 17:51:16,043 [WARN] PackLoader:240 - Cannot read IP mode file for wolfSSL.I-CUBE-wolfSSH.1.4.17
2024-10-03 17:51:16,043 [INFO] ThirdParty:978 - Integrity check success = true
2024-10-03 17:51:16,043 [INFO] IntegrityCheckThread:100 - exiting critical section [integrity check]
2024-10-03 17:51:16,044 [INFO] IntegrityCheckThread:103 - End integrity checks thread
2024-10-03 17:53:52,512 [INFO] McuFinderGlobals:63 - Set McuFinder mode to 2 (CubeIDE integrated)
2024-10-03 17:53:52,542 [INFO] MainUpdater:2873 - connection check result : 10
2024-10-03 17:53:52,571 [INFO] McuFinderGlobals:76 - Set McuFinderConnectedMode to true
2024-10-03 17:53:52,954 [INFO] ServerAccessManage:473 - Download File mcusAds.json._tmp_
2024-10-03 17:53:53,069 [INFO] LoadUrlFilesThread:156 - End of LoadUrlFiles Thread
2024-10-03 17:53:53,435 [INFO] ServerAccessManage:473 - Download File cube-finder-db.zip
2024-10-03 17:53:55,062 [INFO] FileExtend:240 - Unzip File : cube-finder-db.zip
2024-10-03 17:53:55,063 [INFO] FileExtend:255 - Standard Zip Deflate
2024-10-03 17:53:56,872 [INFO] LoadUrlFilesThread:156 - End of LoadUrlFiles Thread
2024-10-03 17:53:57,981 [INFO] ServerAccessManage:473 - Download File crdb.zip
2024-10-03 17:53:59,274 [INFO] FileExtend:240 - Unzip File : crdb.zip
2024-10-03 17:53:59,274 [INFO] FileExtend:255 - Standard Zip Deflate
2024-10-03 17:53:59,404 [INFO] LoadUrlFilesThread:156 - End of LoadUrlFiles Thread
2024-10-03 17:53:59,607 [INFO] ServerAccessManage:473 - Download File tutoVideoDB.zip
2024-10-03 17:53:59,611 [INFO] FileExtend:240 - Unzip File : tutoVideoDB.zip
2024-10-03 17:53:59,612 [INFO] FileExtend:255 - Standard Zip Deflate
2024-10-03 17:53:59,727 [INFO] LoadUrlFilesThread:156 - End of LoadUrlFiles Thread
2024-10-03 17:53:59,729 [WARN] DbFile:41 - Overriding database path with different value: C:\Users\Matheus Markies\.stmcufinder\plugins\mcufinder/ => C:\Users\Matheus Markies\.stmcufinder\plugins\mcufinder
2024-10-03 17:53:59,766 [INFO] ServerAccessManage:473 - Download File api_config.json
2024-10-03 17:53:59,871 [INFO] LoadUrlFilesThread:156 - End of LoadUrlFiles Thread
2024-10-03 17:53:59,872 [INFO] DbMcusAds:53 - JSON generation date=Fri Sep 20 10:04:23 BRT 2024 (1726837463113)
2024-10-03 17:53:59,942 [INFO] ServerAccessManage:473 - Download File 
2024-10-03 17:53:59,958 [INFO] LoadUrlFilesThread:185 - End of LoadServerUrlFiles without Thread
2024-10-03 17:53:59,958 [INFO] TargetSelectorAdapter:259 - Refresh data is successful
2024-10-03 17:54:01,998 [INFO] ApiDb:581 - Connected to CubeFinder SQLite database (C:\Users\Matheus Markies\.stmcufinder\plugins\mcufinder\mcu\cube-finder-db.db)
2024-10-03 17:54:02,116 [INFO] ApiDb:668 - CubeFinder database Data Model version=2.1
2024-10-03 17:54:02,116 [INFO] ApiDb:669 - CubeFinder database Configuration version=3.0.39
2024-10-03 17:54:02,116 [INFO] ApiDb:670 - CubeFinder database generation date=2024-09-16 (1726485674)
2024-10-03 17:54:02,116 [INFO] ApiDb:671 - CubeFinder database FW Pack versions=[FP-ATR-ASTRA1_V2.0.0, FP-SNS-FLIGHT1_V5.0.2, FP-SNS-MOTENV1_V5.0.0, FP-SNS-MOTENVWB1_V1.4.0, FP-SNS-SMARTAG2_V1.2.0, FP-SNS-STBOX1_V2.0.0, STM32Cube_FW_C0_V1.2.0, STM32Cube_FW_F4_V1.28.1, STM32Cube_FW_F7_V1.17.2, STM32Cube_FW_G0_V1.6.2, STM32Cube_FW_G4_V1.6.0, STM32Cube_FW_H5_V1.3.0, STM32Cube_FW_H7RS_V1.1.0, STM32Cube_FW_H7_V1.11.2, STM32Cube_FW_L0_V1.12.2, STM32Cube_FW_L5_V1.5.1, STM32Cube_FW_U0_V1.1.0, STM32Cube_FW_U5_V1.6.0, STM32Cube_FW_WB0_V1.0.0, STM32Cube_FW_WBA_V1.4.1, STM32Cube_FW_WB_V1.20.0, STM32Cube_FW_WL_V1.3.0, X-CUBE-ALGOBUILD_V1.4.0, X-CUBE-ALS_V1.0.2, X-CUBE-AZRTOS-F4_V1.1.0, X-CUBE-AZRTOS-F7_V1.1.0, X-CUBE-AZRTOS-G0_V1.1.0, X-CUBE-AZRTOS-G4_V2.0.0, X-CUBE-AZRTOS-H7RS_V1.0.0, X-CUBE-AZRTOS-H7_V3.2.0, X-CUBE-AZRTOS-L4_V2.0.0, X-CUBE-AZRTOS-L5_V2.0.0, X-CUBE-AZRTOS-WB_V2.0.0, X-CUBE-AZRTOS-WL_V2.0.0, X-CUBE-BLE1_V7.0.0, X-CUBE-BLE2_V3.3.0, X-CUBE-BLEMGR_V3.1.0, X-CUBE-EEPRMA1_V5.1.0, X-CUBE-FREERTOS_V1.2.0, X-CUBE-GNSS1_V6.0.0, X-CUBE-MEMS1_V11.0.0, X-CUBE-NFC4_V3.0.0, X-CUBE-NFC7_V1.0.1, X-CUBE-SFXS2LP1_V4.0.0, X-CUBE-SUBG2_V5.0.0, X-CUBE-TOF1_V3.4.2]
2024-10-03 17:54:04,587 [INFO] ApiDb:240 - Found 483 in-development CPN: [B-G473E-ZEST1S, B-WB1M-WPAN1, B-WL5M-SUBG1, NUCLEO-C031C6, NUCLEO-H503RB, NUCLEO-H533RE, NUCLEO-H563ZI, NUCLEO-H7S3L8, NUCLEO-U031R8, NUCLEO-U083RC, NUCLEO-U545RE-Q, NUCLEO-U5A5ZJ-Q, NUCLEO-WBA52CG, NUCLEO-WBA55CG, STEVAL-PROTEUS1, STEVAL-SMARTAG2, STEVAL-STWINBX1, STM320518-EVAL, STM32C0116-DK, STM32C011D6Y3TR, STM32C011D6Y6TR, STM32C011F4P3, STM32C011F4P6, STM32C011F4U3, STM32C011F4U6TR, STM32C011F6P3, STM32C011F6P6, STM32C011F6U3, STM32C011F6U6TR, STM32C011J4M3, STM32C011J4M6, STM32C011J6M3, STM32C011J6M6, STM32C0316-DK, STM32C031C4T3, STM32C031C4T6, STM32C031C4U3, STM32C031C4U6, STM32C031C6T3, STM32C031C6T6, STM32C031C6U3, STM32C031C6U6, STM32C031F4P3, STM32C031F4P6, STM32C031F6P3, STM32C031F6P6, STM32C031G4U3, STM32C031G4U6, STM32C031G6U3, STM32C031G6U6, STM32C031K4T3, STM32C031K4T6, STM32C031K4U3, STM32C031K4U6, STM32C031K6T3, STM32C031K6T6, STM32C031K6U3, STM32C031K6U6, STM32G071K8TXN, STM32G071K8UXN, STM32G081GBU6N, STM32G081KBT6N, STM32G081KBUXN, STM32G0B1CCT6N, STM32G0B1KCT6, STM32G0B1NEY6TR, STM32G0B1RCT6N, STM32G0C1CCT6, STM32G0C1CCT6N, STM32G0C1CCU6N, STM32G0C1CET6N, STM32G0C1CEU6N, STM32G0C1KCT6, STM32G0C1NEY6TR, STM32G0C1RCI6N, STM32G0C1RCT6N, STM32G0C1REI6N, STM32G0C1RET6N, STM32G0C1VCI6, STM32G0C1VEI6, STM32G471CCT6, STM32G471CCU6, STM32G471CET3, STM32G471CET6, STM32G471CEU3, STM32G471CEU6, STM32G471MCT6, STM32G471MET3, STM32G471MET6, STM32G471MEY6TR, STM32G471QCT6, STM32G471QET3, STM32G471RCT6, STM32G471RET3, STM32G471RET6, STM32G471VCH6, STM32G471VCI6, STM32G471VCT6, STM32G471VEH3, STM32G471VEH6, STM32G471VEI3, STM32G471VEI6, STM32G471VET3, STM32G471VET6, STM32G474CCT6, STM32H503CBT6, STM32H503CBU6, STM32H503EBY6TR, STM32H503KBU6, STM32H503RBT6, STM32H523CCT6, STM32H523CCU6, STM32H523CET6, STM32H523CEU6, STM32H523HEY6TR, STM32H523RCT6, STM32H523RET6, STM32H523VCI6, STM32H523VCT6, STM32H523VEI6, STM32H523VET6, STM32H523ZCJ6, STM32H523ZCT6, STM32H523ZEJ6, STM32H523ZET6, STM32H533CET6, STM32H533CEU6, STM32H533HEY6TR, STM32H533RET6, STM32H533VEI6, STM32H533VET6, STM32H533ZEJ6, STM32H533ZET6, STM32H562AGI6, STM32H562AII6, STM32H562IGK6, STM32H562IGT6, STM32H562IIK6, STM32H562IIT6, STM32H562RGT6, STM32H562RGV6, STM32H562RIT6, STM32H562RIV6, STM32H562VGT6, STM32H562VIT6, STM32H562ZGT6, STM32H562ZIT6, STM32H563AGI6, STM32H563AII3Q, STM32H563AII6, STM32H563IGK6, STM32H563IGT6, STM32H563IIK3Q, STM32H563IIK6, STM32H563IIT3Q, STM32H563IIT6, STM32H563MIY3QTR, STM32H563RGT6, STM32H563RGV6, STM32H563RIT6, STM32H563RIV6, STM32H563VGT6, STM32H563VIT3Q, STM32H563VIT6, STM32H563ZGT6, STM32H563ZIT3Q, STM32H563ZIT6, STM32H573AII3Q, STM32H573AII6, STM32H573I-DK, STM32H573IIK3Q, STM32H573IIK6, STM32H573IIT3Q, STM32H573IIT6, STM32H573MIY3QTR, STM32H573RIT6, STM32H573RIV6, STM32H573VIT3Q, STM32H573VIT6, STM32H573ZIT3Q, STM32H573ZIT6, STM32H7R3A8I6, STM32H7R3I8K6, STM32H7R3I8T6, STM32H7R3L8H6, STM32H7R3L8H6H, STM32H7R3R8V6, STM32H7R3V8H6, STM32H7R3V8T6, STM32H7R3V8Y6, STM32H7R3Z8J6, STM32H7R3Z8T6, STM32H7R7A8I6, STM32H7R7I8K6, STM32H7R7I8T6, STM32H7R7L8H6, STM32H7R7L8H6H, STM32H7R7Z8J6, STM32H7S3A8I6, STM32H7S3I8K6, STM32H7S3I8T6, STM32H7S3L8H6, STM32H7S3L8H6H, STM32H7S3R8V6, STM32H7S3V8H6, STM32H7S3V8T6, STM32H7S3V8Y6, STM32H7S3Z8J6, STM32H7S3Z8T6, STM32H7S78-DK, STM32H7S7A8I6, STM32H7S7I8K6, STM32H7S7I8T6, STM32H7S7L8H6, STM32H7S7L8H6H, STM32H7S7Z8J6, STM32L4R5QGI6STR, STM32MP131AAE3, STM32MP131AAF3, STM32MP131AAG3, STM32MP131CAE3, STM32MP131CAF3, STM32MP131CAG3, STM32MP131DAE7, STM32MP131DAF7, STM32MP131DAG7, STM32MP131FAE7, STM32MP131FAF7, STM32MP131FAG7, STM32MP133AAE3, STM32MP133AAF3, STM32MP133AAG3, STM32MP133CAE3, STM32MP133CAF3, STM32MP133CAG3, STM32MP133DAE7, STM32MP133DAF7, STM32MP133DAG7, STM32MP133FAE7, STM32MP133FAF7, STM32MP133FAG7, STM32MP135AAE3, STM32MP135AAF3, STM32MP135AAG3, STM32MP135CAE3, STM32MP135CAF3, STM32MP135CAG3, STM32MP135DAE7, STM32MP135DAF7, STM32MP135DAG7, STM32MP135F-DK, STM32MP135FAE7, STM32MP135FAF7, STM32MP135FAF7T, STM32MP135FAF7U, STM32MP135FAG7, STM32U031C6T6, STM32U031C6U6, STM32U031C8T6, STM32U031C8U6, STM32U031F4P6, STM32U031F6P6, STM32U031F8P6, STM32U031G6Y6TR, STM32U031G8Y6TR, STM32U031K4U6, STM32U031K6U6, STM32U031K8U6, STM32U031R6I6, STM32U031R6T6, STM32U031R8I6, STM32U031R8T6, STM32U073C8T6, STM32U073C8U6, STM32U073CBT6, STM32U073CBU6, STM32U073CCT6, STM32U073CCU6, STM32U073H8Y6TR, STM32U073HBY6TR, STM32U073HCY6TR, STM32U073K8U6, STM32U073KBU6, STM32U073KCU6, STM32U073M8I6, STM32U073M8T6, STM32U073MBI6, STM32U073MBT6, STM32U073MCI6, STM32U073MCT6, STM32U073R8I6, STM32U073R8T6, STM32U073RBI6, STM32U073RBT6, STM32U073RCI6, STM32U073RCT6, STM32U083C-DK, STM32U083CCT6, STM32U083CCU6, STM32U083HCY6TR, STM32U083KCU6, STM32U083MCI6, STM32U083MCT6, STM32U083RCI6, STM32U083RCT6, STM32U535CBT6, STM32U535CBT6Q, STM32U535CBU6, STM32U535CBU6Q, STM32U535CCT6, STM32U535CCT6Q, STM32U535CCU6, STM32U535CCU6Q, STM32U535CET6, STM32U535CET6Q, STM32U535CEU6, STM32U535CEU6Q, STM32U535JEY6QTR, STM32U535NCY6QTR, STM32U535NEY6QTR, STM32U535RBI6, STM32U535RBI6Q, STM32U535RBT6, STM32U535RBT6Q, STM32U535RCI6, STM32U535RCI6Q, STM32U535RCT6, STM32U535RCT6Q, STM32U535REI6, STM32U535REI6Q, STM32U535RET6, STM32U535RET6Q, STM32U535VCI6, STM32U535VCI6Q, STM32U535VCT6, STM32U535VCT6Q, STM32U535VEI6, STM32U535VEI6Q, STM32U535VET6, STM32U535VET6Q, STM32U545CET6, STM32U545CET6Q, STM32U545CEU6, STM32U545CEU6Q, STM32U545JEY6QTR, STM32U545NEY6QTR, STM32U545REI6, STM32U545REI6Q, STM32U545RET6, STM32U545RET6Q, STM32U545VEI6, STM32U545VEI6Q, STM32U545VET6, STM32U545VET6Q, STM32U595AIH6, STM32U595AIH6Q, STM32U595AJH6, STM32U595AJH6Q, STM32U595QII6, STM32U595QII6Q, STM32U595QJI6, STM32U595QJI6Q, STM32U595RIT6, STM32U595RIT6Q, STM32U595RJT6, STM32U595RJT6Q, STM32U595VIT6, STM32U595VIT6Q, STM32U595VJT6, STM32U595VJT6Q, STM32U595ZIT6, STM32U595ZIT6Q, STM32U595ZIY6QTR, STM32U595ZJT6, STM32U595ZJT6Q, STM32U595ZJY6QTR, STM32U599BJY6QTR, STM32U599NIH6Q, STM32U599NJH6Q, STM32U599VIT6Q, STM32U599VJT6, STM32U599VJT6Q, STM32U599ZIT6Q, STM32U599ZIY6QTR, STM32U599ZJT6Q, STM32U599ZJY6QTR, STM32U5A5AJH6, STM32U5A5AJH6Q, STM32U5A5QII3Q , STM32U5A5QJI6, STM32U5A5QJI6Q, STM32U5A5RJT6, STM32U5A5RJT6Q, STM32U5A5VJT6, STM32U5A5VJT6Q, STM32U5A5ZJT6, STM32U5A5ZJT6Q, STM32U5A5ZJY6QTR, STM32U5A9BJY6QTR, STM32U5A9J-DK, STM32U5A9NJH6Q, STM32U5A9VJT6Q, STM32U5A9ZJT6Q, STM32U5A9ZJY6QTR, STM32U5F7VIT6, STM32U5F7VIT6Q, STM32U5F7VJT6, STM32U5F7VJT6Q, STM32U5F9BJY6QTR, STM32U5F9NJH6Q, STM32U5F9VIT6Q, STM32U5F9VJT6Q, STM32U5F9ZIJ6QTR, STM32U5F9ZIT6Q, STM32U5F9ZJJ6QTR, STM32U5F9ZJT6Q, STM32U5G7VJT6, STM32U5G7VJT6Q, STM32U5G9BJY6QTR, STM32U5G9J-DK1, STM32U5G9J-DK2, STM32U5G9NJH6Q, STM32U5G9VJT6Q, STM32U5G9ZJJ6QTR, STM32U5G9ZJT6Q, STM32WB1MMCH6, STM32WBA50KEU6, STM32WBA50KEU6TR, STM32WBA50KGU6, STM32WBA50KGU6TR, STM32WBA52CEU6, STM32WBA52CEU6TR, STM32WBA52CEU7, STM32WBA52CEU7TR, STM32WBA52CGU6, STM32WBA52CGU6TR, STM32WBA52CGU6U, STM32WBA52CGU7, STM32WBA52CGU7TR, STM32WBA52KEU6, STM32WBA52KEU6TR, STM32WBA52KGU6, STM32WBA52KGU6TR, STM32WBA54CEU6, STM32WBA54CEU6TR, STM32WBA54CEU7, STM32WBA54CEU7TR, STM32WBA54CGU6, STM32WBA54CGU6TR, STM32WBA54CGU7, STM32WBA54CGU7TR, STM32WBA54KEU6, STM32WBA54KEU6TR, STM32WBA54KEU7, STM32WBA54KEU7TR, STM32WBA54KGU6, STM32WBA54KGU6TR, STM32WBA54KGU7, STM32WBA54KGU7TR, STM32WBA55CEU6, STM32WBA55CEU6TR, STM32WBA55CEU7, STM32WBA55CEU7TR, STM32WBA55CGU6, STM32WBA55CGU6TR, STM32WBA55CGU6U, STM32WBA55CGU7, STM32WBA55CGU7TR, STM32WBA55G-DK1, STM32WBA55HEF6, STM32WBA55HEF7, STM32WBA55HGF6, STM32WBA55HGF7, STM32WBA55UEI6, STM32WBA55UEI6TR, STM32WBA55UEI7, STM32WBA55UEI7TR, STM32WBA55UGI6, STM32WBA55UGI6TR, STM32WBA55UGI7, STM32WBA55UGI7TR, STM32WL5MOCH6, STM32WL5MOCH6TR]
2024-10-03 17:54:04,593 [INFO] DbMcus:218 - Found 4204 MCUs, 4204 are supported
2024-10-03 17:54:04,601 [INFO] ApiDb:423 - Load user favorites file C:\Users\Matheus Markies/.stm32cubeide/favorites.mcus.txt: 3 item(s)
2024-10-03 17:54:04,601 [INFO] ApiDb:427 - User favorites MCUs=[STM32F103RBT6, STM32F411RET7, STM32L053C8T6]
2024-10-03 17:54:04,601 [INFO] DbMcus:224 - Set 3 / 3 favorites MCUs
2024-10-03 17:54:04,955 [INFO] ApiDb:668 - CubeFinder database Data Model version=2.1
2024-10-03 17:54:04,955 [INFO] ApiDb:669 - CubeFinder database Configuration version=3.0.39
2024-10-03 17:54:04,956 [INFO] ApiDb:670 - CubeFinder database generation date=2024-09-16 (1726485674)
2024-10-03 17:54:04,956 [INFO] ApiDb:671 - CubeFinder database FW Pack versions=[FP-ATR-ASTRA1_V2.0.0, FP-SNS-FLIGHT1_V5.0.2, FP-SNS-MOTENV1_V5.0.0, FP-SNS-MOTENVWB1_V1.4.0, FP-SNS-SMARTAG2_V1.2.0, FP-SNS-STBOX1_V2.0.0, STM32Cube_FW_C0_V1.2.0, STM32Cube_FW_F4_V1.28.1, STM32Cube_FW_F7_V1.17.2, STM32Cube_FW_G0_V1.6.2, STM32Cube_FW_G4_V1.6.0, STM32Cube_FW_H5_V1.3.0, STM32Cube_FW_H7RS_V1.1.0, STM32Cube_FW_H7_V1.11.2, STM32Cube_FW_L0_V1.12.2, STM32Cube_FW_L5_V1.5.1, STM32Cube_FW_U0_V1.1.0, STM32Cube_FW_U5_V1.6.0, STM32Cube_FW_WB0_V1.0.0, STM32Cube_FW_WBA_V1.4.1, STM32Cube_FW_WB_V1.20.0, STM32Cube_FW_WL_V1.3.0, X-CUBE-ALGOBUILD_V1.4.0, X-CUBE-ALS_V1.0.2, X-CUBE-AZRTOS-F4_V1.1.0, X-CUBE-AZRTOS-F7_V1.1.0, X-CUBE-AZRTOS-G0_V1.1.0, X-CUBE-AZRTOS-G4_V2.0.0, X-CUBE-AZRTOS-H7RS_V1.0.0, X-CUBE-AZRTOS-H7_V3.2.0, X-CUBE-AZRTOS-L4_V2.0.0, X-CUBE-AZRTOS-L5_V2.0.0, X-CUBE-AZRTOS-WB_V2.0.0, X-CUBE-AZRTOS-WL_V2.0.0, X-CUBE-BLE1_V7.0.0, X-CUBE-BLE2_V3.3.0, X-CUBE-BLEMGR_V3.1.0, X-CUBE-EEPRMA1_V5.1.0, X-CUBE-FREERTOS_V1.2.0, X-CUBE-GNSS1_V6.0.0, X-CUBE-MEMS1_V11.0.0, X-CUBE-NFC4_V3.0.0, X-CUBE-NFC7_V1.0.1, X-CUBE-SFXS2LP1_V4.0.0, X-CUBE-SUBG2_V5.0.0, X-CUBE-TOF1_V3.4.2]
2024-10-03 17:54:05,038 [INFO] DbBoardsSqlite:226 - include board P-NUCLEO-WB55-NUCLEO as a kit item of type 'Nucleo-64'
2024-10-03 17:54:05,038 [INFO] DbBoardsSqlite:226 - include board P-NUCLEO-WB55-USBDONGLE as a kit item of type 'Nucleo USB Dongle'
2024-10-03 17:54:05,039 [INFO] DbBoardsSqlite:226 - include board STEVAL-IDP005V1 as a kit item of type 'Evaluation Board'
2024-10-03 17:54:05,039 [INFO] DbBoardsSqlite:226 - include board STEVAL-IDP005V2 as a kit item of type 'Evaluation Board'
2024-10-03 17:54:05,139 [INFO] ApiDb:240 - Found 483 in-development CPN: [B-G473E-ZEST1S, B-WB1M-WPAN1, B-WL5M-SUBG1, NUCLEO-C031C6, NUCLEO-H503RB, NUCLEO-H533RE, NUCLEO-H563ZI, NUCLEO-H7S3L8, NUCLEO-U031R8, NUCLEO-U083RC, NUCLEO-U545RE-Q, NUCLEO-U5A5ZJ-Q, NUCLEO-WBA52CG, NUCLEO-WBA55CG, STEVAL-PROTEUS1, STEVAL-SMARTAG2, STEVAL-STWINBX1, STM320518-EVAL, STM32C0116-DK, STM32C011D6Y3TR, STM32C011D6Y6TR, STM32C011F4P3, STM32C011F4P6, STM32C011F4U3, STM32C011F4U6TR, STM32C011F6P3, STM32C011F6P6, STM32C011F6U3, STM32C011F6U6TR, STM32C011J4M3, STM32C011J4M6, STM32C011J6M3, STM32C011J6M6, STM32C0316-DK, STM32C031C4T3, STM32C031C4T6, STM32C031C4U3, STM32C031C4U6, STM32C031C6T3, STM32C031C6T6, STM32C031C6U3, STM32C031C6U6, STM32C031F4P3, STM32C031F4P6, STM32C031F6P3, STM32C031F6P6, STM32C031G4U3, STM32C031G4U6, STM32C031G6U3, STM32C031G6U6, STM32C031K4T3, STM32C031K4T6, STM32C031K4U3, STM32C031K4U6, STM32C031K6T3, STM32C031K6T6, STM32C031K6U3, STM32C031K6U6, STM32G071K8TXN, STM32G071K8UXN, STM32G081GBU6N, STM32G081KBT6N, STM32G081KBUXN, STM32G0B1CCT6N, STM32G0B1KCT6, STM32G0B1NEY6TR, STM32G0B1RCT6N, STM32G0C1CCT6, STM32G0C1CCT6N, STM32G0C1CCU6N, STM32G0C1CET6N, STM32G0C1CEU6N, STM32G0C1KCT6, STM32G0C1NEY6TR, STM32G0C1RCI6N, STM32G0C1RCT6N, STM32G0C1REI6N, STM32G0C1RET6N, STM32G0C1VCI6, STM32G0C1VEI6, STM32G471CCT6, STM32G471CCU6, STM32G471CET3, STM32G471CET6, STM32G471CEU3, STM32G471CEU6, STM32G471MCT6, STM32G471MET3, STM32G471MET6, STM32G471MEY6TR, STM32G471QCT6, STM32G471QET3, STM32G471RCT6, STM32G471RET3, STM32G471RET6, STM32G471VCH6, STM32G471VCI6, STM32G471VCT6, STM32G471VEH3, STM32G471VEH6, STM32G471VEI3, STM32G471VEI6, STM32G471VET3, STM32G471VET6, STM32G474CCT6, STM32H503CBT6, STM32H503CBU6, STM32H503EBY6TR, STM32H503KBU6, STM32H503RBT6, STM32H523CCT6, STM32H523CCU6, STM32H523CET6, STM32H523CEU6, STM32H523HEY6TR, STM32H523RCT6, STM32H523RET6, STM32H523VCI6, STM32H523VCT6, STM32H523VEI6, STM32H523VET6, STM32H523ZCJ6, STM32H523ZCT6, STM32H523ZEJ6, STM32H523ZET6, STM32H533CET6, STM32H533CEU6, STM32H533HEY6TR, STM32H533RET6, STM32H533VEI6, STM32H533VET6, STM32H533ZEJ6, STM32H533ZET6, STM32H562AGI6, STM32H562AII6, STM32H562IGK6, STM32H562IGT6, STM32H562IIK6, STM32H562IIT6, STM32H562RGT6, STM32H562RGV6, STM32H562RIT6, STM32H562RIV6, STM32H562VGT6, STM32H562VIT6, STM32H562ZGT6, STM32H562ZIT6, STM32H563AGI6, STM32H563AII3Q, STM32H563AII6, STM32H563IGK6, STM32H563IGT6, STM32H563IIK3Q, STM32H563IIK6, STM32H563IIT3Q, STM32H563IIT6, STM32H563MIY3QTR, STM32H563RGT6, STM32H563RGV6, STM32H563RIT6, STM32H563RIV6, STM32H563VGT6, STM32H563VIT3Q, STM32H563VIT6, STM32H563ZGT6, STM32H563ZIT3Q, STM32H563ZIT6, STM32H573AII3Q, STM32H573AII6, STM32H573I-DK, STM32H573IIK3Q, STM32H573IIK6, STM32H573IIT3Q, STM32H573IIT6, STM32H573MIY3QTR, STM32H573RIT6, STM32H573RIV6, STM32H573VIT3Q, STM32H573VIT6, STM32H573ZIT3Q, STM32H573ZIT6, STM32H7R3A8I6, STM32H7R3I8K6, STM32H7R3I8T6, STM32H7R3L8H6, STM32H7R3L8H6H, STM32H7R3R8V6, STM32H7R3V8H6, STM32H7R3V8T6, STM32H7R3V8Y6, STM32H7R3Z8J6, STM32H7R3Z8T6, STM32H7R7A8I6, STM32H7R7I8K6, STM32H7R7I8T6, STM32H7R7L8H6, STM32H7R7L8H6H, STM32H7R7Z8J6, STM32H7S3A8I6, STM32H7S3I8K6, STM32H7S3I8T6, STM32H7S3L8H6, STM32H7S3L8H6H, STM32H7S3R8V6, STM32H7S3V8H6, STM32H7S3V8T6, STM32H7S3V8Y6, STM32H7S3Z8J6, STM32H7S3Z8T6, STM32H7S78-DK, STM32H7S7A8I6, STM32H7S7I8K6, STM32H7S7I8T6, STM32H7S7L8H6, STM32H7S7L8H6H, STM32H7S7Z8J6, STM32L4R5QGI6STR, STM32MP131AAE3, STM32MP131AAF3, STM32MP131AAG3, STM32MP131CAE3, STM32MP131CAF3, STM32MP131CAG3, STM32MP131DAE7, STM32MP131DAF7, STM32MP131DAG7, STM32MP131FAE7, STM32MP131FAF7, STM32MP131FAG7, STM32MP133AAE3, STM32MP133AAF3, STM32MP133AAG3, STM32MP133CAE3, STM32MP133CAF3, STM32MP133CAG3, STM32MP133DAE7, STM32MP133DAF7, STM32MP133DAG7, STM32MP133FAE7, STM32MP133FAF7, STM32MP133FAG7, STM32MP135AAE3, STM32MP135AAF3, STM32MP135AAG3, STM32MP135CAE3, STM32MP135CAF3, STM32MP135CAG3, STM32MP135DAE7, STM32MP135DAF7, STM32MP135DAG7, STM32MP135F-DK, STM32MP135FAE7, STM32MP135FAF7, STM32MP135FAF7T, STM32MP135FAF7U, STM32MP135FAG7, STM32U031C6T6, STM32U031C6U6, STM32U031C8T6, STM32U031C8U6, STM32U031F4P6, STM32U031F6P6, STM32U031F8P6, STM32U031G6Y6TR, STM32U031G8Y6TR, STM32U031K4U6, STM32U031K6U6, STM32U031K8U6, STM32U031R6I6, STM32U031R6T6, STM32U031R8I6, STM32U031R8T6, STM32U073C8T6, STM32U073C8U6, STM32U073CBT6, STM32U073CBU6, STM32U073CCT6, STM32U073CCU6, STM32U073H8Y6TR, STM32U073HBY6TR, STM32U073HCY6TR, STM32U073K8U6, STM32U073KBU6, STM32U073KCU6, STM32U073M8I6, STM32U073M8T6, STM32U073MBI6, STM32U073MBT6, STM32U073MCI6, STM32U073MCT6, STM32U073R8I6, STM32U073R8T6, STM32U073RBI6, STM32U073RBT6, STM32U073RCI6, STM32U073RCT6, STM32U083C-DK, STM32U083CCT6, STM32U083CCU6, STM32U083HCY6TR, STM32U083KCU6, STM32U083MCI6, STM32U083MCT6, STM32U083RCI6, STM32U083RCT6, STM32U535CBT6, STM32U535CBT6Q, STM32U535CBU6, STM32U535CBU6Q, STM32U535CCT6, STM32U535CCT6Q, STM32U535CCU6, STM32U535CCU6Q, STM32U535CET6, STM32U535CET6Q, STM32U535CEU6, STM32U535CEU6Q, STM32U535JEY6QTR, STM32U535NCY6QTR, STM32U535NEY6QTR, STM32U535RBI6, STM32U535RBI6Q, STM32U535RBT6, STM32U535RBT6Q, STM32U535RCI6, STM32U535RCI6Q, STM32U535RCT6, STM32U535RCT6Q, STM32U535REI6, STM32U535REI6Q, STM32U535RET6, STM32U535RET6Q, STM32U535VCI6, STM32U535VCI6Q, STM32U535VCT6, STM32U535VCT6Q, STM32U535VEI6, STM32U535VEI6Q, STM32U535VET6, STM32U535VET6Q, STM32U545CET6, STM32U545CET6Q, STM32U545CEU6, STM32U545CEU6Q, STM32U545JEY6QTR, STM32U545NEY6QTR, STM32U545REI6, STM32U545REI6Q, STM32U545RET6, STM32U545RET6Q, STM32U545VEI6, STM32U545VEI6Q, STM32U545VET6, STM32U545VET6Q, STM32U595AIH6, STM32U595AIH6Q, STM32U595AJH6, STM32U595AJH6Q, STM32U595QII6, STM32U595QII6Q, STM32U595QJI6, STM32U595QJI6Q, STM32U595RIT6, STM32U595RIT6Q, STM32U595RJT6, STM32U595RJT6Q, STM32U595VIT6, STM32U595VIT6Q, STM32U595VJT6, STM32U595VJT6Q, STM32U595ZIT6, STM32U595ZIT6Q, STM32U595ZIY6QTR, STM32U595ZJT6, STM32U595ZJT6Q, STM32U595ZJY6QTR, STM32U599BJY6QTR, STM32U599NIH6Q, STM32U599NJH6Q, STM32U599VIT6Q, STM32U599VJT6, STM32U599VJT6Q, STM32U599ZIT6Q, STM32U599ZIY6QTR, STM32U599ZJT6Q, STM32U599ZJY6QTR, STM32U5A5AJH6, STM32U5A5AJH6Q, STM32U5A5QII3Q , STM32U5A5QJI6, STM32U5A5QJI6Q, STM32U5A5RJT6, STM32U5A5RJT6Q, STM32U5A5VJT6, STM32U5A5VJT6Q, STM32U5A5ZJT6, STM32U5A5ZJT6Q, STM32U5A5ZJY6QTR, STM32U5A9BJY6QTR, STM32U5A9J-DK, STM32U5A9NJH6Q, STM32U5A9VJT6Q, STM32U5A9ZJT6Q, STM32U5A9ZJY6QTR, STM32U5F7VIT6, STM32U5F7VIT6Q, STM32U5F7VJT6, STM32U5F7VJT6Q, STM32U5F9BJY6QTR, STM32U5F9NJH6Q, STM32U5F9VIT6Q, STM32U5F9VJT6Q, STM32U5F9ZIJ6QTR, STM32U5F9ZIT6Q, STM32U5F9ZJJ6QTR, STM32U5F9ZJT6Q, STM32U5G7VJT6, STM32U5G7VJT6Q, STM32U5G9BJY6QTR, STM32U5G9J-DK1, STM32U5G9J-DK2, STM32U5G9NJH6Q, STM32U5G9VJT6Q, STM32U5G9ZJJ6QTR, STM32U5G9ZJT6Q, STM32WB1MMCH6, STM32WBA50KEU6, STM32WBA50KEU6TR, STM32WBA50KGU6, STM32WBA50KGU6TR, STM32WBA52CEU6, STM32WBA52CEU6TR, STM32WBA52CEU7, STM32WBA52CEU7TR, STM32WBA52CGU6, STM32WBA52CGU6TR, STM32WBA52CGU6U, STM32WBA52CGU7, STM32WBA52CGU7TR, STM32WBA52KEU6, STM32WBA52KEU6TR, STM32WBA52KGU6, STM32WBA52KGU6TR, STM32WBA54CEU6, STM32WBA54CEU6TR, STM32WBA54CEU7, STM32WBA54CEU7TR, STM32WBA54CGU6, STM32WBA54CGU6TR, STM32WBA54CGU7, STM32WBA54CGU7TR, STM32WBA54KEU6, STM32WBA54KEU6TR, STM32WBA54KEU7, STM32WBA54KEU7TR, STM32WBA54KGU6, STM32WBA54KGU6TR, STM32WBA54KGU7, STM32WBA54KGU7TR, STM32WBA55CEU6, STM32WBA55CEU6TR, STM32WBA55CEU7, STM32WBA55CEU7TR, STM32WBA55CGU6, STM32WBA55CGU6TR, STM32WBA55CGU6U, STM32WBA55CGU7, STM32WBA55CGU7TR, STM32WBA55G-DK1, STM32WBA55HEF6, STM32WBA55HEF7, STM32WBA55HGF6, STM32WBA55HGF7, STM32WBA55UEI6, STM32WBA55UEI6TR, STM32WBA55UEI7, STM32WBA55UEI7TR, STM32WBA55UGI6, STM32WBA55UGI6TR, STM32WBA55UGI7, STM32WBA55UGI7TR, STM32WL5MOCH6, STM32WL5MOCH6TR]
2024-10-03 17:54:30,173 [INFO] BoardInfo:889 - No configuration file found for board NUCLEO-WB05KZ
2024-10-03 17:54:30,174 [INFO] DbBoards:161 - Board is not supported: NUCLEO-WB05KZ
2024-10-03 17:54:30,176 [INFO] BoardInfo:889 - No configuration file found for board NUCLEO-WB07CC
2024-10-03 17:54:30,176 [INFO] DbBoards:161 - Board is not supported: NUCLEO-WB07CC
2024-10-03 17:54:30,178 [INFO] BoardInfo:889 - No configuration file found for board NUCLEO-WB09KE
2024-10-03 17:54:30,178 [INFO] DbBoards:161 - Board is not supported: NUCLEO-WB09KE
2024-10-03 17:54:30,196 [INFO] BoardInfo:889 - No configuration file found for board P-NUCLEO-WB55
2024-10-03 17:54:30,197 [INFO] DbBoards:161 - Kit is not supported: P-NUCLEO-WB55
2024-10-03 17:54:30,207 [INFO] BoardInfo:889 - No configuration file found for board STEVAL-BFA001V1B
2024-10-03 17:54:30,208 [INFO] DbBoards:161 - Kit is not supported: STEVAL-BFA001V1B
2024-10-03 17:54:30,209 [INFO] BoardInfo:889 - No configuration file found for board STEVAL-BFA001V2B
2024-10-03 17:54:30,210 [INFO] DbBoards:161 - Kit is not supported: STEVAL-BFA001V2B
2024-10-03 17:54:30,468 [INFO] BoardInfo:889 - No configuration file found for board STM32MP257F-DK
2024-10-03 17:54:30,468 [INFO] DbBoards:161 - Board is not supported: STM32MP257F-DK
2024-10-03 17:54:30,470 [INFO] BoardInfo:889 - No configuration file found for board STM32MP257F-EV1
2024-10-03 17:54:30,471 [INFO] DbBoards:161 - Board is not supported: STM32MP257F-EV1
2024-10-03 17:54:30,485 [INFO] DbBoards:168 - Found 200 boards, 192 are supported
2024-10-03 17:54:30,485 [INFO] DbBoards:169 - Found 200 boards, 8 of them is supported for  Bsp
2024-10-03 17:54:30,551 [INFO] ApiDb:423 - Load user favorites file C:\Users\Matheus Markies/.stm32cubeide/favorites.boards.txt: 0 item(s)
2024-10-03 17:54:30,551 [INFO] ApiDb:427 - User favorites Boards=[]
2024-10-03 17:54:30,551 [INFO] DbBoards:198 - Set 0 / 0 favorites Boards
2024-10-03 17:54:30,555 [INFO] ApiDb:668 - CubeFinder database Data Model version=2.1
2024-10-03 17:54:30,555 [INFO] ApiDb:669 - CubeFinder database Configuration version=3.0.39
2024-10-03 17:54:30,555 [INFO] ApiDb:670 - CubeFinder database generation date=2024-09-16 (1726485674)
2024-10-03 17:54:30,555 [INFO] ApiDb:671 - CubeFinder database FW Pack versions=[FP-ATR-ASTRA1_V2.0.0, FP-SNS-FLIGHT1_V5.0.2, FP-SNS-MOTENV1_V5.0.0, FP-SNS-MOTENVWB1_V1.4.0, FP-SNS-SMARTAG2_V1.2.0, FP-SNS-STBOX1_V2.0.0, STM32Cube_FW_C0_V1.2.0, STM32Cube_FW_F4_V1.28.1, STM32Cube_FW_F7_V1.17.2, STM32Cube_FW_G0_V1.6.2, STM32Cube_FW_G4_V1.6.0, STM32Cube_FW_H5_V1.3.0, STM32Cube_FW_H7RS_V1.1.0, STM32Cube_FW_H7_V1.11.2, STM32Cube_FW_L0_V1.12.2, STM32Cube_FW_L5_V1.5.1, STM32Cube_FW_U0_V1.1.0, STM32Cube_FW_U5_V1.6.0, STM32Cube_FW_WB0_V1.0.0, STM32Cube_FW_WBA_V1.4.1, STM32Cube_FW_WB_V1.20.0, STM32Cube_FW_WL_V1.3.0, X-CUBE-ALGOBUILD_V1.4.0, X-CUBE-ALS_V1.0.2, X-CUBE-AZRTOS-F4_V1.1.0, X-CUBE-AZRTOS-F7_V1.1.0, X-CUBE-AZRTOS-G0_V1.1.0, X-CUBE-AZRTOS-G4_V2.0.0, X-CUBE-AZRTOS-H7RS_V1.0.0, X-CUBE-AZRTOS-H7_V3.2.0, X-CUBE-AZRTOS-L4_V2.0.0, X-CUBE-AZRTOS-L5_V2.0.0, X-CUBE-AZRTOS-WB_V2.0.0, X-CUBE-AZRTOS-WL_V2.0.0, X-CUBE-BLE1_V7.0.0, X-CUBE-BLE2_V3.3.0, X-CUBE-BLEMGR_V3.1.0, X-CUBE-EEPRMA1_V5.1.0, X-CUBE-FREERTOS_V1.2.0, X-CUBE-GNSS1_V6.0.0, X-CUBE-MEMS1_V11.0.0, X-CUBE-NFC4_V3.0.0, X-CUBE-NFC7_V1.0.1, X-CUBE-SFXS2LP1_V4.0.0, X-CUBE-SUBG2_V5.0.0, X-CUBE-TOF1_V3.4.2]
2024-10-03 17:54:31,932 [ERROR] DbExamplesSqlite:437 - Missing JSON key: board_cpn
2024-10-03 17:54:31,933 [ERROR] DbExamplesSqlite:437 - Missing JSON key: board_cpn
2024-10-03 17:54:31,934 [ERROR] DbExamplesSqlite:437 - Missing JSON key: board_cpn
2024-10-03 17:54:31,934 [ERROR] DbExamplesSqlite:437 - Missing JSON key: board_cpn
2024-10-03 17:54:32,363 [ERROR] DbExamplesSqlite:437 - Missing JSON key: board_cpn
2024-10-03 17:54:32,364 [ERROR] DbExamplesSqlite:437 - Missing JSON key: board_cpn
2024-10-03 17:54:32,364 [ERROR] DbExamplesSqlite:437 - Missing JSON key: board_cpn
2024-10-03 17:54:32,364 [ERROR] DbExamplesSqlite:437 - Missing JSON key: board_cpn
2024-10-03 17:54:32,365 [ERROR] DbExamplesSqlite:437 - Missing JSON key: board_cpn
2024-10-03 17:54:32,365 [ERROR] DbExamplesSqlite:437 - Missing JSON key: board_cpn
2024-10-03 17:54:32,365 [ERROR] DbExamplesSqlite:437 - Missing JSON key: board_cpn
2024-10-03 17:54:32,365 [ERROR] DbExamplesSqlite:437 - Missing JSON key: board_cpn
2024-10-03 17:54:32,365 [ERROR] DbExamplesSqlite:437 - Missing JSON key: board_cpn
2024-10-03 17:54:32,367 [INFO] DbExamplesSqlite:395 - Ignored 28 examples not supported by CubeIDE
2024-10-03 17:54:32,368 [INFO] DbExamplesSqlite:396 - Found 8614 examples active
2024-10-03 17:54:32,368 [INFO] DbExamplesSqlite:397 - Found 0 examples obsolete
2024-10-03 17:54:32,368 [INFO] DbExamplesSqlite:398 - Found 0 examples under development
2024-10-03 17:54:32,368 [INFO] DbExamplesSqlite:399 - Found 10 examples not building
2024-10-03 17:54:32,370 [INFO] DbExamples:125 - Found 8596 examples
2024-10-03 17:54:32,526 [ERROR] DbExamples:208 - Found 206 examples with invalid data (board or MCU)
2024-10-03 17:54:32,527 [INFO] DbExamples:222 - Found 107 boards with related examples
2024-10-03 17:54:32,530 [INFO] DbExamples:235 - Found 87 MCUs with related examples
2024-10-03 17:54:32,627 [INFO] ApiDb:414 - User favorites file not found: C:\Users\Matheus Markies/.stm32cubeide/favorites.examples.txt
2024-10-03 17:54:32,627 [INFO] DbExamples:250 - Set 0 / 0 favorites Examples
2024-10-03 17:54:34,648 [INFO] McuFinderGlobals:76 - Set McuFinderConnectedMode to true
2024-10-03 17:54:34,657 [INFO] MultiScanPanel:200 - Auto-refresh data requested => check proxy status ongoing
2024-10-03 17:54:34,661 [INFO] FinderPluginLoader:95 - Searching for filters in installed packs
2024-10-03 17:54:36,373 [INFO] LoadUrlFilesThread:185 - End of LoadServerUrlFiles without Thread
2024-10-03 17:54:36,425 [INFO] DetailPanel:341 - Set advertising image to C:/Users/Matheus Markies/STM32Cube/Repository/\en.prom-stm32c071-usb-memories-mcu-finder.png
2024-10-03 17:55:13,702 [INFO] MainUpdater:2873 - connection check result : 10
2024-10-03 17:55:13,702 [INFO] MainUpdater:2873 - connection check result : 10
2024-10-03 17:55:13,740 [INFO] MicroXplorer:468 - Change Database Path : 
2024-10-03 17:55:13,740 [INFO] MicroXplorer:498 - Change Database Version : DB.6.0.111
2024-10-03 17:55:13,747 [WARN] ThirdParty:871 - waiting for thirdparty lock release [close project]
2024-10-03 17:55:13,747 [INFO] ThirdParty:873 - entering critical section [close project]
2024-10-03 17:55:13,748 [INFO] ThirdParty:883 - exiting critical section [close project]
2024-10-03 17:55:13,749 [INFO] PinOutPanel:1561 - setPackage(No Configuration,No Configuration)
2024-10-03 17:55:13,753 [INFO] UtilMem:75 - Begin LoadConfig() Used Memory: 864979456 Bytes (1073741824)
2024-10-03 17:55:13,754 [INFO] MicroXplorer:468 - Change Database Path : 
2024-10-03 17:55:13,754 [INFO] MicroXplorer:498 - Change Database Version : DB.6.0.111
2024-10-03 17:55:13,754 [INFO] OpenFileManager:312 - Change cursor
2024-10-03 17:55:14,137 [INFO] Mcu:2021 - Initializing MCU STM32F407ZETx STM32F407ZETx STM32F407ZET7
2024-10-03 17:55:17,706 [INFO] Context:663 - Trying to add GPIOservice into a context  which must be forbidden
2024-10-03 17:55:18,559 [INFO] ImportTextPane:194 - (OptionalMessage_ERROR) Unable to find key (Mcu.ThirdPartyNb) in loaded IOC file
2024-10-03 17:55:18,559 [INFO] ImportTextPane:194 - (OptionalMessage_ERROR) Unable to find key (Mcu.PinsNb) in loaded IOC file
2024-10-03 17:55:18,559 [INFO] ImportTextPane:194 - (OptionalMessage_ERROR) Unable to find key (Mcu.IPNb) in loaded IOC file
2024-10-03 17:55:18,942 [INFO] RtosManager:555 - Registered RTOS mode: class=CMSIS, group=RTOS, mode=CMSIS_V1, owner=FREERTOS
2024-10-03 17:55:18,942 [INFO] RtosManager:555 - Registered RTOS mode: class=CMSIS, group=RTOS2, mode=CMSIS_V2, owner=FREERTOS
2024-10-03 17:55:18,943 [INFO] RtosManager:555 - Registered RTOS mode: class=RTOS, group=Core, mode=CMSIS_V1, owner=FREERTOS
2024-10-03 17:55:18,944 [INFO] RtosManager:555 - Registered RTOS mode: class=RTOS, group=Core, mode=CMSIS_V2, owner=FREERTOS
2024-10-03 17:55:18,944 [WARN] ModelIntegratedComponent:184 - Missing modes for component STMicroelectronics:FreeRTOS:0.0.1:STMicroelectronics:RTOS:FreeRTOS:Core:::10.2.0:
2024-10-03 17:55:18,965 [WARN] ModelIntegratedComponent:63 - No mode defined for component null
2024-10-03 17:55:18,965 [WARN] ModelIntegratedComponent:63 - No mode defined for component null
2024-10-03 17:55:18,965 [WARN] ModelIntegratedComponent:63 - No mode defined for component null
2024-10-03 17:55:18,965 [WARN] ModelIntegratedComponent:63 - No mode defined for component null
2024-10-03 17:55:18,965 [WARN] ModelIntegratedComponent:63 - No mode defined for component null
2024-10-03 17:55:18,965 [WARN] ModelIntegratedComponent:63 - No mode defined for component null
2024-10-03 17:55:18,965 [WARN] ModelIntegratedComponent:63 - No mode defined for component null
2024-10-03 17:55:18,965 [WARN] ModelIntegratedComponent:63 - No mode defined for component null
2024-10-03 17:55:18,965 [WARN] ModelIntegratedComponent:63 - No mode defined for component null
2024-10-03 17:55:18,965 [WARN] ModelIntegratedComponent:63 - No mode defined for component null
2024-10-03 17:55:18,966 [WARN] ModelIntegratedComponent:63 - No mode defined for component null
2024-10-03 17:55:18,966 [WARN] ModelIntegratedComponent:63 - No mode defined for component null
2024-10-03 17:55:18,967 [WARN] ModelIntegratedComponent:63 - No mode defined for component null
2024-10-03 17:55:18,970 [WARN] ModelIntegratedComponent:63 - No mode defined for component null
2024-10-03 17:55:18,988 [WARN] ModelIntegratedComponent:63 - No mode defined for component null
2024-10-03 17:55:18,988 [WARN] ModelIntegratedComponent:63 - No mode defined for component null
2024-10-03 17:55:18,988 [WARN] ModelIntegratedComponent:63 - No mode defined for component null
2024-10-03 17:55:18,988 [WARN] ModelIntegratedComponent:63 - No mode defined for component null
2024-10-03 17:55:18,988 [WARN] ModelIntegratedComponent:63 - No mode defined for component null
2024-10-03 17:55:18,988 [WARN] ModelIntegratedComponent:63 - No mode defined for component null
2024-10-03 17:55:18,988 [WARN] ModelIntegratedComponent:63 - No mode defined for component null
2024-10-03 17:55:18,989 [WARN] ModelIntegratedComponent:63 - No mode defined for component null
2024-10-03 17:55:18,989 [WARN] ModelIntegratedComponent:63 - No mode defined for component null
2024-10-03 17:55:18,989 [WARN] ModelIntegratedComponent:63 - No mode defined for component null
2024-10-03 17:55:18,989 [WARN] ModelIntegratedComponent:63 - No mode defined for component null
2024-10-03 17:55:18,989 [WARN] ModelIntegratedComponent:63 - No mode defined for component null
2024-10-03 17:55:18,989 [WARN] ModelIntegratedComponent:63 - No mode defined for component null
2024-10-03 17:55:18,989 [WARN] ModelIntegratedComponent:63 - No mode defined for component null
2024-10-03 17:55:18,989 [WARN] ModelIntegratedComponent:63 - No mode defined for component null
2024-10-03 17:55:18,989 [WARN] ModelIntegratedComponent:63 - No mode defined for component null
2024-10-03 17:55:18,989 [WARN] ModelIntegratedComponent:63 - No mode defined for component null
2024-10-03 17:55:18,989 [WARN] ModelIntegratedComponent:63 - No mode defined for component null
2024-10-03 17:55:18,989 [WARN] ModelIntegratedComponent:63 - No mode defined for component null
2024-10-03 17:55:18,989 [WARN] ModelIntegratedComponent:63 - No mode defined for component null
2024-10-03 17:55:19,142 [INFO] ThirdPartyModel:298 - Start build external matchings
2024-10-03 17:55:20,222 [INFO] ThirdPartyModel:316 - End build external matchings
2024-10-03 17:55:20,925 [INFO] UtilMem:75 - End LoadConfig() Used Memory: 834712480 Bytes (1073741824)
2024-10-03 17:55:21,175 [WARN] ThirdParty:833 - waiting for thirdparty lock release [change project]
2024-10-03 17:55:21,175 [INFO] ThirdParty:835 - entering critical section [change project]
2024-10-03 17:55:21,175 [INFO] ThirdParty:1030 - CMSIS Pack Vendor :STMicroelectronics USBPD 4.1
2024-10-03 17:55:21,175 [INFO] ThirdParty:1030 - CMSIS Pack Vendor :STMicroelectronics X-CUBE-AZRTOS-H7 3.3.0
2024-10-03 17:55:21,175 [INFO] ThirdParty:1030 - CMSIS Pack Vendor :STMicroelectronics X-CUBE-NFC9 1.0.0
2024-10-03 17:55:21,175 [INFO] ThirdParty:1030 - CMSIS Pack Vendor :STMicroelectronics X-CUBE-GNSS1 6.0.0
2024-10-03 17:55:21,175 [INFO] ThirdParty:1030 - CMSIS Pack Vendor :STMicroelectronics USB_HOST 2.0.0
2024-10-03 17:55:21,175 [INFO] ThirdParty:1030 - CMSIS Pack Vendor :STMicroelectronics FP-SNS-MOTENVWB1 1.4.0
2024-10-03 17:55:21,175 [INFO] ThirdParty:1030 - CMSIS Pack Vendor :STMicroelectronics X-CUBE-AZRTOS-F4 1.1.0
2024-10-03 17:55:21,175 [INFO] ThirdParty:1030 - CMSIS Pack Vendor :STMicroelectronics LIBJPEG 8.0.0
2024-10-03 17:55:21,175 [INFO] ThirdParty:1030 - CMSIS Pack Vendor :STMicroelectronics X-CUBE-SMBUS 2.1.0
2024-10-03 17:55:21,175 [INFO] ThirdParty:1030 - CMSIS Pack Vendor :STMicroelectronics X-CUBE-WB05N 1.1.0
2024-10-03 17:55:21,175 [INFO] ThirdParty:1030 - CMSIS Pack Vendor :STMicroelectronics USB_DEVICE 3.0.0
2024-10-03 17:55:21,175 [INFO] ThirdParty:1030 - CMSIS Pack Vendor :STMicroelectronics X-CUBE-TCPP 4.1.0
2024-10-03 17:55:21,176 [INFO] ThirdParty:1030 - CMSIS Pack Vendor :STMicroelectronics X-CUBE-ISPU 2.1.0
2024-10-03 17:55:21,176 [INFO] ThirdParty:1030 - CMSIS Pack Vendor :STMicroelectronics X-CUBE-FREERTOS 1.2.0
2024-10-03 17:55:21,176 [INFO] ThirdParty:1030 - CMSIS Pack Vendor :STMicroelectronics X-CUBE-IPS 3.0.0
2024-10-03 17:55:21,176 [INFO] ThirdParty:1030 - CMSIS Pack Vendor :STMicroelectronics X-CUBE-AZRTOS-WB 2.0.0
2024-10-03 17:55:21,176 [INFO] ThirdParty:1030 - CMSIS Pack Vendor :STMicroelectronics X-CUBE-GNSS1 7.0.0
2024-10-03 17:55:21,176 [INFO] ThirdParty:1030 - CMSIS Pack Vendor :STMicroelectronics X-CUBE-TOUCHGFX 4.23.2
2024-10-03 17:55:21,176 [INFO] ThirdParty:1030 - CMSIS Pack Vendor :STMicroelectronics X-CUBE-AZRTOS-F7 1.1.0
2024-10-03 17:55:21,176 [INFO] ThirdParty:1030 - CMSIS Pack Vendor :STMicroelectronics X-CUBE-AZRTOS-L5 2.0.0
2024-10-03 17:55:21,176 [INFO] ThirdParty:1030 - CMSIS Pack Vendor :STMicroelectronics USB_DEVICE 2.0.0
2024-10-03 17:55:21,176 [INFO] ThirdParty:1030 - CMSIS Pack Vendor :STMicroelectronics X-CUBE-NFC6 3.1.0
2024-10-03 17:55:21,176 [INFO] ThirdParty:1030 - CMSIS Pack Vendor :STMicroelectronics FP-SNS-STBOX1 2.0.0
2024-10-03 17:55:21,176 [INFO] ThirdParty:1030 - CMSIS Pack Vendor :STMicroelectronics X-CUBE-MEMS1 11.0.0
2024-10-03 17:55:21,176 [INFO] ThirdParty:1030 - CMSIS Pack Vendor :STMicroelectronics FreeRTOS 0.0.1
2024-10-03 17:55:21,176 [INFO] ThirdParty:1030 - CMSIS Pack Vendor :STMicroelectronics X-CUBE-AZRTOS-G0 1.1.0
2024-10-03 17:55:21,176 [INFO] ThirdParty:1030 - CMSIS Pack Vendor :STMicroelectronics X-CUBE-SAFEA1 1.2.2
2024-10-03 17:55:21,176 [INFO] ThirdParty:1030 - CMSIS Pack Vendor :STMicroelectronics X-CUBE-NFC4 3.0.0
2024-10-03 17:55:21,176 [INFO] ThirdParty:1030 - CMSIS Pack Vendor :STMicroelectronics X-CUBE-DPower 1.2.0
2024-10-03 17:55:21,176 [INFO] ThirdParty:1030 - CMSIS Pack Vendor :STMicroelectronics X-CUBE-SUBG2 5.0.0
2024-10-03 17:55:21,177 [INFO] ThirdParty:1030 - CMSIS Pack Vendor :STMicroelectronics STM32_WPAN 1.0.0
2024-10-03 17:55:21,177 [INFO] ThirdParty:1030 - CMSIS Pack Vendor :wolfSSL I-CUBE-wolfMQTT 1.18.0
2024-10-03 17:55:21,177 [INFO] ThirdParty:1030 - CMSIS Pack Vendor :EmbeddedOffice I-CUBE-FS-RTOS 1.0.1
2024-10-03 17:55:21,177 [INFO] ThirdParty:1030 - CMSIS Pack Vendor :STMicroelectronics lwIP 2.0.3
2024-10-03 17:55:21,177 [INFO] ThirdParty:1030 - CMSIS Pack Vendor :STMicroelectronics FP-SNS-FLIGHT1 5.0.2
2024-10-03 17:55:21,177 [INFO] ThirdParty:1030 - CMSIS Pack Vendor :STMicroelectronics USB_HOST 1.0.0
2024-10-03 17:55:21,177 [INFO] ThirdParty:1030 - CMSIS Pack Vendor :STMicroelectronics X-CUBE-AI 9.0.0
2024-10-03 17:55:21,177 [INFO] ThirdParty:1030 - CMSIS Pack Vendor :STMicroelectronics X-CUBE-AZRTOS-G4 2.0.0
2024-10-03 17:55:21,177 [INFO] ThirdParty:1030 - CMSIS Pack Vendor :STMicroelectronics PDM2PCM 3.1.0
2024-10-03 17:55:21,177 [INFO] ThirdParty:1030 - CMSIS Pack Vendor :STMicroelectronics PDM2PCM 3.3.0
2024-10-03 17:55:21,177 [INFO] ThirdParty:1030 - CMSIS Pack Vendor :STMicroelectronics X-CUBE-DISPLAY 3.0.0
2024-10-03 17:55:21,177 [INFO] ThirdParty:1030 - CMSIS Pack Vendor :RealThread X-CUBE-RT-Thread_Nano 4.1.1
2024-10-03 17:55:21,177 [INFO] ThirdParty:1030 - CMSIS Pack Vendor :wolfSSL I-CUBE-wolfSSL 5.7.0
2024-10-03 17:55:21,177 [INFO] ThirdParty:1030 - CMSIS Pack Vendor :STMicroelectronics X-CUBE-BLE1 7.0.0
2024-10-03 17:55:21,177 [INFO] ThirdParty:1030 - CMSIS Pack Vendor :STMicroelectronics FP-ATR-SIGFOX1 3.2.0
2024-10-03 17:55:21,177 [INFO] ThirdParty:1030 - CMSIS Pack Vendor :STMicroelectronics X-CUBE-NFC10 1.0.0
2024-10-03 17:55:21,177 [INFO] ThirdParty:1030 - CMSIS Pack Vendor :STMicroelectronics X-CUBE-ISPU 2.0.0
2024-10-03 17:55:21,177 [INFO] ThirdParty:1030 - CMSIS Pack Vendor :STMicroelectronics X-CUBE-EEPRMA1 5.1.0
2024-10-03 17:55:21,178 [INFO] ThirdParty:1030 - CMSIS Pack Vendor :STMicroelectronics HAL Drivers 0.0.0
2024-10-03 17:55:21,178 [INFO] ThirdParty:1030 - CMSIS Pack Vendor :STMicroelectronics MBEDTLS 2.16.2
2024-10-03 17:55:21,178 [INFO] ThirdParty:1030 - CMSIS Pack Vendor :STMicroelectronics X-CUBE-ALS 1.0.2
2024-10-03 17:55:21,178 [INFO] ThirdParty:1030 - CMSIS Pack Vendor :emotas I-CUBE-CANOPEN 1.3.0
2024-10-03 17:55:21,178 [INFO] ThirdParty:1030 - CMSIS Pack Vendor :STMicroelectronics X-CUBE-MEMS1 10.0.0
2024-10-03 17:55:21,178 [INFO] ThirdParty:1030 - CMSIS Pack Vendor :STMicroelectronics X-CUBE-NFC7 1.0.1
2024-10-03 17:55:21,178 [INFO] ThirdParty:1030 - CMSIS Pack Vendor :STMicroelectronics MBEDTLS 2.14.1
2024-10-03 17:55:21,178 [INFO] ThirdParty:1030 - CMSIS Pack Vendor :STMicroelectronics X-CUBE-TOUCHGFX 4.24.0
2024-10-03 17:55:21,178 [INFO] ThirdParty:1030 - CMSIS Pack Vendor :ITTIA_DB I-CUBE-ITTIADB 8.9.0
2024-10-03 17:55:21,178 [INFO] ThirdParty:1030 - CMSIS Pack Vendor :wolfSSL I-CUBE-wolfTPM 3.2.0
2024-10-03 17:55:21,178 [INFO] ThirdParty:1030 - CMSIS Pack Vendor :STMicroelectronics X-CUBE-TOUCHGFX 4.24.1
2024-10-03 17:55:21,178 [INFO] ThirdParty:1030 - CMSIS Pack Vendor :portGmbH I-Cube-SoM-uGOAL 1.1.0
2024-10-03 17:55:21,178 [INFO] ThirdParty:1030 - CMSIS Pack Vendor :STMicroelectronics X-CUBE-ALS 1.0.1
2024-10-03 17:55:21,178 [INFO] ThirdParty:1030 - CMSIS Pack Vendor :STMicroelectronics X-CUBE-BLEMGR 3.1.0
2024-10-03 17:55:21,178 [INFO] ThirdParty:1030 - CMSIS Pack Vendor :STMicroelectronics ThreadX 1.0.0
2024-10-03 17:55:21,178 [INFO] ThirdParty:1030 - CMSIS Pack Vendor :STMicroelectronics FP-SNS-SMARTAG2 1.2.0
2024-10-03 17:55:21,178 [INFO] ThirdParty:1030 - CMSIS Pack Vendor :STMicroelectronics X-CUBE-AZRTOS-WL 2.0.0
2024-10-03 17:55:21,179 [INFO] ThirdParty:1030 - CMSIS Pack Vendor :SEGGER I-CUBE-embOS 1.3.1
2024-10-03 17:55:21,179 [INFO] ThirdParty:1030 - CMSIS Pack Vendor :STMicroelectronics X-CUBE-ALGOBUILD 1.4.0
2024-10-03 17:55:21,179 [INFO] ThirdParty:1030 - CMSIS Pack Vendor :STMicroelectronics FP-SNS-MOTENV1 5.0.0
2024-10-03 17:55:21,179 [INFO] ThirdParty:1030 - CMSIS Pack Vendor :STMicroelectronics USB_DEVICE 1.0.0
2024-10-03 17:55:21,179 [INFO] ThirdParty:1030 - CMSIS Pack Vendor :STMicroelectronics X-CUBE-AZRTOS-H7RS 1.0.0
2024-10-03 17:55:21,179 [INFO] ThirdParty:1030 - CMSIS Pack Vendor :wolfSSL I-CUBE-wolfMQTT 1.19.0
2024-10-03 17:55:21,179 [INFO] ThirdParty:1030 - CMSIS Pack Vendor :STMicroelectronics X-CUBE-AZRTOS-L4 2.0.0
2024-10-03 17:55:21,179 [INFO] ThirdParty:1030 - CMSIS Pack Vendor :STMicroelectronics ThreadX 0.0.2
2024-10-03 17:55:21,179 [INFO] ThirdParty:1030 - CMSIS Pack Vendor :WES I-CUBE-Cesium 1.3.0
2024-10-03 17:55:21,179 [INFO] ThirdParty:1030 - CMSIS Pack Vendor :STMicroelectronics FP-ATR-ASTRA1 2.0.0
2024-10-03 17:55:21,179 [INFO] ThirdParty:1030 - CMSIS Pack Vendor :STMicroelectronics lwIP 2.1.2
2024-10-03 17:55:21,179 [INFO] ThirdParty:1030 - CMSIS Pack Vendor :STMicroelectronics X-CUBE-SFXS2LP1 4.0.0
2024-10-03 17:55:21,179 [INFO] ThirdParty:1030 - CMSIS Pack Vendor :STMicroelectronics X-CUBE-BLE2 3.3.0
2024-10-03 17:55:21,179 [INFO] ThirdParty:1030 - CMSIS Pack Vendor :STMicroelectronics X-CUBE-TOF1 3.4.2
2024-10-03 17:55:21,179 [INFO] ThirdParty:1030 - CMSIS Pack Vendor :STMicroelectronics X-CUBE-AI 9.1.0
2024-10-03 17:55:21,179 [INFO] ThirdParty:1030 - CMSIS Pack Vendor :STMicroelectronics X-CUBE-TOF1 3.4.1
2024-10-03 17:55:21,179 [INFO] ThirdParty:1030 - CMSIS Pack Vendor :STMicroelectronics X-CUBE-AZRTOS-H7 3.2.0
2024-10-03 17:55:21,179 [INFO] ThirdParty:1030 - CMSIS Pack Vendor :Infineon AIROC-Wi-Fi-Bluetooth-STM32 1.6.0
2024-10-03 17:55:21,179 [INFO] ThirdParty:1030 - CMSIS Pack Vendor :STMicroelectronics PDM2PCM 3.2.0
2024-10-03 17:55:21,180 [INFO] ThirdParty:1030 - CMSIS Pack Vendor :wolfSSL I-CUBE-wolfSSH 1.4.17
2024-10-03 17:55:21,180 [INFO] ThirdParty:841 - exiting critical section [change project]
2024-10-03 17:55:21,835 [INFO] PinOutPanel:1561 - setPackage(No Configuration,No Configuration)
2024-10-03 17:55:21,837 [INFO] PinOutPanel:1561 - setPackage(STM32F407ZETx,LQFP144)
2024-10-03 17:55:22,835 [INFO] UtilMem:75 - Before build in PCC Used Memory: 631644208 Bytes (1073741824)
2024-10-03 17:55:24,263 [INFO] UserBatteryFile:101 - Battery_LiPo 3500.0 0.0 3.7 0.0 0.0
2024-10-03 17:55:24,486 [INFO] UtilMem:75 - After build in PCC Used Memory: 730210352 Bytes (1073741824)
2024-10-03 17:55:24,554 [INFO] IPUIPlugin:80 - create IPUIPlugin
2024-10-03 17:55:24,554 [INFO] IPUIPlugin:80 - create IPUIPlugin
2024-10-03 17:55:24,554 [INFO] IPUIPlugin:80 - create IPUIPlugin
2024-10-03 17:55:24,554 [INFO] IPUIPlugin:80 - create IPUIPlugin
2024-10-03 17:55:24,554 [INFO] IPUIPlugin:80 - create IPUIPlugin
2024-10-03 17:55:24,555 [INFO] IPUIPlugin:80 - create IPUIPlugin
2024-10-03 17:55:24,555 [INFO] IPUIPlugin:80 - create IPUIPlugin
2024-10-03 17:55:24,555 [INFO] IPUIPlugin:80 - create IPUIPlugin
2024-10-03 17:55:24,555 [INFO] IPUIPlugin:80 - create IPUIPlugin
2024-10-03 17:55:24,556 [INFO] IPUIPlugin:80 - create IPUIPlugin
2024-10-03 17:55:24,558 [INFO] IPUIPlugin:80 - create IPUIPlugin
2024-10-03 17:55:24,565 [INFO] IPUIPlugin:80 - create IPUIPlugin
2024-10-03 17:55:24,570 [INFO] IPUIPlugin:80 - create IPUIPlugin
2024-10-03 17:55:24,571 [INFO] IPUIPlugin:80 - create IPUIPlugin
2024-10-03 17:55:24,571 [INFO] IPUIPlugin:80 - create IPUIPlugin
2024-10-03 17:55:24,571 [INFO] IPUIPlugin:80 - create IPUIPlugin
2024-10-03 17:55:24,571 [INFO] IPUIPlugin:80 - create IPUIPlugin
2024-10-03 17:55:24,571 [INFO] IPUIPlugin:80 - create IPUIPlugin
2024-10-03 17:55:24,571 [INFO] IPUIPlugin:80 - create IPUIPlugin
2024-10-03 17:55:24,572 [INFO] IPUIPlugin:80 - create IPUIPlugin
2024-10-03 17:55:24,572 [INFO] IPUIPlugin:80 - create IPUIPlugin
2024-10-03 17:55:24,572 [INFO] IPUIPlugin:80 - create IPUIPlugin
2024-10-03 17:55:24,572 [INFO] IPUIPlugin:80 - create IPUIPlugin
2024-10-03 17:55:24,572 [INFO] IPUIPlugin:80 - create IPUIPlugin
2024-10-03 17:55:24,573 [INFO] IPUIPlugin:80 - create IPUIPlugin
2024-10-03 17:55:24,573 [INFO] IPUIPlugin:80 - create IPUIPlugin
2024-10-03 17:55:24,573 [INFO] IPUIPlugin:80 - create IPUIPlugin
2024-10-03 17:55:24,573 [INFO] IPUIPlugin:80 - create IPUIPlugin
2024-10-03 17:55:24,574 [INFO] IPUIPlugin:80 - create IPUIPlugin
2024-10-03 17:55:24,574 [INFO] IPUIPlugin:80 - create IPUIPlugin
2024-10-03 17:55:24,574 [INFO] IPUIPlugin:80 - create IPUIPlugin
2024-10-03 17:55:24,574 [INFO] IPUIPlugin:80 - create IPUIPlugin
2024-10-03 17:55:24,574 [INFO] IPUIPlugin:80 - create IPUIPlugin
2024-10-03 17:55:24,574 [INFO] IPUIPlugin:80 - create IPUIPlugin
2024-10-03 17:55:24,575 [INFO] IPUIPlugin:80 - create IPUIPlugin
2024-10-03 17:55:24,575 [INFO] IPUIPlugin:80 - create IPUIPlugin
2024-10-03 17:55:24,575 [INFO] IPUIPlugin:80 - create IPUIPlugin
2024-10-03 17:55:24,575 [INFO] IPUIPlugin:80 - create IPUIPlugin
2024-10-03 17:55:24,576 [INFO] IPUIPlugin:80 - create IPUIPlugin
2024-10-03 17:55:24,576 [INFO] IPUIPlugin:80 - create IPUIPlugin
2024-10-03 17:55:24,576 [INFO] IPUIPlugin:80 - create IPUIPlugin
2024-10-03 17:55:24,576 [INFO] IPUIPlugin:80 - create IPUIPlugin
2024-10-03 17:55:24,576 [INFO] IPUIPlugin:80 - create IPUIPlugin
2024-10-03 17:55:24,577 [INFO] IPUIPlugin:80 - create IPUIPlugin
2024-10-03 17:55:24,577 [INFO] IPUIPlugin:80 - create IPUIPlugin
2024-10-03 17:55:24,577 [INFO] IPUIPlugin:80 - create IPUIPlugin
2024-10-03 17:55:24,578 [INFO] IPUIPlugin:80 - create IPUIPlugin
2024-10-03 17:55:24,578 [INFO] IPUIPlugin:80 - create IPUIPlugin
2024-10-03 17:55:24,578 [INFO] IPUIPlugin:80 - create IPUIPlugin
2024-10-03 17:55:24,579 [INFO] IPUIPlugin:80 - create IPUIPlugin
2024-10-03 17:55:24,579 [INFO] IPUIPlugin:80 - create IPUIPlugin
2024-10-03 17:55:24,580 [INFO] IPUIPlugin:80 - create IPUIPlugin
2024-10-03 17:55:24,580 [INFO] IPUIPlugin:80 - create IPUIPlugin
2024-10-03 17:55:24,581 [INFO] IPUIPlugin:80 - create IPUIPlugin
2024-10-03 17:55:24,582 [INFO] IPUIPlugin:80 - create IPUIPlugin
2024-10-03 17:55:24,583 [INFO] IPUIPlugin:80 - create IPUIPlugin
2024-10-03 17:55:24,583 [INFO] IPUIPlugin:80 - create IPUIPlugin
2024-10-03 17:55:24,584 [INFO] IPUIPlugin:80 - create IPUIPlugin
2024-10-03 17:55:24,697 [INFO] ApiDbMcu:508 - Load IP Config File for PDM2PCM
2024-10-03 17:55:24,965 [INFO] CADModel:165 - CPN selected for project levelSTM32F407ZET7
2024-10-03 17:55:24,966 [INFO] CADModel:114 - Register for checkConnection events
2024-10-03 17:55:25,013 [INFO] OpenFileManager:343 - Restore cursor
2024-10-03 17:55:26,807 [INFO] UtilMem:75 - End SaveConfig() Used Memory: 892248664 Bytes (1073741824)
2024-10-03 17:55:40,881 [INFO] AnalyticsPlugin:368 - Accepted License(s): [FW.F4.1.28.0]
2024-10-03 17:55:40,882 [INFO] FileExtend:240 - Unzip File : stm32cube_fw_f4_v1280.zip
2024-10-03 17:55:40,883 [INFO] FileExtend:255 - Standard Zip Deflate
2024-10-03 17:59:43,615 [INFO] ServerAccessManage:473 - Download File stm32cube_fw_f4_v1281.zip
2024-10-03 17:59:49,598 [INFO] FileExtend:240 - Unzip File : stm32cube_fw_f4_v1281.zip
2024-10-03 17:59:49,599 [INFO] FileExtend:255 - Standard Zip Deflate
2024-10-03 18:02:40,363 [INFO] LoadServerPackagesThread:196 - End of LoadServerPackages Thread
2024-10-03 18:02:40,510 [INFO] ThirdPartyModel:298 - Start build external matchings
2024-10-03 18:02:40,533 [INFO] UtilMem:75 - End SaveConfig() Used Memory: 647447952 Bytes (1073741824)
2024-10-03 18:02:41,264 [INFO] BlockDiagram:2759 - set Specific Code input for plugin: RCC
2024-10-03 18:02:41,264 [INFO] BlockDiagram:2759 - set Specific Code input for plugin: NVIC
2024-10-03 18:02:41,265 [INFO] CodeGenerator:807 - code generatio: config db path: C:\ST\STM32CubeIDE_1.15.1\STM32CubeIDE\plugins\com.st.stm32cube.common.mx_6.11.1.202404110753\\db\
2024-10-03 18:02:41,618 [INFO] CodeEngine:255 - oldGeneratedFile, D:\Projetos\Firmware\firmware\Freelancer_1\MXTmpFiles\license.tmp_save
2024-10-03 18:02:42,346 [INFO] CodeEngine:279 - Generated code: D:\Projetos\Firmware\firmware\Freelancer_1\MXTmpFiles\license.tmp
2024-10-03 18:02:42,442 [INFO] ThirdPartyModel:316 - End build external matchings
2024-10-03 18:02:42,482 [INFO] CheckServerUpdateThread:120 - End of CheckServer Thread
2024-10-03 18:02:42,518 [INFO] CodeEngine:255 - oldGeneratedFile, D:\Projetos\Firmware\firmware\Freelancer_1\Core\Src\stm32f4xx_it.c_save
2024-10-03 18:02:42,897 [INFO] CodeEngine:279 - Generated code: D:\Projetos\Firmware\firmware\Freelancer_1\Core\Src\stm32f4xx_it.c
2024-10-03 18:02:43,326 [INFO] CodeEngine:255 - oldGeneratedFile, D:\Projetos\Firmware\firmware\Freelancer_1\Core\Inc\stm32f4xx_it.h_save
2024-10-03 18:02:43,871 [INFO] CodeEngine:279 - Generated code: D:\Projetos\Firmware\firmware\Freelancer_1\Core\Inc\stm32f4xx_it.h
2024-10-03 18:02:44,649 [INFO] CodeEngine:255 - oldGeneratedFile, D:\Projetos\Firmware\firmware\Freelancer_1\Core\Src\stm32f4xx_hal_msp.c_save
2024-10-03 18:02:44,859 [INFO] CodeEngine:279 - Generated code: D:\Projetos\Firmware\firmware\Freelancer_1\Core\Src\stm32f4xx_hal_msp.c
2024-10-03 18:02:44,875 [INFO] CodeEngine:255 - oldGeneratedFile, D:\Projetos\Firmware\firmware\Freelancer_1\MXTmpFiles\system.tmp_save
2024-10-03 18:02:44,974 [INFO] CodeEngine:279 - Generated code: D:\Projetos\Firmware\firmware\Freelancer_1\MXTmpFiles\system.tmp
2024-10-03 18:02:44,998 [INFO] CodeEngine:311 - oldGeneratedFile, D:\Projetos\Firmware\firmware\Freelancer_1\Core\Inc\stm32f4xx_hal_conf.h_save
2024-10-03 18:02:45,138 [INFO] CodeEngine:335 - Generated code: D:\Projetos\Firmware\firmware\Freelancer_1\Core\Inc\stm32f4xx_hal_conf.h
2024-10-03 18:02:45,268 [INFO] CodeEngine:255 - oldGeneratedFile, D:\Projetos\Firmware\firmware\Freelancer_1\Core\Inc\main.h_save
2024-10-03 18:02:45,439 [INFO] CodeEngine:279 - Generated code: D:\Projetos\Firmware\firmware\Freelancer_1\Core\Inc\main.h
2024-10-03 18:02:45,466 [INFO] CodeEngine:255 - oldGeneratedFile, D:\Projetos\Firmware\firmware\Freelancer_1\Core\Src\main.c_save
2024-10-03 18:02:45,664 [INFO] CodeEngine:279 - Generated code: D:\Projetos\Firmware\firmware\Freelancer_1\Core\Src\main.c
2024-10-03 18:02:46,109 [INFO] ProjectBuilder:3163 - Time for Copy HAL[1] : 229mS.
2024-10-03 18:02:46,117 [INFO] ProjectBuilder:4736 - Project Generator version: 4.3.0-B58
2024-10-03 18:02:46,253 [INFO] ConfigFileManager:1503 - The Die is : DIE413
2024-10-03 18:02:46,282 [INFO] ApiDbMcu:508 - Load IP Config File for FATFS
2024-10-03 18:02:46,329 [INFO] ApiDbMcu:508 - Load IP Config File for FREERTOS
2024-10-03 18:02:46,348 [INFO] ApiDbMcu:508 - Load IP Config File for LIBJPEG
2024-10-03 18:02:46,369 [INFO] ApiDbMcu:508 - Load IP Config File for LWIP
2024-10-03 18:02:46,391 [INFO] ApiDbMcu:508 - Load IP Config File for MBEDTLS
2024-10-03 18:02:46,418 [INFO] ApiDbMcu:508 - Load IP Config File for USB_DEVICE
2024-10-03 18:02:46,434 [INFO] ApiDbMcu:508 - Load IP Config File for USB_HOST
2024-10-03 18:02:47,759 [INFO] LogOutputStream:77 - [STDOUT_REDIRECT] 
2024-10-03 18:02:53,345 [INFO] ProjectBuilder:5002 - Time for Generating toolchain IDE Files: 7226mS.
2024-10-03 18:02:53,346 [INFO] ProjectBuilder:3034 - Time for Copy CMSIS : 1mS.
2024-10-03 18:02:53,349 [INFO] ProjectBuilder:3034 - Time for Copy CMSIS : 0mS.
2024-10-03 18:02:55,307 [INFO] McuFinderGlobals:76 - Set McuFinderConnectedMode to true
2024-10-03 18:02:55,312 [INFO] ApiDb:448 - Save user favorites file C:\Users\Matheus Markies/.stm32cubeide/favorites.mcus.txt: 3 item(s)
2024-10-03 18:02:55,312 [INFO] ApiDb:452 - User favorites MCUs=[STM32F103RBT6, STM32F411RET7, STM32L053C8T6]
2024-10-03 18:03:20,592 [INFO] Can:71 - Can Add PropertyChangeListener com.st.microxplorer.plugins.ip.can.Can@2543f13f
2024-10-03 18:03:20,894 [INFO] NvicIntPanel:101 - NVIC parent = com.st.microxplorer.plugins.ip.nvic.MultiNvicIntPanel[,0,0,0x0,invalid,layout=javax.swing.BoxLayout,alignmentX=0.0,alignmentY=0.0,border=,flags=9,maximumSize=,minimumSize=,preferredSize=]
2024-10-03 18:03:23,029 [INFO] Can:71 - Can Add PropertyChangeListener com.st.microxplorer.plugins.ip.can.Can@3b444b7c
2024-10-03 18:03:34,197 [WARN] IP:2120 - I2C_Coeff_DF not found: check if there is a RefParameter without a condition.
2024-10-03 18:03:34,197 [WARN] IP:2120 - Analog_Filter not found: check if there is a RefParameter without a condition.
2024-10-03 18:03:34,226 [WARN] IP:2120 - I2C_Coeff_DF not found: check if there is a RefParameter without a condition.
2024-10-03 18:03:34,226 [WARN] IP:2120 - Analog_Filter not found: check if there is a RefParameter without a condition.
2024-10-03 18:03:34,227 [WARN] IP:2120 - I2C_Coeff_DF not found: check if there is a RefParameter without a condition.
2024-10-03 18:03:34,227 [WARN] IP:2120 - Analog_Filter not found: check if there is a RefParameter without a condition.
2024-10-03 18:03:34,299 [WARN] IP:2120 - I2C_Coeff_DF not found: check if there is a RefParameter without a condition.
2024-10-03 18:03:34,300 [WARN] IP:2120 - Analog_Filter not found: check if there is a RefParameter without a condition.
2024-10-03 18:03:34,301 [WARN] IP:2120 - I2C_Coeff_DF not found: check if there is a RefParameter without a condition.
2024-10-03 18:03:34,301 [WARN] IP:2120 - Analog_Filter not found: check if there is a RefParameter without a condition.
2024-10-03 18:03:37,901 [WARN] IP:2120 - I2C_Coeff_DF not found: check if there is a RefParameter without a condition.
2024-10-03 18:03:37,901 [WARN] IP:2120 - Analog_Filter not found: check if there is a RefParameter without a condition.
2024-10-03 18:03:37,922 [WARN] IP:2120 - I2C_Coeff_DF not found: check if there is a RefParameter without a condition.
2024-10-03 18:03:37,922 [WARN] IP:2120 - Analog_Filter not found: check if there is a RefParameter without a condition.
2024-10-03 18:03:37,923 [WARN] IP:2120 - I2C_Coeff_DF not found: check if there is a RefParameter without a condition.
2024-10-03 18:03:37,923 [WARN] IP:2120 - Analog_Filter not found: check if there is a RefParameter without a condition.
2024-10-03 18:03:37,993 [WARN] IP:2120 - I2C_Coeff_DF not found: check if there is a RefParameter without a condition.
2024-10-03 18:03:37,994 [WARN] IP:2120 - Analog_Filter not found: check if there is a RefParameter without a condition.
2024-10-03 18:03:37,995 [WARN] IP:2120 - I2C_Coeff_DF not found: check if there is a RefParameter without a condition.
2024-10-03 18:03:37,995 [WARN] IP:2120 - Analog_Filter not found: check if there is a RefParameter without a condition.
2024-10-03 18:03:40,212 [WARN] IP:2120 - I2C_Coeff_DF not found: check if there is a RefParameter without a condition.
2024-10-03 18:03:40,212 [WARN] IP:2120 - Analog_Filter not found: check if there is a RefParameter without a condition.
2024-10-03 18:03:40,233 [WARN] IP:2120 - I2C_Coeff_DF not found: check if there is a RefParameter without a condition.
2024-10-03 18:03:40,233 [WARN] IP:2120 - Analog_Filter not found: check if there is a RefParameter without a condition.
2024-10-03 18:03:40,233 [WARN] IP:2120 - I2C_Coeff_DF not found: check if there is a RefParameter without a condition.
2024-10-03 18:03:40,233 [WARN] IP:2120 - Analog_Filter not found: check if there is a RefParameter without a condition.
2024-10-03 18:03:40,305 [WARN] IP:2120 - I2C_Coeff_DF not found: check if there is a RefParameter without a condition.
2024-10-03 18:03:40,305 [WARN] IP:2120 - Analog_Filter not found: check if there is a RefParameter without a condition.
2024-10-03 18:03:40,307 [WARN] IP:2120 - I2C_Coeff_DF not found: check if there is a RefParameter without a condition.
2024-10-03 18:03:40,307 [WARN] IP:2120 - Analog_Filter not found: check if there is a RefParameter without a condition.
2024-10-03 18:04:00,064 [INFO] Mcu:1677 - InternalPropertyChange: try BijectiveRequest:Asynchronous
2024-10-03 18:04:17,404 [INFO] Mcu:1677 - InternalPropertyChange: try BijectiveRequest:OTG/Dual_Role_Device
2024-10-03 18:04:17,900 [WARN] MainPanel:272 - <html><b><center>Warning: This peripheral has no parameters to be configured<br></b></html>
2024-10-03 18:49:31,275 [WARN] IP:2120 - I2C_Coeff_DF not found: check if there is a RefParameter without a condition.
2024-10-03 18:49:31,275 [WARN] IP:2120 - Analog_Filter not found: check if there is a RefParameter without a condition.
2024-10-03 18:49:31,276 [WARN] IP:2120 - I2C_Coeff_DF not found: check if there is a RefParameter without a condition.
2024-10-03 18:49:31,276 [WARN] IP:2120 - Analog_Filter not found: check if there is a RefParameter without a condition.
2024-10-03 18:49:31,278 [WARN] IP:2120 - I2C_Coeff_DF not found: check if there is a RefParameter without a condition.
2024-10-03 18:49:31,278 [WARN] IP:2120 - Analog_Filter not found: check if there is a RefParameter without a condition.
2024-10-03 18:49:31,279 [WARN] IP:2120 - I2C_Coeff_DF not found: check if there is a RefParameter without a condition.
2024-10-03 18:49:31,279 [WARN] IP:2120 - Analog_Filter not found: check if there is a RefParameter without a condition.
2024-10-03 18:49:31,282 [WARN] IP:2120 - I2C_Coeff_DF not found: check if there is a RefParameter without a condition.
2024-10-03 18:49:31,282 [WARN] IP:2120 - Analog_Filter not found: check if there is a RefParameter without a condition.
2024-10-03 18:49:31,283 [WARN] IP:2120 - I2C_Coeff_DF not found: check if there is a RefParameter without a condition.
2024-10-03 18:49:31,283 [WARN] IP:2120 - Analog_Filter not found: check if there is a RefParameter without a condition.
2024-10-03 18:49:31,345 [WARN] IP:2120 - I2C_Coeff_DF not found: check if there is a RefParameter without a condition.
2024-10-03 18:49:31,345 [WARN] IP:2120 - Analog_Filter not found: check if there is a RefParameter without a condition.
2024-10-03 18:49:31,347 [WARN] IP:2120 - I2C_Coeff_DF not found: check if there is a RefParameter without a condition.
2024-10-03 18:49:31,348 [WARN] IP:2120 - Analog_Filter not found: check if there is a RefParameter without a condition.
2024-10-03 18:49:31,352 [WARN] IP:2120 - I2C_Coeff_DF not found: check if there is a RefParameter without a condition.
2024-10-03 18:49:31,352 [WARN] IP:2120 - Analog_Filter not found: check if there is a RefParameter without a condition.
2024-10-03 18:49:31,408 [WARN] IP:2120 - I2C_Coeff_DF not found: check if there is a RefParameter without a condition.
2024-10-03 18:49:31,408 [WARN] IP:2120 - Analog_Filter not found: check if there is a RefParameter without a condition.
2024-10-03 18:49:31,411 [WARN] IP:2120 - I2C_Coeff_DF not found: check if there is a RefParameter without a condition.
2024-10-03 18:49:31,411 [WARN] IP:2120 - Analog_Filter not found: check if there is a RefParameter without a condition.
2024-10-03 18:49:31,415 [WARN] IP:2120 - I2C_Coeff_DF not found: check if there is a RefParameter without a condition.
2024-10-03 18:49:31,415 [WARN] IP:2120 - Analog_Filter not found: check if there is a RefParameter without a condition.
2024-10-03 18:49:34,769 [WARN] IP:2120 - I2C_Coeff_DF not found: check if there is a RefParameter without a condition.
2024-10-03 18:49:34,769 [WARN] IP:2120 - Analog_Filter not found: check if there is a RefParameter without a condition.
2024-10-03 18:49:34,770 [WARN] IP:2120 - I2C_Coeff_DF not found: check if there is a RefParameter without a condition.
2024-10-03 18:49:34,770 [WARN] IP:2120 - Analog_Filter not found: check if there is a RefParameter without a condition.
2024-10-03 18:49:34,773 [WARN] IP:2120 - I2C_Coeff_DF not found: check if there is a RefParameter without a condition.
2024-10-03 18:49:34,773 [WARN] IP:2120 - Analog_Filter not found: check if there is a RefParameter without a condition.
2024-10-03 18:49:34,773 [WARN] IP:2120 - I2C_Coeff_DF not found: check if there is a RefParameter without a condition.
2024-10-03 18:49:34,773 [WARN] IP:2120 - Analog_Filter not found: check if there is a RefParameter without a condition.
2024-10-03 18:49:34,776 [WARN] IP:2120 - I2C_Coeff_DF not found: check if there is a RefParameter without a condition.
2024-10-03 18:49:34,776 [WARN] IP:2120 - Analog_Filter not found: check if there is a RefParameter without a condition.
2024-10-03 18:49:34,776 [WARN] IP:2120 - I2C_Coeff_DF not found: check if there is a RefParameter without a condition.
2024-10-03 18:49:34,777 [WARN] IP:2120 - Analog_Filter not found: check if there is a RefParameter without a condition.
2024-10-03 18:49:34,838 [WARN] IP:2120 - I2C_Coeff_DF not found: check if there is a RefParameter without a condition.
2024-10-03 18:49:34,838 [WARN] IP:2120 - Analog_Filter not found: check if there is a RefParameter without a condition.
2024-10-03 18:49:34,840 [WARN] IP:2120 - I2C_Coeff_DF not found: check if there is a RefParameter without a condition.
2024-10-03 18:49:34,841 [WARN] IP:2120 - Analog_Filter not found: check if there is a RefParameter without a condition.
2024-10-03 18:49:34,843 [WARN] IP:2120 - I2C_Coeff_DF not found: check if there is a RefParameter without a condition.
2024-10-03 18:49:34,844 [WARN] IP:2120 - Analog_Filter not found: check if there is a RefParameter without a condition.
2024-10-03 18:49:34,897 [WARN] IP:2120 - I2C_Coeff_DF not found: check if there is a RefParameter without a condition.
2024-10-03 18:49:34,897 [WARN] IP:2120 - Analog_Filter not found: check if there is a RefParameter without a condition.
2024-10-03 18:49:34,900 [WARN] IP:2120 - I2C_Coeff_DF not found: check if there is a RefParameter without a condition.
2024-10-03 18:49:34,900 [WARN] IP:2120 - Analog_Filter not found: check if there is a RefParameter without a condition.
2024-10-03 18:49:34,904 [WARN] IP:2120 - I2C_Coeff_DF not found: check if there is a RefParameter without a condition.
2024-10-03 18:49:34,904 [WARN] IP:2120 - Analog_Filter not found: check if there is a RefParameter without a condition.
2024-10-03 18:49:36,839 [WARN] IP:2120 - I2C_Coeff_DF not found: check if there is a RefParameter without a condition.
2024-10-03 18:49:36,839 [WARN] IP:2120 - Analog_Filter not found: check if there is a RefParameter without a condition.
2024-10-03 18:49:36,840 [WARN] IP:2120 - I2C_Coeff_DF not found: check if there is a RefParameter without a condition.
2024-10-03 18:49:36,840 [WARN] IP:2120 - Analog_Filter not found: check if there is a RefParameter without a condition.
2024-10-03 18:49:36,843 [WARN] IP:2120 - I2C_Coeff_DF not found: check if there is a RefParameter without a condition.
2024-10-03 18:49:36,843 [WARN] IP:2120 - Analog_Filter not found: check if there is a RefParameter without a condition.
2024-10-03 18:49:36,843 [WARN] IP:2120 - I2C_Coeff_DF not found: check if there is a RefParameter without a condition.
2024-10-03 18:49:36,843 [WARN] IP:2120 - Analog_Filter not found: check if there is a RefParameter without a condition.
2024-10-03 18:49:36,847 [WARN] IP:2120 - I2C_Coeff_DF not found: check if there is a RefParameter without a condition.
2024-10-03 18:49:36,847 [WARN] IP:2120 - Analog_Filter not found: check if there is a RefParameter without a condition.
2024-10-03 18:49:36,847 [WARN] IP:2120 - I2C_Coeff_DF not found: check if there is a RefParameter without a condition.
2024-10-03 18:49:36,847 [WARN] IP:2120 - Analog_Filter not found: check if there is a RefParameter without a condition.
2024-10-03 18:49:36,921 [WARN] IP:2120 - I2C_Coeff_DF not found: check if there is a RefParameter without a condition.
2024-10-03 18:49:36,922 [WARN] IP:2120 - Analog_Filter not found: check if there is a RefParameter without a condition.
2024-10-03 18:49:36,925 [WARN] IP:2120 - I2C_Coeff_DF not found: check if there is a RefParameter without a condition.
2024-10-03 18:49:36,925 [WARN] IP:2120 - Analog_Filter not found: check if there is a RefParameter without a condition.
2024-10-03 18:49:36,928 [WARN] IP:2120 - I2C_Coeff_DF not found: check if there is a RefParameter without a condition.
2024-10-03 18:49:36,928 [WARN] IP:2120 - Analog_Filter not found: check if there is a RefParameter without a condition.
2024-10-03 18:49:37,018 [WARN] IP:2120 - I2C_Coeff_DF not found: check if there is a RefParameter without a condition.
2024-10-03 18:49:37,018 [WARN] IP:2120 - Analog_Filter not found: check if there is a RefParameter without a condition.
2024-10-03 18:49:37,021 [WARN] IP:2120 - I2C_Coeff_DF not found: check if there is a RefParameter without a condition.
2024-10-03 18:49:37,022 [WARN] IP:2120 - Analog_Filter not found: check if there is a RefParameter without a condition.
2024-10-03 18:49:37,026 [WARN] IP:2120 - I2C_Coeff_DF not found: check if there is a RefParameter without a condition.
2024-10-03 18:49:37,026 [WARN] IP:2120 - Analog_Filter not found: check if there is a RefParameter without a condition.
2024-10-03 18:49:39,544 [WARN] IP:2120 - I2C_Coeff_DF not found: check if there is a RefParameter without a condition.
2024-10-03 18:49:39,544 [WARN] IP:2120 - Analog_Filter not found: check if there is a RefParameter without a condition.
2024-10-03 18:49:39,545 [WARN] IP:2120 - I2C_Coeff_DF not found: check if there is a RefParameter without a condition.
2024-10-03 18:49:39,545 [WARN] IP:2120 - Analog_Filter not found: check if there is a RefParameter without a condition.
2024-10-03 18:49:39,547 [WARN] IP:2120 - I2C_Coeff_DF not found: check if there is a RefParameter without a condition.
2024-10-03 18:49:39,547 [WARN] IP:2120 - Analog_Filter not found: check if there is a RefParameter without a condition.
2024-10-03 18:49:39,548 [WARN] IP:2120 - I2C_Coeff_DF not found: check if there is a RefParameter without a condition.
2024-10-03 18:49:39,548 [WARN] IP:2120 - Analog_Filter not found: check if there is a RefParameter without a condition.
2024-10-03 18:49:39,550 [WARN] IP:2120 - I2C_Coeff_DF not found: check if there is a RefParameter without a condition.
2024-10-03 18:49:39,550 [WARN] IP:2120 - Analog_Filter not found: check if there is a RefParameter without a condition.
2024-10-03 18:49:39,551 [WARN] IP:2120 - I2C_Coeff_DF not found: check if there is a RefParameter without a condition.
2024-10-03 18:49:39,551 [WARN] IP:2120 - Analog_Filter not found: check if there is a RefParameter without a condition.
2024-10-03 18:49:39,603 [WARN] IP:2120 - I2C_Coeff_DF not found: check if there is a RefParameter without a condition.
2024-10-03 18:49:39,603 [WARN] IP:2120 - Analog_Filter not found: check if there is a RefParameter without a condition.
2024-10-03 18:49:39,606 [WARN] IP:2120 - I2C_Coeff_DF not found: check if there is a RefParameter without a condition.
2024-10-03 18:49:39,606 [WARN] IP:2120 - Analog_Filter not found: check if there is a RefParameter without a condition.
2024-10-03 18:49:39,608 [WARN] IP:2120 - I2C_Coeff_DF not found: check if there is a RefParameter without a condition.
2024-10-03 18:49:39,608 [WARN] IP:2120 - Analog_Filter not found: check if there is a RefParameter without a condition.
2024-10-03 18:49:39,650 [WARN] IP:2120 - I2C_Coeff_DF not found: check if there is a RefParameter without a condition.
2024-10-03 18:49:39,650 [WARN] IP:2120 - Analog_Filter not found: check if there is a RefParameter without a condition.
2024-10-03 18:49:39,653 [WARN] IP:2120 - I2C_Coeff_DF not found: check if there is a RefParameter without a condition.
2024-10-03 18:49:39,653 [WARN] IP:2120 - Analog_Filter not found: check if there is a RefParameter without a condition.
2024-10-03 18:49:39,655 [WARN] IP:2120 - I2C_Coeff_DF not found: check if there is a RefParameter without a condition.
2024-10-03 18:49:39,656 [WARN] IP:2120 - Analog_Filter not found: check if there is a RefParameter without a condition.
2024-10-03 18:49:41,678 [WARN] IP:2120 - I2C_Coeff_DF not found: check if there is a RefParameter without a condition.
2024-10-03 18:49:41,678 [WARN] IP:2120 - Analog_Filter not found: check if there is a RefParameter without a condition.
2024-10-03 18:49:41,679 [WARN] IP:2120 - I2C_Coeff_DF not found: check if there is a RefParameter without a condition.
2024-10-03 18:49:41,679 [WARN] IP:2120 - Analog_Filter not found: check if there is a RefParameter without a condition.
2024-10-03 18:49:41,682 [WARN] IP:2120 - I2C_Coeff_DF not found: check if there is a RefParameter without a condition.
2024-10-03 18:49:41,683 [WARN] IP:2120 - Analog_Filter not found: check if there is a RefParameter without a condition.
2024-10-03 18:49:41,683 [WARN] IP:2120 - I2C_Coeff_DF not found: check if there is a RefParameter without a condition.
2024-10-03 18:49:41,683 [WARN] IP:2120 - Analog_Filter not found: check if there is a RefParameter without a condition.
2024-10-03 18:49:41,689 [WARN] IP:2120 - I2C_Coeff_DF not found: check if there is a RefParameter without a condition.
2024-10-03 18:49:41,689 [WARN] IP:2120 - Analog_Filter not found: check if there is a RefParameter without a condition.
2024-10-03 18:49:41,690 [WARN] IP:2120 - I2C_Coeff_DF not found: check if there is a RefParameter without a condition.
2024-10-03 18:49:41,690 [WARN] IP:2120 - Analog_Filter not found: check if there is a RefParameter without a condition.
2024-10-03 18:49:41,751 [WARN] IP:2120 - I2C_Coeff_DF not found: check if there is a RefParameter without a condition.
2024-10-03 18:49:41,751 [WARN] IP:2120 - Analog_Filter not found: check if there is a RefParameter without a condition.
2024-10-03 18:49:41,773 [WARN] IP:2120 - I2C_Coeff_DF not found: check if there is a RefParameter without a condition.
2024-10-03 18:49:41,773 [WARN] IP:2120 - Analog_Filter not found: check if there is a RefParameter without a condition.
2024-10-03 18:49:41,777 [WARN] IP:2120 - I2C_Coeff_DF not found: check if there is a RefParameter without a condition.
2024-10-03 18:49:41,777 [WARN] IP:2120 - Analog_Filter not found: check if there is a RefParameter without a condition.
2024-10-03 18:49:41,856 [WARN] IP:2120 - I2C_Coeff_DF not found: check if there is a RefParameter without a condition.
2024-10-03 18:49:41,857 [WARN] IP:2120 - Analog_Filter not found: check if there is a RefParameter without a condition.
2024-10-03 18:49:41,859 [WARN] IP:2120 - I2C_Coeff_DF not found: check if there is a RefParameter without a condition.
2024-10-03 18:49:41,859 [WARN] IP:2120 - Analog_Filter not found: check if there is a RefParameter without a condition.
2024-10-03 18:49:41,861 [WARN] IP:2120 - I2C_Coeff_DF not found: check if there is a RefParameter without a condition.
2024-10-03 18:49:41,861 [WARN] IP:2120 - Analog_Filter not found: check if there is a RefParameter without a condition.
2024-10-03 18:49:43,989 [WARN] IP:2120 - I2C_Coeff_DF not found: check if there is a RefParameter without a condition.
2024-10-03 18:49:43,989 [WARN] IP:2120 - Analog_Filter not found: check if there is a RefParameter without a condition.
2024-10-03 18:49:43,990 [WARN] IP:2120 - I2C_Coeff_DF not found: check if there is a RefParameter without a condition.
2024-10-03 18:49:43,990 [WARN] IP:2120 - Analog_Filter not found: check if there is a RefParameter without a condition.
2024-10-03 18:49:43,992 [WARN] IP:2120 - I2C_Coeff_DF not found: check if there is a RefParameter without a condition.
2024-10-03 18:49:43,992 [WARN] IP:2120 - Analog_Filter not found: check if there is a RefParameter without a condition.
2024-10-03 18:49:43,993 [WARN] IP:2120 - I2C_Coeff_DF not found: check if there is a RefParameter without a condition.
2024-10-03 18:49:43,993 [WARN] IP:2120 - Analog_Filter not found: check if there is a RefParameter without a condition.
2024-10-03 18:49:43,996 [WARN] IP:2120 - I2C_Coeff_DF not found: check if there is a RefParameter without a condition.
2024-10-03 18:49:43,996 [WARN] IP:2120 - Analog_Filter not found: check if there is a RefParameter without a condition.
2024-10-03 18:49:43,997 [WARN] IP:2120 - I2C_Coeff_DF not found: check if there is a RefParameter without a condition.
2024-10-03 18:49:43,997 [WARN] IP:2120 - Analog_Filter not found: check if there is a RefParameter without a condition.
2024-10-03 18:49:44,055 [WARN] IP:2120 - I2C_Coeff_DF not found: check if there is a RefParameter without a condition.
2024-10-03 18:49:44,055 [WARN] IP:2120 - Analog_Filter not found: check if there is a RefParameter without a condition.
2024-10-03 18:49:44,058 [WARN] IP:2120 - I2C_Coeff_DF not found: check if there is a RefParameter without a condition.
2024-10-03 18:49:44,058 [WARN] IP:2120 - Analog_Filter not found: check if there is a RefParameter without a condition.
2024-10-03 18:49:44,060 [WARN] IP:2120 - I2C_Coeff_DF not found: check if there is a RefParameter without a condition.
2024-10-03 18:49:44,060 [WARN] IP:2120 - Analog_Filter not found: check if there is a RefParameter without a condition.
2024-10-03 18:49:44,113 [WARN] IP:2120 - I2C_Coeff_DF not found: check if there is a RefParameter without a condition.
2024-10-03 18:49:44,114 [WARN] IP:2120 - Analog_Filter not found: check if there is a RefParameter without a condition.
2024-10-03 18:49:44,116 [WARN] IP:2120 - I2C_Coeff_DF not found: check if there is a RefParameter without a condition.
2024-10-03 18:49:44,117 [WARN] IP:2120 - Analog_Filter not found: check if there is a RefParameter without a condition.
2024-10-03 18:49:44,119 [WARN] IP:2120 - I2C_Coeff_DF not found: check if there is a RefParameter without a condition.
2024-10-03 18:49:44,119 [WARN] IP:2120 - Analog_Filter not found: check if there is a RefParameter without a condition.
2024-10-03 18:58:57,203 [WARN] IP:2120 - I2C_Coeff_DF not found: check if there is a RefParameter without a condition.
2024-10-03 18:58:57,203 [WARN] IP:2120 - Analog_Filter not found: check if there is a RefParameter without a condition.
2024-10-03 18:58:57,204 [WARN] IP:2120 - I2C_Coeff_DF not found: check if there is a RefParameter without a condition.
2024-10-03 18:58:57,204 [WARN] IP:2120 - Analog_Filter not found: check if there is a RefParameter without a condition.
2024-10-03 18:58:57,207 [WARN] IP:2120 - I2C_Coeff_DF not found: check if there is a RefParameter without a condition.
2024-10-03 18:58:57,207 [WARN] IP:2120 - Analog_Filter not found: check if there is a RefParameter without a condition.
2024-10-03 18:58:57,207 [WARN] IP:2120 - I2C_Coeff_DF not found: check if there is a RefParameter without a condition.
2024-10-03 18:58:57,207 [WARN] IP:2120 - Analog_Filter not found: check if there is a RefParameter without a condition.
2024-10-03 18:58:57,214 [WARN] IP:2120 - I2C_Coeff_DF not found: check if there is a RefParameter without a condition.
2024-10-03 18:58:57,214 [WARN] IP:2120 - Analog_Filter not found: check if there is a RefParameter without a condition.
2024-10-03 18:58:57,214 [WARN] IP:2120 - I2C_Coeff_DF not found: check if there is a RefParameter without a condition.
2024-10-03 18:58:57,214 [WARN] IP:2120 - Analog_Filter not found: check if there is a RefParameter without a condition.
2024-10-03 18:58:57,267 [WARN] IP:2120 - I2C_Coeff_DF not found: check if there is a RefParameter without a condition.
2024-10-03 18:58:57,267 [WARN] IP:2120 - Analog_Filter not found: check if there is a RefParameter without a condition.
2024-10-03 18:58:57,270 [WARN] IP:2120 - I2C_Coeff_DF not found: check if there is a RefParameter without a condition.
2024-10-03 18:58:57,270 [WARN] IP:2120 - Analog_Filter not found: check if there is a RefParameter without a condition.
2024-10-03 18:58:57,274 [WARN] IP:2120 - I2C_Coeff_DF not found: check if there is a RefParameter without a condition.
2024-10-03 18:58:57,274 [WARN] IP:2120 - Analog_Filter not found: check if there is a RefParameter without a condition.
2024-10-03 18:58:57,320 [WARN] IP:2120 - I2C_Coeff_DF not found: check if there is a RefParameter without a condition.
2024-10-03 18:58:57,320 [WARN] IP:2120 - Analog_Filter not found: check if there is a RefParameter without a condition.
2024-10-03 18:58:57,324 [WARN] IP:2120 - I2C_Coeff_DF not found: check if there is a RefParameter without a condition.
2024-10-03 18:58:57,324 [WARN] IP:2120 - Analog_Filter not found: check if there is a RefParameter without a condition.
2024-10-03 18:58:57,328 [WARN] IP:2120 - I2C_Coeff_DF not found: check if there is a RefParameter without a condition.
2024-10-03 18:58:57,328 [WARN] IP:2120 - Analog_Filter not found: check if there is a RefParameter without a condition.
2024-10-03 18:59:03,196 [WARN] IP:2120 - I2C_Coeff_DF not found: check if there is a RefParameter without a condition.
2024-10-03 18:59:03,196 [WARN] IP:2120 - Analog_Filter not found: check if there is a RefParameter without a condition.
2024-10-03 18:59:03,196 [WARN] IP:2120 - I2C_Coeff_DF not found: check if there is a RefParameter without a condition.
2024-10-03 18:59:03,196 [WARN] IP:2120 - Analog_Filter not found: check if there is a RefParameter without a condition.
2024-10-03 18:59:03,199 [WARN] IP:2120 - I2C_Coeff_DF not found: check if there is a RefParameter without a condition.
2024-10-03 18:59:03,199 [WARN] IP:2120 - Analog_Filter not found: check if there is a RefParameter without a condition.
2024-10-03 18:59:03,200 [WARN] IP:2120 - I2C_Coeff_DF not found: check if there is a RefParameter without a condition.
2024-10-03 18:59:03,200 [WARN] IP:2120 - Analog_Filter not found: check if there is a RefParameter without a condition.
2024-10-03 18:59:03,202 [WARN] IP:2120 - I2C_Coeff_DF not found: check if there is a RefParameter without a condition.
2024-10-03 18:59:03,202 [WARN] IP:2120 - Analog_Filter not found: check if there is a RefParameter without a condition.
2024-10-03 18:59:03,203 [WARN] IP:2120 - I2C_Coeff_DF not found: check if there is a RefParameter without a condition.
2024-10-03 18:59:03,203 [WARN] IP:2120 - Analog_Filter not found: check if there is a RefParameter without a condition.
2024-10-03 18:59:03,246 [WARN] IP:2120 - I2C_Coeff_DF not found: check if there is a RefParameter without a condition.
2024-10-03 18:59:03,246 [WARN] IP:2120 - Analog_Filter not found: check if there is a RefParameter without a condition.
2024-10-03 18:59:03,250 [WARN] IP:2120 - I2C_Coeff_DF not found: check if there is a RefParameter without a condition.
2024-10-03 18:59:03,250 [WARN] IP:2120 - Analog_Filter not found: check if there is a RefParameter without a condition.
2024-10-03 18:59:03,252 [WARN] IP:2120 - I2C_Coeff_DF not found: check if there is a RefParameter without a condition.
2024-10-03 18:59:03,252 [WARN] IP:2120 - Analog_Filter not found: check if there is a RefParameter without a condition.
2024-10-03 18:59:03,294 [WARN] IP:2120 - I2C_Coeff_DF not found: check if there is a RefParameter without a condition.
2024-10-03 18:59:03,294 [WARN] IP:2120 - Analog_Filter not found: check if there is a RefParameter without a condition.
2024-10-03 18:59:03,296 [WARN] IP:2120 - I2C_Coeff_DF not found: check if there is a RefParameter without a condition.
2024-10-03 18:59:03,296 [WARN] IP:2120 - Analog_Filter not found: check if there is a RefParameter without a condition.
2024-10-03 18:59:03,299 [WARN] IP:2120 - I2C_Coeff_DF not found: check if there is a RefParameter without a condition.
2024-10-03 18:59:03,299 [WARN] IP:2120 - Analog_Filter not found: check if there is a RefParameter without a condition.
2024-10-03 18:59:05,644 [WARN] IP:2120 - I2C_Coeff_DF not found: check if there is a RefParameter without a condition.
2024-10-03 18:59:05,644 [WARN] IP:2120 - Analog_Filter not found: check if there is a RefParameter without a condition.
2024-10-03 18:59:05,644 [WARN] IP:2120 - I2C_Coeff_DF not found: check if there is a RefParameter without a condition.
2024-10-03 18:59:05,644 [WARN] IP:2120 - Analog_Filter not found: check if there is a RefParameter without a condition.
2024-10-03 18:59:05,647 [WARN] IP:2120 - I2C_Coeff_DF not found: check if there is a RefParameter without a condition.
2024-10-03 18:59:05,647 [WARN] IP:2120 - Analog_Filter not found: check if there is a RefParameter without a condition.
2024-10-03 18:59:05,647 [WARN] IP:2120 - I2C_Coeff_DF not found: check if there is a RefParameter without a condition.
2024-10-03 18:59:05,647 [WARN] IP:2120 - Analog_Filter not found: check if there is a RefParameter without a condition.
2024-10-03 18:59:05,649 [WARN] IP:2120 - I2C_Coeff_DF not found: check if there is a RefParameter without a condition.
2024-10-03 18:59:05,649 [WARN] IP:2120 - Analog_Filter not found: check if there is a RefParameter without a condition.
2024-10-03 18:59:05,650 [WARN] IP:2120 - I2C_Coeff_DF not found: check if there is a RefParameter without a condition.
2024-10-03 18:59:05,650 [WARN] IP:2120 - Analog_Filter not found: check if there is a RefParameter without a condition.
2024-10-03 18:59:05,695 [WARN] IP:2120 - I2C_Coeff_DF not found: check if there is a RefParameter without a condition.
2024-10-03 18:59:05,695 [WARN] IP:2120 - Analog_Filter not found: check if there is a RefParameter without a condition.
2024-10-03 18:59:05,698 [WARN] IP:2120 - I2C_Coeff_DF not found: check if there is a RefParameter without a condition.
2024-10-03 18:59:05,698 [WARN] IP:2120 - Analog_Filter not found: check if there is a RefParameter without a condition.
2024-10-03 18:59:05,700 [WARN] IP:2120 - I2C_Coeff_DF not found: check if there is a RefParameter without a condition.
2024-10-03 18:59:05,700 [WARN] IP:2120 - Analog_Filter not found: check if there is a RefParameter without a condition.
2024-10-03 18:59:05,752 [WARN] IP:2120 - I2C_Coeff_DF not found: check if there is a RefParameter without a condition.
2024-10-03 18:59:05,752 [WARN] IP:2120 - Analog_Filter not found: check if there is a RefParameter without a condition.
2024-10-03 18:59:05,754 [WARN] IP:2120 - I2C_Coeff_DF not found: check if there is a RefParameter without a condition.
2024-10-03 18:59:05,754 [WARN] IP:2120 - Analog_Filter not found: check if there is a RefParameter without a condition.
2024-10-03 18:59:05,758 [WARN] IP:2120 - I2C_Coeff_DF not found: check if there is a RefParameter without a condition.
2024-10-03 18:59:05,758 [WARN] IP:2120 - Analog_Filter not found: check if there is a RefParameter without a condition.
2024-10-03 18:59:08,140 [WARN] IP:2120 - I2C_Coeff_DF not found: check if there is a RefParameter without a condition.
2024-10-03 18:59:08,140 [WARN] IP:2120 - Analog_Filter not found: check if there is a RefParameter without a condition.
2024-10-03 18:59:08,141 [WARN] IP:2120 - I2C_Coeff_DF not found: check if there is a RefParameter without a condition.
2024-10-03 18:59:08,141 [WARN] IP:2120 - Analog_Filter not found: check if there is a RefParameter without a condition.
2024-10-03 18:59:08,144 [WARN] IP:2120 - I2C_Coeff_DF not found: check if there is a RefParameter without a condition.
2024-10-03 18:59:08,145 [WARN] IP:2120 - Analog_Filter not found: check if there is a RefParameter without a condition.
2024-10-03 18:59:08,145 [WARN] IP:2120 - I2C_Coeff_DF not found: check if there is a RefParameter without a condition.
2024-10-03 18:59:08,145 [WARN] IP:2120 - Analog_Filter not found: check if there is a RefParameter without a condition.
2024-10-03 18:59:08,150 [WARN] IP:2120 - I2C_Coeff_DF not found: check if there is a RefParameter without a condition.
2024-10-03 18:59:08,150 [WARN] IP:2120 - Analog_Filter not found: check if there is a RefParameter without a condition.
2024-10-03 18:59:08,151 [WARN] IP:2120 - I2C_Coeff_DF not found: check if there is a RefParameter without a condition.
2024-10-03 18:59:08,151 [WARN] IP:2120 - Analog_Filter not found: check if there is a RefParameter without a condition.
2024-10-03 18:59:08,207 [WARN] IP:2120 - I2C_Coeff_DF not found: check if there is a RefParameter without a condition.
2024-10-03 18:59:08,207 [WARN] IP:2120 - Analog_Filter not found: check if there is a RefParameter without a condition.
2024-10-03 18:59:08,209 [WARN] IP:2120 - I2C_Coeff_DF not found: check if there is a RefParameter without a condition.
2024-10-03 18:59:08,210 [WARN] IP:2120 - Analog_Filter not found: check if there is a RefParameter without a condition.
2024-10-03 18:59:08,212 [WARN] IP:2120 - I2C_Coeff_DF not found: check if there is a RefParameter without a condition.
2024-10-03 18:59:08,212 [WARN] IP:2120 - Analog_Filter not found: check if there is a RefParameter without a condition.
2024-10-03 18:59:08,275 [WARN] IP:2120 - I2C_Coeff_DF not found: check if there is a RefParameter without a condition.
2024-10-03 18:59:08,275 [WARN] IP:2120 - Analog_Filter not found: check if there is a RefParameter without a condition.
2024-10-03 18:59:08,278 [WARN] IP:2120 - I2C_Coeff_DF not found: check if there is a RefParameter without a condition.
2024-10-03 18:59:08,278 [WARN] IP:2120 - Analog_Filter not found: check if there is a RefParameter without a condition.
2024-10-03 18:59:08,281 [WARN] IP:2120 - I2C_Coeff_DF not found: check if there is a RefParameter without a condition.
2024-10-03 18:59:08,281 [WARN] IP:2120 - Analog_Filter not found: check if there is a RefParameter without a condition.
2024-10-03 18:59:57,552 [WARN] IP:2120 - I2C_Coeff_DF not found: check if there is a RefParameter without a condition.
2024-10-03 18:59:57,552 [WARN] IP:2120 - Analog_Filter not found: check if there is a RefParameter without a condition.
2024-10-03 18:59:57,553 [WARN] IP:2120 - I2C_Coeff_DF not found: check if there is a RefParameter without a condition.
2024-10-03 18:59:57,553 [WARN] IP:2120 - Analog_Filter not found: check if there is a RefParameter without a condition.
2024-10-03 18:59:57,557 [WARN] IP:2120 - I2C_Coeff_DF not found: check if there is a RefParameter without a condition.
2024-10-03 18:59:57,557 [WARN] IP:2120 - Analog_Filter not found: check if there is a RefParameter without a condition.
2024-10-03 18:59:57,558 [WARN] IP:2120 - I2C_Coeff_DF not found: check if there is a RefParameter without a condition.
2024-10-03 18:59:57,558 [WARN] IP:2120 - Analog_Filter not found: check if there is a RefParameter without a condition.
2024-10-03 18:59:57,560 [WARN] IP:2120 - I2C_Coeff_DF not found: check if there is a RefParameter without a condition.
2024-10-03 18:59:57,560 [WARN] IP:2120 - Analog_Filter not found: check if there is a RefParameter without a condition.
2024-10-03 18:59:57,561 [WARN] IP:2120 - I2C_Coeff_DF not found: check if there is a RefParameter without a condition.
2024-10-03 18:59:57,561 [WARN] IP:2120 - Analog_Filter not found: check if there is a RefParameter without a condition.
2024-10-03 18:59:57,602 [WARN] IP:2120 - I2C_Coeff_DF not found: check if there is a RefParameter without a condition.
2024-10-03 18:59:57,602 [WARN] IP:2120 - Analog_Filter not found: check if there is a RefParameter without a condition.
2024-10-03 18:59:57,604 [WARN] IP:2120 - I2C_Coeff_DF not found: check if there is a RefParameter without a condition.
2024-10-03 18:59:57,604 [WARN] IP:2120 - Analog_Filter not found: check if there is a RefParameter without a condition.
2024-10-03 18:59:57,607 [WARN] IP:2120 - I2C_Coeff_DF not found: check if there is a RefParameter without a condition.
2024-10-03 18:59:57,607 [WARN] IP:2120 - Analog_Filter not found: check if there is a RefParameter without a condition.
2024-10-03 18:59:57,650 [WARN] IP:2120 - I2C_Coeff_DF not found: check if there is a RefParameter without a condition.
2024-10-03 18:59:57,651 [WARN] IP:2120 - Analog_Filter not found: check if there is a RefParameter without a condition.
2024-10-03 18:59:57,653 [WARN] IP:2120 - I2C_Coeff_DF not found: check if there is a RefParameter without a condition.
2024-10-03 18:59:57,653 [WARN] IP:2120 - Analog_Filter not found: check if there is a RefParameter without a condition.
2024-10-03 18:59:57,655 [WARN] IP:2120 - I2C_Coeff_DF not found: check if there is a RefParameter without a condition.
2024-10-03 18:59:57,655 [WARN] IP:2120 - Analog_Filter not found: check if there is a RefParameter without a condition.
2024-10-03 18:59:59,935 [WARN] IP:2120 - I2C_Coeff_DF not found: check if there is a RefParameter without a condition.
2024-10-03 18:59:59,935 [WARN] IP:2120 - Analog_Filter not found: check if there is a RefParameter without a condition.
2024-10-03 18:59:59,936 [WARN] IP:2120 - I2C_Coeff_DF not found: check if there is a RefParameter without a condition.
2024-10-03 18:59:59,936 [WARN] IP:2120 - Analog_Filter not found: check if there is a RefParameter without a condition.
2024-10-03 18:59:59,942 [WARN] IP:2120 - I2C_Coeff_DF not found: check if there is a RefParameter without a condition.
2024-10-03 18:59:59,942 [WARN] IP:2120 - Analog_Filter not found: check if there is a RefParameter without a condition.
2024-10-03 18:59:59,942 [WARN] IP:2120 - I2C_Coeff_DF not found: check if there is a RefParameter without a condition.
2024-10-03 18:59:59,942 [WARN] IP:2120 - Analog_Filter not found: check if there is a RefParameter without a condition.
2024-10-03 18:59:59,945 [WARN] IP:2120 - I2C_Coeff_DF not found: check if there is a RefParameter without a condition.
2024-10-03 18:59:59,946 [WARN] IP:2120 - Analog_Filter not found: check if there is a RefParameter without a condition.
2024-10-03 18:59:59,946 [WARN] IP:2120 - I2C_Coeff_DF not found: check if there is a RefParameter without a condition.
2024-10-03 18:59:59,946 [WARN] IP:2120 - Analog_Filter not found: check if there is a RefParameter without a condition.
2024-10-03 18:59:59,989 [WARN] IP:2120 - I2C_Coeff_DF not found: check if there is a RefParameter without a condition.
2024-10-03 18:59:59,990 [WARN] IP:2120 - Analog_Filter not found: check if there is a RefParameter without a condition.
2024-10-03 18:59:59,992 [WARN] IP:2120 - I2C_Coeff_DF not found: check if there is a RefParameter without a condition.
2024-10-03 18:59:59,992 [WARN] IP:2120 - Analog_Filter not found: check if there is a RefParameter without a condition.
2024-10-03 18:59:59,994 [WARN] IP:2120 - I2C_Coeff_DF not found: check if there is a RefParameter without a condition.
2024-10-03 18:59:59,994 [WARN] IP:2120 - Analog_Filter not found: check if there is a RefParameter without a condition.
2024-10-03 19:00:00,043 [WARN] IP:2120 - I2C_Coeff_DF not found: check if there is a RefParameter without a condition.
2024-10-03 19:00:00,043 [WARN] IP:2120 - Analog_Filter not found: check if there is a RefParameter without a condition.
2024-10-03 19:00:00,045 [WARN] IP:2120 - I2C_Coeff_DF not found: check if there is a RefParameter without a condition.
2024-10-03 19:00:00,045 [WARN] IP:2120 - Analog_Filter not found: check if there is a RefParameter without a condition.
2024-10-03 19:00:00,051 [WARN] IP:2120 - I2C_Coeff_DF not found: check if there is a RefParameter without a condition.
2024-10-03 19:00:00,051 [WARN] IP:2120 - Analog_Filter not found: check if there is a RefParameter without a condition.
2024-10-03 19:00:02,496 [WARN] IP:2120 - I2C_Coeff_DF not found: check if there is a RefParameter without a condition.
2024-10-03 19:00:02,496 [WARN] IP:2120 - Analog_Filter not found: check if there is a RefParameter without a condition.
2024-10-03 19:00:02,496 [WARN] IP:2120 - I2C_Coeff_DF not found: check if there is a RefParameter without a condition.
2024-10-03 19:00:02,497 [WARN] IP:2120 - Analog_Filter not found: check if there is a RefParameter without a condition.
2024-10-03 19:00:02,500 [WARN] IP:2120 - I2C_Coeff_DF not found: check if there is a RefParameter without a condition.
2024-10-03 19:00:02,500 [WARN] IP:2120 - Analog_Filter not found: check if there is a RefParameter without a condition.
2024-10-03 19:00:02,500 [WARN] IP:2120 - I2C_Coeff_DF not found: check if there is a RefParameter without a condition.
2024-10-03 19:00:02,500 [WARN] IP:2120 - Analog_Filter not found: check if there is a RefParameter without a condition.
2024-10-03 19:00:02,502 [WARN] IP:2120 - I2C_Coeff_DF not found: check if there is a RefParameter without a condition.
2024-10-03 19:00:02,503 [WARN] IP:2120 - Analog_Filter not found: check if there is a RefParameter without a condition.
2024-10-03 19:00:02,503 [WARN] IP:2120 - I2C_Coeff_DF not found: check if there is a RefParameter without a condition.
2024-10-03 19:00:02,503 [WARN] IP:2120 - Analog_Filter not found: check if there is a RefParameter without a condition.
2024-10-03 19:00:02,547 [WARN] IP:2120 - I2C_Coeff_DF not found: check if there is a RefParameter without a condition.
2024-10-03 19:00:02,547 [WARN] IP:2120 - Analog_Filter not found: check if there is a RefParameter without a condition.
2024-10-03 19:00:02,549 [WARN] IP:2120 - I2C_Coeff_DF not found: check if there is a RefParameter without a condition.
2024-10-03 19:00:02,549 [WARN] IP:2120 - Analog_Filter not found: check if there is a RefParameter without a condition.
2024-10-03 19:00:02,552 [WARN] IP:2120 - I2C_Coeff_DF not found: check if there is a RefParameter without a condition.
2024-10-03 19:00:02,552 [WARN] IP:2120 - Analog_Filter not found: check if there is a RefParameter without a condition.
2024-10-03 19:00:02,592 [WARN] IP:2120 - I2C_Coeff_DF not found: check if there is a RefParameter without a condition.
2024-10-03 19:00:02,592 [WARN] IP:2120 - Analog_Filter not found: check if there is a RefParameter without a condition.
2024-10-03 19:00:02,595 [WARN] IP:2120 - I2C_Coeff_DF not found: check if there is a RefParameter without a condition.
2024-10-03 19:00:02,595 [WARN] IP:2120 - Analog_Filter not found: check if there is a RefParameter without a condition.
2024-10-03 19:00:02,597 [WARN] IP:2120 - I2C_Coeff_DF not found: check if there is a RefParameter without a condition.
2024-10-03 19:00:02,597 [WARN] IP:2120 - Analog_Filter not found: check if there is a RefParameter without a condition.
2024-10-03 19:00:05,573 [WARN] IP:2120 - I2C_Coeff_DF not found: check if there is a RefParameter without a condition.
2024-10-03 19:00:05,573 [WARN] IP:2120 - Analog_Filter not found: check if there is a RefParameter without a condition.
2024-10-03 19:00:05,573 [WARN] IP:2120 - I2C_Coeff_DF not found: check if there is a RefParameter without a condition.
2024-10-03 19:00:05,573 [WARN] IP:2120 - Analog_Filter not found: check if there is a RefParameter without a condition.
2024-10-03 19:00:05,576 [WARN] IP:2120 - I2C_Coeff_DF not found: check if there is a RefParameter without a condition.
2024-10-03 19:00:05,576 [WARN] IP:2120 - Analog_Filter not found: check if there is a RefParameter without a condition.
2024-10-03 19:00:05,576 [WARN] IP:2120 - I2C_Coeff_DF not found: check if there is a RefParameter without a condition.
2024-10-03 19:00:05,576 [WARN] IP:2120 - Analog_Filter not found: check if there is a RefParameter without a condition.
2024-10-03 19:00:05,579 [WARN] IP:2120 - I2C_Coeff_DF not found: check if there is a RefParameter without a condition.
2024-10-03 19:00:05,579 [WARN] IP:2120 - Analog_Filter not found: check if there is a RefParameter without a condition.
2024-10-03 19:00:05,579 [WARN] IP:2120 - I2C_Coeff_DF not found: check if there is a RefParameter without a condition.
2024-10-03 19:00:05,579 [WARN] IP:2120 - Analog_Filter not found: check if there is a RefParameter without a condition.
2024-10-03 19:00:05,646 [WARN] IP:2120 - I2C_Coeff_DF not found: check if there is a RefParameter without a condition.
2024-10-03 19:00:05,646 [WARN] IP:2120 - Analog_Filter not found: check if there is a RefParameter without a condition.
2024-10-03 19:00:05,648 [WARN] IP:2120 - I2C_Coeff_DF not found: check if there is a RefParameter without a condition.
2024-10-03 19:00:05,648 [WARN] IP:2120 - Analog_Filter not found: check if there is a RefParameter without a condition.
2024-10-03 19:00:05,651 [WARN] IP:2120 - I2C_Coeff_DF not found: check if there is a RefParameter without a condition.
2024-10-03 19:00:05,651 [WARN] IP:2120 - Analog_Filter not found: check if there is a RefParameter without a condition.
2024-10-03 19:00:05,704 [WARN] IP:2120 - I2C_Coeff_DF not found: check if there is a RefParameter without a condition.
2024-10-03 19:00:05,704 [WARN] IP:2120 - Analog_Filter not found: check if there is a RefParameter without a condition.
2024-10-03 19:00:05,729 [WARN] IP:2120 - I2C_Coeff_DF not found: check if there is a RefParameter without a condition.
2024-10-03 19:00:05,729 [WARN] IP:2120 - Analog_Filter not found: check if there is a RefParameter without a condition.
2024-10-03 19:00:05,731 [WARN] IP:2120 - I2C_Coeff_DF not found: check if there is a RefParameter without a condition.
2024-10-03 19:00:05,731 [WARN] IP:2120 - Analog_Filter not found: check if there is a RefParameter without a condition.
2024-10-03 19:00:07,949 [WARN] IP:2120 - I2C_Coeff_DF not found: check if there is a RefParameter without a condition.
2024-10-03 19:00:07,949 [WARN] IP:2120 - Analog_Filter not found: check if there is a RefParameter without a condition.
2024-10-03 19:00:07,964 [WARN] IP:2120 - I2C_Coeff_DF not found: check if there is a RefParameter without a condition.
2024-10-03 19:00:07,964 [WARN] IP:2120 - Analog_Filter not found: check if there is a RefParameter without a condition.
2024-10-03 19:00:07,966 [WARN] IP:2120 - I2C_Coeff_DF not found: check if there is a RefParameter without a condition.
2024-10-03 19:00:07,966 [WARN] IP:2120 - Analog_Filter not found: check if there is a RefParameter without a condition.
2024-10-03 19:00:07,967 [WARN] IP:2120 - I2C_Coeff_DF not found: check if there is a RefParameter without a condition.
2024-10-03 19:00:07,967 [WARN] IP:2120 - Analog_Filter not found: check if there is a RefParameter without a condition.
2024-10-03 19:00:07,969 [WARN] IP:2120 - I2C_Coeff_DF not found: check if there is a RefParameter without a condition.
2024-10-03 19:00:07,969 [WARN] IP:2120 - Analog_Filter not found: check if there is a RefParameter without a condition.
2024-10-03 19:00:07,970 [WARN] IP:2120 - I2C_Coeff_DF not found: check if there is a RefParameter without a condition.
2024-10-03 19:00:07,970 [WARN] IP:2120 - Analog_Filter not found: check if there is a RefParameter without a condition.
2024-10-03 19:00:08,024 [WARN] IP:2120 - I2C_Coeff_DF not found: check if there is a RefParameter without a condition.
2024-10-03 19:00:08,024 [WARN] IP:2120 - Analog_Filter not found: check if there is a RefParameter without a condition.
2024-10-03 19:00:08,027 [WARN] IP:2120 - I2C_Coeff_DF not found: check if there is a RefParameter without a condition.
2024-10-03 19:00:08,027 [WARN] IP:2120 - Analog_Filter not found: check if there is a RefParameter without a condition.
2024-10-03 19:00:08,030 [WARN] IP:2120 - I2C_Coeff_DF not found: check if there is a RefParameter without a condition.
2024-10-03 19:00:08,030 [WARN] IP:2120 - Analog_Filter not found: check if there is a RefParameter without a condition.
2024-10-03 19:00:08,076 [WARN] IP:2120 - I2C_Coeff_DF not found: check if there is a RefParameter without a condition.
2024-10-03 19:00:08,076 [WARN] IP:2120 - Analog_Filter not found: check if there is a RefParameter without a condition.
2024-10-03 19:00:08,079 [WARN] IP:2120 - I2C_Coeff_DF not found: check if there is a RefParameter without a condition.
2024-10-03 19:00:08,079 [WARN] IP:2120 - Analog_Filter not found: check if there is a RefParameter without a condition.
2024-10-03 19:00:08,081 [WARN] IP:2120 - I2C_Coeff_DF not found: check if there is a RefParameter without a condition.
2024-10-03 19:00:08,081 [WARN] IP:2120 - Analog_Filter not found: check if there is a RefParameter without a condition.
2024-10-03 19:00:26,258 [WARN] IP:2120 - I2C_Coeff_DF not found: check if there is a RefParameter without a condition.
2024-10-03 19:00:26,258 [WARN] IP:2120 - Analog_Filter not found: check if there is a RefParameter without a condition.
2024-10-03 19:00:26,259 [WARN] IP:2120 - I2C_Coeff_DF not found: check if there is a RefParameter without a condition.
2024-10-03 19:00:26,259 [WARN] IP:2120 - Analog_Filter not found: check if there is a RefParameter without a condition.
2024-10-03 19:00:26,261 [WARN] IP:2120 - I2C_Coeff_DF not found: check if there is a RefParameter without a condition.
2024-10-03 19:00:26,261 [WARN] IP:2120 - Analog_Filter not found: check if there is a RefParameter without a condition.
2024-10-03 19:00:26,261 [WARN] IP:2120 - I2C_Coeff_DF not found: check if there is a RefParameter without a condition.
2024-10-03 19:00:26,262 [WARN] IP:2120 - Analog_Filter not found: check if there is a RefParameter without a condition.
2024-10-03 19:00:26,264 [WARN] IP:2120 - I2C_Coeff_DF not found: check if there is a RefParameter without a condition.
2024-10-03 19:00:26,264 [WARN] IP:2120 - Analog_Filter not found: check if there is a RefParameter without a condition.
2024-10-03 19:00:26,264 [WARN] IP:2120 - I2C_Coeff_DF not found: check if there is a RefParameter without a condition.
2024-10-03 19:00:26,264 [WARN] IP:2120 - Analog_Filter not found: check if there is a RefParameter without a condition.
2024-10-03 19:00:26,304 [WARN] IP:2120 - I2C_Coeff_DF not found: check if there is a RefParameter without a condition.
2024-10-03 19:00:26,305 [WARN] IP:2120 - Analog_Filter not found: check if there is a RefParameter without a condition.
2024-10-03 19:00:26,307 [WARN] IP:2120 - I2C_Coeff_DF not found: check if there is a RefParameter without a condition.
2024-10-03 19:00:26,307 [WARN] IP:2120 - Analog_Filter not found: check if there is a RefParameter without a condition.
2024-10-03 19:00:26,311 [WARN] IP:2120 - I2C_Coeff_DF not found: check if there is a RefParameter without a condition.
2024-10-03 19:00:26,311 [WARN] IP:2120 - Analog_Filter not found: check if there is a RefParameter without a condition.
2024-10-03 19:00:26,355 [WARN] IP:2120 - I2C_Coeff_DF not found: check if there is a RefParameter without a condition.
2024-10-03 19:00:26,355 [WARN] IP:2120 - Analog_Filter not found: check if there is a RefParameter without a condition.
2024-10-03 19:00:26,358 [WARN] IP:2120 - I2C_Coeff_DF not found: check if there is a RefParameter without a condition.
2024-10-03 19:00:26,358 [WARN] IP:2120 - Analog_Filter not found: check if there is a RefParameter without a condition.
2024-10-03 19:00:26,360 [WARN] IP:2120 - I2C_Coeff_DF not found: check if there is a RefParameter without a condition.
2024-10-03 19:00:26,360 [WARN] IP:2120 - Analog_Filter not found: check if there is a RefParameter without a condition.
2024-10-03 19:00:28,815 [WARN] IP:2120 - I2C_Coeff_DF not found: check if there is a RefParameter without a condition.
2024-10-03 19:00:28,815 [WARN] IP:2120 - Analog_Filter not found: check if there is a RefParameter without a condition.
2024-10-03 19:00:28,815 [WARN] IP:2120 - I2C_Coeff_DF not found: check if there is a RefParameter without a condition.
2024-10-03 19:00:28,815 [WARN] IP:2120 - Analog_Filter not found: check if there is a RefParameter without a condition.
2024-10-03 19:00:28,818 [WARN] IP:2120 - I2C_Coeff_DF not found: check if there is a RefParameter without a condition.
2024-10-03 19:00:28,818 [WARN] IP:2120 - Analog_Filter not found: check if there is a RefParameter without a condition.
2024-10-03 19:00:28,818 [WARN] IP:2120 - I2C_Coeff_DF not found: check if there is a RefParameter without a condition.
2024-10-03 19:00:28,818 [WARN] IP:2120 - Analog_Filter not found: check if there is a RefParameter without a condition.
2024-10-03 19:00:28,820 [WARN] IP:2120 - I2C_Coeff_DF not found: check if there is a RefParameter without a condition.
2024-10-03 19:00:28,820 [WARN] IP:2120 - Analog_Filter not found: check if there is a RefParameter without a condition.
2024-10-03 19:00:28,821 [WARN] IP:2120 - I2C_Coeff_DF not found: check if there is a RefParameter without a condition.
2024-10-03 19:00:28,821 [WARN] IP:2120 - Analog_Filter not found: check if there is a RefParameter without a condition.
2024-10-03 19:00:28,863 [WARN] IP:2120 - I2C_Coeff_DF not found: check if there is a RefParameter without a condition.
2024-10-03 19:00:28,864 [WARN] IP:2120 - Analog_Filter not found: check if there is a RefParameter without a condition.
2024-10-03 19:00:28,866 [WARN] IP:2120 - I2C_Coeff_DF not found: check if there is a RefParameter without a condition.
2024-10-03 19:00:28,866 [WARN] IP:2120 - Analog_Filter not found: check if there is a RefParameter without a condition.
2024-10-03 19:00:28,869 [WARN] IP:2120 - I2C_Coeff_DF not found: check if there is a RefParameter without a condition.
2024-10-03 19:00:28,869 [WARN] IP:2120 - Analog_Filter not found: check if there is a RefParameter without a condition.
2024-10-03 19:00:28,911 [WARN] IP:2120 - I2C_Coeff_DF not found: check if there is a RefParameter without a condition.
2024-10-03 19:00:28,911 [WARN] IP:2120 - Analog_Filter not found: check if there is a RefParameter without a condition.
2024-10-03 19:00:28,914 [WARN] IP:2120 - I2C_Coeff_DF not found: check if there is a RefParameter without a condition.
2024-10-03 19:00:28,914 [WARN] IP:2120 - Analog_Filter not found: check if there is a RefParameter without a condition.
2024-10-03 19:00:28,916 [WARN] IP:2120 - I2C_Coeff_DF not found: check if there is a RefParameter without a condition.
2024-10-03 19:00:28,916 [WARN] IP:2120 - Analog_Filter not found: check if there is a RefParameter without a condition.
2024-10-03 19:00:31,105 [WARN] IP:2120 - I2C_Coeff_DF not found: check if there is a RefParameter without a condition.
2024-10-03 19:00:31,105 [WARN] IP:2120 - Analog_Filter not found: check if there is a RefParameter without a condition.
2024-10-03 19:00:31,106 [WARN] IP:2120 - I2C_Coeff_DF not found: check if there is a RefParameter without a condition.
2024-10-03 19:00:31,106 [WARN] IP:2120 - Analog_Filter not found: check if there is a RefParameter without a condition.
2024-10-03 19:00:31,109 [WARN] IP:2120 - I2C_Coeff_DF not found: check if there is a RefParameter without a condition.
2024-10-03 19:00:31,109 [WARN] IP:2120 - Analog_Filter not found: check if there is a RefParameter without a condition.
2024-10-03 19:00:31,109 [WARN] IP:2120 - I2C_Coeff_DF not found: check if there is a RefParameter without a condition.
2024-10-03 19:00:31,109 [WARN] IP:2120 - Analog_Filter not found: check if there is a RefParameter without a condition.
2024-10-03 19:00:31,112 [WARN] IP:2120 - I2C_Coeff_DF not found: check if there is a RefParameter without a condition.
2024-10-03 19:00:31,112 [WARN] IP:2120 - Analog_Filter not found: check if there is a RefParameter without a condition.
2024-10-03 19:00:31,112 [WARN] IP:2120 - I2C_Coeff_DF not found: check if there is a RefParameter without a condition.
2024-10-03 19:00:31,112 [WARN] IP:2120 - Analog_Filter not found: check if there is a RefParameter without a condition.
2024-10-03 19:00:31,168 [WARN] IP:2120 - I2C_Coeff_DF not found: check if there is a RefParameter without a condition.
2024-10-03 19:00:31,168 [WARN] IP:2120 - Analog_Filter not found: check if there is a RefParameter without a condition.
2024-10-03 19:00:31,170 [WARN] IP:2120 - I2C_Coeff_DF not found: check if there is a RefParameter without a condition.
2024-10-03 19:00:31,170 [WARN] IP:2120 - Analog_Filter not found: check if there is a RefParameter without a condition.
2024-10-03 19:00:31,173 [WARN] IP:2120 - I2C_Coeff_DF not found: check if there is a RefParameter without a condition.
2024-10-03 19:00:31,173 [WARN] IP:2120 - Analog_Filter not found: check if there is a RefParameter without a condition.
2024-10-03 19:00:31,218 [WARN] IP:2120 - I2C_Coeff_DF not found: check if there is a RefParameter without a condition.
2024-10-03 19:00:31,218 [WARN] IP:2120 - Analog_Filter not found: check if there is a RefParameter without a condition.
2024-10-03 19:00:31,220 [WARN] IP:2120 - I2C_Coeff_DF not found: check if there is a RefParameter without a condition.
2024-10-03 19:00:31,220 [WARN] IP:2120 - Analog_Filter not found: check if there is a RefParameter without a condition.
2024-10-03 19:00:31,223 [WARN] IP:2120 - I2C_Coeff_DF not found: check if there is a RefParameter without a condition.
2024-10-03 19:00:31,223 [WARN] IP:2120 - Analog_Filter not found: check if there is a RefParameter without a condition.
2024-10-03 19:00:35,575 [WARN] IP:2120 - I2C_Coeff_DF not found: check if there is a RefParameter without a condition.
2024-10-03 19:00:35,575 [WARN] IP:2120 - Analog_Filter not found: check if there is a RefParameter without a condition.
2024-10-03 19:00:35,575 [WARN] IP:2120 - I2C_Coeff_DF not found: check if there is a RefParameter without a condition.
2024-10-03 19:00:35,575 [WARN] IP:2120 - Analog_Filter not found: check if there is a RefParameter without a condition.
2024-10-03 19:00:35,578 [WARN] IP:2120 - I2C_Coeff_DF not found: check if there is a RefParameter without a condition.
2024-10-03 19:00:35,578 [WARN] IP:2120 - Analog_Filter not found: check if there is a RefParameter without a condition.
2024-10-03 19:00:35,578 [WARN] IP:2120 - I2C_Coeff_DF not found: check if there is a RefParameter without a condition.
2024-10-03 19:00:35,579 [WARN] IP:2120 - Analog_Filter not found: check if there is a RefParameter without a condition.
2024-10-03 19:00:35,581 [WARN] IP:2120 - I2C_Coeff_DF not found: check if there is a RefParameter without a condition.
2024-10-03 19:00:35,581 [WARN] IP:2120 - Analog_Filter not found: check if there is a RefParameter without a condition.
2024-10-03 19:00:35,582 [WARN] IP:2120 - I2C_Coeff_DF not found: check if there is a RefParameter without a condition.
2024-10-03 19:00:35,582 [WARN] IP:2120 - Analog_Filter not found: check if there is a RefParameter without a condition.
2024-10-03 19:00:35,629 [WARN] IP:2120 - I2C_Coeff_DF not found: check if there is a RefParameter without a condition.
2024-10-03 19:00:35,629 [WARN] IP:2120 - Analog_Filter not found: check if there is a RefParameter without a condition.
2024-10-03 19:00:35,632 [WARN] IP:2120 - I2C_Coeff_DF not found: check if there is a RefParameter without a condition.
2024-10-03 19:00:35,632 [WARN] IP:2120 - Analog_Filter not found: check if there is a RefParameter without a condition.
2024-10-03 19:00:35,634 [WARN] IP:2120 - I2C_Coeff_DF not found: check if there is a RefParameter without a condition.
2024-10-03 19:00:35,634 [WARN] IP:2120 - Analog_Filter not found: check if there is a RefParameter without a condition.
2024-10-03 19:00:35,682 [WARN] IP:2120 - I2C_Coeff_DF not found: check if there is a RefParameter without a condition.
2024-10-03 19:00:35,682 [WARN] IP:2120 - Analog_Filter not found: check if there is a RefParameter without a condition.
2024-10-03 19:00:35,685 [WARN] IP:2120 - I2C_Coeff_DF not found: check if there is a RefParameter without a condition.
2024-10-03 19:00:35,685 [WARN] IP:2120 - Analog_Filter not found: check if there is a RefParameter without a condition.
2024-10-03 19:00:35,687 [WARN] IP:2120 - I2C_Coeff_DF not found: check if there is a RefParameter without a condition.
2024-10-03 19:00:35,687 [WARN] IP:2120 - Analog_Filter not found: check if there is a RefParameter without a condition.
2024-10-03 19:00:38,794 [WARN] IP:2120 - I2C_Coeff_DF not found: check if there is a RefParameter without a condition.
2024-10-03 19:00:38,794 [WARN] IP:2120 - Analog_Filter not found: check if there is a RefParameter without a condition.
2024-10-03 19:00:38,795 [WARN] IP:2120 - I2C_Coeff_DF not found: check if there is a RefParameter without a condition.
2024-10-03 19:00:38,795 [WARN] IP:2120 - Analog_Filter not found: check if there is a RefParameter without a condition.
2024-10-03 19:00:38,797 [WARN] IP:2120 - I2C_Coeff_DF not found: check if there is a RefParameter without a condition.
2024-10-03 19:00:38,797 [WARN] IP:2120 - Analog_Filter not found: check if there is a RefParameter without a condition.
2024-10-03 19:00:38,797 [WARN] IP:2120 - I2C_Coeff_DF not found: check if there is a RefParameter without a condition.
2024-10-03 19:00:38,797 [WARN] IP:2120 - Analog_Filter not found: check if there is a RefParameter without a condition.
2024-10-03 19:00:38,799 [WARN] IP:2120 - I2C_Coeff_DF not found: check if there is a RefParameter without a condition.
2024-10-03 19:00:38,799 [WARN] IP:2120 - Analog_Filter not found: check if there is a RefParameter without a condition.
2024-10-03 19:00:38,800 [WARN] IP:2120 - I2C_Coeff_DF not found: check if there is a RefParameter without a condition.
2024-10-03 19:00:38,800 [WARN] IP:2120 - Analog_Filter not found: check if there is a RefParameter without a condition.
2024-10-03 19:00:38,843 [WARN] IP:2120 - I2C_Coeff_DF not found: check if there is a RefParameter without a condition.
2024-10-03 19:00:38,843 [WARN] IP:2120 - Analog_Filter not found: check if there is a RefParameter without a condition.
2024-10-03 19:00:38,846 [WARN] IP:2120 - I2C_Coeff_DF not found: check if there is a RefParameter without a condition.
2024-10-03 19:00:38,846 [WARN] IP:2120 - Analog_Filter not found: check if there is a RefParameter without a condition.
2024-10-03 19:00:38,848 [WARN] IP:2120 - I2C_Coeff_DF not found: check if there is a RefParameter without a condition.
2024-10-03 19:00:38,848 [WARN] IP:2120 - Analog_Filter not found: check if there is a RefParameter without a condition.
2024-10-03 19:00:38,893 [WARN] IP:2120 - I2C_Coeff_DF not found: check if there is a RefParameter without a condition.
2024-10-03 19:00:38,893 [WARN] IP:2120 - Analog_Filter not found: check if there is a RefParameter without a condition.
2024-10-03 19:00:38,896 [WARN] IP:2120 - I2C_Coeff_DF not found: check if there is a RefParameter without a condition.
2024-10-03 19:00:38,896 [WARN] IP:2120 - Analog_Filter not found: check if there is a RefParameter without a condition.
2024-10-03 19:00:38,898 [WARN] IP:2120 - I2C_Coeff_DF not found: check if there is a RefParameter without a condition.
2024-10-03 19:00:38,898 [WARN] IP:2120 - Analog_Filter not found: check if there is a RefParameter without a condition.
2024-10-03 19:00:44,566 [WARN] IP:2120 - I2C_Coeff_DF not found: check if there is a RefParameter without a condition.
2024-10-03 19:00:44,566 [WARN] IP:2120 - Analog_Filter not found: check if there is a RefParameter without a condition.
2024-10-03 19:00:44,567 [WARN] IP:2120 - I2C_Coeff_DF not found: check if there is a RefParameter without a condition.
2024-10-03 19:00:44,567 [WARN] IP:2120 - Analog_Filter not found: check if there is a RefParameter without a condition.
2024-10-03 19:00:44,569 [WARN] IP:2120 - I2C_Coeff_DF not found: check if there is a RefParameter without a condition.
2024-10-03 19:00:44,569 [WARN] IP:2120 - Analog_Filter not found: check if there is a RefParameter without a condition.
2024-10-03 19:00:44,570 [WARN] IP:2120 - I2C_Coeff_DF not found: check if there is a RefParameter without a condition.
2024-10-03 19:00:44,570 [WARN] IP:2120 - Analog_Filter not found: check if there is a RefParameter without a condition.
2024-10-03 19:00:44,572 [WARN] IP:2120 - I2C_Coeff_DF not found: check if there is a RefParameter without a condition.
2024-10-03 19:00:44,573 [WARN] IP:2120 - Analog_Filter not found: check if there is a RefParameter without a condition.
2024-10-03 19:00:44,573 [WARN] IP:2120 - I2C_Coeff_DF not found: check if there is a RefParameter without a condition.
2024-10-03 19:00:44,573 [WARN] IP:2120 - Analog_Filter not found: check if there is a RefParameter without a condition.
2024-10-03 19:00:44,618 [WARN] IP:2120 - I2C_Coeff_DF not found: check if there is a RefParameter without a condition.
2024-10-03 19:00:44,618 [WARN] IP:2120 - Analog_Filter not found: check if there is a RefParameter without a condition.
2024-10-03 19:00:44,620 [WARN] IP:2120 - I2C_Coeff_DF not found: check if there is a RefParameter without a condition.
2024-10-03 19:00:44,620 [WARN] IP:2120 - Analog_Filter not found: check if there is a RefParameter without a condition.
2024-10-03 19:00:44,624 [WARN] IP:2120 - I2C_Coeff_DF not found: check if there is a RefParameter without a condition.
2024-10-03 19:00:44,624 [WARN] IP:2120 - Analog_Filter not found: check if there is a RefParameter without a condition.
2024-10-03 19:00:44,671 [WARN] IP:2120 - I2C_Coeff_DF not found: check if there is a RefParameter without a condition.
2024-10-03 19:00:44,671 [WARN] IP:2120 - Analog_Filter not found: check if there is a RefParameter without a condition.
2024-10-03 19:00:44,675 [WARN] IP:2120 - I2C_Coeff_DF not found: check if there is a RefParameter without a condition.
2024-10-03 19:00:44,675 [WARN] IP:2120 - Analog_Filter not found: check if there is a RefParameter without a condition.
2024-10-03 19:00:44,677 [WARN] IP:2120 - I2C_Coeff_DF not found: check if there is a RefParameter without a condition.
2024-10-03 19:00:44,677 [WARN] IP:2120 - Analog_Filter not found: check if there is a RefParameter without a condition.
2024-10-03 19:00:48,916 [WARN] IP:2120 - I2C_Coeff_DF not found: check if there is a RefParameter without a condition.
2024-10-03 19:00:48,916 [WARN] IP:2120 - Analog_Filter not found: check if there is a RefParameter without a condition.
2024-10-03 19:00:48,916 [WARN] IP:2120 - I2C_Coeff_DF not found: check if there is a RefParameter without a condition.
2024-10-03 19:00:48,916 [WARN] IP:2120 - Analog_Filter not found: check if there is a RefParameter without a condition.
2024-10-03 19:00:48,920 [WARN] IP:2120 - I2C_Coeff_DF not found: check if there is a RefParameter without a condition.
2024-10-03 19:00:48,921 [WARN] IP:2120 - Analog_Filter not found: check if there is a RefParameter without a condition.
2024-10-03 19:00:48,921 [WARN] IP:2120 - I2C_Coeff_DF not found: check if there is a RefParameter without a condition.
2024-10-03 19:00:48,921 [WARN] IP:2120 - Analog_Filter not found: check if there is a RefParameter without a condition.
2024-10-03 19:00:48,924 [WARN] IP:2120 - I2C_Coeff_DF not found: check if there is a RefParameter without a condition.
2024-10-03 19:00:48,924 [WARN] IP:2120 - Analog_Filter not found: check if there is a RefParameter without a condition.
2024-10-03 19:00:48,925 [WARN] IP:2120 - I2C_Coeff_DF not found: check if there is a RefParameter without a condition.
2024-10-03 19:00:48,925 [WARN] IP:2120 - Analog_Filter not found: check if there is a RefParameter without a condition.
2024-10-03 19:00:49,014 [WARN] IP:2120 - I2C_Coeff_DF not found: check if there is a RefParameter without a condition.
2024-10-03 19:00:49,014 [WARN] IP:2120 - Analog_Filter not found: check if there is a RefParameter without a condition.
2024-10-03 19:00:49,017 [WARN] IP:2120 - I2C_Coeff_DF not found: check if there is a RefParameter without a condition.
2024-10-03 19:00:49,017 [WARN] IP:2120 - Analog_Filter not found: check if there is a RefParameter without a condition.
2024-10-03 19:00:49,022 [WARN] IP:2120 - I2C_Coeff_DF not found: check if there is a RefParameter without a condition.
2024-10-03 19:00:49,022 [WARN] IP:2120 - Analog_Filter not found: check if there is a RefParameter without a condition.
2024-10-03 19:00:49,087 [WARN] IP:2120 - I2C_Coeff_DF not found: check if there is a RefParameter without a condition.
2024-10-03 19:00:49,087 [WARN] IP:2120 - Analog_Filter not found: check if there is a RefParameter without a condition.
2024-10-03 19:00:49,091 [WARN] IP:2120 - I2C_Coeff_DF not found: check if there is a RefParameter without a condition.
2024-10-03 19:00:49,091 [WARN] IP:2120 - Analog_Filter not found: check if there is a RefParameter without a condition.
2024-10-03 19:00:49,094 [WARN] IP:2120 - I2C_Coeff_DF not found: check if there is a RefParameter without a condition.
2024-10-03 19:00:49,094 [WARN] IP:2120 - Analog_Filter not found: check if there is a RefParameter without a condition.
2024-10-03 19:00:51,786 [WARN] IP:2120 - I2C_Coeff_DF not found: check if there is a RefParameter without a condition.
2024-10-03 19:00:51,786 [WARN] IP:2120 - Analog_Filter not found: check if there is a RefParameter without a condition.
2024-10-03 19:00:51,787 [WARN] IP:2120 - I2C_Coeff_DF not found: check if there is a RefParameter without a condition.
2024-10-03 19:00:51,787 [WARN] IP:2120 - Analog_Filter not found: check if there is a RefParameter without a condition.
2024-10-03 19:00:51,790 [WARN] IP:2120 - I2C_Coeff_DF not found: check if there is a RefParameter without a condition.
2024-10-03 19:00:51,790 [WARN] IP:2120 - Analog_Filter not found: check if there is a RefParameter without a condition.
2024-10-03 19:00:51,790 [WARN] IP:2120 - I2C_Coeff_DF not found: check if there is a RefParameter without a condition.
2024-10-03 19:00:51,790 [WARN] IP:2120 - Analog_Filter not found: check if there is a RefParameter without a condition.
2024-10-03 19:00:51,793 [WARN] IP:2120 - I2C_Coeff_DF not found: check if there is a RefParameter without a condition.
2024-10-03 19:00:51,793 [WARN] IP:2120 - Analog_Filter not found: check if there is a RefParameter without a condition.
2024-10-03 19:00:51,794 [WARN] IP:2120 - I2C_Coeff_DF not found: check if there is a RefParameter without a condition.
2024-10-03 19:00:51,794 [WARN] IP:2120 - Analog_Filter not found: check if there is a RefParameter without a condition.
2024-10-03 19:00:51,859 [WARN] IP:2120 - I2C_Coeff_DF not found: check if there is a RefParameter without a condition.
2024-10-03 19:00:51,859 [WARN] IP:2120 - Analog_Filter not found: check if there is a RefParameter without a condition.
2024-10-03 19:00:51,861 [WARN] IP:2120 - I2C_Coeff_DF not found: check if there is a RefParameter without a condition.
2024-10-03 19:00:51,862 [WARN] IP:2120 - Analog_Filter not found: check if there is a RefParameter without a condition.
2024-10-03 19:00:51,864 [WARN] IP:2120 - I2C_Coeff_DF not found: check if there is a RefParameter without a condition.
2024-10-03 19:00:51,865 [WARN] IP:2120 - Analog_Filter not found: check if there is a RefParameter without a condition.
2024-10-03 19:00:51,911 [WARN] IP:2120 - I2C_Coeff_DF not found: check if there is a RefParameter without a condition.
2024-10-03 19:00:51,911 [WARN] IP:2120 - Analog_Filter not found: check if there is a RefParameter without a condition.
2024-10-03 19:00:51,913 [WARN] IP:2120 - I2C_Coeff_DF not found: check if there is a RefParameter without a condition.
2024-10-03 19:00:51,914 [WARN] IP:2120 - Analog_Filter not found: check if there is a RefParameter without a condition.
2024-10-03 19:00:51,917 [WARN] IP:2120 - I2C_Coeff_DF not found: check if there is a RefParameter without a condition.
2024-10-03 19:00:51,917 [WARN] IP:2120 - Analog_Filter not found: check if there is a RefParameter without a condition.
2024-10-03 19:01:01,154 [WARN] IP:2120 - I2C_Coeff_DF not found: check if there is a RefParameter without a condition.
2024-10-03 19:01:01,154 [WARN] IP:2120 - Analog_Filter not found: check if there is a RefParameter without a condition.
2024-10-03 19:01:01,155 [WARN] IP:2120 - I2C_Coeff_DF not found: check if there is a RefParameter without a condition.
2024-10-03 19:01:01,155 [WARN] IP:2120 - Analog_Filter not found: check if there is a RefParameter without a condition.
2024-10-03 19:01:01,157 [WARN] IP:2120 - I2C_Coeff_DF not found: check if there is a RefParameter without a condition.
2024-10-03 19:01:01,157 [WARN] IP:2120 - Analog_Filter not found: check if there is a RefParameter without a condition.
2024-10-03 19:01:01,158 [WARN] IP:2120 - I2C_Coeff_DF not found: check if there is a RefParameter without a condition.
2024-10-03 19:01:01,158 [WARN] IP:2120 - Analog_Filter not found: check if there is a RefParameter without a condition.
2024-10-03 19:01:01,160 [WARN] IP:2120 - I2C_Coeff_DF not found: check if there is a RefParameter without a condition.
2024-10-03 19:01:01,161 [WARN] IP:2120 - Analog_Filter not found: check if there is a RefParameter without a condition.
2024-10-03 19:01:01,161 [WARN] IP:2120 - I2C_Coeff_DF not found: check if there is a RefParameter without a condition.
2024-10-03 19:01:01,161 [WARN] IP:2120 - Analog_Filter not found: check if there is a RefParameter without a condition.
2024-10-03 19:01:01,211 [WARN] IP:2120 - I2C_Coeff_DF not found: check if there is a RefParameter without a condition.
2024-10-03 19:01:01,211 [WARN] IP:2120 - Analog_Filter not found: check if there is a RefParameter without a condition.
2024-10-03 19:01:01,214 [WARN] IP:2120 - I2C_Coeff_DF not found: check if there is a RefParameter without a condition.
2024-10-03 19:01:01,214 [WARN] IP:2120 - Analog_Filter not found: check if there is a RefParameter without a condition.
2024-10-03 19:01:01,216 [WARN] IP:2120 - I2C_Coeff_DF not found: check if there is a RefParameter without a condition.
2024-10-03 19:01:01,217 [WARN] IP:2120 - Analog_Filter not found: check if there is a RefParameter without a condition.
2024-10-03 19:01:01,260 [WARN] IP:2120 - I2C_Coeff_DF not found: check if there is a RefParameter without a condition.
2024-10-03 19:01:01,260 [WARN] IP:2120 - Analog_Filter not found: check if there is a RefParameter without a condition.
2024-10-03 19:01:01,266 [WARN] IP:2120 - I2C_Coeff_DF not found: check if there is a RefParameter without a condition.
2024-10-03 19:01:01,266 [WARN] IP:2120 - Analog_Filter not found: check if there is a RefParameter without a condition.
2024-10-03 19:01:01,269 [WARN] IP:2120 - I2C_Coeff_DF not found: check if there is a RefParameter without a condition.
2024-10-03 19:01:01,269 [WARN] IP:2120 - Analog_Filter not found: check if there is a RefParameter without a condition.
2024-10-03 19:01:02,874 [WARN] IP:2120 - I2C_Coeff_DF not found: check if there is a RefParameter without a condition.
2024-10-03 19:01:02,874 [WARN] IP:2120 - Analog_Filter not found: check if there is a RefParameter without a condition.
2024-10-03 19:01:02,875 [WARN] IP:2120 - I2C_Coeff_DF not found: check if there is a RefParameter without a condition.
2024-10-03 19:01:02,875 [WARN] IP:2120 - Analog_Filter not found: check if there is a RefParameter without a condition.
2024-10-03 19:01:02,877 [WARN] IP:2120 - I2C_Coeff_DF not found: check if there is a RefParameter without a condition.
2024-10-03 19:01:02,877 [WARN] IP:2120 - Analog_Filter not found: check if there is a RefParameter without a condition.
2024-10-03 19:01:02,877 [WARN] IP:2120 - I2C_Coeff_DF not found: check if there is a RefParameter without a condition.
2024-10-03 19:01:02,878 [WARN] IP:2120 - Analog_Filter not found: check if there is a RefParameter without a condition.
2024-10-03 19:01:02,880 [WARN] IP:2120 - I2C_Coeff_DF not found: check if there is a RefParameter without a condition.
2024-10-03 19:01:02,880 [WARN] IP:2120 - Analog_Filter not found: check if there is a RefParameter without a condition.
2024-10-03 19:01:02,881 [WARN] IP:2120 - I2C_Coeff_DF not found: check if there is a RefParameter without a condition.
2024-10-03 19:01:02,881 [WARN] IP:2120 - Analog_Filter not found: check if there is a RefParameter without a condition.
2024-10-03 19:01:02,925 [WARN] IP:2120 - I2C_Coeff_DF not found: check if there is a RefParameter without a condition.
2024-10-03 19:01:02,925 [WARN] IP:2120 - Analog_Filter not found: check if there is a RefParameter without a condition.
2024-10-03 19:01:02,928 [WARN] IP:2120 - I2C_Coeff_DF not found: check if there is a RefParameter without a condition.
2024-10-03 19:01:02,928 [WARN] IP:2120 - Analog_Filter not found: check if there is a RefParameter without a condition.
2024-10-03 19:01:02,930 [WARN] IP:2120 - I2C_Coeff_DF not found: check if there is a RefParameter without a condition.
2024-10-03 19:01:02,931 [WARN] IP:2120 - Analog_Filter not found: check if there is a RefParameter without a condition.
2024-10-03 19:01:02,984 [WARN] IP:2120 - I2C_Coeff_DF not found: check if there is a RefParameter without a condition.
2024-10-03 19:01:02,984 [WARN] IP:2120 - Analog_Filter not found: check if there is a RefParameter without a condition.
2024-10-03 19:01:02,987 [WARN] IP:2120 - I2C_Coeff_DF not found: check if there is a RefParameter without a condition.
2024-10-03 19:01:02,987 [WARN] IP:2120 - Analog_Filter not found: check if there is a RefParameter without a condition.
2024-10-03 19:01:02,990 [WARN] IP:2120 - I2C_Coeff_DF not found: check if there is a RefParameter without a condition.
2024-10-03 19:01:02,990 [WARN] IP:2120 - Analog_Filter not found: check if there is a RefParameter without a condition.
2024-10-03 19:01:05,026 [WARN] IP:2120 - I2C_Coeff_DF not found: check if there is a RefParameter without a condition.
2024-10-03 19:01:05,026 [WARN] IP:2120 - Analog_Filter not found: check if there is a RefParameter without a condition.
2024-10-03 19:01:05,026 [WARN] IP:2120 - I2C_Coeff_DF not found: check if there is a RefParameter without a condition.
2024-10-03 19:01:05,026 [WARN] IP:2120 - Analog_Filter not found: check if there is a RefParameter without a condition.
2024-10-03 19:01:05,029 [WARN] IP:2120 - I2C_Coeff_DF not found: check if there is a RefParameter without a condition.
2024-10-03 19:01:05,029 [WARN] IP:2120 - Analog_Filter not found: check if there is a RefParameter without a condition.
2024-10-03 19:01:05,030 [WARN] IP:2120 - I2C_Coeff_DF not found: check if there is a RefParameter without a condition.
2024-10-03 19:01:05,030 [WARN] IP:2120 - Analog_Filter not found: check if there is a RefParameter without a condition.
2024-10-03 19:01:05,032 [WARN] IP:2120 - I2C_Coeff_DF not found: check if there is a RefParameter without a condition.
2024-10-03 19:01:05,032 [WARN] IP:2120 - Analog_Filter not found: check if there is a RefParameter without a condition.
2024-10-03 19:01:05,033 [WARN] IP:2120 - I2C_Coeff_DF not found: check if there is a RefParameter without a condition.
2024-10-03 19:01:05,033 [WARN] IP:2120 - Analog_Filter not found: check if there is a RefParameter without a condition.
2024-10-03 19:01:05,093 [WARN] IP:2120 - I2C_Coeff_DF not found: check if there is a RefParameter without a condition.
2024-10-03 19:01:05,093 [WARN] IP:2120 - Analog_Filter not found: check if there is a RefParameter without a condition.
2024-10-03 19:01:05,097 [WARN] IP:2120 - I2C_Coeff_DF not found: check if there is a RefParameter without a condition.
2024-10-03 19:01:05,097 [WARN] IP:2120 - Analog_Filter not found: check if there is a RefParameter without a condition.
2024-10-03 19:01:05,099 [WARN] IP:2120 - I2C_Coeff_DF not found: check if there is a RefParameter without a condition.
2024-10-03 19:01:05,099 [WARN] IP:2120 - Analog_Filter not found: check if there is a RefParameter without a condition.
2024-10-03 19:01:05,153 [WARN] IP:2120 - I2C_Coeff_DF not found: check if there is a RefParameter without a condition.
2024-10-03 19:01:05,153 [WARN] IP:2120 - Analog_Filter not found: check if there is a RefParameter without a condition.
2024-10-03 19:01:05,163 [WARN] IP:2120 - I2C_Coeff_DF not found: check if there is a RefParameter without a condition.
2024-10-03 19:01:05,164 [WARN] IP:2120 - Analog_Filter not found: check if there is a RefParameter without a condition.
2024-10-03 19:01:05,184 [WARN] IP:2120 - I2C_Coeff_DF not found: check if there is a RefParameter without a condition.
2024-10-03 19:01:05,185 [WARN] IP:2120 - Analog_Filter not found: check if there is a RefParameter without a condition.
2024-10-03 19:01:06,873 [WARN] IP:2120 - I2C_Coeff_DF not found: check if there is a RefParameter without a condition.
2024-10-03 19:01:06,874 [WARN] IP:2120 - Analog_Filter not found: check if there is a RefParameter without a condition.
2024-10-03 19:01:06,874 [WARN] IP:2120 - I2C_Coeff_DF not found: check if there is a RefParameter without a condition.
2024-10-03 19:01:06,874 [WARN] IP:2120 - Analog_Filter not found: check if there is a RefParameter without a condition.
2024-10-03 19:01:06,876 [WARN] IP:2120 - I2C_Coeff_DF not found: check if there is a RefParameter without a condition.
2024-10-03 19:01:06,877 [WARN] IP:2120 - Analog_Filter not found: check if there is a RefParameter without a condition.
2024-10-03 19:01:06,877 [WARN] IP:2120 - I2C_Coeff_DF not found: check if there is a RefParameter without a condition.
2024-10-03 19:01:06,877 [WARN] IP:2120 - Analog_Filter not found: check if there is a RefParameter without a condition.
2024-10-03 19:01:06,879 [WARN] IP:2120 - I2C_Coeff_DF not found: check if there is a RefParameter without a condition.
2024-10-03 19:01:06,880 [WARN] IP:2120 - Analog_Filter not found: check if there is a RefParameter without a condition.
2024-10-03 19:01:06,880 [WARN] IP:2120 - I2C_Coeff_DF not found: check if there is a RefParameter without a condition.
2024-10-03 19:01:06,880 [WARN] IP:2120 - Analog_Filter not found: check if there is a RefParameter without a condition.
2024-10-03 19:01:06,935 [WARN] IP:2120 - I2C_Coeff_DF not found: check if there is a RefParameter without a condition.
2024-10-03 19:01:06,935 [WARN] IP:2120 - Analog_Filter not found: check if there is a RefParameter without a condition.
2024-10-03 19:01:06,938 [WARN] IP:2120 - I2C_Coeff_DF not found: check if there is a RefParameter without a condition.
2024-10-03 19:01:06,938 [WARN] IP:2120 - Analog_Filter not found: check if there is a RefParameter without a condition.
2024-10-03 19:01:06,941 [WARN] IP:2120 - I2C_Coeff_DF not found: check if there is a RefParameter without a condition.
2024-10-03 19:01:06,941 [WARN] IP:2120 - Analog_Filter not found: check if there is a RefParameter without a condition.
2024-10-03 19:01:06,996 [WARN] IP:2120 - I2C_Coeff_DF not found: check if there is a RefParameter without a condition.
2024-10-03 19:01:06,996 [WARN] IP:2120 - Analog_Filter not found: check if there is a RefParameter without a condition.
2024-10-03 19:01:06,999 [WARN] IP:2120 - I2C_Coeff_DF not found: check if there is a RefParameter without a condition.
2024-10-03 19:01:06,999 [WARN] IP:2120 - Analog_Filter not found: check if there is a RefParameter without a condition.
2024-10-03 19:01:07,002 [WARN] IP:2120 - I2C_Coeff_DF not found: check if there is a RefParameter without a condition.
2024-10-03 19:01:07,002 [WARN] IP:2120 - Analog_Filter not found: check if there is a RefParameter without a condition.
2024-10-03 19:01:09,596 [WARN] IP:2120 - I2C_Coeff_DF not found: check if there is a RefParameter without a condition.
2024-10-03 19:01:09,596 [WARN] IP:2120 - Analog_Filter not found: check if there is a RefParameter without a condition.
2024-10-03 19:01:09,597 [WARN] IP:2120 - I2C_Coeff_DF not found: check if there is a RefParameter without a condition.
2024-10-03 19:01:09,597 [WARN] IP:2120 - Analog_Filter not found: check if there is a RefParameter without a condition.
2024-10-03 19:01:09,600 [WARN] IP:2120 - I2C_Coeff_DF not found: check if there is a RefParameter without a condition.
2024-10-03 19:01:09,600 [WARN] IP:2120 - Analog_Filter not found: check if there is a RefParameter without a condition.
2024-10-03 19:01:09,600 [WARN] IP:2120 - I2C_Coeff_DF not found: check if there is a RefParameter without a condition.
2024-10-03 19:01:09,600 [WARN] IP:2120 - Analog_Filter not found: check if there is a RefParameter without a condition.
2024-10-03 19:01:09,603 [WARN] IP:2120 - I2C_Coeff_DF not found: check if there is a RefParameter without a condition.
2024-10-03 19:01:09,603 [WARN] IP:2120 - Analog_Filter not found: check if there is a RefParameter without a condition.
2024-10-03 19:01:09,603 [WARN] IP:2120 - I2C_Coeff_DF not found: check if there is a RefParameter without a condition.
2024-10-03 19:01:09,603 [WARN] IP:2120 - Analog_Filter not found: check if there is a RefParameter without a condition.
2024-10-03 19:01:09,652 [WARN] IP:2120 - I2C_Coeff_DF not found: check if there is a RefParameter without a condition.
2024-10-03 19:01:09,652 [WARN] IP:2120 - Analog_Filter not found: check if there is a RefParameter without a condition.
2024-10-03 19:01:09,654 [WARN] IP:2120 - I2C_Coeff_DF not found: check if there is a RefParameter without a condition.
2024-10-03 19:01:09,654 [WARN] IP:2120 - Analog_Filter not found: check if there is a RefParameter without a condition.
2024-10-03 19:01:09,656 [WARN] IP:2120 - I2C_Coeff_DF not found: check if there is a RefParameter without a condition.
2024-10-03 19:01:09,657 [WARN] IP:2120 - Analog_Filter not found: check if there is a RefParameter without a condition.
2024-10-03 19:01:09,705 [WARN] IP:2120 - I2C_Coeff_DF not found: check if there is a RefParameter without a condition.
2024-10-03 19:01:09,705 [WARN] IP:2120 - Analog_Filter not found: check if there is a RefParameter without a condition.
2024-10-03 19:01:09,708 [WARN] IP:2120 - I2C_Coeff_DF not found: check if there is a RefParameter without a condition.
2024-10-03 19:01:09,708 [WARN] IP:2120 - Analog_Filter not found: check if there is a RefParameter without a condition.
2024-10-03 19:01:09,711 [WARN] IP:2120 - I2C_Coeff_DF not found: check if there is a RefParameter without a condition.
2024-10-03 19:01:09,711 [WARN] IP:2120 - Analog_Filter not found: check if there is a RefParameter without a condition.
2024-10-03 19:01:11,657 [WARN] IP:2120 - I2C_Coeff_DF not found: check if there is a RefParameter without a condition.
2024-10-03 19:01:11,657 [WARN] IP:2120 - Analog_Filter not found: check if there is a RefParameter without a condition.
2024-10-03 19:01:11,658 [WARN] IP:2120 - I2C_Coeff_DF not found: check if there is a RefParameter without a condition.
2024-10-03 19:01:11,658 [WARN] IP:2120 - Analog_Filter not found: check if there is a RefParameter without a condition.
2024-10-03 19:01:11,661 [WARN] IP:2120 - I2C_Coeff_DF not found: check if there is a RefParameter without a condition.
2024-10-03 19:01:11,661 [WARN] IP:2120 - Analog_Filter not found: check if there is a RefParameter without a condition.
2024-10-03 19:01:11,662 [WARN] IP:2120 - I2C_Coeff_DF not found: check if there is a RefParameter without a condition.
2024-10-03 19:01:11,662 [WARN] IP:2120 - Analog_Filter not found: check if there is a RefParameter without a condition.
2024-10-03 19:01:11,665 [WARN] IP:2120 - I2C_Coeff_DF not found: check if there is a RefParameter without a condition.
2024-10-03 19:01:11,665 [WARN] IP:2120 - Analog_Filter not found: check if there is a RefParameter without a condition.
2024-10-03 19:01:11,666 [WARN] IP:2120 - I2C_Coeff_DF not found: check if there is a RefParameter without a condition.
2024-10-03 19:01:11,666 [WARN] IP:2120 - Analog_Filter not found: check if there is a RefParameter without a condition.
2024-10-03 19:01:11,717 [WARN] IP:2120 - I2C_Coeff_DF not found: check if there is a RefParameter without a condition.
2024-10-03 19:01:11,717 [WARN] IP:2120 - Analog_Filter not found: check if there is a RefParameter without a condition.
2024-10-03 19:01:11,720 [WARN] IP:2120 - I2C_Coeff_DF not found: check if there is a RefParameter without a condition.
2024-10-03 19:01:11,720 [WARN] IP:2120 - Analog_Filter not found: check if there is a RefParameter without a condition.
2024-10-03 19:01:11,722 [WARN] IP:2120 - I2C_Coeff_DF not found: check if there is a RefParameter without a condition.
2024-10-03 19:01:11,722 [WARN] IP:2120 - Analog_Filter not found: check if there is a RefParameter without a condition.
2024-10-03 19:01:11,786 [WARN] IP:2120 - I2C_Coeff_DF not found: check if there is a RefParameter without a condition.
2024-10-03 19:01:11,786 [WARN] IP:2120 - Analog_Filter not found: check if there is a RefParameter without a condition.
2024-10-03 19:01:11,789 [WARN] IP:2120 - I2C_Coeff_DF not found: check if there is a RefParameter without a condition.
2024-10-03 19:01:11,789 [WARN] IP:2120 - Analog_Filter not found: check if there is a RefParameter without a condition.
2024-10-03 19:01:11,792 [WARN] IP:2120 - I2C_Coeff_DF not found: check if there is a RefParameter without a condition.
2024-10-03 19:01:11,792 [WARN] IP:2120 - Analog_Filter not found: check if there is a RefParameter without a condition.
2024-10-03 19:02:17,016 [INFO] UtilMem:75 - End SaveConfig() Used Memory: 823205088 Bytes (1073741824)
2024-10-03 19:02:19,165 [INFO] UtilMem:75 - End SaveConfig() Used Memory: 862524640 Bytes (1073741824)
2024-10-03 19:02:23,482 [INFO] UtilMem:75 - End SaveConfig() Used Memory: 703301232 Bytes (1073741824)
2024-10-03 19:02:23,976 [INFO] BlockDiagram:2759 - set Specific Code input for plugin: SPI
2024-10-03 19:02:23,976 [INFO] BlockDiagram:2759 - set Specific Code input for plugin: SPI
2024-10-03 19:02:23,976 [INFO] BlockDiagram:2759 - set Specific Code input for plugin: SPI
2024-10-03 19:02:23,976 [INFO] BlockDiagram:2759 - set Specific Code input for plugin: CAN
2024-10-03 19:02:23,976 [INFO] BlockDiagram:2759 - set Specific Code input for plugin: CAN
2024-10-03 19:02:23,976 [INFO] BlockDiagram:2759 - set Specific Code input for plugin: SYS
2024-10-03 19:02:23,976 [INFO] BlockDiagram:2759 - set Specific Code input for plugin: RCC
2024-10-03 19:02:23,976 [INFO] BlockDiagram:2759 - set Specific Code input for plugin: I2C
2024-10-03 19:02:23,976 [INFO] BlockDiagram:2759 - set Specific Code input for plugin: I2C
2024-10-03 19:02:23,976 [INFO] BlockDiagram:2759 - set Specific Code input for plugin: I2C
2024-10-03 19:02:23,976 [INFO] BlockDiagram:2759 - set Specific Code input for plugin: NVIC
2024-10-03 19:02:23,976 [INFO] BlockDiagram:2759 - set Specific Code input for plugin: USART
2024-10-03 19:02:23,976 [INFO] BlockDiagram:2759 - set Specific Code input for plugin: USART
2024-10-03 19:02:23,976 [INFO] BlockDiagram:2759 - set Specific Code input for plugin: UART
2024-10-03 19:02:23,976 [INFO] BlockDiagram:2759 - set Specific Code input for plugin: UART
2024-10-03 19:02:23,977 [INFO] BlockDiagram:2759 - set Specific Code input for plugin: GPIO
2024-10-03 19:02:23,978 [INFO] CodeGenerator:807 - code generatio: config db path: C:\ST\STM32CubeIDE_1.15.1\STM32CubeIDE\plugins\com.st.stm32cube.common.mx_6.11.1.202404110753\\db\
2024-10-03 19:02:23,983 [WARN] IP:2120 - I2C_Coeff_DF not found: check if there is a RefParameter without a condition.
2024-10-03 19:02:23,983 [WARN] IP:2120 - Analog_Filter not found: check if there is a RefParameter without a condition.
2024-10-03 19:02:23,984 [WARN] IP:2120 - I2C_Coeff_DF not found: check if there is a RefParameter without a condition.
2024-10-03 19:02:23,984 [WARN] IP:2120 - Analog_Filter not found: check if there is a RefParameter without a condition.
2024-10-03 19:02:23,985 [WARN] IP:2120 - I2C_Coeff_DF not found: check if there is a RefParameter without a condition.
2024-10-03 19:02:23,985 [WARN] IP:2120 - Analog_Filter not found: check if there is a RefParameter without a condition.
2024-10-03 19:02:24,118 [INFO] CodeEngine:255 - oldGeneratedFile, D:\Projetos\Firmware\firmware\Freelancer_1\MXTmpFiles\license.tmp_save
2024-10-03 19:02:24,897 [INFO] CodeEngine:279 - Generated code: D:\Projetos\Firmware\firmware\Freelancer_1\MXTmpFiles\license.tmp
2024-10-03 19:02:25,232 [INFO] CodeEngine:255 - oldGeneratedFile, D:\Projetos\Firmware\firmware\Freelancer_1\MXTmpFiles\gpio.tmp_save
2024-10-03 19:02:25,413 [INFO] CodeEngine:279 - Generated code: D:\Projetos\Firmware\firmware\Freelancer_1\MXTmpFiles\gpio.tmp
2024-10-03 19:02:26,762 [INFO] CodeEngine:255 - oldGeneratedFile, D:\Projetos\Firmware\firmware\Freelancer_1\Core\Src\stm32f4xx_it.c_save
2024-10-03 19:02:27,292 [INFO] CodeEngine:279 - Generated code: D:\Projetos\Firmware\firmware\Freelancer_1\Core\Src\stm32f4xx_it.c
2024-10-03 19:02:27,340 [INFO] CodeEngine:255 - oldGeneratedFile, D:\Projetos\Firmware\firmware\Freelancer_1\Core\Inc\stm32f4xx_it.h_save
2024-10-03 19:02:27,469 [INFO] CodeEngine:279 - Generated code: D:\Projetos\Firmware\firmware\Freelancer_1\Core\Inc\stm32f4xx_it.h
2024-10-03 19:02:27,503 [INFO] CodeEngine:255 - oldGeneratedFile, D:\Projetos\Firmware\firmware\Freelancer_1\Core\Src\stm32f4xx_hal_msp.c_save
2024-10-03 19:02:27,889 [INFO] CodeEngine:279 - Generated code: D:\Projetos\Firmware\firmware\Freelancer_1\Core\Src\stm32f4xx_hal_msp.c
2024-10-03 19:02:27,904 [INFO] CodeEngine:255 - oldGeneratedFile, D:\Projetos\Firmware\firmware\Freelancer_1\MXTmpFiles\system.tmp_save
2024-10-03 19:02:28,015 [INFO] CodeEngine:279 - Generated code: D:\Projetos\Firmware\firmware\Freelancer_1\MXTmpFiles\system.tmp
2024-10-03 19:02:28,044 [INFO] CodeEngine:311 - oldGeneratedFile, D:\Projetos\Firmware\firmware\Freelancer_1\Core\Inc\stm32f4xx_hal_conf.h_save
2024-10-03 19:02:28,190 [INFO] CodeEngine:335 - Generated code: D:\Projetos\Firmware\firmware\Freelancer_1\Core\Inc\stm32f4xx_hal_conf.h
2024-10-03 19:02:28,265 [INFO] CodeEngine:255 - oldGeneratedFile, D:\Projetos\Firmware\firmware\Freelancer_1\Core\Inc\main.h_save
2024-10-03 19:02:28,431 [INFO] CodeEngine:279 - Generated code: D:\Projetos\Firmware\firmware\Freelancer_1\Core\Inc\main.h
2024-10-03 19:02:28,448 [INFO] CodeEngine:255 - oldGeneratedFile, D:\Projetos\Firmware\firmware\Freelancer_1\Core\Src\main.c_save
2024-10-03 19:02:28,780 [INFO] CodeEngine:279 - Generated code: D:\Projetos\Firmware\firmware\Freelancer_1\Core\Src\main.c
2024-10-03 19:02:29,440 [INFO] ProjectBuilder:3163 - Time for Copy HAL[1] : 376mS.
2024-10-03 19:02:29,448 [INFO] ProjectBuilder:4736 - Project Generator version: 4.3.0-B58
2024-10-03 19:02:29,649 [INFO] ConfigFileManager:1503 - The Die is : DIE413
2024-10-03 19:02:33,906 [INFO] ProjectBuilder:5002 - Time for Generating toolchain IDE Files: 4458mS.
2024-10-03 19:02:33,915 [INFO] ProjectBuilder:3034 - Time for Copy CMSIS : 2mS.
2024-10-03 19:02:33,936 [INFO] ProjectBuilder:3034 - Time for Copy CMSIS : 0mS.
2024-10-03 19:14:47,899 [WARN] IP:2120 - I2C_Coeff_DF not found: check if there is a RefParameter without a condition.
2024-10-03 19:14:47,899 [WARN] IP:2120 - Analog_Filter not found: check if there is a RefParameter without a condition.
2024-10-03 19:14:47,899 [WARN] IP:2120 - I2C_Coeff_DF not found: check if there is a RefParameter without a condition.
2024-10-03 19:14:47,899 [WARN] IP:2120 - Analog_Filter not found: check if there is a RefParameter without a condition.
2024-10-03 19:14:47,902 [WARN] IP:2120 - I2C_Coeff_DF not found: check if there is a RefParameter without a condition.
2024-10-03 19:14:47,903 [WARN] IP:2120 - Analog_Filter not found: check if there is a RefParameter without a condition.
2024-10-03 19:14:47,903 [WARN] IP:2120 - I2C_Coeff_DF not found: check if there is a RefParameter without a condition.
2024-10-03 19:14:47,903 [WARN] IP:2120 - Analog_Filter not found: check if there is a RefParameter without a condition.
2024-10-03 19:14:47,905 [WARN] IP:2120 - I2C_Coeff_DF not found: check if there is a RefParameter without a condition.
2024-10-03 19:14:47,906 [WARN] IP:2120 - Analog_Filter not found: check if there is a RefParameter without a condition.
2024-10-03 19:14:47,906 [WARN] IP:2120 - I2C_Coeff_DF not found: check if there is a RefParameter without a condition.
2024-10-03 19:14:47,906 [WARN] IP:2120 - Analog_Filter not found: check if there is a RefParameter without a condition.
2024-10-03 19:14:47,956 [WARN] IP:2120 - I2C_Coeff_DF not found: check if there is a RefParameter without a condition.
2024-10-03 19:14:47,957 [WARN] IP:2120 - Analog_Filter not found: check if there is a RefParameter without a condition.
2024-10-03 19:14:47,960 [WARN] IP:2120 - I2C_Coeff_DF not found: check if there is a RefParameter without a condition.
2024-10-03 19:14:47,960 [WARN] IP:2120 - Analog_Filter not found: check if there is a RefParameter without a condition.
2024-10-03 19:14:47,963 [WARN] IP:2120 - I2C_Coeff_DF not found: check if there is a RefParameter without a condition.
2024-10-03 19:14:47,963 [WARN] IP:2120 - Analog_Filter not found: check if there is a RefParameter without a condition.
2024-10-03 19:14:48,016 [WARN] IP:2120 - I2C_Coeff_DF not found: check if there is a RefParameter without a condition.
2024-10-03 19:14:48,016 [WARN] IP:2120 - Analog_Filter not found: check if there is a RefParameter without a condition.
2024-10-03 19:14:48,019 [WARN] IP:2120 - I2C_Coeff_DF not found: check if there is a RefParameter without a condition.
2024-10-03 19:14:48,019 [WARN] IP:2120 - Analog_Filter not found: check if there is a RefParameter without a condition.
2024-10-03 19:14:48,022 [WARN] IP:2120 - I2C_Coeff_DF not found: check if there is a RefParameter without a condition.
2024-10-03 19:14:48,022 [WARN] IP:2120 - Analog_Filter not found: check if there is a RefParameter without a condition.
2024-10-03 19:14:50,911 [WARN] IP:2120 - I2C_Coeff_DF not found: check if there is a RefParameter without a condition.
2024-10-03 19:14:50,911 [WARN] IP:2120 - Analog_Filter not found: check if there is a RefParameter without a condition.
2024-10-03 19:14:50,911 [WARN] IP:2120 - I2C_Coeff_DF not found: check if there is a RefParameter without a condition.
2024-10-03 19:14:50,911 [WARN] IP:2120 - Analog_Filter not found: check if there is a RefParameter without a condition.
2024-10-03 19:14:50,914 [WARN] IP:2120 - I2C_Coeff_DF not found: check if there is a RefParameter without a condition.
2024-10-03 19:14:50,914 [WARN] IP:2120 - Analog_Filter not found: check if there is a RefParameter without a condition.
2024-10-03 19:14:50,915 [WARN] IP:2120 - I2C_Coeff_DF not found: check if there is a RefParameter without a condition.
2024-10-03 19:14:50,915 [WARN] IP:2120 - Analog_Filter not found: check if there is a RefParameter without a condition.
2024-10-03 19:14:50,917 [WARN] IP:2120 - I2C_Coeff_DF not found: check if there is a RefParameter without a condition.
2024-10-03 19:14:50,917 [WARN] IP:2120 - Analog_Filter not found: check if there is a RefParameter without a condition.
2024-10-03 19:14:50,918 [WARN] IP:2120 - I2C_Coeff_DF not found: check if there is a RefParameter without a condition.
2024-10-03 19:14:50,918 [WARN] IP:2120 - Analog_Filter not found: check if there is a RefParameter without a condition.
2024-10-03 19:14:50,973 [WARN] IP:2120 - I2C_Coeff_DF not found: check if there is a RefParameter without a condition.
2024-10-03 19:14:50,973 [WARN] IP:2120 - Analog_Filter not found: check if there is a RefParameter without a condition.
2024-10-03 19:14:50,977 [WARN] IP:2120 - I2C_Coeff_DF not found: check if there is a RefParameter without a condition.
2024-10-03 19:14:50,977 [WARN] IP:2120 - Analog_Filter not found: check if there is a RefParameter without a condition.
2024-10-03 19:14:50,981 [WARN] IP:2120 - I2C_Coeff_DF not found: check if there is a RefParameter without a condition.
2024-10-03 19:14:50,981 [WARN] IP:2120 - Analog_Filter not found: check if there is a RefParameter without a condition.
2024-10-03 19:14:51,038 [WARN] IP:2120 - I2C_Coeff_DF not found: check if there is a RefParameter without a condition.
2024-10-03 19:14:51,038 [WARN] IP:2120 - Analog_Filter not found: check if there is a RefParameter without a condition.
2024-10-03 19:14:51,041 [WARN] IP:2120 - I2C_Coeff_DF not found: check if there is a RefParameter without a condition.
2024-10-03 19:14:51,041 [WARN] IP:2120 - Analog_Filter not found: check if there is a RefParameter without a condition.
2024-10-03 19:14:51,044 [WARN] IP:2120 - I2C_Coeff_DF not found: check if there is a RefParameter without a condition.
2024-10-03 19:14:51,044 [WARN] IP:2120 - Analog_Filter not found: check if there is a RefParameter without a condition.
2024-10-03 19:20:18,001 [WARN] IP:2120 - I2C_Coeff_DF not found: check if there is a RefParameter without a condition.
2024-10-03 19:20:18,001 [WARN] IP:2120 - Analog_Filter not found: check if there is a RefParameter without a condition.
2024-10-03 19:20:18,002 [WARN] IP:2120 - I2C_Coeff_DF not found: check if there is a RefParameter without a condition.
2024-10-03 19:20:18,002 [WARN] IP:2120 - Analog_Filter not found: check if there is a RefParameter without a condition.
2024-10-03 19:20:18,006 [WARN] IP:2120 - I2C_Coeff_DF not found: check if there is a RefParameter without a condition.
2024-10-03 19:20:18,006 [WARN] IP:2120 - Analog_Filter not found: check if there is a RefParameter without a condition.
2024-10-03 19:20:18,006 [WARN] IP:2120 - I2C_Coeff_DF not found: check if there is a RefParameter without a condition.
2024-10-03 19:20:18,007 [WARN] IP:2120 - Analog_Filter not found: check if there is a RefParameter without a condition.
2024-10-03 19:20:18,009 [WARN] IP:2120 - I2C_Coeff_DF not found: check if there is a RefParameter without a condition.
2024-10-03 19:20:18,010 [WARN] IP:2120 - Analog_Filter not found: check if there is a RefParameter without a condition.
2024-10-03 19:20:18,010 [WARN] IP:2120 - I2C_Coeff_DF not found: check if there is a RefParameter without a condition.
2024-10-03 19:20:18,010 [WARN] IP:2120 - Analog_Filter not found: check if there is a RefParameter without a condition.
2024-10-03 19:20:18,054 [WARN] IP:2120 - I2C_Coeff_DF not found: check if there is a RefParameter without a condition.
2024-10-03 19:20:18,055 [WARN] IP:2120 - Analog_Filter not found: check if there is a RefParameter without a condition.
2024-10-03 19:20:18,057 [WARN] IP:2120 - I2C_Coeff_DF not found: check if there is a RefParameter without a condition.
2024-10-03 19:20:18,057 [WARN] IP:2120 - Analog_Filter not found: check if there is a RefParameter without a condition.
2024-10-03 19:20:18,059 [WARN] IP:2120 - I2C_Coeff_DF not found: check if there is a RefParameter without a condition.
2024-10-03 19:20:18,060 [WARN] IP:2120 - Analog_Filter not found: check if there is a RefParameter without a condition.
2024-10-03 19:20:18,100 [WARN] IP:2120 - I2C_Coeff_DF not found: check if there is a RefParameter without a condition.
2024-10-03 19:20:18,101 [WARN] IP:2120 - Analog_Filter not found: check if there is a RefParameter without a condition.
2024-10-03 19:20:18,104 [WARN] IP:2120 - I2C_Coeff_DF not found: check if there is a RefParameter without a condition.
2024-10-03 19:20:18,104 [WARN] IP:2120 - Analog_Filter not found: check if there is a RefParameter without a condition.
2024-10-03 19:20:18,108 [WARN] IP:2120 - I2C_Coeff_DF not found: check if there is a RefParameter without a condition.
2024-10-03 19:20:18,108 [WARN] IP:2120 - Analog_Filter not found: check if there is a RefParameter without a condition.
2024-10-03 19:20:24,167 [INFO] UtilMem:75 - End SaveConfig() Used Memory: 757478824 Bytes (1073741824)
2024-10-03 19:20:25,355 [INFO] UtilMem:75 - End SaveConfig() Used Memory: 797324712 Bytes (1073741824)
2024-10-03 19:20:28,930 [INFO] UtilMem:75 - End SaveConfig() Used Memory: 898512296 Bytes (1073741824)
2024-10-03 19:20:29,310 [INFO] BlockDiagram:2759 - set Specific Code input for plugin: SPI
2024-10-03 19:20:29,310 [INFO] BlockDiagram:2759 - set Specific Code input for plugin: SPI
2024-10-03 19:20:29,310 [INFO] BlockDiagram:2759 - set Specific Code input for plugin: SPI
2024-10-03 19:20:29,310 [INFO] BlockDiagram:2759 - set Specific Code input for plugin: CAN
2024-10-03 19:20:29,310 [INFO] BlockDiagram:2759 - set Specific Code input for plugin: CAN
2024-10-03 19:20:29,310 [INFO] BlockDiagram:2759 - set Specific Code input for plugin: SYS
2024-10-03 19:20:29,311 [INFO] BlockDiagram:2759 - set Specific Code input for plugin: RCC
2024-10-03 19:20:29,311 [INFO] BlockDiagram:2759 - set Specific Code input for plugin: I2C
2024-10-03 19:20:29,311 [INFO] BlockDiagram:2759 - set Specific Code input for plugin: I2C
2024-10-03 19:20:29,311 [INFO] BlockDiagram:2759 - set Specific Code input for plugin: I2C
2024-10-03 19:20:29,311 [INFO] BlockDiagram:2759 - set Specific Code input for plugin: NVIC
2024-10-03 19:20:29,311 [INFO] BlockDiagram:2759 - set Specific Code input for plugin: USART
2024-10-03 19:20:29,311 [INFO] BlockDiagram:2759 - set Specific Code input for plugin: USART
2024-10-03 19:20:29,311 [INFO] BlockDiagram:2759 - set Specific Code input for plugin: UART
2024-10-03 19:20:29,311 [INFO] BlockDiagram:2759 - set Specific Code input for plugin: UART
2024-10-03 19:20:29,312 [INFO] BlockDiagram:2759 - set Specific Code input for plugin: GPIO
2024-10-03 19:20:29,313 [INFO] CodeGenerator:807 - code generatio: config db path: C:\ST\STM32CubeIDE_1.15.1\STM32CubeIDE\plugins\com.st.stm32cube.common.mx_6.11.1.202404110753\\db\
2024-10-03 19:20:29,317 [WARN] IP:2120 - I2C_Coeff_DF not found: check if there is a RefParameter without a condition.
2024-10-03 19:20:29,317 [WARN] IP:2120 - Analog_Filter not found: check if there is a RefParameter without a condition.
2024-10-03 19:20:29,318 [WARN] IP:2120 - I2C_Coeff_DF not found: check if there is a RefParameter without a condition.
2024-10-03 19:20:29,318 [WARN] IP:2120 - Analog_Filter not found: check if there is a RefParameter without a condition.
2024-10-03 19:20:29,320 [WARN] IP:2120 - I2C_Coeff_DF not found: check if there is a RefParameter without a condition.
2024-10-03 19:20:29,320 [WARN] IP:2120 - Analog_Filter not found: check if there is a RefParameter without a condition.
2024-10-03 19:20:29,491 [INFO] CodeEngine:255 - oldGeneratedFile, D:\Projetos\Firmware\firmware\Freelancer_1\MXTmpFiles\license.tmp_save
2024-10-03 19:20:29,727 [INFO] CodeEngine:279 - Generated code: D:\Projetos\Firmware\firmware\Freelancer_1\MXTmpFiles\license.tmp
2024-10-03 19:20:29,802 [INFO] CodeEngine:255 - oldGeneratedFile, D:\Projetos\Firmware\firmware\Freelancer_1\MXTmpFiles\gpio.tmp_save
2024-10-03 19:20:29,952 [INFO] CodeEngine:279 - Generated code: D:\Projetos\Firmware\firmware\Freelancer_1\MXTmpFiles\gpio.tmp
2024-10-03 19:20:30,797 [INFO] CodeEngine:255 - oldGeneratedFile, D:\Projetos\Firmware\firmware\Freelancer_1\Core\Src\stm32f4xx_it.c_save
2024-10-03 19:20:31,070 [INFO] CodeEngine:279 - Generated code: D:\Projetos\Firmware\firmware\Freelancer_1\Core\Src\stm32f4xx_it.c
2024-10-03 19:20:31,093 [INFO] CodeEngine:255 - oldGeneratedFile, D:\Projetos\Firmware\firmware\Freelancer_1\Core\Inc\stm32f4xx_it.h_save
2024-10-03 19:20:31,190 [INFO] CodeEngine:279 - Generated code: D:\Projetos\Firmware\firmware\Freelancer_1\Core\Inc\stm32f4xx_it.h
2024-10-03 19:20:31,240 [INFO] CodeEngine:255 - oldGeneratedFile, D:\Projetos\Firmware\firmware\Freelancer_1\Core\Src\stm32f4xx_hal_msp.c_save
2024-10-03 19:20:31,441 [INFO] CodeEngine:279 - Generated code: D:\Projetos\Firmware\firmware\Freelancer_1\Core\Src\stm32f4xx_hal_msp.c
2024-10-03 19:20:31,447 [INFO] CodeEngine:255 - oldGeneratedFile, D:\Projetos\Firmware\firmware\Freelancer_1\MXTmpFiles\system.tmp_save
2024-10-03 19:20:31,562 [INFO] CodeEngine:279 - Generated code: D:\Projetos\Firmware\firmware\Freelancer_1\MXTmpFiles\system.tmp
2024-10-03 19:20:31,611 [INFO] CodeEngine:311 - oldGeneratedFile, D:\Projetos\Firmware\firmware\Freelancer_1\Core\Inc\stm32f4xx_hal_conf.h_save
2024-10-03 19:20:31,782 [INFO] CodeEngine:335 - Generated code: D:\Projetos\Firmware\firmware\Freelancer_1\Core\Inc\stm32f4xx_hal_conf.h
2024-10-03 19:20:31,845 [INFO] CodeEngine:255 - oldGeneratedFile, D:\Projetos\Firmware\firmware\Freelancer_1\Core\Inc\main.h_save
2024-10-03 19:20:32,020 [INFO] CodeEngine:279 - Generated code: D:\Projetos\Firmware\firmware\Freelancer_1\Core\Inc\main.h
2024-10-03 19:20:32,044 [INFO] CodeEngine:255 - oldGeneratedFile, D:\Projetos\Firmware\firmware\Freelancer_1\Core\Src\main.c_save
2024-10-03 19:20:32,362 [INFO] CodeEngine:279 - Generated code: D:\Projetos\Firmware\firmware\Freelancer_1\Core\Src\main.c
2024-10-03 19:20:33,482 [INFO] ProjectBuilder:3163 - Time for Copy HAL[1] : 730mS.
2024-10-03 19:20:33,492 [INFO] ProjectBuilder:4736 - Project Generator version: 4.3.0-B58
2024-10-03 19:20:33,690 [INFO] ConfigFileManager:1503 - The Die is : DIE413
2024-10-03 19:20:36,526 [INFO] ProjectBuilder:5002 - Time for Generating toolchain IDE Files: 3034mS.
2024-10-03 19:20:36,527 [INFO] ProjectBuilder:3034 - Time for Copy CMSIS : 1mS.
2024-10-03 19:20:36,541 [INFO] ProjectBuilder:3034 - Time for Copy CMSIS : 0mS.
2024-10-03 19:27:04,593 [WARN] IP:2120 - I2C_Coeff_DF not found: check if there is a RefParameter without a condition.
2024-10-03 19:27:04,593 [WARN] IP:2120 - Analog_Filter not found: check if there is a RefParameter without a condition.
2024-10-03 19:27:04,594 [WARN] IP:2120 - I2C_Coeff_DF not found: check if there is a RefParameter without a condition.
2024-10-03 19:27:04,594 [WARN] IP:2120 - Analog_Filter not found: check if there is a RefParameter without a condition.
2024-10-03 19:27:04,596 [WARN] IP:2120 - I2C_Coeff_DF not found: check if there is a RefParameter without a condition.
2024-10-03 19:27:04,596 [WARN] IP:2120 - Analog_Filter not found: check if there is a RefParameter without a condition.
2024-10-03 19:27:04,596 [WARN] IP:2120 - I2C_Coeff_DF not found: check if there is a RefParameter without a condition.
2024-10-03 19:27:04,597 [WARN] IP:2120 - Analog_Filter not found: check if there is a RefParameter without a condition.
2024-10-03 19:27:04,599 [WARN] IP:2120 - I2C_Coeff_DF not found: check if there is a RefParameter without a condition.
2024-10-03 19:27:04,599 [WARN] IP:2120 - Analog_Filter not found: check if there is a RefParameter without a condition.
2024-10-03 19:27:04,599 [WARN] IP:2120 - I2C_Coeff_DF not found: check if there is a RefParameter without a condition.
2024-10-03 19:27:04,599 [WARN] IP:2120 - Analog_Filter not found: check if there is a RefParameter without a condition.
2024-10-03 19:27:04,642 [WARN] IP:2120 - I2C_Coeff_DF not found: check if there is a RefParameter without a condition.
2024-10-03 19:27:04,642 [WARN] IP:2120 - Analog_Filter not found: check if there is a RefParameter without a condition.
2024-10-03 19:27:04,645 [WARN] IP:2120 - I2C_Coeff_DF not found: check if there is a RefParameter without a condition.
2024-10-03 19:27:04,645 [WARN] IP:2120 - Analog_Filter not found: check if there is a RefParameter without a condition.
2024-10-03 19:27:04,647 [WARN] IP:2120 - I2C_Coeff_DF not found: check if there is a RefParameter without a condition.
2024-10-03 19:27:04,647 [WARN] IP:2120 - Analog_Filter not found: check if there is a RefParameter without a condition.
2024-10-03 19:27:04,702 [WARN] IP:2120 - I2C_Coeff_DF not found: check if there is a RefParameter without a condition.
2024-10-03 19:27:04,703 [WARN] IP:2120 - Analog_Filter not found: check if there is a RefParameter without a condition.
2024-10-03 19:27:04,706 [WARN] IP:2120 - I2C_Coeff_DF not found: check if there is a RefParameter without a condition.
2024-10-03 19:27:04,706 [WARN] IP:2120 - Analog_Filter not found: check if there is a RefParameter without a condition.
2024-10-03 19:27:04,708 [WARN] IP:2120 - I2C_Coeff_DF not found: check if there is a RefParameter without a condition.
2024-10-03 19:27:04,708 [WARN] IP:2120 - Analog_Filter not found: check if there is a RefParameter without a condition.
2024-10-03 19:27:06,902 [WARN] IP:2120 - I2C_Coeff_DF not found: check if there is a RefParameter without a condition.
2024-10-03 19:27:06,903 [WARN] IP:2120 - Analog_Filter not found: check if there is a RefParameter without a condition.
2024-10-03 19:27:06,903 [WARN] IP:2120 - I2C_Coeff_DF not found: check if there is a RefParameter without a condition.
2024-10-03 19:27:06,903 [WARN] IP:2120 - Analog_Filter not found: check if there is a RefParameter without a condition.
2024-10-03 19:27:06,905 [WARN] IP:2120 - I2C_Coeff_DF not found: check if there is a RefParameter without a condition.
2024-10-03 19:27:06,905 [WARN] IP:2120 - Analog_Filter not found: check if there is a RefParameter without a condition.
2024-10-03 19:27:06,906 [WARN] IP:2120 - I2C_Coeff_DF not found: check if there is a RefParameter without a condition.
2024-10-03 19:27:06,906 [WARN] IP:2120 - Analog_Filter not found: check if there is a RefParameter without a condition.
2024-10-03 19:27:06,908 [WARN] IP:2120 - I2C_Coeff_DF not found: check if there is a RefParameter without a condition.
2024-10-03 19:27:06,908 [WARN] IP:2120 - Analog_Filter not found: check if there is a RefParameter without a condition.
2024-10-03 19:27:06,908 [WARN] IP:2120 - I2C_Coeff_DF not found: check if there is a RefParameter without a condition.
2024-10-03 19:27:06,909 [WARN] IP:2120 - Analog_Filter not found: check if there is a RefParameter without a condition.
2024-10-03 19:27:06,951 [WARN] IP:2120 - I2C_Coeff_DF not found: check if there is a RefParameter without a condition.
2024-10-03 19:27:06,951 [WARN] IP:2120 - Analog_Filter not found: check if there is a RefParameter without a condition.
2024-10-03 19:27:06,953 [WARN] IP:2120 - I2C_Coeff_DF not found: check if there is a RefParameter without a condition.
2024-10-03 19:27:06,953 [WARN] IP:2120 - Analog_Filter not found: check if there is a RefParameter without a condition.
2024-10-03 19:27:06,956 [WARN] IP:2120 - I2C_Coeff_DF not found: check if there is a RefParameter without a condition.
2024-10-03 19:27:06,956 [WARN] IP:2120 - Analog_Filter not found: check if there is a RefParameter without a condition.
2024-10-03 19:27:07,018 [WARN] IP:2120 - I2C_Coeff_DF not found: check if there is a RefParameter without a condition.
2024-10-03 19:27:07,018 [WARN] IP:2120 - Analog_Filter not found: check if there is a RefParameter without a condition.
2024-10-03 19:27:07,020 [WARN] IP:2120 - I2C_Coeff_DF not found: check if there is a RefParameter without a condition.
2024-10-03 19:27:07,020 [WARN] IP:2120 - Analog_Filter not found: check if there is a RefParameter without a condition.
2024-10-03 19:27:07,022 [WARN] IP:2120 - I2C_Coeff_DF not found: check if there is a RefParameter without a condition.
2024-10-03 19:27:07,022 [WARN] IP:2120 - Analog_Filter not found: check if there is a RefParameter without a condition.
2024-10-03 19:27:09,125 [WARN] IP:2120 - I2C_Coeff_DF not found: check if there is a RefParameter without a condition.
2024-10-03 19:27:09,126 [WARN] IP:2120 - Analog_Filter not found: check if there is a RefParameter without a condition.
2024-10-03 19:27:09,126 [WARN] IP:2120 - I2C_Coeff_DF not found: check if there is a RefParameter without a condition.
2024-10-03 19:27:09,126 [WARN] IP:2120 - Analog_Filter not found: check if there is a RefParameter without a condition.
2024-10-03 19:27:09,130 [WARN] IP:2120 - I2C_Coeff_DF not found: check if there is a RefParameter without a condition.
2024-10-03 19:27:09,130 [WARN] IP:2120 - Analog_Filter not found: check if there is a RefParameter without a condition.
2024-10-03 19:27:09,130 [WARN] IP:2120 - I2C_Coeff_DF not found: check if there is a RefParameter without a condition.
2024-10-03 19:27:09,130 [WARN] IP:2120 - Analog_Filter not found: check if there is a RefParameter without a condition.
2024-10-03 19:27:09,133 [WARN] IP:2120 - I2C_Coeff_DF not found: check if there is a RefParameter without a condition.
2024-10-03 19:27:09,133 [WARN] IP:2120 - Analog_Filter not found: check if there is a RefParameter without a condition.
2024-10-03 19:27:09,133 [WARN] IP:2120 - I2C_Coeff_DF not found: check if there is a RefParameter without a condition.
2024-10-03 19:27:09,133 [WARN] IP:2120 - Analog_Filter not found: check if there is a RefParameter without a condition.
2024-10-03 19:27:09,193 [WARN] IP:2120 - I2C_Coeff_DF not found: check if there is a RefParameter without a condition.
2024-10-03 19:27:09,193 [WARN] IP:2120 - Analog_Filter not found: check if there is a RefParameter without a condition.
2024-10-03 19:27:09,196 [WARN] IP:2120 - I2C_Coeff_DF not found: check if there is a RefParameter without a condition.
2024-10-03 19:27:09,196 [WARN] IP:2120 - Analog_Filter not found: check if there is a RefParameter without a condition.
2024-10-03 19:27:09,198 [WARN] IP:2120 - I2C_Coeff_DF not found: check if there is a RefParameter without a condition.
2024-10-03 19:27:09,198 [WARN] IP:2120 - Analog_Filter not found: check if there is a RefParameter without a condition.
2024-10-03 19:27:09,267 [WARN] IP:2120 - I2C_Coeff_DF not found: check if there is a RefParameter without a condition.
2024-10-03 19:27:09,267 [WARN] IP:2120 - Analog_Filter not found: check if there is a RefParameter without a condition.
2024-10-03 19:27:09,270 [WARN] IP:2120 - I2C_Coeff_DF not found: check if there is a RefParameter without a condition.
2024-10-03 19:27:09,270 [WARN] IP:2120 - Analog_Filter not found: check if there is a RefParameter without a condition.
2024-10-03 19:27:09,274 [WARN] IP:2120 - I2C_Coeff_DF not found: check if there is a RefParameter without a condition.
2024-10-03 19:27:09,274 [WARN] IP:2120 - Analog_Filter not found: check if there is a RefParameter without a condition.
2024-10-03 19:27:11,030 [WARN] IP:2120 - I2C_Coeff_DF not found: check if there is a RefParameter without a condition.
2024-10-03 19:27:11,030 [WARN] IP:2120 - Analog_Filter not found: check if there is a RefParameter without a condition.
2024-10-03 19:27:11,030 [WARN] IP:2120 - I2C_Coeff_DF not found: check if there is a RefParameter without a condition.
2024-10-03 19:27:11,030 [WARN] IP:2120 - Analog_Filter not found: check if there is a RefParameter without a condition.
2024-10-03 19:27:11,032 [WARN] IP:2120 - I2C_Coeff_DF not found: check if there is a RefParameter without a condition.
2024-10-03 19:27:11,032 [WARN] IP:2120 - Analog_Filter not found: check if there is a RefParameter without a condition.
2024-10-03 19:27:11,033 [WARN] IP:2120 - I2C_Coeff_DF not found: check if there is a RefParameter without a condition.
2024-10-03 19:27:11,033 [WARN] IP:2120 - Analog_Filter not found: check if there is a RefParameter without a condition.
2024-10-03 19:27:11,035 [WARN] IP:2120 - I2C_Coeff_DF not found: check if there is a RefParameter without a condition.
2024-10-03 19:27:11,035 [WARN] IP:2120 - Analog_Filter not found: check if there is a RefParameter without a condition.
2024-10-03 19:27:11,035 [WARN] IP:2120 - I2C_Coeff_DF not found: check if there is a RefParameter without a condition.
2024-10-03 19:27:11,035 [WARN] IP:2120 - Analog_Filter not found: check if there is a RefParameter without a condition.
2024-10-03 19:27:11,074 [WARN] IP:2120 - I2C_Coeff_DF not found: check if there is a RefParameter without a condition.
2024-10-03 19:27:11,075 [WARN] IP:2120 - Analog_Filter not found: check if there is a RefParameter without a condition.
2024-10-03 19:27:11,078 [WARN] IP:2120 - I2C_Coeff_DF not found: check if there is a RefParameter without a condition.
2024-10-03 19:27:11,078 [WARN] IP:2120 - Analog_Filter not found: check if there is a RefParameter without a condition.
2024-10-03 19:27:11,080 [WARN] IP:2120 - I2C_Coeff_DF not found: check if there is a RefParameter without a condition.
2024-10-03 19:27:11,080 [WARN] IP:2120 - Analog_Filter not found: check if there is a RefParameter without a condition.
2024-10-03 19:27:11,121 [WARN] IP:2120 - I2C_Coeff_DF not found: check if there is a RefParameter without a condition.
2024-10-03 19:27:11,122 [WARN] IP:2120 - Analog_Filter not found: check if there is a RefParameter without a condition.
2024-10-03 19:27:11,123 [WARN] IP:2120 - I2C_Coeff_DF not found: check if there is a RefParameter without a condition.
2024-10-03 19:27:11,124 [WARN] IP:2120 - Analog_Filter not found: check if there is a RefParameter without a condition.
2024-10-03 19:27:11,126 [WARN] IP:2120 - I2C_Coeff_DF not found: check if there is a RefParameter without a condition.
2024-10-03 19:27:11,126 [WARN] IP:2120 - Analog_Filter not found: check if there is a RefParameter without a condition.
2024-10-03 19:27:13,542 [WARN] IP:2120 - I2C_Coeff_DF not found: check if there is a RefParameter without a condition.
2024-10-03 19:27:13,542 [WARN] IP:2120 - Analog_Filter not found: check if there is a RefParameter without a condition.
2024-10-03 19:27:13,542 [WARN] IP:2120 - I2C_Coeff_DF not found: check if there is a RefParameter without a condition.
2024-10-03 19:27:13,542 [WARN] IP:2120 - Analog_Filter not found: check if there is a RefParameter without a condition.
2024-10-03 19:27:13,545 [WARN] IP:2120 - I2C_Coeff_DF not found: check if there is a RefParameter without a condition.
2024-10-03 19:27:13,545 [WARN] IP:2120 - Analog_Filter not found: check if there is a RefParameter without a condition.
2024-10-03 19:27:13,545 [WARN] IP:2120 - I2C_Coeff_DF not found: check if there is a RefParameter without a condition.
2024-10-03 19:27:13,545 [WARN] IP:2120 - Analog_Filter not found: check if there is a RefParameter without a condition.
2024-10-03 19:27:13,547 [WARN] IP:2120 - I2C_Coeff_DF not found: check if there is a RefParameter without a condition.
2024-10-03 19:27:13,547 [WARN] IP:2120 - Analog_Filter not found: check if there is a RefParameter without a condition.
2024-10-03 19:27:13,548 [WARN] IP:2120 - I2C_Coeff_DF not found: check if there is a RefParameter without a condition.
2024-10-03 19:27:13,548 [WARN] IP:2120 - Analog_Filter not found: check if there is a RefParameter without a condition.
2024-10-03 19:27:13,599 [WARN] IP:2120 - I2C_Coeff_DF not found: check if there is a RefParameter without a condition.
2024-10-03 19:27:13,599 [WARN] IP:2120 - Analog_Filter not found: check if there is a RefParameter without a condition.
2024-10-03 19:27:13,602 [WARN] IP:2120 - I2C_Coeff_DF not found: check if there is a RefParameter without a condition.
2024-10-03 19:27:13,602 [WARN] IP:2120 - Analog_Filter not found: check if there is a RefParameter without a condition.
2024-10-03 19:27:13,606 [WARN] IP:2120 - I2C_Coeff_DF not found: check if there is a RefParameter without a condition.
2024-10-03 19:27:13,606 [WARN] IP:2120 - Analog_Filter not found: check if there is a RefParameter without a condition.
2024-10-03 19:27:13,647 [WARN] IP:2120 - I2C_Coeff_DF not found: check if there is a RefParameter without a condition.
2024-10-03 19:27:13,647 [WARN] IP:2120 - Analog_Filter not found: check if there is a RefParameter without a condition.
2024-10-03 19:27:13,649 [WARN] IP:2120 - I2C_Coeff_DF not found: check if there is a RefParameter without a condition.
2024-10-03 19:27:13,650 [WARN] IP:2120 - Analog_Filter not found: check if there is a RefParameter without a condition.
2024-10-03 19:27:13,651 [WARN] IP:2120 - I2C_Coeff_DF not found: check if there is a RefParameter without a condition.
2024-10-03 19:27:13,652 [WARN] IP:2120 - Analog_Filter not found: check if there is a RefParameter without a condition.
2024-10-03 19:27:15,599 [WARN] IP:2120 - I2C_Coeff_DF not found: check if there is a RefParameter without a condition.
2024-10-03 19:27:15,599 [WARN] IP:2120 - Analog_Filter not found: check if there is a RefParameter without a condition.
2024-10-03 19:27:15,599 [WARN] IP:2120 - I2C_Coeff_DF not found: check if there is a RefParameter without a condition.
2024-10-03 19:27:15,599 [WARN] IP:2120 - Analog_Filter not found: check if there is a RefParameter without a condition.
2024-10-03 19:27:15,601 [WARN] IP:2120 - I2C_Coeff_DF not found: check if there is a RefParameter without a condition.
2024-10-03 19:27:15,602 [WARN] IP:2120 - Analog_Filter not found: check if there is a RefParameter without a condition.
2024-10-03 19:27:15,602 [WARN] IP:2120 - I2C_Coeff_DF not found: check if there is a RefParameter without a condition.
2024-10-03 19:27:15,602 [WARN] IP:2120 - Analog_Filter not found: check if there is a RefParameter without a condition.
2024-10-03 19:27:15,604 [WARN] IP:2120 - I2C_Coeff_DF not found: check if there is a RefParameter without a condition.
2024-10-03 19:27:15,605 [WARN] IP:2120 - Analog_Filter not found: check if there is a RefParameter without a condition.
2024-10-03 19:27:15,605 [WARN] IP:2120 - I2C_Coeff_DF not found: check if there is a RefParameter without a condition.
2024-10-03 19:27:15,605 [WARN] IP:2120 - Analog_Filter not found: check if there is a RefParameter without a condition.
2024-10-03 19:27:15,650 [WARN] IP:2120 - I2C_Coeff_DF not found: check if there is a RefParameter without a condition.
2024-10-03 19:27:15,650 [WARN] IP:2120 - Analog_Filter not found: check if there is a RefParameter without a condition.
2024-10-03 19:27:15,652 [WARN] IP:2120 - I2C_Coeff_DF not found: check if there is a RefParameter without a condition.
2024-10-03 19:27:15,652 [WARN] IP:2120 - Analog_Filter not found: check if there is a RefParameter without a condition.
2024-10-03 19:27:15,655 [WARN] IP:2120 - I2C_Coeff_DF not found: check if there is a RefParameter without a condition.
2024-10-03 19:27:15,655 [WARN] IP:2120 - Analog_Filter not found: check if there is a RefParameter without a condition.
2024-10-03 19:27:15,703 [WARN] IP:2120 - I2C_Coeff_DF not found: check if there is a RefParameter without a condition.
2024-10-03 19:27:15,703 [WARN] IP:2120 - Analog_Filter not found: check if there is a RefParameter without a condition.
2024-10-03 19:27:15,706 [WARN] IP:2120 - I2C_Coeff_DF not found: check if there is a RefParameter without a condition.
2024-10-03 19:27:15,706 [WARN] IP:2120 - Analog_Filter not found: check if there is a RefParameter without a condition.
2024-10-03 19:27:15,709 [WARN] IP:2120 - I2C_Coeff_DF not found: check if there is a RefParameter without a condition.
2024-10-03 19:27:15,709 [WARN] IP:2120 - Analog_Filter not found: check if there is a RefParameter without a condition.
2024-10-03 19:27:18,411 [WARN] IP:2120 - I2C_Coeff_DF not found: check if there is a RefParameter without a condition.
2024-10-03 19:27:18,411 [WARN] IP:2120 - Analog_Filter not found: check if there is a RefParameter without a condition.
2024-10-03 19:27:18,411 [WARN] IP:2120 - I2C_Coeff_DF not found: check if there is a RefParameter without a condition.
2024-10-03 19:27:18,411 [WARN] IP:2120 - Analog_Filter not found: check if there is a RefParameter without a condition.
2024-10-03 19:27:18,413 [WARN] IP:2120 - I2C_Coeff_DF not found: check if there is a RefParameter without a condition.
2024-10-03 19:27:18,414 [WARN] IP:2120 - Analog_Filter not found: check if there is a RefParameter without a condition.
2024-10-03 19:27:18,414 [WARN] IP:2120 - I2C_Coeff_DF not found: check if there is a RefParameter without a condition.
2024-10-03 19:27:18,414 [WARN] IP:2120 - Analog_Filter not found: check if there is a RefParameter without a condition.
2024-10-03 19:27:18,417 [WARN] IP:2120 - I2C_Coeff_DF not found: check if there is a RefParameter without a condition.
2024-10-03 19:27:18,417 [WARN] IP:2120 - Analog_Filter not found: check if there is a RefParameter without a condition.
2024-10-03 19:27:18,418 [WARN] IP:2120 - I2C_Coeff_DF not found: check if there is a RefParameter without a condition.
2024-10-03 19:27:18,418 [WARN] IP:2120 - Analog_Filter not found: check if there is a RefParameter without a condition.
2024-10-03 19:27:18,463 [WARN] IP:2120 - I2C_Coeff_DF not found: check if there is a RefParameter without a condition.
2024-10-03 19:27:18,463 [WARN] IP:2120 - Analog_Filter not found: check if there is a RefParameter without a condition.
2024-10-03 19:27:18,466 [WARN] IP:2120 - I2C_Coeff_DF not found: check if there is a RefParameter without a condition.
2024-10-03 19:27:18,466 [WARN] IP:2120 - Analog_Filter not found: check if there is a RefParameter without a condition.
2024-10-03 19:27:18,468 [WARN] IP:2120 - I2C_Coeff_DF not found: check if there is a RefParameter without a condition.
2024-10-03 19:27:18,468 [WARN] IP:2120 - Analog_Filter not found: check if there is a RefParameter without a condition.
2024-10-03 19:27:18,529 [WARN] IP:2120 - I2C_Coeff_DF not found: check if there is a RefParameter without a condition.
2024-10-03 19:27:18,530 [WARN] IP:2120 - Analog_Filter not found: check if there is a RefParameter without a condition.
2024-10-03 19:27:18,532 [WARN] IP:2120 - I2C_Coeff_DF not found: check if there is a RefParameter without a condition.
2024-10-03 19:27:18,532 [WARN] IP:2120 - Analog_Filter not found: check if there is a RefParameter without a condition.
2024-10-03 19:27:18,534 [WARN] IP:2120 - I2C_Coeff_DF not found: check if there is a RefParameter without a condition.
2024-10-03 19:27:18,535 [WARN] IP:2120 - Analog_Filter not found: check if there is a RefParameter without a condition.
2024-10-03 19:27:20,219 [WARN] IP:2120 - I2C_Coeff_DF not found: check if there is a RefParameter without a condition.
2024-10-03 19:27:20,219 [WARN] IP:2120 - Analog_Filter not found: check if there is a RefParameter without a condition.
2024-10-03 19:27:20,219 [WARN] IP:2120 - I2C_Coeff_DF not found: check if there is a RefParameter without a condition.
2024-10-03 19:27:20,219 [WARN] IP:2120 - Analog_Filter not found: check if there is a RefParameter without a condition.
2024-10-03 19:27:20,221 [WARN] IP:2120 - I2C_Coeff_DF not found: check if there is a RefParameter without a condition.
2024-10-03 19:27:20,221 [WARN] IP:2120 - Analog_Filter not found: check if there is a RefParameter without a condition.
2024-10-03 19:27:20,222 [WARN] IP:2120 - I2C_Coeff_DF not found: check if there is a RefParameter without a condition.
2024-10-03 19:27:20,222 [WARN] IP:2120 - Analog_Filter not found: check if there is a RefParameter without a condition.
2024-10-03 19:27:20,224 [WARN] IP:2120 - I2C_Coeff_DF not found: check if there is a RefParameter without a condition.
2024-10-03 19:27:20,224 [WARN] IP:2120 - Analog_Filter not found: check if there is a RefParameter without a condition.
2024-10-03 19:27:20,224 [WARN] IP:2120 - I2C_Coeff_DF not found: check if there is a RefParameter without a condition.
2024-10-03 19:27:20,224 [WARN] IP:2120 - Analog_Filter not found: check if there is a RefParameter without a condition.
2024-10-03 19:27:20,262 [WARN] IP:2120 - I2C_Coeff_DF not found: check if there is a RefParameter without a condition.
2024-10-03 19:27:20,262 [WARN] IP:2120 - Analog_Filter not found: check if there is a RefParameter without a condition.
2024-10-03 19:27:20,264 [WARN] IP:2120 - I2C_Coeff_DF not found: check if there is a RefParameter without a condition.
2024-10-03 19:27:20,265 [WARN] IP:2120 - Analog_Filter not found: check if there is a RefParameter without a condition.
2024-10-03 19:27:20,267 [WARN] IP:2120 - I2C_Coeff_DF not found: check if there is a RefParameter without a condition.
2024-10-03 19:27:20,267 [WARN] IP:2120 - Analog_Filter not found: check if there is a RefParameter without a condition.
2024-10-03 19:27:20,308 [WARN] IP:2120 - I2C_Coeff_DF not found: check if there is a RefParameter without a condition.
2024-10-03 19:27:20,308 [WARN] IP:2120 - Analog_Filter not found: check if there is a RefParameter without a condition.
2024-10-03 19:27:20,311 [WARN] IP:2120 - I2C_Coeff_DF not found: check if there is a RefParameter without a condition.
2024-10-03 19:27:20,311 [WARN] IP:2120 - Analog_Filter not found: check if there is a RefParameter without a condition.
2024-10-03 19:27:20,314 [WARN] IP:2120 - I2C_Coeff_DF not found: check if there is a RefParameter without a condition.
2024-10-03 19:27:20,314 [WARN] IP:2120 - Analog_Filter not found: check if there is a RefParameter without a condition.
2024-10-03 19:27:24,215 [WARN] IP:2120 - I2C_Coeff_DF not found: check if there is a RefParameter without a condition.
2024-10-03 19:27:24,215 [WARN] IP:2120 - Analog_Filter not found: check if there is a RefParameter without a condition.
2024-10-03 19:27:24,215 [WARN] IP:2120 - I2C_Coeff_DF not found: check if there is a RefParameter without a condition.
2024-10-03 19:27:24,215 [WARN] IP:2120 - Analog_Filter not found: check if there is a RefParameter without a condition.
2024-10-03 19:27:24,218 [WARN] IP:2120 - I2C_Coeff_DF not found: check if there is a RefParameter without a condition.
2024-10-03 19:27:24,218 [WARN] IP:2120 - Analog_Filter not found: check if there is a RefParameter without a condition.
2024-10-03 19:27:24,218 [WARN] IP:2120 - I2C_Coeff_DF not found: check if there is a RefParameter without a condition.
2024-10-03 19:27:24,218 [WARN] IP:2120 - Analog_Filter not found: check if there is a RefParameter without a condition.
2024-10-03 19:27:24,220 [WARN] IP:2120 - I2C_Coeff_DF not found: check if there is a RefParameter without a condition.
2024-10-03 19:27:24,220 [WARN] IP:2120 - Analog_Filter not found: check if there is a RefParameter without a condition.
2024-10-03 19:27:24,221 [WARN] IP:2120 - I2C_Coeff_DF not found: check if there is a RefParameter without a condition.
2024-10-03 19:27:24,221 [WARN] IP:2120 - Analog_Filter not found: check if there is a RefParameter without a condition.
2024-10-03 19:27:24,268 [WARN] IP:2120 - I2C_Coeff_DF not found: check if there is a RefParameter without a condition.
2024-10-03 19:27:24,268 [WARN] IP:2120 - Analog_Filter not found: check if there is a RefParameter without a condition.
2024-10-03 19:27:24,270 [WARN] IP:2120 - I2C_Coeff_DF not found: check if there is a RefParameter without a condition.
2024-10-03 19:27:24,270 [WARN] IP:2120 - Analog_Filter not found: check if there is a RefParameter without a condition.
2024-10-03 19:27:24,275 [WARN] IP:2120 - I2C_Coeff_DF not found: check if there is a RefParameter without a condition.
2024-10-03 19:27:24,275 [WARN] IP:2120 - Analog_Filter not found: check if there is a RefParameter without a condition.
2024-10-03 19:27:24,319 [WARN] IP:2120 - I2C_Coeff_DF not found: check if there is a RefParameter without a condition.
2024-10-03 19:27:24,319 [WARN] IP:2120 - Analog_Filter not found: check if there is a RefParameter without a condition.
2024-10-03 19:27:24,322 [WARN] IP:2120 - I2C_Coeff_DF not found: check if there is a RefParameter without a condition.
2024-10-03 19:27:24,322 [WARN] IP:2120 - Analog_Filter not found: check if there is a RefParameter without a condition.
2024-10-03 19:27:24,325 [WARN] IP:2120 - I2C_Coeff_DF not found: check if there is a RefParameter without a condition.
2024-10-03 19:27:24,325 [WARN] IP:2120 - Analog_Filter not found: check if there is a RefParameter without a condition.
2024-10-03 19:27:26,033 [WARN] IP:2120 - I2C_Coeff_DF not found: check if there is a RefParameter without a condition.
2024-10-03 19:27:26,033 [WARN] IP:2120 - Analog_Filter not found: check if there is a RefParameter without a condition.
2024-10-03 19:27:26,033 [WARN] IP:2120 - I2C_Coeff_DF not found: check if there is a RefParameter without a condition.
2024-10-03 19:27:26,033 [WARN] IP:2120 - Analog_Filter not found: check if there is a RefParameter without a condition.
2024-10-03 19:27:26,036 [WARN] IP:2120 - I2C_Coeff_DF not found: check if there is a RefParameter without a condition.
2024-10-03 19:27:26,036 [WARN] IP:2120 - Analog_Filter not found: check if there is a RefParameter without a condition.
2024-10-03 19:27:26,036 [WARN] IP:2120 - I2C_Coeff_DF not found: check if there is a RefParameter without a condition.
2024-10-03 19:27:26,036 [WARN] IP:2120 - Analog_Filter not found: check if there is a RefParameter without a condition.
2024-10-03 19:27:26,039 [WARN] IP:2120 - I2C_Coeff_DF not found: check if there is a RefParameter without a condition.
2024-10-03 19:27:26,039 [WARN] IP:2120 - Analog_Filter not found: check if there is a RefParameter without a condition.
2024-10-03 19:27:26,039 [WARN] IP:2120 - I2C_Coeff_DF not found: check if there is a RefParameter without a condition.
2024-10-03 19:27:26,039 [WARN] IP:2120 - Analog_Filter not found: check if there is a RefParameter without a condition.
2024-10-03 19:27:26,083 [WARN] IP:2120 - I2C_Coeff_DF not found: check if there is a RefParameter without a condition.
2024-10-03 19:27:26,083 [WARN] IP:2120 - Analog_Filter not found: check if there is a RefParameter without a condition.
2024-10-03 19:27:26,085 [WARN] IP:2120 - I2C_Coeff_DF not found: check if there is a RefParameter without a condition.
2024-10-03 19:27:26,085 [WARN] IP:2120 - Analog_Filter not found: check if there is a RefParameter without a condition.
2024-10-03 19:27:26,087 [WARN] IP:2120 - I2C_Coeff_DF not found: check if there is a RefParameter without a condition.
2024-10-03 19:27:26,088 [WARN] IP:2120 - Analog_Filter not found: check if there is a RefParameter without a condition.
2024-10-03 19:27:26,126 [WARN] IP:2120 - I2C_Coeff_DF not found: check if there is a RefParameter without a condition.
2024-10-03 19:27:26,126 [WARN] IP:2120 - Analog_Filter not found: check if there is a RefParameter without a condition.
2024-10-03 19:27:26,129 [WARN] IP:2120 - I2C_Coeff_DF not found: check if there is a RefParameter without a condition.
2024-10-03 19:27:26,129 [WARN] IP:2120 - Analog_Filter not found: check if there is a RefParameter without a condition.
2024-10-03 19:27:26,132 [WARN] IP:2120 - I2C_Coeff_DF not found: check if there is a RefParameter without a condition.
2024-10-03 19:27:26,132 [WARN] IP:2120 - Analog_Filter not found: check if there is a RefParameter without a condition.
2024-10-03 19:27:28,500 [WARN] IP:2120 - I2C_Coeff_DF not found: check if there is a RefParameter without a condition.
2024-10-03 19:27:28,500 [WARN] IP:2120 - Analog_Filter not found: check if there is a RefParameter without a condition.
2024-10-03 19:27:28,500 [WARN] IP:2120 - I2C_Coeff_DF not found: check if there is a RefParameter without a condition.
2024-10-03 19:27:28,500 [WARN] IP:2120 - Analog_Filter not found: check if there is a RefParameter without a condition.
2024-10-03 19:27:28,502 [WARN] IP:2120 - I2C_Coeff_DF not found: check if there is a RefParameter without a condition.
2024-10-03 19:27:28,502 [WARN] IP:2120 - Analog_Filter not found: check if there is a RefParameter without a condition.
2024-10-03 19:27:28,503 [WARN] IP:2120 - I2C_Coeff_DF not found: check if there is a RefParameter without a condition.
2024-10-03 19:27:28,503 [WARN] IP:2120 - Analog_Filter not found: check if there is a RefParameter without a condition.
2024-10-03 19:27:28,506 [WARN] IP:2120 - I2C_Coeff_DF not found: check if there is a RefParameter without a condition.
2024-10-03 19:27:28,506 [WARN] IP:2120 - Analog_Filter not found: check if there is a RefParameter without a condition.
2024-10-03 19:27:28,507 [WARN] IP:2120 - I2C_Coeff_DF not found: check if there is a RefParameter without a condition.
2024-10-03 19:27:28,507 [WARN] IP:2120 - Analog_Filter not found: check if there is a RefParameter without a condition.
2024-10-03 19:27:28,548 [WARN] IP:2120 - I2C_Coeff_DF not found: check if there is a RefParameter without a condition.
2024-10-03 19:27:28,548 [WARN] IP:2120 - Analog_Filter not found: check if there is a RefParameter without a condition.
2024-10-03 19:27:28,550 [WARN] IP:2120 - I2C_Coeff_DF not found: check if there is a RefParameter without a condition.
2024-10-03 19:27:28,550 [WARN] IP:2120 - Analog_Filter not found: check if there is a RefParameter without a condition.
2024-10-03 19:27:28,552 [WARN] IP:2120 - I2C_Coeff_DF not found: check if there is a RefParameter without a condition.
2024-10-03 19:27:28,552 [WARN] IP:2120 - Analog_Filter not found: check if there is a RefParameter without a condition.
2024-10-03 19:27:28,597 [WARN] IP:2120 - I2C_Coeff_DF not found: check if there is a RefParameter without a condition.
2024-10-03 19:27:28,597 [WARN] IP:2120 - Analog_Filter not found: check if there is a RefParameter without a condition.
2024-10-03 19:27:28,599 [WARN] IP:2120 - I2C_Coeff_DF not found: check if there is a RefParameter without a condition.
2024-10-03 19:27:28,599 [WARN] IP:2120 - Analog_Filter not found: check if there is a RefParameter without a condition.
2024-10-03 19:27:28,601 [WARN] IP:2120 - I2C_Coeff_DF not found: check if there is a RefParameter without a condition.
2024-10-03 19:27:28,601 [WARN] IP:2120 - Analog_Filter not found: check if there is a RefParameter without a condition.
2024-10-03 19:27:30,684 [WARN] IP:2120 - I2C_Coeff_DF not found: check if there is a RefParameter without a condition.
2024-10-03 19:27:30,684 [WARN] IP:2120 - Analog_Filter not found: check if there is a RefParameter without a condition.
2024-10-03 19:27:30,685 [WARN] IP:2120 - I2C_Coeff_DF not found: check if there is a RefParameter without a condition.
2024-10-03 19:27:30,685 [WARN] IP:2120 - Analog_Filter not found: check if there is a RefParameter without a condition.
2024-10-03 19:27:30,687 [WARN] IP:2120 - I2C_Coeff_DF not found: check if there is a RefParameter without a condition.
2024-10-03 19:27:30,687 [WARN] IP:2120 - Analog_Filter not found: check if there is a RefParameter without a condition.
2024-10-03 19:27:30,688 [WARN] IP:2120 - I2C_Coeff_DF not found: check if there is a RefParameter without a condition.
2024-10-03 19:27:30,688 [WARN] IP:2120 - Analog_Filter not found: check if there is a RefParameter without a condition.
2024-10-03 19:27:30,690 [WARN] IP:2120 - I2C_Coeff_DF not found: check if there is a RefParameter without a condition.
2024-10-03 19:27:30,690 [WARN] IP:2120 - Analog_Filter not found: check if there is a RefParameter without a condition.
2024-10-03 19:27:30,691 [WARN] IP:2120 - I2C_Coeff_DF not found: check if there is a RefParameter without a condition.
2024-10-03 19:27:30,691 [WARN] IP:2120 - Analog_Filter not found: check if there is a RefParameter without a condition.
2024-10-03 19:27:30,738 [WARN] IP:2120 - I2C_Coeff_DF not found: check if there is a RefParameter without a condition.
2024-10-03 19:27:30,738 [WARN] IP:2120 - Analog_Filter not found: check if there is a RefParameter without a condition.
2024-10-03 19:27:30,740 [WARN] IP:2120 - I2C_Coeff_DF not found: check if there is a RefParameter without a condition.
2024-10-03 19:27:30,740 [WARN] IP:2120 - Analog_Filter not found: check if there is a RefParameter without a condition.
2024-10-03 19:27:30,743 [WARN] IP:2120 - I2C_Coeff_DF not found: check if there is a RefParameter without a condition.
2024-10-03 19:27:30,743 [WARN] IP:2120 - Analog_Filter not found: check if there is a RefParameter without a condition.
2024-10-03 19:27:30,792 [WARN] IP:2120 - I2C_Coeff_DF not found: check if there is a RefParameter without a condition.
2024-10-03 19:27:30,792 [WARN] IP:2120 - Analog_Filter not found: check if there is a RefParameter without a condition.
2024-10-03 19:27:30,796 [WARN] IP:2120 - I2C_Coeff_DF not found: check if there is a RefParameter without a condition.
2024-10-03 19:27:30,797 [WARN] IP:2120 - Analog_Filter not found: check if there is a RefParameter without a condition.
2024-10-03 19:27:30,800 [WARN] IP:2120 - I2C_Coeff_DF not found: check if there is a RefParameter without a condition.
2024-10-03 19:27:30,800 [WARN] IP:2120 - Analog_Filter not found: check if there is a RefParameter without a condition.
2024-10-03 19:30:21,034 [WARN] IP:2120 - I2C_Coeff_DF not found: check if there is a RefParameter without a condition.
2024-10-03 19:30:21,034 [WARN] IP:2120 - Analog_Filter not found: check if there is a RefParameter without a condition.
2024-10-03 19:30:21,035 [WARN] IP:2120 - I2C_Coeff_DF not found: check if there is a RefParameter without a condition.
2024-10-03 19:30:21,035 [WARN] IP:2120 - Analog_Filter not found: check if there is a RefParameter without a condition.
2024-10-03 19:30:21,037 [WARN] IP:2120 - I2C_Coeff_DF not found: check if there is a RefParameter without a condition.
2024-10-03 19:30:21,037 [WARN] IP:2120 - Analog_Filter not found: check if there is a RefParameter without a condition.
2024-10-03 19:30:21,037 [WARN] IP:2120 - I2C_Coeff_DF not found: check if there is a RefParameter without a condition.
2024-10-03 19:30:21,037 [WARN] IP:2120 - Analog_Filter not found: check if there is a RefParameter without a condition.
2024-10-03 19:30:21,040 [WARN] IP:2120 - I2C_Coeff_DF not found: check if there is a RefParameter without a condition.
2024-10-03 19:30:21,040 [WARN] IP:2120 - Analog_Filter not found: check if there is a RefParameter without a condition.
2024-10-03 19:30:21,040 [WARN] IP:2120 - I2C_Coeff_DF not found: check if there is a RefParameter without a condition.
2024-10-03 19:30:21,040 [WARN] IP:2120 - Analog_Filter not found: check if there is a RefParameter without a condition.
2024-10-03 19:30:21,083 [WARN] IP:2120 - I2C_Coeff_DF not found: check if there is a RefParameter without a condition.
2024-10-03 19:30:21,083 [WARN] IP:2120 - Analog_Filter not found: check if there is a RefParameter without a condition.
2024-10-03 19:30:21,085 [WARN] IP:2120 - I2C_Coeff_DF not found: check if there is a RefParameter without a condition.
2024-10-03 19:30:21,085 [WARN] IP:2120 - Analog_Filter not found: check if there is a RefParameter without a condition.
2024-10-03 19:30:21,088 [WARN] IP:2120 - I2C_Coeff_DF not found: check if there is a RefParameter without a condition.
2024-10-03 19:30:21,088 [WARN] IP:2120 - Analog_Filter not found: check if there is a RefParameter without a condition.
2024-10-03 19:30:21,127 [WARN] IP:2120 - I2C_Coeff_DF not found: check if there is a RefParameter without a condition.
2024-10-03 19:30:21,127 [WARN] IP:2120 - Analog_Filter not found: check if there is a RefParameter without a condition.
2024-10-03 19:30:21,129 [WARN] IP:2120 - I2C_Coeff_DF not found: check if there is a RefParameter without a condition.
2024-10-03 19:30:21,129 [WARN] IP:2120 - Analog_Filter not found: check if there is a RefParameter without a condition.
2024-10-03 19:30:21,133 [WARN] IP:2120 - I2C_Coeff_DF not found: check if there is a RefParameter without a condition.
2024-10-03 19:30:21,133 [WARN] IP:2120 - Analog_Filter not found: check if there is a RefParameter without a condition.
2024-10-03 19:30:23,946 [WARN] IP:2120 - I2C_Coeff_DF not found: check if there is a RefParameter without a condition.
2024-10-03 19:30:23,946 [WARN] IP:2120 - Analog_Filter not found: check if there is a RefParameter without a condition.
2024-10-03 19:30:23,946 [WARN] IP:2120 - I2C_Coeff_DF not found: check if there is a RefParameter without a condition.
2024-10-03 19:30:23,946 [WARN] IP:2120 - Analog_Filter not found: check if there is a RefParameter without a condition.
2024-10-03 19:30:23,949 [WARN] IP:2120 - I2C_Coeff_DF not found: check if there is a RefParameter without a condition.
2024-10-03 19:30:23,949 [WARN] IP:2120 - Analog_Filter not found: check if there is a RefParameter without a condition.
2024-10-03 19:30:23,949 [WARN] IP:2120 - I2C_Coeff_DF not found: check if there is a RefParameter without a condition.
2024-10-03 19:30:23,949 [WARN] IP:2120 - Analog_Filter not found: check if there is a RefParameter without a condition.
2024-10-03 19:30:23,951 [WARN] IP:2120 - I2C_Coeff_DF not found: check if there is a RefParameter without a condition.
2024-10-03 19:30:23,951 [WARN] IP:2120 - Analog_Filter not found: check if there is a RefParameter without a condition.
2024-10-03 19:30:23,952 [WARN] IP:2120 - I2C_Coeff_DF not found: check if there is a RefParameter without a condition.
2024-10-03 19:30:23,952 [WARN] IP:2120 - Analog_Filter not found: check if there is a RefParameter without a condition.
2024-10-03 19:30:23,998 [WARN] IP:2120 - I2C_Coeff_DF not found: check if there is a RefParameter without a condition.
2024-10-03 19:30:23,998 [WARN] IP:2120 - Analog_Filter not found: check if there is a RefParameter without a condition.
2024-10-03 19:30:24,000 [WARN] IP:2120 - I2C_Coeff_DF not found: check if there is a RefParameter without a condition.
2024-10-03 19:30:24,000 [WARN] IP:2120 - Analog_Filter not found: check if there is a RefParameter without a condition.
2024-10-03 19:30:24,002 [WARN] IP:2120 - I2C_Coeff_DF not found: check if there is a RefParameter without a condition.
2024-10-03 19:30:24,002 [WARN] IP:2120 - Analog_Filter not found: check if there is a RefParameter without a condition.
2024-10-03 19:30:24,052 [WARN] IP:2120 - I2C_Coeff_DF not found: check if there is a RefParameter without a condition.
2024-10-03 19:30:24,052 [WARN] IP:2120 - Analog_Filter not found: check if there is a RefParameter without a condition.
2024-10-03 19:30:24,054 [WARN] IP:2120 - I2C_Coeff_DF not found: check if there is a RefParameter without a condition.
2024-10-03 19:30:24,054 [WARN] IP:2120 - Analog_Filter not found: check if there is a RefParameter without a condition.
2024-10-03 19:30:24,056 [WARN] IP:2120 - I2C_Coeff_DF not found: check if there is a RefParameter without a condition.
2024-10-03 19:30:24,056 [WARN] IP:2120 - Analog_Filter not found: check if there is a RefParameter without a condition.
2024-10-03 19:31:21,655 [WARN] IP:2120 - I2C_Coeff_DF not found: check if there is a RefParameter without a condition.
2024-10-03 19:31:21,655 [WARN] IP:2120 - Analog_Filter not found: check if there is a RefParameter without a condition.
2024-10-03 19:31:21,656 [WARN] IP:2120 - I2C_Coeff_DF not found: check if there is a RefParameter without a condition.
2024-10-03 19:31:21,656 [WARN] IP:2120 - Analog_Filter not found: check if there is a RefParameter without a condition.
2024-10-03 19:31:21,658 [WARN] IP:2120 - I2C_Coeff_DF not found: check if there is a RefParameter without a condition.
2024-10-03 19:31:21,658 [WARN] IP:2120 - Analog_Filter not found: check if there is a RefParameter without a condition.
2024-10-03 19:31:21,659 [WARN] IP:2120 - I2C_Coeff_DF not found: check if there is a RefParameter without a condition.
2024-10-03 19:31:21,659 [WARN] IP:2120 - Analog_Filter not found: check if there is a RefParameter without a condition.
2024-10-03 19:31:21,663 [WARN] IP:2120 - I2C_Coeff_DF not found: check if there is a RefParameter without a condition.
2024-10-03 19:31:21,663 [WARN] IP:2120 - Analog_Filter not found: check if there is a RefParameter without a condition.
2024-10-03 19:31:21,664 [WARN] IP:2120 - I2C_Coeff_DF not found: check if there is a RefParameter without a condition.
2024-10-03 19:31:21,664 [WARN] IP:2120 - Analog_Filter not found: check if there is a RefParameter without a condition.
2024-10-03 19:31:21,708 [WARN] IP:2120 - I2C_Coeff_DF not found: check if there is a RefParameter without a condition.
2024-10-03 19:31:21,708 [WARN] IP:2120 - Analog_Filter not found: check if there is a RefParameter without a condition.
2024-10-03 19:31:21,710 [WARN] IP:2120 - I2C_Coeff_DF not found: check if there is a RefParameter without a condition.
2024-10-03 19:31:21,710 [WARN] IP:2120 - Analog_Filter not found: check if there is a RefParameter without a condition.
2024-10-03 19:31:21,714 [WARN] IP:2120 - I2C_Coeff_DF not found: check if there is a RefParameter without a condition.
2024-10-03 19:31:21,714 [WARN] IP:2120 - Analog_Filter not found: check if there is a RefParameter without a condition.
2024-10-03 19:31:21,760 [WARN] IP:2120 - I2C_Coeff_DF not found: check if there is a RefParameter without a condition.
2024-10-03 19:31:21,760 [WARN] IP:2120 - Analog_Filter not found: check if there is a RefParameter without a condition.
2024-10-03 19:31:21,765 [WARN] IP:2120 - I2C_Coeff_DF not found: check if there is a RefParameter without a condition.
2024-10-03 19:31:21,765 [WARN] IP:2120 - Analog_Filter not found: check if there is a RefParameter without a condition.
2024-10-03 19:31:21,768 [WARN] IP:2120 - I2C_Coeff_DF not found: check if there is a RefParameter without a condition.
2024-10-03 19:31:21,769 [WARN] IP:2120 - Analog_Filter not found: check if there is a RefParameter without a condition.
2024-10-03 19:31:24,187 [WARN] IP:2120 - I2C_Coeff_DF not found: check if there is a RefParameter without a condition.
2024-10-03 19:31:24,187 [WARN] IP:2120 - Analog_Filter not found: check if there is a RefParameter without a condition.
2024-10-03 19:31:24,187 [WARN] IP:2120 - I2C_Coeff_DF not found: check if there is a RefParameter without a condition.
2024-10-03 19:31:24,188 [WARN] IP:2120 - Analog_Filter not found: check if there is a RefParameter without a condition.
2024-10-03 19:31:24,190 [WARN] IP:2120 - I2C_Coeff_DF not found: check if there is a RefParameter without a condition.
2024-10-03 19:31:24,190 [WARN] IP:2120 - Analog_Filter not found: check if there is a RefParameter without a condition.
2024-10-03 19:31:24,191 [WARN] IP:2120 - I2C_Coeff_DF not found: check if there is a RefParameter without a condition.
2024-10-03 19:31:24,191 [WARN] IP:2120 - Analog_Filter not found: check if there is a RefParameter without a condition.
2024-10-03 19:31:24,193 [WARN] IP:2120 - I2C_Coeff_DF not found: check if there is a RefParameter without a condition.
2024-10-03 19:31:24,193 [WARN] IP:2120 - Analog_Filter not found: check if there is a RefParameter without a condition.
2024-10-03 19:31:24,194 [WARN] IP:2120 - I2C_Coeff_DF not found: check if there is a RefParameter without a condition.
2024-10-03 19:31:24,194 [WARN] IP:2120 - Analog_Filter not found: check if there is a RefParameter without a condition.
2024-10-03 19:31:24,242 [WARN] IP:2120 - I2C_Coeff_DF not found: check if there is a RefParameter without a condition.
2024-10-03 19:31:24,242 [WARN] IP:2120 - Analog_Filter not found: check if there is a RefParameter without a condition.
2024-10-03 19:31:24,245 [WARN] IP:2120 - I2C_Coeff_DF not found: check if there is a RefParameter without a condition.
2024-10-03 19:31:24,245 [WARN] IP:2120 - Analog_Filter not found: check if there is a RefParameter without a condition.
2024-10-03 19:31:24,248 [WARN] IP:2120 - I2C_Coeff_DF not found: check if there is a RefParameter without a condition.
2024-10-03 19:31:24,248 [WARN] IP:2120 - Analog_Filter not found: check if there is a RefParameter without a condition.
2024-10-03 19:31:24,295 [WARN] IP:2120 - I2C_Coeff_DF not found: check if there is a RefParameter without a condition.
2024-10-03 19:31:24,295 [WARN] IP:2120 - Analog_Filter not found: check if there is a RefParameter without a condition.
2024-10-03 19:31:24,297 [WARN] IP:2120 - I2C_Coeff_DF not found: check if there is a RefParameter without a condition.
2024-10-03 19:31:24,297 [WARN] IP:2120 - Analog_Filter not found: check if there is a RefParameter without a condition.
2024-10-03 19:31:24,299 [WARN] IP:2120 - I2C_Coeff_DF not found: check if there is a RefParameter without a condition.
2024-10-03 19:31:24,299 [WARN] IP:2120 - Analog_Filter not found: check if there is a RefParameter without a condition.
2024-10-03 19:33:36,443 [INFO] UtilMem:75 - End SaveConfig() Used Memory: 912307536 Bytes (1073741824)
2024-10-03 19:33:38,144 [INFO] UtilMem:75 - End SaveConfig() Used Memory: 950059432 Bytes (1073741824)
2024-10-03 19:33:40,277 [INFO] UtilMem:75 - End SaveConfig() Used Memory: 681890296 Bytes (1073741824)
2024-10-03 19:33:40,620 [INFO] BlockDiagram:2759 - set Specific Code input for plugin: SPI
2024-10-03 19:33:40,620 [INFO] BlockDiagram:2759 - set Specific Code input for plugin: SPI
2024-10-03 19:33:40,620 [INFO] BlockDiagram:2759 - set Specific Code input for plugin: SPI
2024-10-03 19:33:40,620 [INFO] BlockDiagram:2759 - set Specific Code input for plugin: CAN
2024-10-03 19:33:40,620 [INFO] BlockDiagram:2759 - set Specific Code input for plugin: CAN
2024-10-03 19:33:40,620 [INFO] BlockDiagram:2759 - set Specific Code input for plugin: SYS
2024-10-03 19:33:40,620 [INFO] BlockDiagram:2759 - set Specific Code input for plugin: RCC
2024-10-03 19:33:40,620 [INFO] BlockDiagram:2759 - set Specific Code input for plugin: I2C
2024-10-03 19:33:40,620 [INFO] BlockDiagram:2759 - set Specific Code input for plugin: I2C
2024-10-03 19:33:40,620 [INFO] BlockDiagram:2759 - set Specific Code input for plugin: I2C
2024-10-03 19:33:40,620 [INFO] BlockDiagram:2759 - set Specific Code input for plugin: NVIC
2024-10-03 19:33:40,620 [INFO] BlockDiagram:2759 - set Specific Code input for plugin: USART
2024-10-03 19:33:40,620 [INFO] BlockDiagram:2759 - set Specific Code input for plugin: USART
2024-10-03 19:33:40,620 [INFO] BlockDiagram:2759 - set Specific Code input for plugin: UART
2024-10-03 19:33:40,620 [INFO] BlockDiagram:2759 - set Specific Code input for plugin: UART
2024-10-03 19:33:40,621 [INFO] BlockDiagram:2759 - set Specific Code input for plugin: GPIO
2024-10-03 19:33:40,622 [INFO] CodeGenerator:807 - code generatio: config db path: C:\ST\STM32CubeIDE_1.15.1\STM32CubeIDE\plugins\com.st.stm32cube.common.mx_6.11.1.202404110753\\db\
2024-10-03 19:33:40,625 [WARN] IP:2120 - I2C_Coeff_DF not found: check if there is a RefParameter without a condition.
2024-10-03 19:33:40,625 [WARN] IP:2120 - Analog_Filter not found: check if there is a RefParameter without a condition.
2024-10-03 19:33:40,626 [WARN] IP:2120 - I2C_Coeff_DF not found: check if there is a RefParameter without a condition.
2024-10-03 19:33:40,626 [WARN] IP:2120 - Analog_Filter not found: check if there is a RefParameter without a condition.
2024-10-03 19:33:40,627 [WARN] IP:2120 - I2C_Coeff_DF not found: check if there is a RefParameter without a condition.
2024-10-03 19:33:40,627 [WARN] IP:2120 - Analog_Filter not found: check if there is a RefParameter without a condition.
2024-10-03 19:33:40,760 [INFO] CodeEngine:255 - oldGeneratedFile, D:\Projetos\Firmware\firmware\Freelancer_1\MXTmpFiles\license.tmp_save
2024-10-03 19:33:40,931 [INFO] CodeEngine:279 - Generated code: D:\Projetos\Firmware\firmware\Freelancer_1\MXTmpFiles\license.tmp
2024-10-03 19:33:40,997 [INFO] CodeEngine:255 - oldGeneratedFile, D:\Projetos\Firmware\firmware\Freelancer_1\MXTmpFiles\gpio.tmp_save
2024-10-03 19:33:41,140 [INFO] CodeEngine:279 - Generated code: D:\Projetos\Firmware\firmware\Freelancer_1\MXTmpFiles\gpio.tmp
2024-10-03 19:33:42,327 [INFO] CodeEngine:255 - oldGeneratedFile, D:\Projetos\Firmware\firmware\Freelancer_1\Core\Src\stm32f4xx_it.c_save
2024-10-03 19:33:42,585 [INFO] CodeEngine:279 - Generated code: D:\Projetos\Firmware\firmware\Freelancer_1\Core\Src\stm32f4xx_it.c
2024-10-03 19:33:42,594 [INFO] CodeEngine:255 - oldGeneratedFile, D:\Projetos\Firmware\firmware\Freelancer_1\Core\Inc\stm32f4xx_it.h_save
2024-10-03 19:33:42,735 [INFO] CodeEngine:279 - Generated code: D:\Projetos\Firmware\firmware\Freelancer_1\Core\Inc\stm32f4xx_it.h
2024-10-03 19:33:42,788 [INFO] CodeEngine:255 - oldGeneratedFile, D:\Projetos\Firmware\firmware\Freelancer_1\Core\Src\stm32f4xx_hal_msp.c_save
2024-10-03 19:33:42,997 [INFO] CodeEngine:279 - Generated code: D:\Projetos\Firmware\firmware\Freelancer_1\Core\Src\stm32f4xx_hal_msp.c
2024-10-03 19:33:43,010 [INFO] CodeEngine:255 - oldGeneratedFile, D:\Projetos\Firmware\firmware\Freelancer_1\MXTmpFiles\system.tmp_save
2024-10-03 19:33:43,119 [INFO] CodeEngine:279 - Generated code: D:\Projetos\Firmware\firmware\Freelancer_1\MXTmpFiles\system.tmp
2024-10-03 19:33:43,173 [INFO] CodeEngine:311 - oldGeneratedFile, D:\Projetos\Firmware\firmware\Freelancer_1\Core\Inc\stm32f4xx_hal_conf.h_save
2024-10-03 19:33:43,314 [INFO] CodeEngine:335 - Generated code: D:\Projetos\Firmware\firmware\Freelancer_1\Core\Inc\stm32f4xx_hal_conf.h
2024-10-03 19:33:43,369 [INFO] CodeEngine:255 - oldGeneratedFile, D:\Projetos\Firmware\firmware\Freelancer_1\Core\Inc\main.h_save
2024-10-03 19:33:43,488 [INFO] CodeEngine:279 - Generated code: D:\Projetos\Firmware\firmware\Freelancer_1\Core\Inc\main.h
2024-10-03 19:33:43,507 [INFO] CodeEngine:255 - oldGeneratedFile, D:\Projetos\Firmware\firmware\Freelancer_1\Core\Src\main.c_save
2024-10-03 19:33:43,799 [INFO] CodeEngine:279 - Generated code: D:\Projetos\Firmware\firmware\Freelancer_1\Core\Src\main.c
2024-10-03 19:33:44,951 [INFO] ProjectBuilder:3163 - Time for Copy HAL[1] : 642mS.
2024-10-03 19:33:44,960 [INFO] ProjectBuilder:4736 - Project Generator version: 4.3.0-B58
2024-10-03 19:33:45,219 [INFO] ConfigFileManager:1503 - The Die is : DIE413
2024-10-03 19:33:47,258 [INFO] ProjectBuilder:5002 - Time for Generating toolchain IDE Files: 2298mS.
2024-10-03 19:33:47,259 [INFO] ProjectBuilder:3034 - Time for Copy CMSIS : 1mS.
2024-10-03 19:33:47,264 [INFO] ProjectBuilder:3034 - Time for Copy CMSIS : 1mS.
2024-10-03 19:34:37,426 [ERROR] LogOutputStream:75 - [STDERR_REDIRECT] 
2024-10-03 19:34:37,427 [ERROR] LogOutputStream:75 - [STDERR_REDIRECT] 
