2024-07-29 14:22:02,366 [INFO] Activator:176 - 


2024-07-29 14:22:02,374 [INFO] Activator:177 - !SESSION log4j initialized
2024-07-29 14:22:10,579 [INFO] LogOutputStream:77 - [STDOUT_REDIRECT] 
2024-07-29 14:22:13,964 [INFO] ApplicationProperties:184 - Using Application install path: C:\ST\STM32CubeIDE_1.15.1\STM32CubeIDE\plugins\com.st.stm32cube.common.mx_6.11.1.202404110753
2024-07-29 14:22:13,989 [INFO] DbMcusXml:78 - Set database path to: C:\ST\STM32CubeIDE_1.15.1\STM32CubeIDE\plugins\com.st.stm32cube.common.mx_6.11.1.202404110753\\db\/mcu/
2024-07-29 14:22:13,989 [INFO] ApiDb:274 - Set plugin database path to: C:\ST\STM32CubeIDE_1.15.1\STM32CubeIDE\plugins\com.st.stm32cube.common.mx_6.11.1.202404110753\\db\/plugins/boardmanager/
2024-07-29 14:22:13,990 [WARN] ApiDb:259 - Overriding images path with different value:  => C:\ST\STM32CubeIDE_1.15.1\STM32CubeIDE\plugins\com.st.stm32cube.common.mx_6.11.1.202404110753\\db\/plugins/mcufinder/images/
2024-07-29 14:22:14,003 [INFO] ApiDb:250 - Set database path to: C:\Users\Matheus Markies\.stmcufinder\plugins\mcufinder//mcu/
2024-07-29 14:22:14,004 [INFO] DbMcusAds:125 - Set database path to: C:\Users\Matheus Markies\.stmcufinder\plugins\mcufinder//mcu/
2024-07-29 14:22:14,006 [INFO] CrossReferenceDbSqlite:203 - Set database path to: C:\Users\Matheus Markies\.stmcufinder\plugins\mcufinder//mcu/cs/
2024-07-29 14:22:14,176 [INFO] RulesReader:64 - Compatibility file has been processed (297 Rules)
2024-07-29 14:22:14,318 [INFO] DbMcusXml:78 - Set database path to: C:\ST\STM32CubeIDE_1.15.1\STM32CubeIDE\plugins\com.st.stm32cube.common.mx_6.11.1.202404110753\\db\/mcu/
2024-07-29 14:22:14,318 [INFO] ApiDb:274 - Set plugin database path to: C:\ST\STM32CubeIDE_1.15.1\STM32CubeIDE\plugins\com.st.stm32cube.common.mx_6.11.1.202404110753\\db\/plugins/boardmanager/
2024-07-29 14:22:14,319 [INFO] ApiDb:261 - Set plugin images path to: C:\ST\STM32CubeIDE_1.15.1\STM32CubeIDE\plugins\com.st.stm32cube.common.mx_6.11.1.202404110753\\db\/plugins/mcufinder/images/
2024-07-29 14:22:14,319 [WARN] DbFile:41 - Overriding database path with different value: C:\Users\Matheus Markies\.stmcufinder\plugins\mcufinder/ => C:\Users\Matheus Markies\.stmcufinder\plugins\mcufinder
2024-07-29 14:22:14,319 [INFO] ApiDb:250 - Set database path to: C:\Users\Matheus Markies\.stmcufinder\plugins\mcufinder//mcu/
2024-07-29 14:22:14,319 [WARN] DbFile:41 - Overriding database path with different value: C:\Users\Matheus Markies\.stmcufinder\plugins\mcufinder/ => C:\Users\Matheus Markies\.stmcufinder\plugins\mcufinder
2024-07-29 14:22:14,319 [INFO] DbMcusAds:125 - Set database path to: C:\Users\Matheus Markies\.stmcufinder\plugins\mcufinder//mcu/
2024-07-29 14:22:14,319 [WARN] DbFile:41 - Overriding database path with different value: C:\Users\Matheus Markies\.stmcufinder\plugins\mcufinder/ => C:\Users\Matheus Markies\.stmcufinder\plugins\mcufinder
2024-07-29 14:22:14,320 [WARN] DbFile:41 - Overriding database path with different value: C:\Users\Matheus Markies\.stmcufinder\plugins\mcufinder/ => C:\Users\Matheus Markies\.stmcufinder\plugins\mcufinder
2024-07-29 14:22:14,320 [INFO] CrossReferenceDbSqlite:203 - Set database path to: C:\Users\Matheus Markies\.stmcufinder\plugins\mcufinder//mcu/cs/
2024-07-29 14:22:14,437 [INFO] MainPanel:264 - HeapMemory: 268435456
2024-07-29 14:22:14,590 [INFO] DbMcusXml:78 - Set database path to: C:\ST\STM32CubeIDE_1.15.1\STM32CubeIDE\plugins\com.st.stm32cube.common.mx_6.11.1.202404110753\\db\/mcu/
2024-07-29 14:22:14,590 [INFO] ApiDb:274 - Set plugin database path to: C:\ST\STM32CubeIDE_1.15.1\STM32CubeIDE\plugins\com.st.stm32cube.common.mx_6.11.1.202404110753\\db\/plugins/boardmanager/
2024-07-29 14:22:14,590 [INFO] ApiDb:261 - Set plugin images path to: C:\ST\STM32CubeIDE_1.15.1\STM32CubeIDE\plugins\com.st.stm32cube.common.mx_6.11.1.202404110753\\db\/plugins/mcufinder/images/
2024-07-29 14:22:14,591 [WARN] DbFile:41 - Overriding database path with different value: C:\Users\Matheus Markies\.stmcufinder\plugins\mcufinder/ => C:\Users\Matheus Markies\.stmcufinder\plugins\mcufinder
2024-07-29 14:22:14,591 [INFO] ApiDb:250 - Set database path to: C:\Users\Matheus Markies\.stmcufinder\plugins\mcufinder//mcu/
2024-07-29 14:22:14,591 [WARN] DbFile:41 - Overriding database path with different value: C:\Users\Matheus Markies\.stmcufinder\plugins\mcufinder/ => C:\Users\Matheus Markies\.stmcufinder\plugins\mcufinder
2024-07-29 14:22:14,591 [INFO] DbMcusAds:125 - Set database path to: C:\Users\Matheus Markies\.stmcufinder\plugins\mcufinder//mcu/
2024-07-29 14:22:14,591 [WARN] DbFile:41 - Overriding database path with different value: C:\Users\Matheus Markies\.stmcufinder\plugins\mcufinder/ => C:\Users\Matheus Markies\.stmcufinder\plugins\mcufinder
2024-07-29 14:22:14,591 [WARN] DbFile:41 - Overriding database path with different value: C:\Users\Matheus Markies\.stmcufinder\plugins\mcufinder/ => C:\Users\Matheus Markies\.stmcufinder\plugins\mcufinder
2024-07-29 14:22:14,591 [INFO] CrossReferenceDbSqlite:203 - Set database path to: C:\Users\Matheus Markies\.stmcufinder\plugins\mcufinder//mcu/cs/
2024-07-29 14:22:14,616 [INFO] ApplicationProperties:184 - Using Application install path: C:\ST\STM32CubeIDE_1.15.1\STM32CubeIDE\plugins\com.st.stm32cube.common.mx_6.11.1.202404110753
2024-07-29 14:22:14,619 [INFO] PluginManage:196 - Search for loadable plugins [exclusion list=, ]
2024-07-29 14:22:14,620 [INFO] PluginManage:310 - Check plugin analytics
2024-07-29 14:22:14,848 [INFO] AnalyticsPlugin:253 - Accepted Software Licenses: 
2024-07-29 14:22:14,848 [INFO] AnalyticsPlugin:255 - Accepted CMSIS Pack Licenses: 
2024-07-29 14:22:14,848 [INFO] AnalyticsPlugin:257 - Accepted Firmware Licenses: FW.F4.1.28.0
2024-07-29 14:22:14,850 [INFO] PluginManage:359 - Loaded plugin analytics (category:tool,tabindex:-1)
2024-07-29 14:22:14,851 [INFO] PluginManage:310 - Check plugin cadmodel
2024-07-29 14:22:14,872 [INFO] CADModel:105 - Init CAD model plugin
2024-07-29 14:22:14,872 [INFO] PluginManage:359 - Loaded plugin cadmodel (category:power,tabindex:5)
2024-07-29 14:22:14,873 [INFO] PluginManage:310 - Check plugin clock
2024-07-29 14:22:14,904 [INFO] PluginManage:359 - Loaded plugin clock (category:base,tabindex:2)
2024-07-29 14:22:14,904 [INFO] PluginManage:310 - Check plugin ddr
2024-07-29 14:22:14,907 [INFO] PluginManage:359 - Loaded plugin ddr (category:tool,tabindex:6)
2024-07-29 14:22:14,907 [INFO] PluginManage:310 - Check plugin filemanager
2024-07-29 14:22:15,092 [INFO] PluginManage:359 - Loaded plugin filemanager (category:base,tabindex:10)
2024-07-29 14:22:15,092 [INFO] PluginManage:310 - Check plugin ipmanager
2024-07-29 14:22:15,103 [INFO] PluginManage:359 - Loaded plugin ipmanager (category:base,tabindex:5)
2024-07-29 14:22:15,103 [INFO] PluginManage:310 - Check plugin lpbam
2024-07-29 14:22:15,133 [INFO] PluginManage:359 - Loaded plugin lpbam (category:base,tabindex:0)
2024-07-29 14:22:15,133 [INFO] PluginManage:310 - Check plugin memorymap
2024-07-29 14:22:15,173 [INFO] PluginManage:359 - Loaded plugin memorymap (category:base,tabindex:4)
2024-07-29 14:22:15,173 [INFO] PluginManage:310 - Check plugin pinoutandconfiguration
2024-07-29 14:22:15,196 [INFO] PluginManage:359 - Loaded plugin pinoutandconfiguration (category:base,tabindex:1)
2024-07-29 14:22:15,196 [INFO] PluginManage:310 - Check plugin pinoutconfig
2024-07-29 14:22:15,315 [WARN] SupportedApi:132 - Cannot load RTOS API schema: s4s-elt-must-match.1: The content of 'definitions' must match (annotation?, (simpleType | complexType)?, (unique | key | keyref)*)). A problem was found starting at: attribute.
2024-07-29 14:22:15,490 [INFO] PluginManage:359 - Loaded plugin pinoutconfig (category:base,tabindex:0)
2024-07-29 14:22:15,490 [INFO] PluginManage:310 - Check plugin power
2024-07-29 14:22:15,548 [INFO] PluginManage:359 - Loaded plugin power (category:power,tabindex:4)
2024-07-29 14:22:15,548 [INFO] PluginManage:310 - Check plugin projectmanager
2024-07-29 14:22:15,567 [INFO] PluginManage:359 - Loaded plugin projectmanager (category:projectmanager,tabindex:3)
2024-07-29 14:22:15,567 [INFO] PluginManage:310 - Check plugin thirdparty
2024-07-29 14:22:15,904 [INFO] PluginManage:359 - Loaded plugin thirdparty (category:base,tabindex:-1)
2024-07-29 14:22:15,904 [INFO] PluginManage:310 - Check plugin tools
2024-07-29 14:22:15,904 [WARN] IntegrityCheckThread:84 - waiting for thirdparty lock release [integrity check]
2024-07-29 14:22:15,904 [INFO] IntegrityCheckThread:86 - entering critical section [integrity check]
2024-07-29 14:22:15,905 [INFO] ThirdPartyUpdaterWithRetryManager:70 - Updater plugin not ready yet. [1/15]
2024-07-29 14:22:15,946 [INFO] PluginManage:359 - Loaded plugin tools (category:base,tabindex:7)
2024-07-29 14:22:15,946 [INFO] PluginManage:310 - Check plugin tutovideos
2024-07-29 14:22:16,246 [INFO] PluginManage:359 - Loaded plugin tutovideos (category:base,tabindex:-1)
2024-07-29 14:22:16,247 [INFO] PluginManage:310 - Check plugin updater
2024-07-29 14:22:16,274 [INFO] PluginManage:359 - Loaded plugin updater (category:base,tabindex:12)
2024-07-29 14:22:16,274 [INFO] PluginManage:310 - Check plugin userauth
2024-07-29 14:22:16,282 [INFO] UserAuth:114 - Init User Auth plugin
2024-07-29 14:22:16,283 [INFO] PluginManage:359 - Loaded plugin userauth (category:base,tabindex:14)
2024-07-29 14:22:16,283 [INFO] PluginManage:283 - PluginManage : Loaded plugins [17]
2024-07-29 14:22:16,613 [INFO] PinOutPanel:1561 - setPackage(No Configuration,No Configuration)
2024-07-29 14:22:16,738 [INFO] CADModel:165 - CPN selected for project level
2024-07-29 14:22:16,738 [INFO] CADModel:114 - Register for checkConnection events
2024-07-29 14:22:16,780 [INFO] IPUIPlugin:80 - create IPUIPlugin
2024-07-29 14:22:16,781 [INFO] PluginManager:220 - loadIPPluginJar : add adc
2024-07-29 14:22:16,826 [INFO] IPUIPlugin:80 - create IPUIPlugin
2024-07-29 14:22:16,826 [INFO] PluginManager:220 - loadIPPluginJar : add aes
2024-07-29 14:22:16,879 [INFO] IPUIPlugin:80 - create IPUIPlugin
2024-07-29 14:22:16,879 [INFO] PluginManager:220 - loadIPPluginJar : add can
2024-07-29 14:22:16,906 [INFO] IPUIPlugin:80 - create IPUIPlugin
2024-07-29 14:22:16,907 [INFO] PluginManager:220 - loadIPPluginJar : add comp
2024-07-29 14:22:16,945 [INFO] IPUIPlugin:80 - create IPUIPlugin
2024-07-29 14:22:16,945 [INFO] PluginManager:220 - loadIPPluginJar : add cryp
2024-07-29 14:22:16,984 [INFO] IPUIPlugin:80 - create IPUIPlugin
2024-07-29 14:22:16,984 [INFO] PluginManager:220 - loadIPPluginJar : add dfsdm
2024-07-29 14:22:17,002 [INFO] IPUIPlugin:80 - create IPUIPlugin
2024-07-29 14:22:17,002 [INFO] PluginManager:220 - loadIPPluginJar : add dma
2024-07-29 14:22:17,054 [INFO] IPUIPlugin:80 - create IPUIPlugin
2024-07-29 14:22:17,054 [INFO] PluginManager:220 - loadIPPluginJar : add dma3
2024-07-29 14:22:17,108 [INFO] IPUIPlugin:80 - create IPUIPlugin
2024-07-29 14:22:17,108 [INFO] PluginManager:220 - loadIPPluginJar : add extmemmanager
2024-07-29 14:22:17,136 [INFO] IPUIPlugin:80 - create IPUIPlugin
2024-07-29 14:22:17,136 [INFO] PluginManager:220 - loadIPPluginJar : add fatfs
2024-07-29 14:22:17,194 [INFO] IPUIPlugin:80 - create IPUIPlugin
2024-07-29 14:22:17,194 [INFO] PluginManager:220 - loadIPPluginJar : add fmc
2024-07-29 14:22:17,215 [INFO] IPUIPlugin:80 - create IPUIPlugin
2024-07-29 14:22:17,215 [INFO] PluginManager:220 - loadIPPluginJar : add freertos
2024-07-29 14:22:17,241 [INFO] IPUIPlugin:80 - create IPUIPlugin
2024-07-29 14:22:17,241 [INFO] PluginManager:220 - loadIPPluginJar : add genericplugin
2024-07-29 14:22:17,350 [INFO] IPUIPlugin:80 - create IPUIPlugin
2024-07-29 14:22:17,350 [INFO] PluginManager:220 - loadIPPluginJar : add gfxmmu
2024-07-29 14:22:17,509 [INFO] IPUIPlugin:80 - create IPUIPlugin
2024-07-29 14:22:17,509 [INFO] PluginManager:220 - loadIPPluginJar : add gic
2024-07-29 14:22:17,526 [INFO] IPUIPlugin:80 - create IPUIPlugin
2024-07-29 14:22:17,526 [INFO] PluginManager:220 - loadIPPluginJar : add gpio
2024-07-29 14:22:17,637 [INFO] IPUIPlugin:80 - create IPUIPlugin
2024-07-29 14:22:17,638 [INFO] PluginManager:220 - loadIPPluginJar : add gtzc
2024-07-29 14:22:17,676 [INFO] IPUIPlugin:80 - create IPUIPlugin
2024-07-29 14:22:17,677 [INFO] PluginManager:220 - loadIPPluginJar : add hash
2024-07-29 14:22:17,738 [INFO] IPUIPlugin:80 - create IPUIPlugin
2024-07-29 14:22:17,738 [INFO] PluginManager:220 - loadIPPluginJar : add i2c
2024-07-29 14:22:17,786 [INFO] IPUIPlugin:80 - create IPUIPlugin
2024-07-29 14:22:17,787 [INFO] PluginManager:220 - loadIPPluginJar : add i2s
2024-07-29 14:22:17,842 [INFO] IPUIPlugin:80 - create IPUIPlugin
2024-07-29 14:22:17,842 [INFO] PluginManager:220 - loadIPPluginJar : add i3c
2024-07-29 14:22:17,977 [INFO] IPUIPlugin:80 - create IPUIPlugin
2024-07-29 14:22:17,978 [INFO] PluginManager:220 - loadIPPluginJar : add ipddr
2024-07-29 14:22:18,097 [INFO] IPUIPlugin:80 - create IPUIPlugin
2024-07-29 14:22:18,097 [INFO] PluginManager:220 - loadIPPluginJar : add linkedlist
2024-07-29 14:22:18,139 [INFO] IPUIPlugin:80 - create IPUIPlugin
2024-07-29 14:22:18,140 [INFO] PluginManager:220 - loadIPPluginJar : add lorawan
2024-07-29 14:22:18,189 [INFO] IPUIPlugin:80 - create IPUIPlugin
2024-07-29 14:22:18,189 [INFO] PluginManager:220 - loadIPPluginJar : add ltdc
2024-07-29 14:22:18,207 [INFO] IPUIPlugin:80 - create IPUIPlugin
2024-07-29 14:22:18,207 [INFO] PluginManager:220 - loadIPPluginJar : add mdma
2024-07-29 14:22:18,225 [INFO] IPUIPlugin:80 - create IPUIPlugin
2024-07-29 14:22:18,225 [INFO] PluginManager:220 - loadIPPluginJar : add nvic
2024-07-29 14:22:18,267 [INFO] IPUIPlugin:80 - create IPUIPlugin
2024-07-29 14:22:18,267 [INFO] PluginManager:220 - loadIPPluginJar : add opamp
2024-07-29 14:22:18,342 [INFO] IPUIPlugin:80 - create IPUIPlugin
2024-07-29 14:22:18,342 [INFO] PluginManager:220 - loadIPPluginJar : add openamp
2024-07-29 14:22:18,393 [INFO] IPUIPlugin:80 - create IPUIPlugin
2024-07-29 14:22:18,393 [INFO] PluginManager:220 - loadIPPluginJar : add pdm2pcm
2024-07-29 14:22:18,412 [INFO] IPUIPlugin:80 - create IPUIPlugin
2024-07-29 14:22:18,414 [INFO] PluginManager:220 - loadIPPluginJar : add plateformsettings
2024-07-29 14:22:18,441 [INFO] IPUIPlugin:80 - create IPUIPlugin
2024-07-29 14:22:18,441 [INFO] PluginManager:220 - loadIPPluginJar : add quadspi
2024-07-29 14:22:18,458 [INFO] IPUIPlugin:80 - create IPUIPlugin
2024-07-29 14:22:18,458 [INFO] PluginManager:220 - loadIPPluginJar : add resmgrutility
2024-07-29 14:22:18,516 [INFO] IPUIPlugin:80 - create IPUIPlugin
2024-07-29 14:22:18,516 [INFO] PluginManager:220 - loadIPPluginJar : add sai
2024-07-29 14:22:18,559 [INFO] IPUIPlugin:80 - create IPUIPlugin
2024-07-29 14:22:18,559 [INFO] PluginManager:220 - loadIPPluginJar : add spi
2024-07-29 14:22:18,640 [INFO] IPUIPlugin:80 - create IPUIPlugin
2024-07-29 14:22:18,640 [INFO] PluginManager:220 - loadIPPluginJar : add stm32_wpan
2024-07-29 14:22:18,669 [INFO] IPUIPlugin:80 - create IPUIPlugin
2024-07-29 14:22:18,669 [INFO] PluginManager:220 - loadIPPluginJar : add tim
2024-07-29 14:22:18,740 [INFO] IPUIPlugin:80 - create IPUIPlugin
2024-07-29 14:22:18,740 [INFO] PluginManager:220 - loadIPPluginJar : add touchsensing
2024-07-29 14:22:18,769 [INFO] IPUIPlugin:80 - create IPUIPlugin
2024-07-29 14:22:18,769 [INFO] PluginManager:220 - loadIPPluginJar : add tracer_emb
2024-07-29 14:22:18,799 [INFO] IPUIPlugin:80 - create IPUIPlugin
2024-07-29 14:22:18,799 [INFO] PluginManager:220 - loadIPPluginJar : add ts
2024-07-29 14:22:18,826 [INFO] IPUIPlugin:80 - create IPUIPlugin
2024-07-29 14:22:18,826 [INFO] PluginManager:220 - loadIPPluginJar : add tsc
2024-07-29 14:22:18,855 [INFO] IPUIPlugin:80 - create IPUIPlugin
2024-07-29 14:22:18,855 [INFO] PluginManager:220 - loadIPPluginJar : add ucpd
2024-07-29 14:22:18,908 [INFO] ThirdPartyUpdaterWithRetryManager:70 - Updater plugin not ready yet. [2/15]
2024-07-29 14:22:18,909 [INFO] IPUIPlugin:80 - create IPUIPlugin
2024-07-29 14:22:18,909 [INFO] PluginManager:220 - loadIPPluginJar : add usart
2024-07-29 14:22:18,965 [INFO] IPUIPlugin:80 - create IPUIPlugin
2024-07-29 14:22:18,965 [INFO] PluginManager:220 - loadIPPluginJar : add usbx
2024-07-29 14:22:19,144 [INFO] CADModel:165 - CPN selected for project level
2024-07-29 14:22:19,144 [INFO] CADModel:114 - Register for checkConnection events
2024-07-29 14:22:19,145 [FATAL] Updater:308 - Updater called before beeing initialized
2024-07-29 14:22:19,145 [ERROR] CADModel:125 - Updater not yet initialized, retry later 
2024-07-29 14:22:19,357 [INFO] CADModel:165 - CPN selected for project level
2024-07-29 14:22:19,357 [INFO] CADModel:114 - Register for checkConnection events
2024-07-29 14:22:19,357 [FATAL] Updater:308 - Updater called before beeing initialized
2024-07-29 14:22:19,357 [ERROR] CADModel:125 - Updater not yet initialized, retry later 
2024-07-29 14:22:19,360 [FATAL] Updater:308 - Updater called before beeing initialized
2024-07-29 14:22:19,499 [FATAL] Updater:308 - Updater called before beeing initialized
2024-07-29 14:22:19,510 [INFO] DbMcusAds:53 - JSON generation date=Thu May 16 06:22:01 BRT 2024 (1715851321109)
2024-07-29 14:22:19,511 [FATAL] Updater:308 - Updater called before beeing initialized
2024-07-29 14:22:19,625 [WARN] DetailPanel:346 - Failed to get advertising image, set to default
2024-07-29 14:22:19,747 [FATAL] Updater:308 - Updater called before beeing initialized
2024-07-29 14:22:19,751 [FATAL] Updater:308 - Updater called before beeing initialized
2024-07-29 14:22:19,751 [FATAL] Updater:308 - Updater called before beeing initialized
2024-07-29 14:22:19,751 [WARN] DetailPanel:346 - Failed to get advertising image, set to default
2024-07-29 14:22:19,752 [FATAL] Updater:308 - Updater called before beeing initialized
2024-07-29 14:22:19,849 [ERROR] Updater:1120 - MainUpdater not yet initialized. External WinMGr cannot be set.
2024-07-29 14:22:19,861 [INFO] Updater:1056 - Updater Version found : 6.11.1
2024-07-29 14:22:19,892 [INFO] ApplicationProperties:184 - Using Application install path: C:\ST\STM32CubeIDE_1.15.1\STM32CubeIDE\plugins\com.st.stm32cube.common.mx_6.11.1.202404110753
2024-07-29 14:22:21,472 [ERROR] LogOutputStream:75 - [STDERR_REDIRECT] Jul 29, 2024 2:22:21 PM java.util.prefs.WindowsPreferences <init>
2024-07-29 14:22:21,475 [ERROR] LogOutputStream:75 - [STDERR_REDIRECT] WARNING: Could not open/create prefs root node Software\JavaSoft\Prefs at root 0xffffffff80000002. Windows RegCreateKeyEx(...) returned error code 5.
2024-07-29 14:22:21,475 [ERROR] LogOutputStream:75 - [STDERR_REDIRECT] 
2024-07-29 14:22:21,910 [INFO] ThirdPartyUpdaterWithRetryManager:70 - Updater plugin not ready yet. [3/15]
2024-07-29 14:22:21,971 [INFO] MainUpdater:2873 - connection check result : 10
2024-07-29 14:22:21,972 [INFO] MainUpdater:290 - Updater Check For Update Now.
2024-07-29 14:22:21,972 [INFO] MicroXplorer:498 - Change Database Version : DB.6.0.111
2024-07-29 14:22:21,987 [INFO] McuFinderGlobals:63 - Set McuFinder mode to 2 (CubeIDE integrated)
2024-07-29 14:22:22,015 [INFO] UserAuth:415 - Internet connection configuration mode: 1
2024-07-29 14:22:22,065 [INFO] JxBrowserEngine:152 - Initiate JxBrowser Engine with user profile folder
2024-07-29 14:22:22,369 [INFO] CheckServerUpdateThread:120 - End of CheckServer Thread
2024-07-29 14:22:25,459 [WARN] PackLoader:240 - Cannot read IP mode file for STMicroelectronics.FP-SNS-MOTENVWB1.1.4.0
2024-07-29 14:22:25,483 [WARN] PackLoader:240 - Cannot read IP mode file for STMicroelectronics.X-CUBE-SMBUS.2.1.0
2024-07-29 14:22:25,500 [WARN] PackLoader:240 - Cannot read IP mode file for STMicroelectronics.X-CUBE-TOUCHGFX.4.23.2
2024-07-29 14:22:25,569 [WARN] PackLoader:240 - Cannot read IP mode file for STMicroelectronics.X-CUBE-AZRTOS-F7.1.1.0
2024-07-29 14:22:25,607 [WARN] PackLoader:240 - Cannot read IP mode file for STMicroelectronics.FP-SNS-FLIGHT1.5.0.2
2024-07-29 14:22:25,640 [WARN] PackLoader:240 - Cannot read IP mode file for STMicroelectronics.X-CUBE-DISPLAY.3.0.0
2024-07-29 14:22:25,671 [WARN] PackLoader:240 - Cannot read IP mode file for STMicroelectronics.X-CUBE-BLE1.7.0.0
2024-07-29 14:22:25,704 [WARN] PackLoader:240 - Cannot read IP mode file for emotas.I-CUBE-CANOPEN.1.3.0
2024-07-29 14:22:25,857 [WARN] PackLoader:240 - Cannot read IP mode file for STMicroelectronics.X-CUBE-BLEMGR.3.1.0
2024-07-29 14:22:25,983 [WARN] PackLoader:240 - Cannot read IP mode file for STMicroelectronics.FP-SNS-SMARTAG2.1.2.0
2024-07-29 14:22:26,108 [INFO] LogOutputStream:77 - [STDOUT_REDIRECT] 1 : Invalid condition id : UX_CORESTACK_Condition cause : null
2024-07-29 14:22:26,109 [INFO] LogOutputStream:77 - [STDOUT_REDIRECT] 1 : Invalid condition id : UX_CORESTACK_Condition cause : null
2024-07-29 14:22:26,122 [INFO] LogOutputStream:77 - [STDOUT_REDIRECT] 1 : Invalid condition id : UX_CORESTACK_Condition cause : null
2024-07-29 14:22:26,134 [INFO] LogOutputStream:77 - [STDOUT_REDIRECT] 1 : Invalid condition id : UX_CORESTACK_Condition cause : null
2024-07-29 14:22:26,136 [INFO] LogOutputStream:77 - [STDOUT_REDIRECT] 1 : Invalid condition id : UX_CORESTACK_Condition cause : null
2024-07-29 14:22:26,140 [WARN] PackLoader:240 - Cannot read IP mode file for STMicroelectronics.X-CUBE-AZRTOS-WL.2.0.0
2024-07-29 14:22:26,181 [WARN] PackLoader:240 - Cannot read IP mode file for STMicroelectronics.FP-SNS-MOTENV1.5.0.0
2024-07-29 14:22:26,324 [WARN] PackLoader:240 - Cannot read IP mode file for wolfSSL.I-CUBE-wolfMQTT.1.19.0
2024-07-29 14:22:26,535 [WARN] PackLoader:240 - Cannot read IP mode file for WES.I-CUBE-Cesium.1.3.0
2024-07-29 14:22:26,601 [WARN] PackLoader:240 - Cannot read IP mode file for STMicroelectronics.X-CUBE-BLE2.3.3.0
2024-07-29 14:22:26,657 [WARN] PackLoader:240 - Cannot read IP mode file for STMicroelectronics.X-CUBE-TCPP.4.1.0
2024-07-29 14:22:26,728 [WARN] PackLoader:240 - Cannot read IP mode file for STMicroelectronics.X-CUBE-AZRTOS-G0.1.1.0
2024-07-29 14:22:26,783 [WARN] PackLoader:240 - Cannot read IP mode file for STMicroelectronics.X-CUBE-SAFEA1.1.2.2
2024-07-29 14:22:26,804 [WARN] PackLoader:240 - Cannot read IP mode file for STMicroelectronics.X-CUBE-NFC4.3.0.0
2024-07-29 14:22:26,819 [WARN] PackLoader:240 - Cannot read IP mode file for wolfSSL.I-CUBE-wolfMQTT.1.18.0
2024-07-29 14:22:26,858 [WARN] PackLoader:240 - Cannot read IP mode file for EmbeddedOffice.I-CUBE-FS-RTOS.1.0.1
2024-07-29 14:22:26,858 [ERROR] ConditionMgr:805 - Attr not supported : Dmpu
2024-07-29 14:22:26,858 [ERROR] ConditionMgr:805 - Attr not supported : Dmpu
2024-07-29 14:22:26,858 [ERROR] ConditionMgr:805 - Attr not supported : Dmpu
2024-07-29 14:22:26,858 [ERROR] ConditionMgr:805 - Attr not supported : Dmpu
2024-07-29 14:22:26,858 [ERROR] ConditionMgr:805 - Attr not supported : Dmpu
2024-07-29 14:22:26,858 [ERROR] ConditionMgr:805 - Attr not supported : Dmpu
2024-07-29 14:22:26,858 [ERROR] ConditionMgr:805 - Attr not supported : Dmpu
2024-07-29 14:22:26,859 [ERROR] ConditionMgr:805 - Attr not supported : Dmpu
2024-07-29 14:22:26,859 [ERROR] ConditionMgr:805 - Attr not supported : Dmpu
2024-07-29 14:22:26,859 [ERROR] ConditionMgr:805 - Attr not supported : Dmpu
2024-07-29 14:22:26,859 [ERROR] ConditionMgr:805 - Attr not supported : Dmpu
2024-07-29 14:22:26,859 [ERROR] ConditionMgr:805 - Attr not supported : Dmpu
2024-07-29 14:22:26,859 [ERROR] ConditionMgr:805 - Attr not supported : Dmpu
2024-07-29 14:22:26,859 [ERROR] ConditionMgr:805 - Attr not supported : Dmpu
2024-07-29 14:22:26,859 [ERROR] ConditionMgr:805 - Attr not supported : Dmpu
2024-07-29 14:22:26,859 [ERROR] ConditionMgr:805 - Attr not supported : Dmpu
2024-07-29 14:22:26,859 [ERROR] ConditionMgr:805 - Attr not supported : Dmpu
2024-07-29 14:22:26,860 [ERROR] ConditionMgr:805 - Attr not supported : Dmpu
2024-07-29 14:22:26,860 [ERROR] ConditionMgr:805 - Attr not supported : Dmpu
2024-07-29 14:22:26,860 [ERROR] ConditionMgr:805 - Attr not supported : Dmpu
2024-07-29 14:22:26,860 [ERROR] ConditionMgr:805 - Attr not supported : Dmpu
2024-07-29 14:22:26,861 [ERROR] ConditionMgr:805 - Attr not supported : Dmpu
2024-07-29 14:22:26,861 [ERROR] ConditionMgr:805 - Attr not supported : Dmpu
2024-07-29 14:22:26,861 [ERROR] ConditionMgr:805 - Attr not supported : Dmpu
2024-07-29 14:22:26,861 [ERROR] ConditionMgr:805 - Attr not supported : Dmpu
2024-07-29 14:22:26,861 [ERROR] ConditionMgr:805 - Attr not supported : Dmpu
2024-07-29 14:22:26,861 [ERROR] ConditionMgr:805 - Attr not supported : Dmpu
2024-07-29 14:22:26,861 [ERROR] ConditionMgr:805 - Attr not supported : Dmpu
2024-07-29 14:22:26,862 [ERROR] ConditionMgr:805 - Attr not supported : Dmpu
2024-07-29 14:22:26,862 [ERROR] ConditionMgr:805 - Attr not supported : Dmpu
2024-07-29 14:22:26,862 [ERROR] ConditionMgr:805 - Attr not supported : Dmpu
2024-07-29 14:22:26,862 [ERROR] ConditionMgr:805 - Attr not supported : Dmpu
2024-07-29 14:22:26,862 [ERROR] ConditionMgr:805 - Attr not supported : Dmpu
2024-07-29 14:22:26,862 [ERROR] ConditionMgr:805 - Attr not supported : Dmpu
2024-07-29 14:22:26,862 [ERROR] ConditionMgr:805 - Attr not supported : Dmpu
2024-07-29 14:22:26,862 [ERROR] ConditionMgr:805 - Attr not supported : Dmpu
2024-07-29 14:22:26,862 [ERROR] ConditionMgr:805 - Attr not supported : Dmpu
2024-07-29 14:22:26,862 [ERROR] ConditionMgr:805 - Attr not supported : Dmpu
2024-07-29 14:22:26,862 [ERROR] ConditionMgr:805 - Attr not supported : Dmpu
2024-07-29 14:22:26,863 [ERROR] ConditionMgr:805 - Attr not supported : Dmpu
2024-07-29 14:22:26,863 [ERROR] ConditionMgr:805 - Attr not supported : Dmpu
2024-07-29 14:22:26,863 [ERROR] ConditionMgr:805 - Attr not supported : Dmpu
2024-07-29 14:22:26,864 [ERROR] ConditionMgr:805 - Attr not supported : Dmpu
2024-07-29 14:22:26,864 [ERROR] ConditionMgr:805 - Attr not supported : Dmpu
2024-07-29 14:22:26,864 [ERROR] ConditionMgr:805 - Attr not supported : Dmpu
2024-07-29 14:22:26,864 [ERROR] ConditionMgr:805 - Attr not supported : Dmpu
2024-07-29 14:22:26,864 [ERROR] ConditionMgr:805 - Attr not supported : Dmpu
2024-07-29 14:22:26,864 [ERROR] ConditionMgr:805 - Attr not supported : Dmpu
2024-07-29 14:22:26,864 [ERROR] ConditionMgr:805 - Attr not supported : Dmpu
2024-07-29 14:22:26,865 [ERROR] ConditionMgr:805 - Attr not supported : Dmpu
2024-07-29 14:22:26,865 [ERROR] ConditionMgr:805 - Attr not supported : Dmpu
2024-07-29 14:22:26,865 [ERROR] ConditionMgr:805 - Attr not supported : Dmpu
2024-07-29 14:22:26,865 [ERROR] ConditionMgr:805 - Attr not supported : Dmpu
2024-07-29 14:22:26,865 [ERROR] ConditionMgr:805 - Attr not supported : Dmpu
2024-07-29 14:22:26,865 [ERROR] ConditionMgr:805 - Attr not supported : Dmpu
2024-07-29 14:22:26,866 [ERROR] ConditionMgr:805 - Attr not supported : Dmpu
2024-07-29 14:22:26,866 [ERROR] ConditionMgr:805 - Attr not supported : Dmpu
2024-07-29 14:22:26,866 [ERROR] ConditionMgr:805 - Attr not supported : Dmpu
2024-07-29 14:22:26,866 [ERROR] ConditionMgr:805 - Attr not supported : Dmpu
2024-07-29 14:22:26,866 [ERROR] ConditionMgr:805 - Attr not supported : Dmpu
2024-07-29 14:22:26,866 [ERROR] ConditionMgr:805 - Attr not supported : Dmpu
2024-07-29 14:22:26,866 [ERROR] ConditionMgr:805 - Attr not supported : Dmpu
2024-07-29 14:22:26,866 [ERROR] ConditionMgr:805 - Attr not supported : Dmpu
2024-07-29 14:22:26,866 [ERROR] ConditionMgr:805 - Attr not supported : Dmpu
2024-07-29 14:22:26,884 [WARN] PackLoader:240 - Cannot read IP mode file for RealThread.X-CUBE-RT-Thread_Nano.4.1.1
2024-07-29 14:22:26,901 [WARN] PackLoader:240 - Cannot read IP mode file for wolfSSL.I-CUBE-wolfSSL.5.7.0
2024-07-29 14:22:26,919 [WARN] PackLoader:240 - Cannot read IP mode file for STMicroelectronics.FP-ATR-SIGFOX1.3.2.0
2024-07-29 14:22:26,959 [WARN] PackLoader:240 - Cannot read IP mode file for STMicroelectronics.X-CUBE-EEPRMA1.5.1.0
2024-07-29 14:22:26,986 [WARN] PackLoader:240 - Cannot read IP mode file for ITTIA_DB.I-CUBE-ITTIADB.8.9.0
2024-07-29 14:22:27,090 [WARN] PackLoader:240 - Cannot read IP mode file for SEGGER.I-CUBE-embOS.1.3.1
2024-07-29 14:22:27,224 [WARN] PackLoader:240 - Cannot read IP mode file for STMicroelectronics.X-CUBE-ALGOBUILD.1.4.0
2024-07-29 14:22:27,406 [WARN] PackLoader:240 - Cannot read IP mode file for STMicroelectronics.X-CUBE-GNSS1.6.0.0
2024-07-29 14:22:27,629 [WARN] PackLoader:240 - Cannot read IP mode file for STMicroelectronics.X-CUBE-AZRTOS-F4.1.1.0
2024-07-29 14:22:27,651 [WARN] PackLoader:240 - Cannot read IP mode file for STMicroelectronics.X-CUBE-FREERTOS.1.2.0
2024-07-29 14:22:27,709 [WARN] PackLoader:240 - Cannot read IP mode file for STMicroelectronics.X-CUBE-AZRTOS-L5.2.0.0
2024-07-29 14:22:27,794 [WARN] PackLoader:240 - Cannot read IP mode file for STMicroelectronics.X-CUBE-NFC6.3.1.0
2024-07-29 14:22:27,999 [WARN] PackLoader:240 - Cannot read IP mode file for STMicroelectronics.X-CUBE-DPower.1.2.0
2024-07-29 14:22:28,022 [WARN] PackLoader:240 - Cannot read IP mode file for STMicroelectronics.X-CUBE-AI.9.0.0
2024-07-29 14:22:28,038 [WARN] PackLoader:240 - Cannot read IP mode file for STMicroelectronics.X-CUBE-NFC7.1.0.1
2024-07-29 14:22:28,058 [WARN] PackLoader:240 - Cannot read IP mode file for wolfSSL.I-CUBE-wolfTPM.3.2.0
2024-07-29 14:22:28,173 [WARN] ConditionMgr:438 - getConditionDescription Invalid condition id : LAN8742 Phy interface Condition cause : null
2024-07-29 14:22:28,174 [WARN] PackLoader:240 - Cannot read IP mode file for STMicroelectronics.X-CUBE-AZRTOS-L4.2.0.0
2024-07-29 14:22:28,180 [WARN] ConditionMgr:1039 - genDependencies : Invalid condition id : LAN8742 Phy interface Condition cause : null
2024-07-29 14:22:28,180 [WARN] ConditionMgr:1039 - genDependencies : Invalid condition id : LAN8742 Phy interface Condition cause : null
2024-07-29 14:22:28,206 [WARN] ConditionMgr:1039 - genDependencies : Invalid condition id : LAN8742 Phy interface Condition cause : null
2024-07-29 14:22:28,236 [WARN] PackLoader:240 - Cannot read IP mode file for STMicroelectronics.X-CUBE-SFXS2LP1.4.0.0
2024-07-29 14:22:28,284 [WARN] ConditionMgr:438 - getConditionDescription Invalid condition id : UX DEVICE CLASS RTOS Condition cause : null
2024-07-29 14:22:28,284 [WARN] ConditionMgr:438 - getConditionDescription Invalid condition id : UX DEVICE CLASS RTOS Condition cause : null
2024-07-29 14:22:28,290 [WARN] PackLoader:240 - Cannot read IP mode file for STMicroelectronics.X-CUBE-AZRTOS-WB.2.0.0
2024-07-29 14:22:28,292 [WARN] ConditionMgr:1039 - genDependencies : Invalid condition id : UX DEVICE CLASS RTOS Condition cause : null
2024-07-29 14:22:28,292 [WARN] ConditionMgr:1039 - genDependencies : Invalid condition id : UX DEVICE CLASS RTOS Condition cause : null
2024-07-29 14:22:28,293 [WARN] ConditionMgr:1039 - genDependencies : Invalid condition id : UX DEVICE CLASS RTOS Condition cause : null
2024-07-29 14:22:28,293 [WARN] ConditionMgr:1039 - genDependencies : Invalid condition id : UX DEVICE CLASS RTOS Condition cause : null
2024-07-29 14:22:28,293 [WARN] ConditionMgr:1039 - genDependencies : Invalid condition id : UX DEVICE CLASS RTOS Condition cause : null
2024-07-29 14:22:28,329 [WARN] PackLoader:240 - Cannot read IP mode file for STMicroelectronics.FP-SNS-STBOX1.2.0.0
2024-07-29 14:22:28,538 [WARN] PackLoader:240 - Cannot read IP mode file for STMicroelectronics.X-CUBE-SUBG2.5.0.0
2024-07-29 14:22:28,667 [WARN] PackLoader:240 - Cannot read IP mode file for STMicroelectronics.X-CUBE-AZRTOS-G4.2.0.0
2024-07-29 14:22:28,734 [WARN] PackLoader:240 - Cannot read IP mode file for STMicroelectronics.X-CUBE-ISPU.2.0.0
2024-07-29 14:22:28,767 [WARN] PackLoader:240 - Cannot read IP mode file for STMicroelectronics.X-CUBE-ALS.1.0.2
2024-07-29 14:22:28,856 [WARN] PackLoader:240 - Cannot read IP mode file for STMicroelectronics.X-CUBE-MEMS1.10.0.0
2024-07-29 14:22:29,252 [WARN] PackLoader:240 - Cannot read IP mode file for STMicroelectronics.X-CUBE-TOUCHGFX.4.24.0
2024-07-29 14:22:29,271 [WARN] PackLoader:240 - Cannot read IP mode file for portGmbH.I-Cube-SoM-uGOAL.1.1.0
2024-07-29 14:22:29,286 [WARN] PackLoader:240 - Cannot read IP mode file for STMicroelectronics.X-CUBE-ALS.1.0.1
2024-07-29 14:22:29,423 [WARN] PackLoader:240 - Cannot read IP mode file for STMicroelectronics.X-CUBE-AZRTOS-H7RS.1.0.0
2024-07-29 14:22:29,477 [WARN] PackLoader:240 - Cannot read IP mode file for STMicroelectronics.FP-ATR-ASTRA1.2.0.0
2024-07-29 14:22:29,505 [WARN] PackLoader:240 - Cannot read IP mode file for STMicroelectronics.X-CUBE-TOF1.3.4.2
2024-07-29 14:22:29,539 [WARN] PackLoader:240 - Cannot read IP mode file for STMicroelectronics.X-CUBE-TOF1.3.4.1
2024-07-29 14:22:29,757 [WARN] PackLoader:240 - Cannot read IP mode file for STMicroelectronics.X-CUBE-AZRTOS-H7.3.2.0
2024-07-29 14:22:29,924 [WARN] PackLoader:240 - Cannot read IP mode file for Infineon.AIROC-Wi-Fi-Bluetooth-STM32.1.6.0
2024-07-29 14:22:29,974 [WARN] PackLoader:240 - Cannot read IP mode file for wolfSSL.I-CUBE-wolfSSH.1.4.17
2024-07-29 14:22:29,974 [INFO] ThirdParty:978 - Integrity check success = true
2024-07-29 14:22:29,974 [INFO] IntegrityCheckThread:100 - exiting critical section [integrity check]
2024-07-29 14:22:29,975 [INFO] IntegrityCheckThread:103 - End integrity checks thread
2024-07-29 14:22:33,335 [INFO] WebApp:161 - Instantiating new browser for Auth
2024-07-29 14:22:35,084 [INFO] WebApp:779 - Register for checkConnection events
2024-07-29 14:22:35,084 [INFO] WebApp:414 - Apply proxy settings
2024-07-29 14:22:35,084 [INFO] WebApp:499 - Chromium requires no authentication
2024-07-29 14:22:35,094 [INFO] WebApp:442 - Direct internet connection detected
2024-07-29 14:22:35,403 [INFO] WebApp:192 - Starting web application
2024-07-29 14:22:35,403 [INFO] WebApp:544 - Web application path used C:\ST\STM32CubeIDE_1.15.1\STM32CubeIDE\plugins\com.st.stm32cube.common.mx_6.11.1.202404110753\db\plugins\mcufinder\reactClient1\index.html
2024-07-29 17:47:19,124 [ERROR] ConfigurationRetriever:142 - IOException on connection: Connect timed out
2024-07-29 19:52:11,439 [INFO] McuFinderGlobals:63 - Set McuFinder mode to 2 (CubeIDE integrated)
2024-07-29 19:52:11,472 [INFO] MainUpdater:2873 - connection check result : 10
2024-07-29 19:52:11,481 [INFO] MainUpdater:2873 - connection check result : 10
2024-07-29 19:52:11,701 [INFO] MicroXplorer:468 - Change Database Path : 
2024-07-29 19:52:11,701 [INFO] MicroXplorer:498 - Change Database Version : DB.6.0.111
2024-07-29 19:52:11,708 [WARN] ThirdParty:871 - waiting for thirdparty lock release [close project]
2024-07-29 19:52:11,708 [INFO] ThirdParty:873 - entering critical section [close project]
2024-07-29 19:52:11,710 [INFO] ThirdParty:883 - exiting critical section [close project]
2024-07-29 19:52:11,713 [INFO] PinOutPanel:1561 - setPackage(No Configuration,No Configuration)
2024-07-29 19:52:11,718 [INFO] UtilMem:75 - Begin LoadConfig() Used Memory: 660690760 Bytes (1073741824)
2024-07-29 19:52:11,720 [INFO] MicroXplorer:468 - Change Database Path : 
2024-07-29 19:52:11,720 [INFO] MicroXplorer:498 - Change Database Version : DB.6.0.111
2024-07-29 19:52:11,720 [INFO] OpenFileManager:312 - Change cursor
2024-07-29 19:52:11,777 [INFO] Mcu:2021 - Initializing MCU STM32L053C(6-8)Tx STM32L053C8Tx STM32L053C8T6
2024-07-29 19:52:13,403 [INFO] Context:663 - Trying to add GPIOservice into a context  which must be forbidden
2024-07-29 19:52:13,893 [INFO] RtosManager:555 - Registered RTOS mode: class=CMSIS, group=RTOS, mode=CMSIS_V1, owner=FREERTOS
2024-07-29 19:52:13,893 [INFO] RtosManager:555 - Registered RTOS mode: class=CMSIS, group=RTOS2, mode=CMSIS_V2, owner=FREERTOS
2024-07-29 19:52:13,894 [INFO] RtosManager:555 - Registered RTOS mode: class=RTOS, group=Core, mode=CMSIS_V1, owner=FREERTOS
2024-07-29 19:52:13,894 [INFO] RtosManager:555 - Registered RTOS mode: class=RTOS, group=Core, mode=CMSIS_V2, owner=FREERTOS
2024-07-29 19:52:13,894 [WARN] ModelIntegratedComponent:184 - Missing modes for component STMicroelectronics:FreeRTOS:0.0.1:STMicroelectronics:RTOS:FreeRTOS:Core:::10.2.0:
2024-07-29 19:52:13,910 [WARN] ModelIntegratedComponent:63 - No mode defined for component null
2024-07-29 19:52:13,910 [WARN] ModelIntegratedComponent:63 - No mode defined for component null
2024-07-29 19:52:13,910 [WARN] ModelIntegratedComponent:63 - No mode defined for component null
2024-07-29 19:52:13,910 [WARN] ModelIntegratedComponent:63 - No mode defined for component null
2024-07-29 19:52:13,910 [WARN] ModelIntegratedComponent:63 - No mode defined for component null
2024-07-29 19:52:13,910 [WARN] ModelIntegratedComponent:63 - No mode defined for component null
2024-07-29 19:52:13,910 [WARN] ModelIntegratedComponent:63 - No mode defined for component null
2024-07-29 19:52:13,911 [WARN] ModelIntegratedComponent:63 - No mode defined for component null
2024-07-29 19:52:13,911 [WARN] ModelIntegratedComponent:63 - No mode defined for component null
2024-07-29 19:52:13,911 [WARN] ModelIntegratedComponent:63 - No mode defined for component null
2024-07-29 19:52:13,911 [WARN] ModelIntegratedComponent:63 - No mode defined for component null
2024-07-29 19:52:13,911 [WARN] ModelIntegratedComponent:63 - No mode defined for component null
2024-07-29 19:52:13,913 [WARN] ModelIntegratedComponent:63 - No mode defined for component null
2024-07-29 19:52:13,913 [WARN] ModelIntegratedComponent:63 - No mode defined for component null
2024-07-29 19:52:13,914 [WARN] ModelIntegratedComponent:63 - No mode defined for component null
2024-07-29 19:52:13,914 [WARN] ModelIntegratedComponent:63 - No mode defined for component null
2024-07-29 19:52:13,914 [WARN] ModelIntegratedComponent:63 - No mode defined for component null
2024-07-29 19:52:13,914 [WARN] ModelIntegratedComponent:63 - No mode defined for component null
2024-07-29 19:52:13,914 [WARN] ModelIntegratedComponent:63 - No mode defined for component null
2024-07-29 19:52:13,914 [WARN] ModelIntegratedComponent:63 - No mode defined for component null
2024-07-29 19:52:13,914 [WARN] ModelIntegratedComponent:63 - No mode defined for component null
2024-07-29 19:52:13,914 [WARN] ModelIntegratedComponent:63 - No mode defined for component null
2024-07-29 19:52:13,915 [WARN] ModelIntegratedComponent:63 - No mode defined for component null
2024-07-29 19:52:13,915 [WARN] ModelIntegratedComponent:63 - No mode defined for component null
2024-07-29 19:52:13,915 [WARN] ModelIntegratedComponent:63 - No mode defined for component null
2024-07-29 19:52:13,915 [WARN] ModelIntegratedComponent:63 - No mode defined for component null
2024-07-29 19:52:13,915 [WARN] ModelIntegratedComponent:63 - No mode defined for component null
2024-07-29 19:52:13,915 [WARN] ModelIntegratedComponent:63 - No mode defined for component null
2024-07-29 19:52:13,915 [WARN] ModelIntegratedComponent:63 - No mode defined for component null
2024-07-29 19:52:13,915 [WARN] ModelIntegratedComponent:63 - No mode defined for component null
2024-07-29 19:52:13,915 [WARN] ModelIntegratedComponent:63 - No mode defined for component null
2024-07-29 19:52:13,915 [WARN] ModelIntegratedComponent:63 - No mode defined for component null
2024-07-29 19:52:13,915 [WARN] ModelIntegratedComponent:63 - No mode defined for component null
2024-07-29 19:52:13,915 [WARN] ModelIntegratedComponent:63 - No mode defined for component null
2024-07-29 19:52:14,046 [INFO] ThirdPartyModel:298 - Start build external matchings
2024-07-29 19:52:14,450 [INFO] ThirdPartyModel:316 - End build external matchings
2024-07-29 19:52:14,469 [INFO] ImportTextPane:194 - (OptionalMessage_ERROR) IP (RCC) : Parameter (48USBFreq_Value) has invalid value (32000000)
2024-07-29 19:52:14,469 [INFO] ImportTextPane:194 - (OptionalMessage_ERROR) IP (RCC) : Invalid parameter (FamilyName)
2024-07-29 19:52:14,471 [INFO] ImportTextPane:194 - (OptionalMessage_ERROR) IP (RCC) : Parameter (RTCHSEDivFreq_Value) has invalid value (12500000)
2024-07-29 19:52:14,471 [INFO] ImportTextPane:194 - (OptionalMessage_ERROR) IP (RCC) : Invalid parameter (TIMFreq_Value)
2024-07-29 19:52:14,906 [INFO] ApiDb:581 - Connected to CubeFinder SQLite database (C:\Users\Matheus Markies\.stmcufinder\plugins\mcufinder\mcu\cube-finder-db.db)
2024-07-29 19:52:15,152 [INFO] ApiDb:668 - CubeFinder database Data Model version=2.1
2024-07-29 19:52:15,153 [INFO] ApiDb:669 - CubeFinder database Configuration version=3.0.39
2024-07-29 19:52:15,154 [INFO] ApiDb:670 - CubeFinder database generation date=2024-06-20 (1718880634)
2024-07-29 19:52:15,154 [INFO] ApiDb:671 - CubeFinder database FW Pack versions=[FP-ATR-ASTRA1_V2.0.0, FP-SNS-FLIGHT1_V5.0.2, FP-SNS-MOTENV1_V5.0.0, FP-SNS-MOTENVWB1_V1.4.0, FP-SNS-SMARTAG2_V1.2.0, STM32Cube_FW_C0_V1.2.0, STM32Cube_FW_F4_V1.28.0, STM32Cube_FW_F7_V1.17.2, STM32Cube_FW_G0_V1.6.2, STM32Cube_FW_G4_V1.6.0, STM32Cube_FW_H5_V1.3.0, STM32Cube_FW_H7RS_V1.1.0, STM32Cube_FW_H7_V1.11.2, STM32Cube_FW_L0_V1.12.2, STM32Cube_FW_L5_V1.5.1, STM32Cube_FW_U0_V1.1.0, STM32Cube_FW_U5_V1.6.0, STM32Cube_FW_WB0_V1.0.0, STM32Cube_FW_WBA_V1.4.0, STM32Cube_FW_WB_V1.20.0, STM32Cube_FW_WL_V1.3.0, X-CUBE-ALGOBUILD_V1.4.0, X-CUBE-ALS_V1.0.2, X-CUBE-AZRTOS-F4_V1.1.0, X-CUBE-AZRTOS-F7_V1.1.0, X-CUBE-AZRTOS-G0_V1.1.0, X-CUBE-AZRTOS-G4_V2.0.0, X-CUBE-AZRTOS-H7RS_V1.0.0, X-CUBE-AZRTOS-H7_V3.2.0, X-CUBE-AZRTOS-L4_V2.0.0, X-CUBE-AZRTOS-L5_V1.1.0, X-CUBE-AZRTOS-WB_V2.0.0, X-CUBE-AZRTOS-WL_V2.0.0, X-CUBE-BLE1_V7.0.0, X-CUBE-BLE2_V3.3.0, X-CUBE-BLEMGR_V3.1.0, X-CUBE-EEPRMA1_V5.1.0, X-CUBE-FREERTOS_V1.2.0, X-CUBE-GNSS1_V6.0.0, X-CUBE-MEMS1_V10.0.0, X-CUBE-NFC4_V3.0.0, X-CUBE-NFC7_V1.0.1, X-CUBE-SFXS2LP1_V4.0.0, X-CUBE-SUBG2_V5.0.0, X-CUBE-TOF1_V3.4.1]
2024-07-29 19:52:15,443 [INFO] DbBoardsSqlite:226 - include board P-NUCLEO-WB55-NUCLEO as a kit item of type 'Nucleo-64'
2024-07-29 19:52:15,443 [INFO] DbBoardsSqlite:226 - include board P-NUCLEO-WB55-USBDONGLE as a kit item of type 'Nucleo USB Dongle'
2024-07-29 19:52:15,446 [INFO] DbBoardsSqlite:226 - include board STEVAL-IDP005V1 as a kit item of type 'Evaluation Board'
2024-07-29 19:52:15,446 [INFO] DbBoardsSqlite:226 - include board STEVAL-IDP005V2 as a kit item of type 'Evaluation Board'
2024-07-29 19:52:17,269 [INFO] ApiDb:240 - Found 483 in-development CPN: [B-G473E-ZEST1S, B-WB1M-WPAN1, B-WL5M-SUBG1, NUCLEO-C031C6, NUCLEO-H503RB, NUCLEO-H533RE, NUCLEO-H563ZI, NUCLEO-H7S3L8, NUCLEO-U031R8, NUCLEO-U083RC, NUCLEO-U545RE-Q, NUCLEO-U5A5ZJ-Q, NUCLEO-WBA52CG, NUCLEO-WBA55CG, STEVAL-PROTEUS1, STEVAL-SMARTAG2, STEVAL-STWINBX1, STM320518-EVAL, STM32C0116-DK, STM32C011D6Y3TR, STM32C011D6Y6TR, STM32C011F4P3, STM32C011F4P6, STM32C011F4U3, STM32C011F4U6TR, STM32C011F6P3, STM32C011F6P6, STM32C011F6U3, STM32C011F6U6TR, STM32C011J4M3, STM32C011J4M6, STM32C011J6M3, STM32C011J6M6, STM32C0316-DK, STM32C031C4T3, STM32C031C4T6, STM32C031C4U3, STM32C031C4U6, STM32C031C6T3, STM32C031C6T6, STM32C031C6U3, STM32C031C6U6, STM32C031F4P3, STM32C031F4P6, STM32C031F6P3, STM32C031F6P6, STM32C031G4U3, STM32C031G4U6, STM32C031G6U3, STM32C031G6U6, STM32C031K4T3, STM32C031K4T6, STM32C031K4U3, STM32C031K4U6, STM32C031K6T3, STM32C031K6T6, STM32C031K6U3, STM32C031K6U6, STM32G071K8TXN, STM32G071K8UXN, STM32G081GBU6N, STM32G081KBT6N, STM32G081KBUXN, STM32G0B1CCT6N, STM32G0B1KCT6, STM32G0B1NEY6TR, STM32G0B1RCT6N, STM32G0C1CCT6, STM32G0C1CCT6N, STM32G0C1CCU6N, STM32G0C1CET6N, STM32G0C1CEU6N, STM32G0C1KCT6, STM32G0C1NEY6TR, STM32G0C1RCI6N, STM32G0C1RCT6N, STM32G0C1REI6N, STM32G0C1RET6N, STM32G0C1VCI6, STM32G0C1VEI6, STM32G471CCT6, STM32G471CCU6, STM32G471CET3, STM32G471CET6, STM32G471CEU3, STM32G471CEU6, STM32G471MCT6, STM32G471MET3, STM32G471MET6, STM32G471MEY6TR, STM32G471QCT6, STM32G471QET3, STM32G471RCT6, STM32G471RET3, STM32G471RET6, STM32G471VCH6, STM32G471VCI6, STM32G471VCT6, STM32G471VEH3, STM32G471VEH6, STM32G471VEI3, STM32G471VEI6, STM32G471VET3, STM32G471VET6, STM32G474CCT6, STM32H503CBT6, STM32H503CBU6, STM32H503EBY6TR, STM32H503KBU6, STM32H503RBT6, STM32H523CCT6, STM32H523CCU6, STM32H523CET6, STM32H523CEU6, STM32H523HEY6TR, STM32H523RCT6, STM32H523RET6, STM32H523VCI6, STM32H523VCT6, STM32H523VEI6, STM32H523VET6, STM32H523ZCJ6, STM32H523ZCT6, STM32H523ZEJ6, STM32H523ZET6, STM32H533CET6, STM32H533CEU6, STM32H533HEY6TR, STM32H533RET6, STM32H533VEI6, STM32H533VET6, STM32H533ZEJ6, STM32H533ZET6, STM32H562AGI6, STM32H562AII6, STM32H562IGK6, STM32H562IGT6, STM32H562IIK6, STM32H562IIT6, STM32H562RGT6, STM32H562RGV6, STM32H562RIT6, STM32H562RIV6, STM32H562VGT6, STM32H562VIT6, STM32H562ZGT6, STM32H562ZIT6, STM32H563AGI6, STM32H563AII3Q, STM32H563AII6, STM32H563IGK6, STM32H563IGT6, STM32H563IIK3Q, STM32H563IIK6, STM32H563IIT3Q, STM32H563IIT6, STM32H563MIY3QTR, STM32H563RGT6, STM32H563RGV6, STM32H563RIT6, STM32H563RIV6, STM32H563VGT6, STM32H563VIT3Q, STM32H563VIT6, STM32H563ZGT6, STM32H563ZIT3Q, STM32H563ZIT6, STM32H573AII3Q, STM32H573AII6, STM32H573I-DK, STM32H573IIK3Q, STM32H573IIK6, STM32H573IIT3Q, STM32H573IIT6, STM32H573MIY3QTR, STM32H573RIT6, STM32H573RIV6, STM32H573VIT3Q, STM32H573VIT6, STM32H573ZIT3Q, STM32H573ZIT6, STM32H7R3A8I6, STM32H7R3I8K6, STM32H7R3I8T6, STM32H7R3L8H6, STM32H7R3L8H6H, STM32H7R3R8V6, STM32H7R3V8H6, STM32H7R3V8T6, STM32H7R3V8Y6, STM32H7R3Z8J6, STM32H7R3Z8T6, STM32H7R7A8I6, STM32H7R7I8K6, STM32H7R7I8T6, STM32H7R7L8H6, STM32H7R7L8H6H, STM32H7R7Z8J6, STM32H7S3A8I6, STM32H7S3I8K6, STM32H7S3I8T6, STM32H7S3L8H6, STM32H7S3L8H6H, STM32H7S3R8V6, STM32H7S3V8H6, STM32H7S3V8T6, STM32H7S3V8Y6, STM32H7S3Z8J6, STM32H7S3Z8T6, STM32H7S78-DK, STM32H7S7A8I6, STM32H7S7I8K6, STM32H7S7I8T6, STM32H7S7L8H6, STM32H7S7L8H6H, STM32H7S7Z8J6, STM32L4R5QGI6STR, STM32MP131AAE3, STM32MP131AAF3, STM32MP131AAG3, STM32MP131CAE3, STM32MP131CAF3, STM32MP131CAG3, STM32MP131DAE7, STM32MP131DAF7, STM32MP131DAG7, STM32MP131FAE7, STM32MP131FAF7, STM32MP131FAG7, STM32MP133AAE3, STM32MP133AAF3, STM32MP133AAG3, STM32MP133CAE3, STM32MP133CAF3, STM32MP133CAG3, STM32MP133DAE7, STM32MP133DAF7, STM32MP133DAG7, STM32MP133FAE7, STM32MP133FAF7, STM32MP133FAG7, STM32MP135AAE3, STM32MP135AAF3, STM32MP135AAG3, STM32MP135CAE3, STM32MP135CAF3, STM32MP135CAG3, STM32MP135DAE7, STM32MP135DAF7, STM32MP135DAG7, STM32MP135F-DK, STM32MP135FAE7, STM32MP135FAF7, STM32MP135FAF7T, STM32MP135FAF7U, STM32MP135FAG7, STM32U031C6T6, STM32U031C6U6, STM32U031C8T6, STM32U031C8U6, STM32U031F4P6, STM32U031F6P6, STM32U031F8P6, STM32U031G6Y6TR, STM32U031G8Y6TR, STM32U031K4U6, STM32U031K6U6, STM32U031K8U6, STM32U031R6I6, STM32U031R6T6, STM32U031R8I6, STM32U031R8T6, STM32U073C8T6, STM32U073C8U6, STM32U073CBT6, STM32U073CBU6, STM32U073CCT6, STM32U073CCU6, STM32U073H8Y6TR, STM32U073HBY6TR, STM32U073HCY6TR, STM32U073K8U6, STM32U073KBU6, STM32U073KCU6, STM32U073M8I6, STM32U073M8T6, STM32U073MBI6, STM32U073MBT6, STM32U073MCI6, STM32U073MCT6, STM32U073R8I6, STM32U073R8T6, STM32U073RBI6, STM32U073RBT6, STM32U073RCI6, STM32U073RCT6, STM32U083C-DK, STM32U083CCT6, STM32U083CCU6, STM32U083HCY6TR, STM32U083KCU6, STM32U083MCI6, STM32U083MCT6, STM32U083RCI6, STM32U083RCT6, STM32U535CBT6, STM32U535CBT6Q, STM32U535CBU6, STM32U535CBU6Q, STM32U535CCT6, STM32U535CCT6Q, STM32U535CCU6, STM32U535CCU6Q, STM32U535CET6, STM32U535CET6Q, STM32U535CEU6, STM32U535CEU6Q, STM32U535JEY6QTR, STM32U535NCY6QTR, STM32U535NEY6QTR, STM32U535RBI6, STM32U535RBI6Q, STM32U535RBT6, STM32U535RBT6Q, STM32U535RCI6, STM32U535RCI6Q, STM32U535RCT6, STM32U535RCT6Q, STM32U535REI6, STM32U535REI6Q, STM32U535RET6, STM32U535RET6Q, STM32U535VCI6, STM32U535VCI6Q, STM32U535VCT6, STM32U535VCT6Q, STM32U535VEI6, STM32U535VEI6Q, STM32U535VET6, STM32U535VET6Q, STM32U545CET6, STM32U545CET6Q, STM32U545CEU6, STM32U545CEU6Q, STM32U545JEY6QTR, STM32U545NEY6QTR, STM32U545REI6, STM32U545REI6Q, STM32U545RET6, STM32U545RET6Q, STM32U545VEI6, STM32U545VEI6Q, STM32U545VET6, STM32U545VET6Q, STM32U595AIH6, STM32U595AIH6Q, STM32U595AJH6, STM32U595AJH6Q, STM32U595QII6, STM32U595QII6Q, STM32U595QJI6, STM32U595QJI6Q, STM32U595RIT6, STM32U595RIT6Q, STM32U595RJT6, STM32U595RJT6Q, STM32U595VIT6, STM32U595VIT6Q, STM32U595VJT6, STM32U595VJT6Q, STM32U595ZIT6, STM32U595ZIT6Q, STM32U595ZIY6QTR, STM32U595ZJT6, STM32U595ZJT6Q, STM32U595ZJY6QTR, STM32U599BJY6QTR, STM32U599NIH6Q, STM32U599NJH6Q, STM32U599VIT6Q, STM32U599VJT6, STM32U599VJT6Q, STM32U599ZIT6Q, STM32U599ZIY6QTR, STM32U599ZJT6Q, STM32U599ZJY6QTR, STM32U5A5AJH6, STM32U5A5AJH6Q, STM32U5A5QII3Q , STM32U5A5QJI6, STM32U5A5QJI6Q, STM32U5A5RJT6, STM32U5A5RJT6Q, STM32U5A5VJT6, STM32U5A5VJT6Q, STM32U5A5ZJT6, STM32U5A5ZJT6Q, STM32U5A5ZJY6QTR, STM32U5A9BJY6QTR, STM32U5A9J-DK, STM32U5A9NJH6Q, STM32U5A9VJT6Q, STM32U5A9ZJT6Q, STM32U5A9ZJY6QTR, STM32U5F7VIT6, STM32U5F7VIT6Q, STM32U5F7VJT6, STM32U5F7VJT6Q, STM32U5F9BJY6QTR, STM32U5F9NJH6Q, STM32U5F9VIT6Q, STM32U5F9VJT6Q, STM32U5F9ZIJ6QTR, STM32U5F9ZIT6Q, STM32U5F9ZJJ6QTR, STM32U5F9ZJT6Q, STM32U5G7VJT6, STM32U5G7VJT6Q, STM32U5G9BJY6QTR, STM32U5G9J-DK1, STM32U5G9J-DK2, STM32U5G9NJH6Q, STM32U5G9VJT6Q, STM32U5G9ZJJ6QTR, STM32U5G9ZJT6Q, STM32WB1MMCH6, STM32WBA50KEU6, STM32WBA50KEU6TR, STM32WBA50KGU6, STM32WBA50KGU6TR, STM32WBA52CEU6, STM32WBA52CEU6TR, STM32WBA52CEU7, STM32WBA52CEU7TR, STM32WBA52CGU6, STM32WBA52CGU6TR, STM32WBA52CGU6U, STM32WBA52CGU7, STM32WBA52CGU7TR, STM32WBA52KEU6, STM32WBA52KEU6TR, STM32WBA52KGU6, STM32WBA52KGU6TR, STM32WBA54CEU6, STM32WBA54CEU6TR, STM32WBA54CEU7, STM32WBA54CEU7TR, STM32WBA54CGU6, STM32WBA54CGU6TR, STM32WBA54CGU7, STM32WBA54CGU7TR, STM32WBA54KEU6, STM32WBA54KEU6TR, STM32WBA54KEU7, STM32WBA54KEU7TR, STM32WBA54KGU6, STM32WBA54KGU6TR, STM32WBA54KGU7, STM32WBA54KGU7TR, STM32WBA55CEU6, STM32WBA55CEU6TR, STM32WBA55CEU7, STM32WBA55CEU7TR, STM32WBA55CGU6, STM32WBA55CGU6TR, STM32WBA55CGU6U, STM32WBA55CGU7, STM32WBA55CGU7TR, STM32WBA55G-DK1, STM32WBA55HEF6, STM32WBA55HEF7, STM32WBA55HGF6, STM32WBA55HGF7, STM32WBA55UEI6, STM32WBA55UEI6TR, STM32WBA55UEI7, STM32WBA55UEI7TR, STM32WBA55UGI6, STM32WBA55UGI6TR, STM32WBA55UGI7, STM32WBA55UGI7TR, STM32WL5MOCH6, STM32WL5MOCH6TR]
2024-07-29 19:52:17,273 [INFO] ApiDb:668 - CubeFinder database Data Model version=2.1
2024-07-29 19:52:17,273 [INFO] ApiDb:669 - CubeFinder database Configuration version=3.0.39
2024-07-29 19:52:17,273 [INFO] ApiDb:670 - CubeFinder database generation date=2024-06-20 (1718880634)
2024-07-29 19:52:17,273 [INFO] ApiDb:671 - CubeFinder database FW Pack versions=[FP-ATR-ASTRA1_V2.0.0, FP-SNS-FLIGHT1_V5.0.2, FP-SNS-MOTENV1_V5.0.0, FP-SNS-MOTENVWB1_V1.4.0, FP-SNS-SMARTAG2_V1.2.0, STM32Cube_FW_C0_V1.2.0, STM32Cube_FW_F4_V1.28.0, STM32Cube_FW_F7_V1.17.2, STM32Cube_FW_G0_V1.6.2, STM32Cube_FW_G4_V1.6.0, STM32Cube_FW_H5_V1.3.0, STM32Cube_FW_H7RS_V1.1.0, STM32Cube_FW_H7_V1.11.2, STM32Cube_FW_L0_V1.12.2, STM32Cube_FW_L5_V1.5.1, STM32Cube_FW_U0_V1.1.0, STM32Cube_FW_U5_V1.6.0, STM32Cube_FW_WB0_V1.0.0, STM32Cube_FW_WBA_V1.4.0, STM32Cube_FW_WB_V1.20.0, STM32Cube_FW_WL_V1.3.0, X-CUBE-ALGOBUILD_V1.4.0, X-CUBE-ALS_V1.0.2, X-CUBE-AZRTOS-F4_V1.1.0, X-CUBE-AZRTOS-F7_V1.1.0, X-CUBE-AZRTOS-G0_V1.1.0, X-CUBE-AZRTOS-G4_V2.0.0, X-CUBE-AZRTOS-H7RS_V1.0.0, X-CUBE-AZRTOS-H7_V3.2.0, X-CUBE-AZRTOS-L4_V2.0.0, X-CUBE-AZRTOS-L5_V1.1.0, X-CUBE-AZRTOS-WB_V2.0.0, X-CUBE-AZRTOS-WL_V2.0.0, X-CUBE-BLE1_V7.0.0, X-CUBE-BLE2_V3.3.0, X-CUBE-BLEMGR_V3.1.0, X-CUBE-EEPRMA1_V5.1.0, X-CUBE-FREERTOS_V1.2.0, X-CUBE-GNSS1_V6.0.0, X-CUBE-MEMS1_V10.0.0, X-CUBE-NFC4_V3.0.0, X-CUBE-NFC7_V1.0.1, X-CUBE-SFXS2LP1_V4.0.0, X-CUBE-SUBG2_V5.0.0, X-CUBE-TOF1_V3.4.1]
2024-07-29 19:52:19,718 [INFO] ApiDb:240 - Found 483 in-development CPN: [B-G473E-ZEST1S, B-WB1M-WPAN1, B-WL5M-SUBG1, NUCLEO-C031C6, NUCLEO-H503RB, NUCLEO-H533RE, NUCLEO-H563ZI, NUCLEO-H7S3L8, NUCLEO-U031R8, NUCLEO-U083RC, NUCLEO-U545RE-Q, NUCLEO-U5A5ZJ-Q, NUCLEO-WBA52CG, NUCLEO-WBA55CG, STEVAL-PROTEUS1, STEVAL-SMARTAG2, STEVAL-STWINBX1, STM320518-EVAL, STM32C0116-DK, STM32C011D6Y3TR, STM32C011D6Y6TR, STM32C011F4P3, STM32C011F4P6, STM32C011F4U3, STM32C011F4U6TR, STM32C011F6P3, STM32C011F6P6, STM32C011F6U3, STM32C011F6U6TR, STM32C011J4M3, STM32C011J4M6, STM32C011J6M3, STM32C011J6M6, STM32C0316-DK, STM32C031C4T3, STM32C031C4T6, STM32C031C4U3, STM32C031C4U6, STM32C031C6T3, STM32C031C6T6, STM32C031C6U3, STM32C031C6U6, STM32C031F4P3, STM32C031F4P6, STM32C031F6P3, STM32C031F6P6, STM32C031G4U3, STM32C031G4U6, STM32C031G6U3, STM32C031G6U6, STM32C031K4T3, STM32C031K4T6, STM32C031K4U3, STM32C031K4U6, STM32C031K6T3, STM32C031K6T6, STM32C031K6U3, STM32C031K6U6, STM32G071K8TXN, STM32G071K8UXN, STM32G081GBU6N, STM32G081KBT6N, STM32G081KBUXN, STM32G0B1CCT6N, STM32G0B1KCT6, STM32G0B1NEY6TR, STM32G0B1RCT6N, STM32G0C1CCT6, STM32G0C1CCT6N, STM32G0C1CCU6N, STM32G0C1CET6N, STM32G0C1CEU6N, STM32G0C1KCT6, STM32G0C1NEY6TR, STM32G0C1RCI6N, STM32G0C1RCT6N, STM32G0C1REI6N, STM32G0C1RET6N, STM32G0C1VCI6, STM32G0C1VEI6, STM32G471CCT6, STM32G471CCU6, STM32G471CET3, STM32G471CET6, STM32G471CEU3, STM32G471CEU6, STM32G471MCT6, STM32G471MET3, STM32G471MET6, STM32G471MEY6TR, STM32G471QCT6, STM32G471QET3, STM32G471RCT6, STM32G471RET3, STM32G471RET6, STM32G471VCH6, STM32G471VCI6, STM32G471VCT6, STM32G471VEH3, STM32G471VEH6, STM32G471VEI3, STM32G471VEI6, STM32G471VET3, STM32G471VET6, STM32G474CCT6, STM32H503CBT6, STM32H503CBU6, STM32H503EBY6TR, STM32H503KBU6, STM32H503RBT6, STM32H523CCT6, STM32H523CCU6, STM32H523CET6, STM32H523CEU6, STM32H523HEY6TR, STM32H523RCT6, STM32H523RET6, STM32H523VCI6, STM32H523VCT6, STM32H523VEI6, STM32H523VET6, STM32H523ZCJ6, STM32H523ZCT6, STM32H523ZEJ6, STM32H523ZET6, STM32H533CET6, STM32H533CEU6, STM32H533HEY6TR, STM32H533RET6, STM32H533VEI6, STM32H533VET6, STM32H533ZEJ6, STM32H533ZET6, STM32H562AGI6, STM32H562AII6, STM32H562IGK6, STM32H562IGT6, STM32H562IIK6, STM32H562IIT6, STM32H562RGT6, STM32H562RGV6, STM32H562RIT6, STM32H562RIV6, STM32H562VGT6, STM32H562VIT6, STM32H562ZGT6, STM32H562ZIT6, STM32H563AGI6, STM32H563AII3Q, STM32H563AII6, STM32H563IGK6, STM32H563IGT6, STM32H563IIK3Q, STM32H563IIK6, STM32H563IIT3Q, STM32H563IIT6, STM32H563MIY3QTR, STM32H563RGT6, STM32H563RGV6, STM32H563RIT6, STM32H563RIV6, STM32H563VGT6, STM32H563VIT3Q, STM32H563VIT6, STM32H563ZGT6, STM32H563ZIT3Q, STM32H563ZIT6, STM32H573AII3Q, STM32H573AII6, STM32H573I-DK, STM32H573IIK3Q, STM32H573IIK6, STM32H573IIT3Q, STM32H573IIT6, STM32H573MIY3QTR, STM32H573RIT6, STM32H573RIV6, STM32H573VIT3Q, STM32H573VIT6, STM32H573ZIT3Q, STM32H573ZIT6, STM32H7R3A8I6, STM32H7R3I8K6, STM32H7R3I8T6, STM32H7R3L8H6, STM32H7R3L8H6H, STM32H7R3R8V6, STM32H7R3V8H6, STM32H7R3V8T6, STM32H7R3V8Y6, STM32H7R3Z8J6, STM32H7R3Z8T6, STM32H7R7A8I6, STM32H7R7I8K6, STM32H7R7I8T6, STM32H7R7L8H6, STM32H7R7L8H6H, STM32H7R7Z8J6, STM32H7S3A8I6, STM32H7S3I8K6, STM32H7S3I8T6, STM32H7S3L8H6, STM32H7S3L8H6H, STM32H7S3R8V6, STM32H7S3V8H6, STM32H7S3V8T6, STM32H7S3V8Y6, STM32H7S3Z8J6, STM32H7S3Z8T6, STM32H7S78-DK, STM32H7S7A8I6, STM32H7S7I8K6, STM32H7S7I8T6, STM32H7S7L8H6, STM32H7S7L8H6H, STM32H7S7Z8J6, STM32L4R5QGI6STR, STM32MP131AAE3, STM32MP131AAF3, STM32MP131AAG3, STM32MP131CAE3, STM32MP131CAF3, STM32MP131CAG3, STM32MP131DAE7, STM32MP131DAF7, STM32MP131DAG7, STM32MP131FAE7, STM32MP131FAF7, STM32MP131FAG7, STM32MP133AAE3, STM32MP133AAF3, STM32MP133AAG3, STM32MP133CAE3, STM32MP133CAF3, STM32MP133CAG3, STM32MP133DAE7, STM32MP133DAF7, STM32MP133DAG7, STM32MP133FAE7, STM32MP133FAF7, STM32MP133FAG7, STM32MP135AAE3, STM32MP135AAF3, STM32MP135AAG3, STM32MP135CAE3, STM32MP135CAF3, STM32MP135CAG3, STM32MP135DAE7, STM32MP135DAF7, STM32MP135DAG7, STM32MP135F-DK, STM32MP135FAE7, STM32MP135FAF7, STM32MP135FAF7T, STM32MP135FAF7U, STM32MP135FAG7, STM32U031C6T6, STM32U031C6U6, STM32U031C8T6, STM32U031C8U6, STM32U031F4P6, STM32U031F6P6, STM32U031F8P6, STM32U031G6Y6TR, STM32U031G8Y6TR, STM32U031K4U6, STM32U031K6U6, STM32U031K8U6, STM32U031R6I6, STM32U031R6T6, STM32U031R8I6, STM32U031R8T6, STM32U073C8T6, STM32U073C8U6, STM32U073CBT6, STM32U073CBU6, STM32U073CCT6, STM32U073CCU6, STM32U073H8Y6TR, STM32U073HBY6TR, STM32U073HCY6TR, STM32U073K8U6, STM32U073KBU6, STM32U073KCU6, STM32U073M8I6, STM32U073M8T6, STM32U073MBI6, STM32U073MBT6, STM32U073MCI6, STM32U073MCT6, STM32U073R8I6, STM32U073R8T6, STM32U073RBI6, STM32U073RBT6, STM32U073RCI6, STM32U073RCT6, STM32U083C-DK, STM32U083CCT6, STM32U083CCU6, STM32U083HCY6TR, STM32U083KCU6, STM32U083MCI6, STM32U083MCT6, STM32U083RCI6, STM32U083RCT6, STM32U535CBT6, STM32U535CBT6Q, STM32U535CBU6, STM32U535CBU6Q, STM32U535CCT6, STM32U535CCT6Q, STM32U535CCU6, STM32U535CCU6Q, STM32U535CET6, STM32U535CET6Q, STM32U535CEU6, STM32U535CEU6Q, STM32U535JEY6QTR, STM32U535NCY6QTR, STM32U535NEY6QTR, STM32U535RBI6, STM32U535RBI6Q, STM32U535RBT6, STM32U535RBT6Q, STM32U535RCI6, STM32U535RCI6Q, STM32U535RCT6, STM32U535RCT6Q, STM32U535REI6, STM32U535REI6Q, STM32U535RET6, STM32U535RET6Q, STM32U535VCI6, STM32U535VCI6Q, STM32U535VCT6, STM32U535VCT6Q, STM32U535VEI6, STM32U535VEI6Q, STM32U535VET6, STM32U535VET6Q, STM32U545CET6, STM32U545CET6Q, STM32U545CEU6, STM32U545CEU6Q, STM32U545JEY6QTR, STM32U545NEY6QTR, STM32U545REI6, STM32U545REI6Q, STM32U545RET6, STM32U545RET6Q, STM32U545VEI6, STM32U545VEI6Q, STM32U545VET6, STM32U545VET6Q, STM32U595AIH6, STM32U595AIH6Q, STM32U595AJH6, STM32U595AJH6Q, STM32U595QII6, STM32U595QII6Q, STM32U595QJI6, STM32U595QJI6Q, STM32U595RIT6, STM32U595RIT6Q, STM32U595RJT6, STM32U595RJT6Q, STM32U595VIT6, STM32U595VIT6Q, STM32U595VJT6, STM32U595VJT6Q, STM32U595ZIT6, STM32U595ZIT6Q, STM32U595ZIY6QTR, STM32U595ZJT6, STM32U595ZJT6Q, STM32U595ZJY6QTR, STM32U599BJY6QTR, STM32U599NIH6Q, STM32U599NJH6Q, STM32U599VIT6Q, STM32U599VJT6, STM32U599VJT6Q, STM32U599ZIT6Q, STM32U599ZIY6QTR, STM32U599ZJT6Q, STM32U599ZJY6QTR, STM32U5A5AJH6, STM32U5A5AJH6Q, STM32U5A5QII3Q , STM32U5A5QJI6, STM32U5A5QJI6Q, STM32U5A5RJT6, STM32U5A5RJT6Q, STM32U5A5VJT6, STM32U5A5VJT6Q, STM32U5A5ZJT6, STM32U5A5ZJT6Q, STM32U5A5ZJY6QTR, STM32U5A9BJY6QTR, STM32U5A9J-DK, STM32U5A9NJH6Q, STM32U5A9VJT6Q, STM32U5A9ZJT6Q, STM32U5A9ZJY6QTR, STM32U5F7VIT6, STM32U5F7VIT6Q, STM32U5F7VJT6, STM32U5F7VJT6Q, STM32U5F9BJY6QTR, STM32U5F9NJH6Q, STM32U5F9VIT6Q, STM32U5F9VJT6Q, STM32U5F9ZIJ6QTR, STM32U5F9ZIT6Q, STM32U5F9ZJJ6QTR, STM32U5F9ZJT6Q, STM32U5G7VJT6, STM32U5G7VJT6Q, STM32U5G9BJY6QTR, STM32U5G9J-DK1, STM32U5G9J-DK2, STM32U5G9NJH6Q, STM32U5G9VJT6Q, STM32U5G9ZJJ6QTR, STM32U5G9ZJT6Q, STM32WB1MMCH6, STM32WBA50KEU6, STM32WBA50KEU6TR, STM32WBA50KGU6, STM32WBA50KGU6TR, STM32WBA52CEU6, STM32WBA52CEU6TR, STM32WBA52CEU7, STM32WBA52CEU7TR, STM32WBA52CGU6, STM32WBA52CGU6TR, STM32WBA52CGU6U, STM32WBA52CGU7, STM32WBA52CGU7TR, STM32WBA52KEU6, STM32WBA52KEU6TR, STM32WBA52KGU6, STM32WBA52KGU6TR, STM32WBA54CEU6, STM32WBA54CEU6TR, STM32WBA54CEU7, STM32WBA54CEU7TR, STM32WBA54CGU6, STM32WBA54CGU6TR, STM32WBA54CGU7, STM32WBA54CGU7TR, STM32WBA54KEU6, STM32WBA54KEU6TR, STM32WBA54KEU7, STM32WBA54KEU7TR, STM32WBA54KGU6, STM32WBA54KGU6TR, STM32WBA54KGU7, STM32WBA54KGU7TR, STM32WBA55CEU6, STM32WBA55CEU6TR, STM32WBA55CEU7, STM32WBA55CEU7TR, STM32WBA55CGU6, STM32WBA55CGU6TR, STM32WBA55CGU6U, STM32WBA55CGU7, STM32WBA55CGU7TR, STM32WBA55G-DK1, STM32WBA55HEF6, STM32WBA55HEF7, STM32WBA55HGF6, STM32WBA55HGF7, STM32WBA55UEI6, STM32WBA55UEI6TR, STM32WBA55UEI7, STM32WBA55UEI7TR, STM32WBA55UGI6, STM32WBA55UGI6TR, STM32WBA55UGI7, STM32WBA55UGI7TR, STM32WL5MOCH6, STM32WL5MOCH6TR]
2024-07-29 19:52:19,722 [INFO] DbMcus:218 - Found 4203 MCUs, 4203 are supported
2024-07-29 19:52:19,728 [INFO] ApiDb:423 - Load user favorites file C:\Users\Matheus Markies/.stm32cubeide/favorites.mcus.txt: 3 item(s)
2024-07-29 19:52:19,728 [INFO] ApiDb:427 - User favorites MCUs=[STM32F103RBT6, STM32F411RET7, STM32L053C8T6]
2024-07-29 19:52:19,729 [INFO] DbMcus:224 - Set 3 / 3 favorites MCUs
2024-07-29 19:52:20,265 [INFO] BoardInfo:889 - No configuration file found for board P-NUCLEO-WB55
2024-07-29 19:52:20,266 [INFO] DbBoards:161 - Kit is not supported: P-NUCLEO-WB55
2024-07-29 19:52:20,272 [INFO] BoardInfo:889 - No configuration file found for board STEVAL-BFA001V1B
2024-07-29 19:52:20,272 [INFO] DbBoards:161 - Kit is not supported: STEVAL-BFA001V1B
2024-07-29 19:52:20,274 [INFO] BoardInfo:889 - No configuration file found for board STEVAL-BFA001V2B
2024-07-29 19:52:20,274 [INFO] DbBoards:161 - Kit is not supported: STEVAL-BFA001V2B
2024-07-29 19:52:20,444 [INFO] DbBoards:168 - Found 195 boards, 192 are supported
2024-07-29 19:52:20,444 [INFO] DbBoards:169 - Found 195 boards, 8 of them is supported for  Bsp
2024-07-29 19:52:20,448 [INFO] ApiDb:423 - Load user favorites file C:\Users\Matheus Markies/.stm32cubeide/favorites.boards.txt: 0 item(s)
2024-07-29 19:52:20,448 [INFO] ApiDb:427 - User favorites Boards=[]
2024-07-29 19:52:20,448 [INFO] DbBoards:198 - Set 0 / 0 favorites Boards
2024-07-29 19:52:20,507 [INFO] UtilMem:75 - End LoadConfig() Used Memory: 853064616 Bytes (1073741824)
2024-07-29 19:52:20,771 [WARN] ThirdParty:833 - waiting for thirdparty lock release [change project]
2024-07-29 19:52:20,771 [INFO] ThirdParty:835 - entering critical section [change project]
2024-07-29 19:52:20,772 [INFO] ThirdParty:1030 - CMSIS Pack Vendor :STMicroelectronics USBPD 4.1
2024-07-29 19:52:20,772 [INFO] ThirdParty:1030 - CMSIS Pack Vendor :STMicroelectronics X-CUBE-GNSS1 6.0.0
2024-07-29 19:52:20,772 [INFO] ThirdParty:1030 - CMSIS Pack Vendor :STMicroelectronics USB_HOST 2.0.0
2024-07-29 19:52:20,772 [INFO] ThirdParty:1030 - CMSIS Pack Vendor :STMicroelectronics FP-SNS-MOTENVWB1 1.4.0
2024-07-29 19:52:20,772 [INFO] ThirdParty:1030 - CMSIS Pack Vendor :STMicroelectronics X-CUBE-AZRTOS-F4 1.1.0
2024-07-29 19:52:20,772 [INFO] ThirdParty:1030 - CMSIS Pack Vendor :STMicroelectronics LIBJPEG 8.0.0
2024-07-29 19:52:20,772 [INFO] ThirdParty:1030 - CMSIS Pack Vendor :STMicroelectronics X-CUBE-SMBUS 2.1.0
2024-07-29 19:52:20,772 [INFO] ThirdParty:1030 - CMSIS Pack Vendor :STMicroelectronics USB_DEVICE 3.0.0
2024-07-29 19:52:20,772 [INFO] ThirdParty:1030 - CMSIS Pack Vendor :STMicroelectronics X-CUBE-TCPP 4.1.0
2024-07-29 19:52:20,772 [INFO] ThirdParty:1030 - CMSIS Pack Vendor :STMicroelectronics X-CUBE-FREERTOS 1.2.0
2024-07-29 19:52:20,772 [INFO] ThirdParty:1030 - CMSIS Pack Vendor :STMicroelectronics X-CUBE-AZRTOS-WB 2.0.0
2024-07-29 19:52:20,772 [INFO] ThirdParty:1030 - CMSIS Pack Vendor :STMicroelectronics X-CUBE-TOUCHGFX 4.23.2
2024-07-29 19:52:20,772 [INFO] ThirdParty:1030 - CMSIS Pack Vendor :STMicroelectronics X-CUBE-AZRTOS-F7 1.1.0
2024-07-29 19:52:20,772 [INFO] ThirdParty:1030 - CMSIS Pack Vendor :STMicroelectronics X-CUBE-AZRTOS-L5 2.0.0
2024-07-29 19:52:20,773 [INFO] ThirdParty:1030 - CMSIS Pack Vendor :STMicroelectronics USB_DEVICE 2.0.0
2024-07-29 19:52:20,773 [INFO] ThirdParty:1030 - CMSIS Pack Vendor :STMicroelectronics X-CUBE-NFC6 3.1.0
2024-07-29 19:52:20,773 [INFO] ThirdParty:1030 - CMSIS Pack Vendor :STMicroelectronics FP-SNS-STBOX1 2.0.0
2024-07-29 19:52:20,773 [INFO] ThirdParty:1030 - CMSIS Pack Vendor :STMicroelectronics FreeRTOS 0.0.1
2024-07-29 19:52:20,773 [INFO] ThirdParty:1030 - CMSIS Pack Vendor :STMicroelectronics X-CUBE-AZRTOS-G0 1.1.0
2024-07-29 19:52:20,773 [INFO] ThirdParty:1030 - CMSIS Pack Vendor :STMicroelectronics X-CUBE-SAFEA1 1.2.2
2024-07-29 19:52:20,773 [INFO] ThirdParty:1030 - CMSIS Pack Vendor :STMicroelectronics X-CUBE-NFC4 3.0.0
2024-07-29 19:52:20,773 [INFO] ThirdParty:1030 - CMSIS Pack Vendor :STMicroelectronics X-CUBE-DPower 1.2.0
2024-07-29 19:52:20,773 [INFO] ThirdParty:1030 - CMSIS Pack Vendor :STMicroelectronics X-CUBE-SUBG2 5.0.0
2024-07-29 19:52:20,773 [INFO] ThirdParty:1030 - CMSIS Pack Vendor :STMicroelectronics STM32_WPAN 1.0.0
2024-07-29 19:52:20,773 [INFO] ThirdParty:1030 - CMSIS Pack Vendor :wolfSSL I-CUBE-wolfMQTT 1.18.0
2024-07-29 19:52:20,773 [INFO] ThirdParty:1030 - CMSIS Pack Vendor :EmbeddedOffice I-CUBE-FS-RTOS 1.0.1
2024-07-29 19:52:20,773 [INFO] ThirdParty:1030 - CMSIS Pack Vendor :STMicroelectronics lwIP 2.0.3
2024-07-29 19:52:20,773 [INFO] ThirdParty:1030 - CMSIS Pack Vendor :STMicroelectronics FP-SNS-FLIGHT1 5.0.2
2024-07-29 19:52:20,773 [INFO] ThirdParty:1030 - CMSIS Pack Vendor :STMicroelectronics USB_HOST 1.0.0
2024-07-29 19:52:20,773 [INFO] ThirdParty:1030 - CMSIS Pack Vendor :STMicroelectronics X-CUBE-AI 9.0.0
2024-07-29 19:52:20,773 [INFO] ThirdParty:1030 - CMSIS Pack Vendor :STMicroelectronics X-CUBE-AZRTOS-G4 2.0.0
2024-07-29 19:52:20,773 [INFO] ThirdParty:1030 - CMSIS Pack Vendor :STMicroelectronics PDM2PCM 3.1.0
2024-07-29 19:52:20,774 [INFO] ThirdParty:1030 - CMSIS Pack Vendor :STMicroelectronics PDM2PCM 3.3.0
2024-07-29 19:52:20,774 [INFO] ThirdParty:1030 - CMSIS Pack Vendor :STMicroelectronics X-CUBE-DISPLAY 3.0.0
2024-07-29 19:52:20,774 [INFO] ThirdParty:1030 - CMSIS Pack Vendor :RealThread X-CUBE-RT-Thread_Nano 4.1.1
2024-07-29 19:52:20,774 [INFO] ThirdParty:1030 - CMSIS Pack Vendor :wolfSSL I-CUBE-wolfSSL 5.7.0
2024-07-29 19:52:20,774 [INFO] ThirdParty:1030 - CMSIS Pack Vendor :STMicroelectronics X-CUBE-BLE1 7.0.0
2024-07-29 19:52:20,774 [INFO] ThirdParty:1030 - CMSIS Pack Vendor :STMicroelectronics FP-ATR-SIGFOX1 3.2.0
2024-07-29 19:52:20,774 [INFO] ThirdParty:1030 - CMSIS Pack Vendor :STMicroelectronics X-CUBE-ISPU 2.0.0
2024-07-29 19:52:20,774 [INFO] ThirdParty:1030 - CMSIS Pack Vendor :STMicroelectronics X-CUBE-EEPRMA1 5.1.0
2024-07-29 19:52:20,774 [INFO] ThirdParty:1030 - CMSIS Pack Vendor :STMicroelectronics HAL Drivers 0.0.0
2024-07-29 19:52:20,774 [INFO] ThirdParty:1030 - CMSIS Pack Vendor :STMicroelectronics MBEDTLS 2.16.2
2024-07-29 19:52:20,774 [INFO] ThirdParty:1030 - CMSIS Pack Vendor :STMicroelectronics X-CUBE-ALS 1.0.2
2024-07-29 19:52:20,774 [INFO] ThirdParty:1030 - CMSIS Pack Vendor :emotas I-CUBE-CANOPEN 1.3.0
2024-07-29 19:52:20,774 [INFO] ThirdParty:1030 - CMSIS Pack Vendor :STMicroelectronics X-CUBE-MEMS1 10.0.0
2024-07-29 19:52:20,774 [INFO] ThirdParty:1030 - CMSIS Pack Vendor :STMicroelectronics X-CUBE-NFC7 1.0.1
2024-07-29 19:52:20,774 [INFO] ThirdParty:1030 - CMSIS Pack Vendor :STMicroelectronics MBEDTLS 2.14.1
2024-07-29 19:52:20,775 [INFO] ThirdParty:1030 - CMSIS Pack Vendor :STMicroelectronics X-CUBE-TOUCHGFX 4.24.0
2024-07-29 19:52:20,775 [INFO] ThirdParty:1030 - CMSIS Pack Vendor :ITTIA_DB I-CUBE-ITTIADB 8.9.0
2024-07-29 19:52:20,775 [INFO] ThirdParty:1030 - CMSIS Pack Vendor :wolfSSL I-CUBE-wolfTPM 3.2.0
2024-07-29 19:52:20,775 [INFO] ThirdParty:1030 - CMSIS Pack Vendor :portGmbH I-Cube-SoM-uGOAL 1.1.0
2024-07-29 19:52:20,775 [INFO] ThirdParty:1030 - CMSIS Pack Vendor :STMicroelectronics X-CUBE-ALS 1.0.1
2024-07-29 19:52:20,775 [INFO] ThirdParty:1030 - CMSIS Pack Vendor :STMicroelectronics X-CUBE-BLEMGR 3.1.0
2024-07-29 19:52:20,775 [INFO] ThirdParty:1030 - CMSIS Pack Vendor :STMicroelectronics ThreadX 1.0.0
2024-07-29 19:52:20,775 [INFO] ThirdParty:1030 - CMSIS Pack Vendor :STMicroelectronics FP-SNS-SMARTAG2 1.2.0
2024-07-29 19:52:20,775 [INFO] ThirdParty:1030 - CMSIS Pack Vendor :STMicroelectronics X-CUBE-AZRTOS-WL 2.0.0
2024-07-29 19:52:20,775 [INFO] ThirdParty:1030 - CMSIS Pack Vendor :SEGGER I-CUBE-embOS 1.3.1
2024-07-29 19:52:20,775 [INFO] ThirdParty:1030 - CMSIS Pack Vendor :STMicroelectronics X-CUBE-ALGOBUILD 1.4.0
2024-07-29 19:52:20,775 [INFO] ThirdParty:1030 - CMSIS Pack Vendor :STMicroelectronics FP-SNS-MOTENV1 5.0.0
2024-07-29 19:52:20,775 [INFO] ThirdParty:1030 - CMSIS Pack Vendor :STMicroelectronics USB_DEVICE 1.0.0
2024-07-29 19:52:20,775 [INFO] ThirdParty:1030 - CMSIS Pack Vendor :STMicroelectronics X-CUBE-AZRTOS-H7RS 1.0.0
2024-07-29 19:52:20,775 [INFO] ThirdParty:1030 - CMSIS Pack Vendor :wolfSSL I-CUBE-wolfMQTT 1.19.0
2024-07-29 19:52:20,775 [INFO] ThirdParty:1030 - CMSIS Pack Vendor :STMicroelectronics X-CUBE-AZRTOS-L4 2.0.0
2024-07-29 19:52:20,775 [INFO] ThirdParty:1030 - CMSIS Pack Vendor :STMicroelectronics ThreadX 0.0.2
2024-07-29 19:52:20,776 [INFO] ThirdParty:1030 - CMSIS Pack Vendor :WES I-CUBE-Cesium 1.3.0
2024-07-29 19:52:20,776 [INFO] ThirdParty:1030 - CMSIS Pack Vendor :STMicroelectronics FP-ATR-ASTRA1 2.0.0
2024-07-29 19:52:20,776 [INFO] ThirdParty:1030 - CMSIS Pack Vendor :STMicroelectronics lwIP 2.1.2
2024-07-29 19:52:20,776 [INFO] ThirdParty:1030 - CMSIS Pack Vendor :STMicroelectronics X-CUBE-SFXS2LP1 4.0.0
2024-07-29 19:52:20,776 [INFO] ThirdParty:1030 - CMSIS Pack Vendor :STMicroelectronics X-CUBE-BLE2 3.3.0
2024-07-29 19:52:20,776 [INFO] ThirdParty:1030 - CMSIS Pack Vendor :STMicroelectronics X-CUBE-TOF1 3.4.2
2024-07-29 19:52:20,776 [INFO] ThirdParty:1030 - CMSIS Pack Vendor :STMicroelectronics X-CUBE-TOF1 3.4.1
2024-07-29 19:52:20,776 [INFO] ThirdParty:1030 - CMSIS Pack Vendor :STMicroelectronics X-CUBE-AZRTOS-H7 3.2.0
2024-07-29 19:52:20,776 [INFO] ThirdParty:1030 - CMSIS Pack Vendor :Infineon AIROC-Wi-Fi-Bluetooth-STM32 1.6.0
2024-07-29 19:52:20,776 [INFO] ThirdParty:1030 - CMSIS Pack Vendor :STMicroelectronics PDM2PCM 3.2.0
2024-07-29 19:52:20,776 [INFO] ThirdParty:1030 - CMSIS Pack Vendor :wolfSSL I-CUBE-wolfSSH 1.4.17
2024-07-29 19:52:20,776 [INFO] ThirdParty:841 - exiting critical section [change project]
2024-07-29 19:52:21,207 [INFO] PinOutPanel:1561 - setPackage(No Configuration,No Configuration)
2024-07-29 19:52:21,209 [INFO] PinOutPanel:1561 - setPackage(STM32L053C8Tx,LQFP48)
2024-07-29 19:52:22,127 [INFO] UtilMem:75 - Before build in PCC Used Memory: 613267096 Bytes (1073741824)
2024-07-29 19:52:23,418 [INFO] UserBatteryFile:101 - Battery_LiPo 3500.0 0.0 3.7 0.0 0.0
2024-07-29 19:52:23,680 [INFO] UtilMem:75 - After build in PCC Used Memory: 720221848 Bytes (1073741824)
2024-07-29 19:52:23,720 [INFO] IPUIPlugin:80 - create IPUIPlugin
2024-07-29 19:52:23,720 [INFO] IPUIPlugin:80 - create IPUIPlugin
2024-07-29 19:52:23,721 [INFO] IPUIPlugin:80 - create IPUIPlugin
2024-07-29 19:52:23,721 [INFO] IPUIPlugin:80 - create IPUIPlugin
2024-07-29 19:52:23,721 [INFO] IPUIPlugin:80 - create IPUIPlugin
2024-07-29 19:52:23,721 [INFO] IPUIPlugin:80 - create IPUIPlugin
2024-07-29 19:52:23,721 [INFO] IPUIPlugin:80 - create IPUIPlugin
2024-07-29 19:52:23,721 [INFO] IPUIPlugin:80 - create IPUIPlugin
2024-07-29 19:52:23,721 [INFO] IPUIPlugin:80 - create IPUIPlugin
2024-07-29 19:52:23,721 [INFO] IPUIPlugin:80 - create IPUIPlugin
2024-07-29 19:52:23,721 [INFO] IPUIPlugin:80 - create IPUIPlugin
2024-07-29 19:52:23,721 [INFO] IPUIPlugin:80 - create IPUIPlugin
2024-07-29 19:52:23,721 [INFO] IPUIPlugin:80 - create IPUIPlugin
2024-07-29 19:52:23,721 [INFO] IPUIPlugin:80 - create IPUIPlugin
2024-07-29 19:52:23,721 [INFO] IPUIPlugin:80 - create IPUIPlugin
2024-07-29 19:52:23,723 [INFO] IPUIPlugin:80 - create IPUIPlugin
2024-07-29 19:52:23,723 [INFO] IPUIPlugin:80 - create IPUIPlugin
2024-07-29 19:52:23,723 [INFO] IPUIPlugin:80 - create IPUIPlugin
2024-07-29 19:52:23,724 [INFO] IPUIPlugin:80 - create IPUIPlugin
2024-07-29 19:52:23,724 [INFO] IPUIPlugin:80 - create IPUIPlugin
2024-07-29 19:52:23,724 [INFO] IPUIPlugin:80 - create IPUIPlugin
2024-07-29 19:52:23,724 [INFO] IPUIPlugin:80 - create IPUIPlugin
2024-07-29 19:52:23,725 [INFO] IPUIPlugin:80 - create IPUIPlugin
2024-07-29 19:52:23,725 [INFO] IPUIPlugin:80 - create IPUIPlugin
2024-07-29 19:52:23,725 [INFO] IPUIPlugin:80 - create IPUIPlugin
2024-07-29 19:52:23,725 [INFO] IPUIPlugin:80 - create IPUIPlugin
2024-07-29 19:52:23,725 [INFO] IPUIPlugin:80 - create IPUIPlugin
2024-07-29 19:52:23,726 [INFO] IPUIPlugin:80 - create IPUIPlugin
2024-07-29 19:52:23,726 [INFO] IPUIPlugin:80 - create IPUIPlugin
2024-07-29 19:52:23,726 [INFO] IPUIPlugin:80 - create IPUIPlugin
2024-07-29 19:52:23,727 [INFO] IPUIPlugin:80 - create IPUIPlugin
2024-07-29 19:52:23,727 [INFO] IPUIPlugin:80 - create IPUIPlugin
2024-07-29 19:52:23,727 [INFO] IPUIPlugin:80 - create IPUIPlugin
2024-07-29 19:52:23,727 [INFO] IPUIPlugin:80 - create IPUIPlugin
2024-07-29 19:52:24,031 [INFO] CADModel:165 - CPN selected for project levelSTM32L053C8T6
2024-07-29 19:52:24,031 [INFO] CADModel:114 - Register for checkConnection events
2024-07-29 19:52:24,083 [INFO] OpenFileManager:343 - Restore cursor
2024-07-29 20:10:52,445 [INFO] NvicIntPanel:101 - NVIC parent = com.st.microxplorer.plugins.ip.nvic.MultiNvicIntPanel[,0,0,492x274,layout=javax.swing.BoxLayout,alignmentX=0.0,alignmentY=0.0,border=,flags=9,maximumSize=,minimumSize=,preferredSize=]
2024-07-29 20:18:18,342 [ERROR] LogOutputStream:75 - [STDERR_REDIRECT] 
2024-07-29 20:18:18,344 [ERROR] LogOutputStream:75 - [STDERR_REDIRECT] 
2024-07-29 21:11:41,461 [INFO] Activator:176 - 


2024-07-29 21:11:41,463 [INFO] Activator:177 - !SESSION log4j initialized
2024-07-29 21:11:47,040 [INFO] LogOutputStream:77 - [STDOUT_REDIRECT] 
2024-07-29 21:11:48,541 [INFO] ApplicationProperties:184 - Using Application install path: C:\ST\STM32CubeIDE_1.15.1\STM32CubeIDE\plugins\com.st.stm32cube.common.mx_6.11.1.202404110753
2024-07-29 21:11:48,559 [INFO] DbMcusXml:78 - Set database path to: C:\ST\STM32CubeIDE_1.15.1\STM32CubeIDE\plugins\com.st.stm32cube.common.mx_6.11.1.202404110753\\db\/mcu/
2024-07-29 21:11:48,560 [INFO] ApiDb:274 - Set plugin database path to: C:\ST\STM32CubeIDE_1.15.1\STM32CubeIDE\plugins\com.st.stm32cube.common.mx_6.11.1.202404110753\\db\/plugins/boardmanager/
2024-07-29 21:11:48,560 [WARN] ApiDb:259 - Overriding images path with different value:  => C:\ST\STM32CubeIDE_1.15.1\STM32CubeIDE\plugins\com.st.stm32cube.common.mx_6.11.1.202404110753\\db\/plugins/mcufinder/images/
2024-07-29 21:11:48,569 [INFO] ApiDb:250 - Set database path to: C:\Users\Matheus Markies\.stmcufinder\plugins\mcufinder//mcu/
2024-07-29 21:11:48,570 [INFO] DbMcusAds:125 - Set database path to: C:\Users\Matheus Markies\.stmcufinder\plugins\mcufinder//mcu/
2024-07-29 21:11:48,572 [INFO] CrossReferenceDbSqlite:203 - Set database path to: C:\Users\Matheus Markies\.stmcufinder\plugins\mcufinder//mcu/cs/
2024-07-29 21:11:48,695 [INFO] RulesReader:64 - Compatibility file has been processed (297 Rules)
2024-07-29 21:11:48,786 [INFO] DbMcusXml:78 - Set database path to: C:\ST\STM32CubeIDE_1.15.1\STM32CubeIDE\plugins\com.st.stm32cube.common.mx_6.11.1.202404110753\\db\/mcu/
2024-07-29 21:11:48,786 [INFO] ApiDb:274 - Set plugin database path to: C:\ST\STM32CubeIDE_1.15.1\STM32CubeIDE\plugins\com.st.stm32cube.common.mx_6.11.1.202404110753\\db\/plugins/boardmanager/
2024-07-29 21:11:48,786 [INFO] ApiDb:261 - Set plugin images path to: C:\ST\STM32CubeIDE_1.15.1\STM32CubeIDE\plugins\com.st.stm32cube.common.mx_6.11.1.202404110753\\db\/plugins/mcufinder/images/
2024-07-29 21:11:48,786 [WARN] DbFile:41 - Overriding database path with different value: C:\Users\Matheus Markies\.stmcufinder\plugins\mcufinder/ => C:\Users\Matheus Markies\.stmcufinder\plugins\mcufinder
2024-07-29 21:11:48,787 [INFO] ApiDb:250 - Set database path to: C:\Users\Matheus Markies\.stmcufinder\plugins\mcufinder//mcu/
2024-07-29 21:11:48,787 [WARN] DbFile:41 - Overriding database path with different value: C:\Users\Matheus Markies\.stmcufinder\plugins\mcufinder/ => C:\Users\Matheus Markies\.stmcufinder\plugins\mcufinder
2024-07-29 21:11:48,787 [INFO] DbMcusAds:125 - Set database path to: C:\Users\Matheus Markies\.stmcufinder\plugins\mcufinder//mcu/
2024-07-29 21:11:48,787 [WARN] DbFile:41 - Overriding database path with different value: C:\Users\Matheus Markies\.stmcufinder\plugins\mcufinder/ => C:\Users\Matheus Markies\.stmcufinder\plugins\mcufinder
2024-07-29 21:11:48,787 [WARN] DbFile:41 - Overriding database path with different value: C:\Users\Matheus Markies\.stmcufinder\plugins\mcufinder/ => C:\Users\Matheus Markies\.stmcufinder\plugins\mcufinder
2024-07-29 21:11:48,787 [INFO] CrossReferenceDbSqlite:203 - Set database path to: C:\Users\Matheus Markies\.stmcufinder\plugins\mcufinder//mcu/cs/
2024-07-29 21:11:48,865 [INFO] MainPanel:264 - HeapMemory: 268435456
2024-07-29 21:11:48,941 [INFO] DbMcusXml:78 - Set database path to: C:\ST\STM32CubeIDE_1.15.1\STM32CubeIDE\plugins\com.st.stm32cube.common.mx_6.11.1.202404110753\\db\/mcu/
2024-07-29 21:11:48,941 [INFO] ApiDb:274 - Set plugin database path to: C:\ST\STM32CubeIDE_1.15.1\STM32CubeIDE\plugins\com.st.stm32cube.common.mx_6.11.1.202404110753\\db\/plugins/boardmanager/
2024-07-29 21:11:48,941 [INFO] ApiDb:261 - Set plugin images path to: C:\ST\STM32CubeIDE_1.15.1\STM32CubeIDE\plugins\com.st.stm32cube.common.mx_6.11.1.202404110753\\db\/plugins/mcufinder/images/
2024-07-29 21:11:48,942 [WARN] DbFile:41 - Overriding database path with different value: C:\Users\Matheus Markies\.stmcufinder\plugins\mcufinder/ => C:\Users\Matheus Markies\.stmcufinder\plugins\mcufinder
2024-07-29 21:11:48,942 [INFO] ApiDb:250 - Set database path to: C:\Users\Matheus Markies\.stmcufinder\plugins\mcufinder//mcu/
2024-07-29 21:11:48,942 [WARN] DbFile:41 - Overriding database path with different value: C:\Users\Matheus Markies\.stmcufinder\plugins\mcufinder/ => C:\Users\Matheus Markies\.stmcufinder\plugins\mcufinder
2024-07-29 21:11:48,942 [INFO] DbMcusAds:125 - Set database path to: C:\Users\Matheus Markies\.stmcufinder\plugins\mcufinder//mcu/
2024-07-29 21:11:48,942 [WARN] DbFile:41 - Overriding database path with different value: C:\Users\Matheus Markies\.stmcufinder\plugins\mcufinder/ => C:\Users\Matheus Markies\.stmcufinder\plugins\mcufinder
2024-07-29 21:11:48,942 [WARN] DbFile:41 - Overriding database path with different value: C:\Users\Matheus Markies\.stmcufinder\plugins\mcufinder/ => C:\Users\Matheus Markies\.stmcufinder\plugins\mcufinder
2024-07-29 21:11:48,942 [INFO] CrossReferenceDbSqlite:203 - Set database path to: C:\Users\Matheus Markies\.stmcufinder\plugins\mcufinder//mcu/cs/
2024-07-29 21:11:48,963 [INFO] ApplicationProperties:184 - Using Application install path: C:\ST\STM32CubeIDE_1.15.1\STM32CubeIDE\plugins\com.st.stm32cube.common.mx_6.11.1.202404110753
2024-07-29 21:11:48,964 [INFO] PluginManage:196 - Search for loadable plugins [exclusion list=, ]
2024-07-29 21:11:48,966 [INFO] PluginManage:310 - Check plugin analytics
2024-07-29 21:11:49,158 [INFO] AnalyticsPlugin:253 - Accepted Software Licenses: 
2024-07-29 21:11:49,159 [INFO] AnalyticsPlugin:255 - Accepted CMSIS Pack Licenses: 
2024-07-29 21:11:49,159 [INFO] AnalyticsPlugin:257 - Accepted Firmware Licenses: FW.F4.1.28.0
2024-07-29 21:11:49,162 [INFO] PluginManage:359 - Loaded plugin analytics (category:tool,tabindex:-1)
2024-07-29 21:11:49,162 [INFO] PluginManage:310 - Check plugin cadmodel
2024-07-29 21:11:49,168 [INFO] CADModel:105 - Init CAD model plugin
2024-07-29 21:11:49,168 [INFO] PluginManage:359 - Loaded plugin cadmodel (category:power,tabindex:5)
2024-07-29 21:11:49,168 [INFO] PluginManage:310 - Check plugin clock
2024-07-29 21:11:49,177 [INFO] PluginManage:359 - Loaded plugin clock (category:base,tabindex:2)
2024-07-29 21:11:49,177 [INFO] PluginManage:310 - Check plugin ddr
2024-07-29 21:11:49,180 [INFO] PluginManage:359 - Loaded plugin ddr (category:tool,tabindex:6)
2024-07-29 21:11:49,180 [INFO] PluginManage:310 - Check plugin filemanager
2024-07-29 21:11:49,326 [INFO] PluginManage:359 - Loaded plugin filemanager (category:base,tabindex:10)
2024-07-29 21:11:49,327 [INFO] PluginManage:310 - Check plugin ipmanager
2024-07-29 21:11:49,338 [INFO] PluginManage:359 - Loaded plugin ipmanager (category:base,tabindex:5)
2024-07-29 21:11:49,338 [INFO] PluginManage:310 - Check plugin lpbam
2024-07-29 21:11:49,348 [INFO] PluginManage:359 - Loaded plugin lpbam (category:base,tabindex:0)
2024-07-29 21:11:49,349 [INFO] PluginManage:310 - Check plugin memorymap
2024-07-29 21:11:49,364 [INFO] PluginManage:359 - Loaded plugin memorymap (category:base,tabindex:4)
2024-07-29 21:11:49,365 [INFO] PluginManage:310 - Check plugin pinoutandconfiguration
2024-07-29 21:11:49,373 [INFO] PluginManage:359 - Loaded plugin pinoutandconfiguration (category:base,tabindex:1)
2024-07-29 21:11:49,373 [INFO] PluginManage:310 - Check plugin pinoutconfig
2024-07-29 21:11:49,472 [WARN] SupportedApi:132 - Cannot load RTOS API schema: s4s-elt-must-match.1: The content of 'definitions' must match (annotation?, (simpleType | complexType)?, (unique | key | keyref)*)). A problem was found starting at: attribute.
2024-07-29 21:11:49,662 [INFO] PluginManage:359 - Loaded plugin pinoutconfig (category:base,tabindex:0)
2024-07-29 21:11:49,662 [INFO] PluginManage:310 - Check plugin power
2024-07-29 21:11:49,671 [INFO] PluginManage:359 - Loaded plugin power (category:power,tabindex:4)
2024-07-29 21:11:49,671 [INFO] PluginManage:310 - Check plugin projectmanager
2024-07-29 21:11:49,690 [INFO] PluginManage:359 - Loaded plugin projectmanager (category:projectmanager,tabindex:3)
2024-07-29 21:11:49,691 [INFO] PluginManage:310 - Check plugin thirdparty
2024-07-29 21:11:49,839 [INFO] PluginManage:359 - Loaded plugin thirdparty (category:base,tabindex:-1)
2024-07-29 21:11:49,839 [INFO] PluginManage:310 - Check plugin tools
2024-07-29 21:11:49,842 [INFO] PluginManage:359 - Loaded plugin tools (category:base,tabindex:7)
2024-07-29 21:11:49,842 [INFO] PluginManage:310 - Check plugin tutovideos
2024-07-29 21:11:49,839 [WARN] IntegrityCheckThread:84 - waiting for thirdparty lock release [integrity check]
2024-07-29 21:11:49,843 [INFO] IntegrityCheckThread:86 - entering critical section [integrity check]
2024-07-29 21:11:49,844 [INFO] ThirdPartyUpdaterWithRetryManager:70 - Updater plugin not ready yet. [1/15]
2024-07-29 21:11:50,038 [INFO] PluginManage:359 - Loaded plugin tutovideos (category:base,tabindex:-1)
2024-07-29 21:11:50,038 [INFO] PluginManage:310 - Check plugin updater
2024-07-29 21:11:50,050 [INFO] PluginManage:359 - Loaded plugin updater (category:base,tabindex:12)
2024-07-29 21:11:50,050 [INFO] PluginManage:310 - Check plugin userauth
2024-07-29 21:11:50,055 [INFO] UserAuth:114 - Init User Auth plugin
2024-07-29 21:11:50,055 [INFO] PluginManage:359 - Loaded plugin userauth (category:base,tabindex:14)
2024-07-29 21:11:50,056 [INFO] PluginManage:283 - PluginManage : Loaded plugins [17]
2024-07-29 21:11:50,307 [INFO] PinOutPanel:1561 - setPackage(No Configuration,No Configuration)
2024-07-29 21:11:50,394 [INFO] CADModel:165 - CPN selected for project level
2024-07-29 21:11:50,395 [INFO] CADModel:114 - Register for checkConnection events
2024-07-29 21:11:50,411 [INFO] IPUIPlugin:80 - create IPUIPlugin
2024-07-29 21:11:50,411 [INFO] PluginManager:220 - loadIPPluginJar : add adc
2024-07-29 21:11:50,414 [INFO] IPUIPlugin:80 - create IPUIPlugin
2024-07-29 21:11:50,414 [INFO] PluginManager:220 - loadIPPluginJar : add aes
2024-07-29 21:11:50,417 [INFO] IPUIPlugin:80 - create IPUIPlugin
2024-07-29 21:11:50,418 [INFO] PluginManager:220 - loadIPPluginJar : add can
2024-07-29 21:11:50,420 [INFO] IPUIPlugin:80 - create IPUIPlugin
2024-07-29 21:11:50,420 [INFO] PluginManager:220 - loadIPPluginJar : add comp
2024-07-29 21:11:50,423 [INFO] IPUIPlugin:80 - create IPUIPlugin
2024-07-29 21:11:50,423 [INFO] PluginManager:220 - loadIPPluginJar : add cryp
2024-07-29 21:11:50,426 [INFO] IPUIPlugin:80 - create IPUIPlugin
2024-07-29 21:11:50,426 [INFO] PluginManager:220 - loadIPPluginJar : add dfsdm
2024-07-29 21:11:50,431 [INFO] IPUIPlugin:80 - create IPUIPlugin
2024-07-29 21:11:50,432 [INFO] PluginManager:220 - loadIPPluginJar : add dma
2024-07-29 21:11:50,435 [INFO] IPUIPlugin:80 - create IPUIPlugin
2024-07-29 21:11:50,435 [INFO] PluginManager:220 - loadIPPluginJar : add dma3
2024-07-29 21:11:50,438 [INFO] IPUIPlugin:80 - create IPUIPlugin
2024-07-29 21:11:50,438 [INFO] PluginManager:220 - loadIPPluginJar : add extmemmanager
2024-07-29 21:11:50,440 [INFO] IPUIPlugin:80 - create IPUIPlugin
2024-07-29 21:11:50,440 [INFO] PluginManager:220 - loadIPPluginJar : add fatfs
2024-07-29 21:11:50,444 [INFO] IPUIPlugin:80 - create IPUIPlugin
2024-07-29 21:11:50,445 [INFO] PluginManager:220 - loadIPPluginJar : add fmc
2024-07-29 21:11:50,450 [INFO] IPUIPlugin:80 - create IPUIPlugin
2024-07-29 21:11:50,450 [INFO] PluginManager:220 - loadIPPluginJar : add freertos
2024-07-29 21:11:50,452 [INFO] IPUIPlugin:80 - create IPUIPlugin
2024-07-29 21:11:50,452 [INFO] PluginManager:220 - loadIPPluginJar : add genericplugin
2024-07-29 21:11:50,455 [INFO] IPUIPlugin:80 - create IPUIPlugin
2024-07-29 21:11:50,455 [INFO] PluginManager:220 - loadIPPluginJar : add gfxmmu
2024-07-29 21:11:50,459 [INFO] IPUIPlugin:80 - create IPUIPlugin
2024-07-29 21:11:50,459 [INFO] PluginManager:220 - loadIPPluginJar : add gic
2024-07-29 21:11:50,463 [INFO] IPUIPlugin:80 - create IPUIPlugin
2024-07-29 21:11:50,464 [INFO] PluginManager:220 - loadIPPluginJar : add gpio
2024-07-29 21:11:50,466 [INFO] IPUIPlugin:80 - create IPUIPlugin
2024-07-29 21:11:50,467 [INFO] PluginManager:220 - loadIPPluginJar : add gtzc
2024-07-29 21:11:50,469 [INFO] IPUIPlugin:80 - create IPUIPlugin
2024-07-29 21:11:50,469 [INFO] PluginManager:220 - loadIPPluginJar : add hash
2024-07-29 21:11:50,472 [INFO] IPUIPlugin:80 - create IPUIPlugin
2024-07-29 21:11:50,472 [INFO] PluginManager:220 - loadIPPluginJar : add i2c
2024-07-29 21:11:50,474 [INFO] IPUIPlugin:80 - create IPUIPlugin
2024-07-29 21:11:50,475 [INFO] PluginManager:220 - loadIPPluginJar : add i2s
2024-07-29 21:11:50,478 [INFO] IPUIPlugin:80 - create IPUIPlugin
2024-07-29 21:11:50,478 [INFO] PluginManager:220 - loadIPPluginJar : add i3c
2024-07-29 21:11:50,481 [INFO] IPUIPlugin:80 - create IPUIPlugin
2024-07-29 21:11:50,481 [INFO] PluginManager:220 - loadIPPluginJar : add ipddr
2024-07-29 21:11:50,488 [INFO] IPUIPlugin:80 - create IPUIPlugin
2024-07-29 21:11:50,488 [INFO] PluginManager:220 - loadIPPluginJar : add linkedlist
2024-07-29 21:11:50,491 [INFO] IPUIPlugin:80 - create IPUIPlugin
2024-07-29 21:11:50,492 [INFO] PluginManager:220 - loadIPPluginJar : add lorawan
2024-07-29 21:11:50,493 [INFO] IPUIPlugin:80 - create IPUIPlugin
2024-07-29 21:11:50,494 [INFO] PluginManager:220 - loadIPPluginJar : add ltdc
2024-07-29 21:11:50,500 [INFO] IPUIPlugin:80 - create IPUIPlugin
2024-07-29 21:11:50,501 [INFO] PluginManager:220 - loadIPPluginJar : add mdma
2024-07-29 21:11:50,504 [INFO] IPUIPlugin:80 - create IPUIPlugin
2024-07-29 21:11:50,504 [INFO] PluginManager:220 - loadIPPluginJar : add nvic
2024-07-29 21:11:50,508 [INFO] IPUIPlugin:80 - create IPUIPlugin
2024-07-29 21:11:50,508 [INFO] PluginManager:220 - loadIPPluginJar : add opamp
2024-07-29 21:11:50,512 [INFO] IPUIPlugin:80 - create IPUIPlugin
2024-07-29 21:11:50,513 [INFO] PluginManager:220 - loadIPPluginJar : add openamp
2024-07-29 21:11:50,517 [INFO] IPUIPlugin:80 - create IPUIPlugin
2024-07-29 21:11:50,517 [INFO] PluginManager:220 - loadIPPluginJar : add pdm2pcm
2024-07-29 21:11:50,524 [INFO] IPUIPlugin:80 - create IPUIPlugin
2024-07-29 21:11:50,526 [INFO] PluginManager:220 - loadIPPluginJar : add plateformsettings
2024-07-29 21:11:50,529 [INFO] IPUIPlugin:80 - create IPUIPlugin
2024-07-29 21:11:50,529 [INFO] PluginManager:220 - loadIPPluginJar : add quadspi
2024-07-29 21:11:50,533 [INFO] IPUIPlugin:80 - create IPUIPlugin
2024-07-29 21:11:50,533 [INFO] PluginManager:220 - loadIPPluginJar : add resmgrutility
2024-07-29 21:11:50,536 [INFO] IPUIPlugin:80 - create IPUIPlugin
2024-07-29 21:11:50,537 [INFO] PluginManager:220 - loadIPPluginJar : add sai
2024-07-29 21:11:50,539 [INFO] IPUIPlugin:80 - create IPUIPlugin
2024-07-29 21:11:50,539 [INFO] PluginManager:220 - loadIPPluginJar : add spi
2024-07-29 21:11:50,545 [INFO] IPUIPlugin:80 - create IPUIPlugin
2024-07-29 21:11:50,545 [INFO] PluginManager:220 - loadIPPluginJar : add stm32_wpan
2024-07-29 21:11:50,547 [INFO] IPUIPlugin:80 - create IPUIPlugin
2024-07-29 21:11:50,547 [INFO] PluginManager:220 - loadIPPluginJar : add tim
2024-07-29 21:11:50,550 [INFO] IPUIPlugin:80 - create IPUIPlugin
2024-07-29 21:11:50,551 [INFO] PluginManager:220 - loadIPPluginJar : add touchsensing
2024-07-29 21:11:50,553 [INFO] IPUIPlugin:80 - create IPUIPlugin
2024-07-29 21:11:50,553 [INFO] PluginManager:220 - loadIPPluginJar : add tracer_emb
2024-07-29 21:11:50,555 [INFO] IPUIPlugin:80 - create IPUIPlugin
2024-07-29 21:11:50,555 [INFO] PluginManager:220 - loadIPPluginJar : add ts
2024-07-29 21:11:50,557 [INFO] IPUIPlugin:80 - create IPUIPlugin
2024-07-29 21:11:50,557 [INFO] PluginManager:220 - loadIPPluginJar : add tsc
2024-07-29 21:11:50,559 [INFO] IPUIPlugin:80 - create IPUIPlugin
2024-07-29 21:11:50,559 [INFO] PluginManager:220 - loadIPPluginJar : add ucpd
2024-07-29 21:11:50,562 [INFO] IPUIPlugin:80 - create IPUIPlugin
2024-07-29 21:11:50,562 [INFO] PluginManager:220 - loadIPPluginJar : add usart
2024-07-29 21:11:50,565 [INFO] IPUIPlugin:80 - create IPUIPlugin
2024-07-29 21:11:50,565 [INFO] PluginManager:220 - loadIPPluginJar : add usbx
2024-07-29 21:11:50,703 [INFO] CADModel:165 - CPN selected for project level
2024-07-29 21:11:50,703 [INFO] CADModel:114 - Register for checkConnection events
2024-07-29 21:11:50,703 [FATAL] Updater:308 - Updater called before beeing initialized
2024-07-29 21:11:50,703 [ERROR] CADModel:125 - Updater not yet initialized, retry later 
2024-07-29 21:11:50,835 [INFO] CADModel:165 - CPN selected for project level
2024-07-29 21:11:50,835 [INFO] CADModel:114 - Register for checkConnection events
2024-07-29 21:11:50,835 [FATAL] Updater:308 - Updater called before beeing initialized
2024-07-29 21:11:50,835 [ERROR] CADModel:125 - Updater not yet initialized, retry later 
2024-07-29 21:11:50,838 [FATAL] Updater:308 - Updater called before beeing initialized
2024-07-29 21:11:50,963 [FATAL] Updater:308 - Updater called before beeing initialized
2024-07-29 21:11:50,967 [INFO] DbMcusAds:53 - JSON generation date=Thu May 16 06:22:01 BRT 2024 (1715851321109)
2024-07-29 21:11:50,968 [FATAL] Updater:308 - Updater called before beeing initialized
2024-07-29 21:11:51,011 [WARN] DetailPanel:346 - Failed to get advertising image, set to default
2024-07-29 21:11:51,123 [FATAL] Updater:308 - Updater called before beeing initialized
2024-07-29 21:11:51,125 [FATAL] Updater:308 - Updater called before beeing initialized
2024-07-29 21:11:51,125 [FATAL] Updater:308 - Updater called before beeing initialized
2024-07-29 21:11:51,125 [WARN] DetailPanel:346 - Failed to get advertising image, set to default
2024-07-29 21:11:51,126 [FATAL] Updater:308 - Updater called before beeing initialized
2024-07-29 21:11:51,182 [ERROR] Updater:1120 - MainUpdater not yet initialized. External WinMGr cannot be set.
2024-07-29 21:11:51,184 [INFO] Updater:1056 - Updater Version found : 6.11.1
2024-07-29 21:11:51,202 [INFO] ApplicationProperties:184 - Using Application install path: C:\ST\STM32CubeIDE_1.15.1\STM32CubeIDE\plugins\com.st.stm32cube.common.mx_6.11.1.202404110753
2024-07-29 21:11:52,799 [ERROR] LogOutputStream:75 - [STDERR_REDIRECT] Jul 29, 2024 9:11:52 PM java.util.prefs.WindowsPreferences <init>
2024-07-29 21:11:52,801 [ERROR] LogOutputStream:75 - [STDERR_REDIRECT] WARNING: Could not open/create prefs root node Software\JavaSoft\Prefs at root 0xffffffff80000002. Windows RegCreateKeyEx(...) returned error code 5.
2024-07-29 21:11:52,801 [ERROR] LogOutputStream:75 - [STDERR_REDIRECT] 
2024-07-29 21:11:52,846 [INFO] ThirdPartyUpdaterWithRetryManager:70 - Updater plugin not ready yet. [2/15]
2024-07-29 21:11:53,072 [INFO] MainUpdater:2873 - connection check result : 10
2024-07-29 21:11:53,072 [INFO] MainUpdater:290 - Updater Check For Update Now.
2024-07-29 21:11:53,072 [INFO] MicroXplorer:498 - Change Database Version : DB.6.0.111
2024-07-29 21:11:53,078 [INFO] McuFinderGlobals:63 - Set McuFinder mode to 2 (CubeIDE integrated)
2024-07-29 21:11:53,086 [INFO] UserAuth:415 - Internet connection configuration mode: 1
2024-07-29 21:11:53,107 [INFO] JxBrowserEngine:152 - Initiate JxBrowser Engine with user profile folder
2024-07-29 21:11:53,272 [INFO] CheckServerUpdateThread:120 - End of CheckServer Thread
2024-07-29 21:11:56,121 [WARN] PackLoader:240 - Cannot read IP mode file for STMicroelectronics.FP-SNS-MOTENVWB1.1.4.0
2024-07-29 21:11:56,132 [WARN] PackLoader:240 - Cannot read IP mode file for STMicroelectronics.X-CUBE-SMBUS.2.1.0
2024-07-29 21:11:56,144 [WARN] PackLoader:240 - Cannot read IP mode file for STMicroelectronics.X-CUBE-TOUCHGFX.4.23.2
2024-07-29 21:11:56,180 [WARN] PackLoader:240 - Cannot read IP mode file for STMicroelectronics.X-CUBE-AZRTOS-F7.1.1.0
2024-07-29 21:11:56,190 [WARN] PackLoader:240 - Cannot read IP mode file for STMicroelectronics.FP-SNS-FLIGHT1.5.0.2
2024-07-29 21:11:56,204 [WARN] PackLoader:240 - Cannot read IP mode file for STMicroelectronics.X-CUBE-DISPLAY.3.0.0
2024-07-29 21:11:56,223 [WARN] PackLoader:240 - Cannot read IP mode file for STMicroelectronics.X-CUBE-BLE1.7.0.0
2024-07-29 21:11:56,237 [WARN] PackLoader:240 - Cannot read IP mode file for emotas.I-CUBE-CANOPEN.1.3.0
2024-07-29 21:11:56,256 [WARN] PackLoader:240 - Cannot read IP mode file for STMicroelectronics.X-CUBE-BLEMGR.3.1.0
2024-07-29 21:11:56,273 [WARN] PackLoader:240 - Cannot read IP mode file for STMicroelectronics.FP-SNS-SMARTAG2.1.2.0
2024-07-29 21:11:56,295 [INFO] LogOutputStream:77 - [STDOUT_REDIRECT] 1 : Invalid condition id : UX_CORESTACK_Condition cause : null
2024-07-29 21:11:56,296 [INFO] LogOutputStream:77 - [STDOUT_REDIRECT] 1 : Invalid condition id : UX_CORESTACK_Condition cause : null
2024-07-29 21:11:56,297 [INFO] LogOutputStream:77 - [STDOUT_REDIRECT] 1 : Invalid condition id : UX_CORESTACK_Condition cause : null
2024-07-29 21:11:56,299 [INFO] LogOutputStream:77 - [STDOUT_REDIRECT] 1 : Invalid condition id : UX_CORESTACK_Condition cause : null
2024-07-29 21:11:56,300 [INFO] LogOutputStream:77 - [STDOUT_REDIRECT] 1 : Invalid condition id : UX_CORESTACK_Condition cause : null
2024-07-29 21:11:56,305 [WARN] PackLoader:240 - Cannot read IP mode file for STMicroelectronics.X-CUBE-AZRTOS-WL.2.0.0
2024-07-29 21:11:56,314 [WARN] PackLoader:240 - Cannot read IP mode file for STMicroelectronics.FP-SNS-MOTENV1.5.0.0
2024-07-29 21:11:56,321 [WARN] PackLoader:240 - Cannot read IP mode file for wolfSSL.I-CUBE-wolfMQTT.1.19.0
2024-07-29 21:11:56,332 [WARN] PackLoader:240 - Cannot read IP mode file for WES.I-CUBE-Cesium.1.3.0
2024-07-29 21:11:56,342 [WARN] PackLoader:240 - Cannot read IP mode file for STMicroelectronics.X-CUBE-BLE2.3.3.0
2024-07-29 21:11:56,348 [WARN] PackLoader:240 - Cannot read IP mode file for STMicroelectronics.X-CUBE-TCPP.4.1.0
2024-07-29 21:11:56,372 [WARN] PackLoader:240 - Cannot read IP mode file for STMicroelectronics.X-CUBE-AZRTOS-G0.1.1.0
2024-07-29 21:11:56,383 [WARN] PackLoader:240 - Cannot read IP mode file for STMicroelectronics.X-CUBE-SAFEA1.1.2.2
2024-07-29 21:11:56,391 [WARN] PackLoader:240 - Cannot read IP mode file for STMicroelectronics.X-CUBE-NFC4.3.0.0
2024-07-29 21:11:56,415 [WARN] PackLoader:240 - Cannot read IP mode file for wolfSSL.I-CUBE-wolfMQTT.1.18.0
2024-07-29 21:11:56,430 [WARN] PackLoader:240 - Cannot read IP mode file for EmbeddedOffice.I-CUBE-FS-RTOS.1.0.1
2024-07-29 21:11:56,430 [ERROR] ConditionMgr:805 - Attr not supported : Dmpu
2024-07-29 21:11:56,430 [ERROR] ConditionMgr:805 - Attr not supported : Dmpu
2024-07-29 21:11:56,430 [ERROR] ConditionMgr:805 - Attr not supported : Dmpu
2024-07-29 21:11:56,430 [ERROR] ConditionMgr:805 - Attr not supported : Dmpu
2024-07-29 21:11:56,430 [ERROR] ConditionMgr:805 - Attr not supported : Dmpu
2024-07-29 21:11:56,430 [ERROR] ConditionMgr:805 - Attr not supported : Dmpu
2024-07-29 21:11:56,430 [ERROR] ConditionMgr:805 - Attr not supported : Dmpu
2024-07-29 21:11:56,430 [ERROR] ConditionMgr:805 - Attr not supported : Dmpu
2024-07-29 21:11:56,431 [ERROR] ConditionMgr:805 - Attr not supported : Dmpu
2024-07-29 21:11:56,431 [ERROR] ConditionMgr:805 - Attr not supported : Dmpu
2024-07-29 21:11:56,431 [ERROR] ConditionMgr:805 - Attr not supported : Dmpu
2024-07-29 21:11:56,431 [ERROR] ConditionMgr:805 - Attr not supported : Dmpu
2024-07-29 21:11:56,431 [ERROR] ConditionMgr:805 - Attr not supported : Dmpu
2024-07-29 21:11:56,431 [ERROR] ConditionMgr:805 - Attr not supported : Dmpu
2024-07-29 21:11:56,431 [ERROR] ConditionMgr:805 - Attr not supported : Dmpu
2024-07-29 21:11:56,431 [ERROR] ConditionMgr:805 - Attr not supported : Dmpu
2024-07-29 21:11:56,431 [ERROR] ConditionMgr:805 - Attr not supported : Dmpu
2024-07-29 21:11:56,431 [ERROR] ConditionMgr:805 - Attr not supported : Dmpu
2024-07-29 21:11:56,432 [ERROR] ConditionMgr:805 - Attr not supported : Dmpu
2024-07-29 21:11:56,433 [ERROR] ConditionMgr:805 - Attr not supported : Dmpu
2024-07-29 21:11:56,433 [ERROR] ConditionMgr:805 - Attr not supported : Dmpu
2024-07-29 21:11:56,433 [ERROR] ConditionMgr:805 - Attr not supported : Dmpu
2024-07-29 21:11:56,433 [ERROR] ConditionMgr:805 - Attr not supported : Dmpu
2024-07-29 21:11:56,433 [ERROR] ConditionMgr:805 - Attr not supported : Dmpu
2024-07-29 21:11:56,433 [ERROR] ConditionMgr:805 - Attr not supported : Dmpu
2024-07-29 21:11:56,433 [ERROR] ConditionMgr:805 - Attr not supported : Dmpu
2024-07-29 21:11:56,433 [ERROR] ConditionMgr:805 - Attr not supported : Dmpu
2024-07-29 21:11:56,434 [ERROR] ConditionMgr:805 - Attr not supported : Dmpu
2024-07-29 21:11:56,434 [ERROR] ConditionMgr:805 - Attr not supported : Dmpu
2024-07-29 21:11:56,434 [ERROR] ConditionMgr:805 - Attr not supported : Dmpu
2024-07-29 21:11:56,434 [ERROR] ConditionMgr:805 - Attr not supported : Dmpu
2024-07-29 21:11:56,434 [ERROR] ConditionMgr:805 - Attr not supported : Dmpu
2024-07-29 21:11:56,434 [ERROR] ConditionMgr:805 - Attr not supported : Dmpu
2024-07-29 21:11:56,434 [ERROR] ConditionMgr:805 - Attr not supported : Dmpu
2024-07-29 21:11:56,434 [ERROR] ConditionMgr:805 - Attr not supported : Dmpu
2024-07-29 21:11:56,434 [ERROR] ConditionMgr:805 - Attr not supported : Dmpu
2024-07-29 21:11:56,434 [ERROR] ConditionMgr:805 - Attr not supported : Dmpu
2024-07-29 21:11:56,434 [ERROR] ConditionMgr:805 - Attr not supported : Dmpu
2024-07-29 21:11:56,435 [ERROR] ConditionMgr:805 - Attr not supported : Dmpu
2024-07-29 21:11:56,435 [ERROR] ConditionMgr:805 - Attr not supported : Dmpu
2024-07-29 21:11:56,435 [ERROR] ConditionMgr:805 - Attr not supported : Dmpu
2024-07-29 21:11:56,435 [ERROR] ConditionMgr:805 - Attr not supported : Dmpu
2024-07-29 21:11:56,435 [ERROR] ConditionMgr:805 - Attr not supported : Dmpu
2024-07-29 21:11:56,435 [ERROR] ConditionMgr:805 - Attr not supported : Dmpu
2024-07-29 21:11:56,435 [ERROR] ConditionMgr:805 - Attr not supported : Dmpu
2024-07-29 21:11:56,435 [ERROR] ConditionMgr:805 - Attr not supported : Dmpu
2024-07-29 21:11:56,436 [ERROR] ConditionMgr:805 - Attr not supported : Dmpu
2024-07-29 21:11:56,437 [ERROR] ConditionMgr:805 - Attr not supported : Dmpu
2024-07-29 21:11:56,437 [ERROR] ConditionMgr:805 - Attr not supported : Dmpu
2024-07-29 21:11:56,437 [ERROR] ConditionMgr:805 - Attr not supported : Dmpu
2024-07-29 21:11:56,437 [ERROR] ConditionMgr:805 - Attr not supported : Dmpu
2024-07-29 21:11:56,437 [ERROR] ConditionMgr:805 - Attr not supported : Dmpu
2024-07-29 21:11:56,438 [ERROR] ConditionMgr:805 - Attr not supported : Dmpu
2024-07-29 21:11:56,438 [ERROR] ConditionMgr:805 - Attr not supported : Dmpu
2024-07-29 21:11:56,438 [ERROR] ConditionMgr:805 - Attr not supported : Dmpu
2024-07-29 21:11:56,438 [ERROR] ConditionMgr:805 - Attr not supported : Dmpu
2024-07-29 21:11:56,438 [ERROR] ConditionMgr:805 - Attr not supported : Dmpu
2024-07-29 21:11:56,438 [ERROR] ConditionMgr:805 - Attr not supported : Dmpu
2024-07-29 21:11:56,438 [ERROR] ConditionMgr:805 - Attr not supported : Dmpu
2024-07-29 21:11:56,438 [ERROR] ConditionMgr:805 - Attr not supported : Dmpu
2024-07-29 21:11:56,438 [ERROR] ConditionMgr:805 - Attr not supported : Dmpu
2024-07-29 21:11:56,438 [ERROR] ConditionMgr:805 - Attr not supported : Dmpu
2024-07-29 21:11:56,438 [ERROR] ConditionMgr:805 - Attr not supported : Dmpu
2024-07-29 21:11:56,439 [ERROR] ConditionMgr:805 - Attr not supported : Dmpu
2024-07-29 21:11:56,446 [WARN] PackLoader:240 - Cannot read IP mode file for RealThread.X-CUBE-RT-Thread_Nano.4.1.1
2024-07-29 21:11:56,455 [WARN] PackLoader:240 - Cannot read IP mode file for wolfSSL.I-CUBE-wolfSSL.5.7.0
2024-07-29 21:11:56,464 [WARN] PackLoader:240 - Cannot read IP mode file for STMicroelectronics.FP-ATR-SIGFOX1.3.2.0
2024-07-29 21:11:56,472 [WARN] PackLoader:240 - Cannot read IP mode file for STMicroelectronics.X-CUBE-EEPRMA1.5.1.0
2024-07-29 21:11:56,493 [WARN] PackLoader:240 - Cannot read IP mode file for ITTIA_DB.I-CUBE-ITTIADB.8.9.0
2024-07-29 21:11:56,538 [WARN] PackLoader:240 - Cannot read IP mode file for SEGGER.I-CUBE-embOS.1.3.1
2024-07-29 21:11:56,840 [WARN] PackLoader:240 - Cannot read IP mode file for STMicroelectronics.X-CUBE-ALGOBUILD.1.4.0
2024-07-29 21:11:56,847 [WARN] PackLoader:240 - Cannot read IP mode file for STMicroelectronics.X-CUBE-GNSS1.6.0.0
2024-07-29 21:11:56,911 [WARN] PackLoader:240 - Cannot read IP mode file for STMicroelectronics.X-CUBE-AZRTOS-F4.1.1.0
2024-07-29 21:11:56,922 [WARN] PackLoader:240 - Cannot read IP mode file for STMicroelectronics.X-CUBE-FREERTOS.1.2.0
2024-07-29 21:11:56,937 [WARN] PackLoader:240 - Cannot read IP mode file for STMicroelectronics.X-CUBE-AZRTOS-L5.2.0.0
2024-07-29 21:11:56,947 [WARN] PackLoader:240 - Cannot read IP mode file for STMicroelectronics.X-CUBE-NFC6.3.1.0
2024-07-29 21:11:56,954 [WARN] PackLoader:240 - Cannot read IP mode file for STMicroelectronics.X-CUBE-DPower.1.2.0
2024-07-29 21:11:56,959 [WARN] PackLoader:240 - Cannot read IP mode file for STMicroelectronics.X-CUBE-AI.9.0.0
2024-07-29 21:11:56,965 [WARN] PackLoader:240 - Cannot read IP mode file for STMicroelectronics.X-CUBE-NFC7.1.0.1
2024-07-29 21:11:56,970 [WARN] PackLoader:240 - Cannot read IP mode file for wolfSSL.I-CUBE-wolfTPM.3.2.0
2024-07-29 21:11:56,989 [WARN] ConditionMgr:438 - getConditionDescription Invalid condition id : LAN8742 Phy interface Condition cause : null
2024-07-29 21:11:56,990 [WARN] PackLoader:240 - Cannot read IP mode file for STMicroelectronics.X-CUBE-AZRTOS-L4.2.0.0
2024-07-29 21:11:56,991 [WARN] ConditionMgr:1039 - genDependencies : Invalid condition id : LAN8742 Phy interface Condition cause : null
2024-07-29 21:11:56,991 [WARN] ConditionMgr:1039 - genDependencies : Invalid condition id : LAN8742 Phy interface Condition cause : null
2024-07-29 21:11:56,992 [WARN] ConditionMgr:1039 - genDependencies : Invalid condition id : LAN8742 Phy interface Condition cause : null
2024-07-29 21:11:57,001 [WARN] PackLoader:240 - Cannot read IP mode file for STMicroelectronics.X-CUBE-SFXS2LP1.4.0.0
2024-07-29 21:11:57,023 [WARN] ConditionMgr:438 - getConditionDescription Invalid condition id : UX DEVICE CLASS RTOS Condition cause : null
2024-07-29 21:11:57,023 [WARN] ConditionMgr:438 - getConditionDescription Invalid condition id : UX DEVICE CLASS RTOS Condition cause : null
2024-07-29 21:11:57,026 [WARN] PackLoader:240 - Cannot read IP mode file for STMicroelectronics.X-CUBE-AZRTOS-WB.2.0.0
2024-07-29 21:11:57,026 [WARN] ConditionMgr:1039 - genDependencies : Invalid condition id : UX DEVICE CLASS RTOS Condition cause : null
2024-07-29 21:11:57,026 [WARN] ConditionMgr:1039 - genDependencies : Invalid condition id : UX DEVICE CLASS RTOS Condition cause : null
2024-07-29 21:11:57,028 [WARN] ConditionMgr:1039 - genDependencies : Invalid condition id : UX DEVICE CLASS RTOS Condition cause : null
2024-07-29 21:11:57,028 [WARN] ConditionMgr:1039 - genDependencies : Invalid condition id : UX DEVICE CLASS RTOS Condition cause : null
2024-07-29 21:11:57,028 [WARN] ConditionMgr:1039 - genDependencies : Invalid condition id : UX DEVICE CLASS RTOS Condition cause : null
2024-07-29 21:11:57,036 [WARN] PackLoader:240 - Cannot read IP mode file for STMicroelectronics.FP-SNS-STBOX1.2.0.0
2024-07-29 21:11:57,049 [WARN] PackLoader:240 - Cannot read IP mode file for STMicroelectronics.X-CUBE-SUBG2.5.0.0
2024-07-29 21:11:57,075 [WARN] PackLoader:240 - Cannot read IP mode file for STMicroelectronics.X-CUBE-AZRTOS-G4.2.0.0
2024-07-29 21:11:57,083 [WARN] PackLoader:240 - Cannot read IP mode file for STMicroelectronics.X-CUBE-ISPU.2.0.0
2024-07-29 21:11:57,089 [WARN] PackLoader:240 - Cannot read IP mode file for STMicroelectronics.X-CUBE-ALS.1.0.2
2024-07-29 21:11:57,157 [WARN] PackLoader:240 - Cannot read IP mode file for STMicroelectronics.X-CUBE-MEMS1.10.0.0
2024-07-29 21:11:57,353 [WARN] PackLoader:240 - Cannot read IP mode file for STMicroelectronics.X-CUBE-TOUCHGFX.4.24.0
2024-07-29 21:11:57,359 [WARN] PackLoader:240 - Cannot read IP mode file for portGmbH.I-Cube-SoM-uGOAL.1.1.0
2024-07-29 21:11:57,363 [WARN] PackLoader:240 - Cannot read IP mode file for STMicroelectronics.X-CUBE-ALS.1.0.1
2024-07-29 21:11:57,384 [WARN] PackLoader:240 - Cannot read IP mode file for STMicroelectronics.X-CUBE-AZRTOS-H7RS.1.0.0
2024-07-29 21:11:57,392 [WARN] PackLoader:240 - Cannot read IP mode file for STMicroelectronics.FP-ATR-ASTRA1.2.0.0
2024-07-29 21:11:57,407 [WARN] PackLoader:240 - Cannot read IP mode file for STMicroelectronics.X-CUBE-TOF1.3.4.2
2024-07-29 21:11:57,434 [WARN] PackLoader:240 - Cannot read IP mode file for STMicroelectronics.X-CUBE-TOF1.3.4.1
2024-07-29 21:11:57,462 [WARN] PackLoader:240 - Cannot read IP mode file for STMicroelectronics.X-CUBE-AZRTOS-H7.3.2.0
2024-07-29 21:11:57,477 [WARN] PackLoader:240 - Cannot read IP mode file for Infineon.AIROC-Wi-Fi-Bluetooth-STM32.1.6.0
2024-07-29 21:11:57,485 [WARN] PackLoader:240 - Cannot read IP mode file for wolfSSL.I-CUBE-wolfSSH.1.4.17
2024-07-29 21:11:57,485 [INFO] ThirdParty:978 - Integrity check success = true
2024-07-29 21:11:57,486 [INFO] IntegrityCheckThread:100 - exiting critical section [integrity check]
2024-07-29 21:11:57,486 [INFO] IntegrityCheckThread:103 - End integrity checks thread
2024-07-29 21:11:58,132 [INFO] WebApp:161 - Instantiating new browser for Auth
2024-07-29 21:11:58,741 [INFO] WebApp:779 - Register for checkConnection events
2024-07-29 21:11:58,741 [INFO] WebApp:414 - Apply proxy settings
2024-07-29 21:11:58,742 [INFO] WebApp:499 - Chromium requires no authentication
2024-07-29 21:11:58,749 [INFO] WebApp:442 - Direct internet connection detected
2024-07-29 21:11:58,911 [INFO] WebApp:192 - Starting web application
2024-07-29 21:11:58,911 [INFO] WebApp:544 - Web application path used C:\ST\STM32CubeIDE_1.15.1\STM32CubeIDE\plugins\com.st.stm32cube.common.mx_6.11.1.202404110753\db\plugins\mcufinder\reactClient1\index.html
2024-07-29 21:26:13,822 [INFO] McuFinderGlobals:63 - Set McuFinder mode to 2 (CubeIDE integrated)
2024-07-29 21:26:13,828 [INFO] MainUpdater:2873 - connection check result : 10
2024-07-29 21:26:13,829 [INFO] MainUpdater:2873 - connection check result : 10
2024-07-29 21:26:13,867 [INFO] MicroXplorer:468 - Change Database Path : 
2024-07-29 21:26:13,867 [INFO] MicroXplorer:498 - Change Database Version : DB.6.0.111
2024-07-29 21:26:13,872 [WARN] ThirdParty:871 - waiting for thirdparty lock release [close project]
2024-07-29 21:26:13,872 [INFO] ThirdParty:873 - entering critical section [close project]
2024-07-29 21:26:13,874 [INFO] ThirdParty:883 - exiting critical section [close project]
2024-07-29 21:26:13,876 [INFO] PinOutPanel:1561 - setPackage(No Configuration,No Configuration)
2024-07-29 21:26:13,881 [INFO] UtilMem:75 - Begin LoadConfig() Used Memory: 632866488 Bytes (1073741824)
2024-07-29 21:26:13,882 [INFO] MicroXplorer:468 - Change Database Path : 
2024-07-29 21:26:13,882 [INFO] MicroXplorer:498 - Change Database Version : DB.6.0.111
2024-07-29 21:26:13,883 [INFO] OpenFileManager:312 - Change cursor
2024-07-29 21:26:13,960 [INFO] Mcu:2021 - Initializing MCU STM32L053C(6-8)Tx STM32L053C8Tx STM32L053C8T6
2024-07-29 21:26:15,730 [INFO] Context:663 - Trying to add GPIOservice into a context  which must be forbidden
2024-07-29 21:26:16,392 [INFO] RtosManager:555 - Registered RTOS mode: class=CMSIS, group=RTOS, mode=CMSIS_V1, owner=FREERTOS
2024-07-29 21:26:16,392 [INFO] RtosManager:555 - Registered RTOS mode: class=CMSIS, group=RTOS2, mode=CMSIS_V2, owner=FREERTOS
2024-07-29 21:26:16,392 [INFO] RtosManager:555 - Registered RTOS mode: class=RTOS, group=Core, mode=CMSIS_V1, owner=FREERTOS
2024-07-29 21:26:16,392 [INFO] RtosManager:555 - Registered RTOS mode: class=RTOS, group=Core, mode=CMSIS_V2, owner=FREERTOS
2024-07-29 21:26:16,392 [WARN] ModelIntegratedComponent:184 - Missing modes for component STMicroelectronics:FreeRTOS:0.0.1:STMicroelectronics:RTOS:FreeRTOS:Core:::10.2.0:
2024-07-29 21:26:16,405 [WARN] ModelIntegratedComponent:63 - No mode defined for component null
2024-07-29 21:26:16,405 [WARN] ModelIntegratedComponent:63 - No mode defined for component null
2024-07-29 21:26:16,405 [WARN] ModelIntegratedComponent:63 - No mode defined for component null
2024-07-29 21:26:16,405 [WARN] ModelIntegratedComponent:63 - No mode defined for component null
2024-07-29 21:26:16,405 [WARN] ModelIntegratedComponent:63 - No mode defined for component null
2024-07-29 21:26:16,405 [WARN] ModelIntegratedComponent:63 - No mode defined for component null
2024-07-29 21:26:16,406 [WARN] ModelIntegratedComponent:63 - No mode defined for component null
2024-07-29 21:26:16,406 [WARN] ModelIntegratedComponent:63 - No mode defined for component null
2024-07-29 21:26:16,406 [WARN] ModelIntegratedComponent:63 - No mode defined for component null
2024-07-29 21:26:16,406 [WARN] ModelIntegratedComponent:63 - No mode defined for component null
2024-07-29 21:26:16,406 [WARN] ModelIntegratedComponent:63 - No mode defined for component null
2024-07-29 21:26:16,406 [WARN] ModelIntegratedComponent:63 - No mode defined for component null
2024-07-29 21:26:16,406 [WARN] ModelIntegratedComponent:63 - No mode defined for component null
2024-07-29 21:26:16,406 [WARN] ModelIntegratedComponent:63 - No mode defined for component null
2024-07-29 21:26:16,406 [WARN] ModelIntegratedComponent:63 - No mode defined for component null
2024-07-29 21:26:16,406 [WARN] ModelIntegratedComponent:63 - No mode defined for component null
2024-07-29 21:26:16,406 [WARN] ModelIntegratedComponent:63 - No mode defined for component null
2024-07-29 21:26:16,406 [WARN] ModelIntegratedComponent:63 - No mode defined for component null
2024-07-29 21:26:16,407 [WARN] ModelIntegratedComponent:63 - No mode defined for component null
2024-07-29 21:26:16,407 [WARN] ModelIntegratedComponent:63 - No mode defined for component null
2024-07-29 21:26:16,407 [WARN] ModelIntegratedComponent:63 - No mode defined for component null
2024-07-29 21:26:16,407 [WARN] ModelIntegratedComponent:63 - No mode defined for component null
2024-07-29 21:26:16,407 [WARN] ModelIntegratedComponent:63 - No mode defined for component null
2024-07-29 21:26:16,407 [WARN] ModelIntegratedComponent:63 - No mode defined for component null
2024-07-29 21:26:16,407 [WARN] ModelIntegratedComponent:63 - No mode defined for component null
2024-07-29 21:26:16,407 [WARN] ModelIntegratedComponent:63 - No mode defined for component null
2024-07-29 21:26:16,407 [WARN] ModelIntegratedComponent:63 - No mode defined for component null
2024-07-29 21:26:16,407 [WARN] ModelIntegratedComponent:63 - No mode defined for component null
2024-07-29 21:26:16,407 [WARN] ModelIntegratedComponent:63 - No mode defined for component null
2024-07-29 21:26:16,407 [WARN] ModelIntegratedComponent:63 - No mode defined for component null
2024-07-29 21:26:16,407 [WARN] ModelIntegratedComponent:63 - No mode defined for component null
2024-07-29 21:26:16,408 [WARN] ModelIntegratedComponent:63 - No mode defined for component null
2024-07-29 21:26:16,408 [WARN] ModelIntegratedComponent:63 - No mode defined for component null
2024-07-29 21:26:16,408 [WARN] ModelIntegratedComponent:63 - No mode defined for component null
2024-07-29 21:26:16,529 [INFO] ThirdPartyModel:298 - Start build external matchings
2024-07-29 21:26:16,901 [INFO] ThirdPartyModel:316 - End build external matchings
2024-07-29 21:26:16,923 [INFO] ImportTextPane:194 - (OptionalMessage_ERROR) IP (RCC) : Parameter (48USBFreq_Value) has invalid value (32000000)
2024-07-29 21:26:16,923 [INFO] ImportTextPane:194 - (OptionalMessage_ERROR) IP (RCC) : Invalid parameter (FamilyName)
2024-07-29 21:26:16,926 [INFO] ImportTextPane:194 - (OptionalMessage_ERROR) IP (RCC) : Parameter (RTCHSEDivFreq_Value) has invalid value (12500000)
2024-07-29 21:26:16,927 [INFO] ImportTextPane:194 - (OptionalMessage_ERROR) IP (RCC) : Invalid parameter (TIMFreq_Value)
2024-07-29 21:26:17,251 [INFO] ApiDb:581 - Connected to CubeFinder SQLite database (C:\Users\Matheus Markies\.stmcufinder\plugins\mcufinder\mcu\cube-finder-db.db)
2024-07-29 21:26:17,367 [INFO] ApiDb:668 - CubeFinder database Data Model version=2.1
2024-07-29 21:26:17,367 [INFO] ApiDb:669 - CubeFinder database Configuration version=3.0.39
2024-07-29 21:26:17,369 [INFO] ApiDb:670 - CubeFinder database generation date=2024-06-20 (1718880634)
2024-07-29 21:26:17,369 [INFO] ApiDb:671 - CubeFinder database FW Pack versions=[FP-ATR-ASTRA1_V2.0.0, FP-SNS-FLIGHT1_V5.0.2, FP-SNS-MOTENV1_V5.0.0, FP-SNS-MOTENVWB1_V1.4.0, FP-SNS-SMARTAG2_V1.2.0, STM32Cube_FW_C0_V1.2.0, STM32Cube_FW_F4_V1.28.0, STM32Cube_FW_F7_V1.17.2, STM32Cube_FW_G0_V1.6.2, STM32Cube_FW_G4_V1.6.0, STM32Cube_FW_H5_V1.3.0, STM32Cube_FW_H7RS_V1.1.0, STM32Cube_FW_H7_V1.11.2, STM32Cube_FW_L0_V1.12.2, STM32Cube_FW_L5_V1.5.1, STM32Cube_FW_U0_V1.1.0, STM32Cube_FW_U5_V1.6.0, STM32Cube_FW_WB0_V1.0.0, STM32Cube_FW_WBA_V1.4.0, STM32Cube_FW_WB_V1.20.0, STM32Cube_FW_WL_V1.3.0, X-CUBE-ALGOBUILD_V1.4.0, X-CUBE-ALS_V1.0.2, X-CUBE-AZRTOS-F4_V1.1.0, X-CUBE-AZRTOS-F7_V1.1.0, X-CUBE-AZRTOS-G0_V1.1.0, X-CUBE-AZRTOS-G4_V2.0.0, X-CUBE-AZRTOS-H7RS_V1.0.0, X-CUBE-AZRTOS-H7_V3.2.0, X-CUBE-AZRTOS-L4_V2.0.0, X-CUBE-AZRTOS-L5_V1.1.0, X-CUBE-AZRTOS-WB_V2.0.0, X-CUBE-AZRTOS-WL_V2.0.0, X-CUBE-BLE1_V7.0.0, X-CUBE-BLE2_V3.3.0, X-CUBE-BLEMGR_V3.1.0, X-CUBE-EEPRMA1_V5.1.0, X-CUBE-FREERTOS_V1.2.0, X-CUBE-GNSS1_V6.0.0, X-CUBE-MEMS1_V10.0.0, X-CUBE-NFC4_V3.0.0, X-CUBE-NFC7_V1.0.1, X-CUBE-SFXS2LP1_V4.0.0, X-CUBE-SUBG2_V5.0.0, X-CUBE-TOF1_V3.4.1]
2024-07-29 21:26:17,467 [INFO] DbBoardsSqlite:226 - include board P-NUCLEO-WB55-NUCLEO as a kit item of type 'Nucleo-64'
2024-07-29 21:26:17,467 [INFO] DbBoardsSqlite:226 - include board P-NUCLEO-WB55-USBDONGLE as a kit item of type 'Nucleo USB Dongle'
2024-07-29 21:26:17,467 [INFO] DbBoardsSqlite:226 - include board STEVAL-IDP005V1 as a kit item of type 'Evaluation Board'
2024-07-29 21:26:17,467 [INFO] DbBoardsSqlite:226 - include board STEVAL-IDP005V2 as a kit item of type 'Evaluation Board'
2024-07-29 21:26:17,571 [INFO] ApiDb:240 - Found 483 in-development CPN: [B-G473E-ZEST1S, B-WB1M-WPAN1, B-WL5M-SUBG1, NUCLEO-C031C6, NUCLEO-H503RB, NUCLEO-H533RE, NUCLEO-H563ZI, NUCLEO-H7S3L8, NUCLEO-U031R8, NUCLEO-U083RC, NUCLEO-U545RE-Q, NUCLEO-U5A5ZJ-Q, NUCLEO-WBA52CG, NUCLEO-WBA55CG, STEVAL-PROTEUS1, STEVAL-SMARTAG2, STEVAL-STWINBX1, STM320518-EVAL, STM32C0116-DK, STM32C011D6Y3TR, STM32C011D6Y6TR, STM32C011F4P3, STM32C011F4P6, STM32C011F4U3, STM32C011F4U6TR, STM32C011F6P3, STM32C011F6P6, STM32C011F6U3, STM32C011F6U6TR, STM32C011J4M3, STM32C011J4M6, STM32C011J6M3, STM32C011J6M6, STM32C0316-DK, STM32C031C4T3, STM32C031C4T6, STM32C031C4U3, STM32C031C4U6, STM32C031C6T3, STM32C031C6T6, STM32C031C6U3, STM32C031C6U6, STM32C031F4P3, STM32C031F4P6, STM32C031F6P3, STM32C031F6P6, STM32C031G4U3, STM32C031G4U6, STM32C031G6U3, STM32C031G6U6, STM32C031K4T3, STM32C031K4T6, STM32C031K4U3, STM32C031K4U6, STM32C031K6T3, STM32C031K6T6, STM32C031K6U3, STM32C031K6U6, STM32G071K8TXN, STM32G071K8UXN, STM32G081GBU6N, STM32G081KBT6N, STM32G081KBUXN, STM32G0B1CCT6N, STM32G0B1KCT6, STM32G0B1NEY6TR, STM32G0B1RCT6N, STM32G0C1CCT6, STM32G0C1CCT6N, STM32G0C1CCU6N, STM32G0C1CET6N, STM32G0C1CEU6N, STM32G0C1KCT6, STM32G0C1NEY6TR, STM32G0C1RCI6N, STM32G0C1RCT6N, STM32G0C1REI6N, STM32G0C1RET6N, STM32G0C1VCI6, STM32G0C1VEI6, STM32G471CCT6, STM32G471CCU6, STM32G471CET3, STM32G471CET6, STM32G471CEU3, STM32G471CEU6, STM32G471MCT6, STM32G471MET3, STM32G471MET6, STM32G471MEY6TR, STM32G471QCT6, STM32G471QET3, STM32G471RCT6, STM32G471RET3, STM32G471RET6, STM32G471VCH6, STM32G471VCI6, STM32G471VCT6, STM32G471VEH3, STM32G471VEH6, STM32G471VEI3, STM32G471VEI6, STM32G471VET3, STM32G471VET6, STM32G474CCT6, STM32H503CBT6, STM32H503CBU6, STM32H503EBY6TR, STM32H503KBU6, STM32H503RBT6, STM32H523CCT6, STM32H523CCU6, STM32H523CET6, STM32H523CEU6, STM32H523HEY6TR, STM32H523RCT6, STM32H523RET6, STM32H523VCI6, STM32H523VCT6, STM32H523VEI6, STM32H523VET6, STM32H523ZCJ6, STM32H523ZCT6, STM32H523ZEJ6, STM32H523ZET6, STM32H533CET6, STM32H533CEU6, STM32H533HEY6TR, STM32H533RET6, STM32H533VEI6, STM32H533VET6, STM32H533ZEJ6, STM32H533ZET6, STM32H562AGI6, STM32H562AII6, STM32H562IGK6, STM32H562IGT6, STM32H562IIK6, STM32H562IIT6, STM32H562RGT6, STM32H562RGV6, STM32H562RIT6, STM32H562RIV6, STM32H562VGT6, STM32H562VIT6, STM32H562ZGT6, STM32H562ZIT6, STM32H563AGI6, STM32H563AII3Q, STM32H563AII6, STM32H563IGK6, STM32H563IGT6, STM32H563IIK3Q, STM32H563IIK6, STM32H563IIT3Q, STM32H563IIT6, STM32H563MIY3QTR, STM32H563RGT6, STM32H563RGV6, STM32H563RIT6, STM32H563RIV6, STM32H563VGT6, STM32H563VIT3Q, STM32H563VIT6, STM32H563ZGT6, STM32H563ZIT3Q, STM32H563ZIT6, STM32H573AII3Q, STM32H573AII6, STM32H573I-DK, STM32H573IIK3Q, STM32H573IIK6, STM32H573IIT3Q, STM32H573IIT6, STM32H573MIY3QTR, STM32H573RIT6, STM32H573RIV6, STM32H573VIT3Q, STM32H573VIT6, STM32H573ZIT3Q, STM32H573ZIT6, STM32H7R3A8I6, STM32H7R3I8K6, STM32H7R3I8T6, STM32H7R3L8H6, STM32H7R3L8H6H, STM32H7R3R8V6, STM32H7R3V8H6, STM32H7R3V8T6, STM32H7R3V8Y6, STM32H7R3Z8J6, STM32H7R3Z8T6, STM32H7R7A8I6, STM32H7R7I8K6, STM32H7R7I8T6, STM32H7R7L8H6, STM32H7R7L8H6H, STM32H7R7Z8J6, STM32H7S3A8I6, STM32H7S3I8K6, STM32H7S3I8T6, STM32H7S3L8H6, STM32H7S3L8H6H, STM32H7S3R8V6, STM32H7S3V8H6, STM32H7S3V8T6, STM32H7S3V8Y6, STM32H7S3Z8J6, STM32H7S3Z8T6, STM32H7S78-DK, STM32H7S7A8I6, STM32H7S7I8K6, STM32H7S7I8T6, STM32H7S7L8H6, STM32H7S7L8H6H, STM32H7S7Z8J6, STM32L4R5QGI6STR, STM32MP131AAE3, STM32MP131AAF3, STM32MP131AAG3, STM32MP131CAE3, STM32MP131CAF3, STM32MP131CAG3, STM32MP131DAE7, STM32MP131DAF7, STM32MP131DAG7, STM32MP131FAE7, STM32MP131FAF7, STM32MP131FAG7, STM32MP133AAE3, STM32MP133AAF3, STM32MP133AAG3, STM32MP133CAE3, STM32MP133CAF3, STM32MP133CAG3, STM32MP133DAE7, STM32MP133DAF7, STM32MP133DAG7, STM32MP133FAE7, STM32MP133FAF7, STM32MP133FAG7, STM32MP135AAE3, STM32MP135AAF3, STM32MP135AAG3, STM32MP135CAE3, STM32MP135CAF3, STM32MP135CAG3, STM32MP135DAE7, STM32MP135DAF7, STM32MP135DAG7, STM32MP135F-DK, STM32MP135FAE7, STM32MP135FAF7, STM32MP135FAF7T, STM32MP135FAF7U, STM32MP135FAG7, STM32U031C6T6, STM32U031C6U6, STM32U031C8T6, STM32U031C8U6, STM32U031F4P6, STM32U031F6P6, STM32U031F8P6, STM32U031G6Y6TR, STM32U031G8Y6TR, STM32U031K4U6, STM32U031K6U6, STM32U031K8U6, STM32U031R6I6, STM32U031R6T6, STM32U031R8I6, STM32U031R8T6, STM32U073C8T6, STM32U073C8U6, STM32U073CBT6, STM32U073CBU6, STM32U073CCT6, STM32U073CCU6, STM32U073H8Y6TR, STM32U073HBY6TR, STM32U073HCY6TR, STM32U073K8U6, STM32U073KBU6, STM32U073KCU6, STM32U073M8I6, STM32U073M8T6, STM32U073MBI6, STM32U073MBT6, STM32U073MCI6, STM32U073MCT6, STM32U073R8I6, STM32U073R8T6, STM32U073RBI6, STM32U073RBT6, STM32U073RCI6, STM32U073RCT6, STM32U083C-DK, STM32U083CCT6, STM32U083CCU6, STM32U083HCY6TR, STM32U083KCU6, STM32U083MCI6, STM32U083MCT6, STM32U083RCI6, STM32U083RCT6, STM32U535CBT6, STM32U535CBT6Q, STM32U535CBU6, STM32U535CBU6Q, STM32U535CCT6, STM32U535CCT6Q, STM32U535CCU6, STM32U535CCU6Q, STM32U535CET6, STM32U535CET6Q, STM32U535CEU6, STM32U535CEU6Q, STM32U535JEY6QTR, STM32U535NCY6QTR, STM32U535NEY6QTR, STM32U535RBI6, STM32U535RBI6Q, STM32U535RBT6, STM32U535RBT6Q, STM32U535RCI6, STM32U535RCI6Q, STM32U535RCT6, STM32U535RCT6Q, STM32U535REI6, STM32U535REI6Q, STM32U535RET6, STM32U535RET6Q, STM32U535VCI6, STM32U535VCI6Q, STM32U535VCT6, STM32U535VCT6Q, STM32U535VEI6, STM32U535VEI6Q, STM32U535VET6, STM32U535VET6Q, STM32U545CET6, STM32U545CET6Q, STM32U545CEU6, STM32U545CEU6Q, STM32U545JEY6QTR, STM32U545NEY6QTR, STM32U545REI6, STM32U545REI6Q, STM32U545RET6, STM32U545RET6Q, STM32U545VEI6, STM32U545VEI6Q, STM32U545VET6, STM32U545VET6Q, STM32U595AIH6, STM32U595AIH6Q, STM32U595AJH6, STM32U595AJH6Q, STM32U595QII6, STM32U595QII6Q, STM32U595QJI6, STM32U595QJI6Q, STM32U595RIT6, STM32U595RIT6Q, STM32U595RJT6, STM32U595RJT6Q, STM32U595VIT6, STM32U595VIT6Q, STM32U595VJT6, STM32U595VJT6Q, STM32U595ZIT6, STM32U595ZIT6Q, STM32U595ZIY6QTR, STM32U595ZJT6, STM32U595ZJT6Q, STM32U595ZJY6QTR, STM32U599BJY6QTR, STM32U599NIH6Q, STM32U599NJH6Q, STM32U599VIT6Q, STM32U599VJT6, STM32U599VJT6Q, STM32U599ZIT6Q, STM32U599ZIY6QTR, STM32U599ZJT6Q, STM32U599ZJY6QTR, STM32U5A5AJH6, STM32U5A5AJH6Q, STM32U5A5QII3Q , STM32U5A5QJI6, STM32U5A5QJI6Q, STM32U5A5RJT6, STM32U5A5RJT6Q, STM32U5A5VJT6, STM32U5A5VJT6Q, STM32U5A5ZJT6, STM32U5A5ZJT6Q, STM32U5A5ZJY6QTR, STM32U5A9BJY6QTR, STM32U5A9J-DK, STM32U5A9NJH6Q, STM32U5A9VJT6Q, STM32U5A9ZJT6Q, STM32U5A9ZJY6QTR, STM32U5F7VIT6, STM32U5F7VIT6Q, STM32U5F7VJT6, STM32U5F7VJT6Q, STM32U5F9BJY6QTR, STM32U5F9NJH6Q, STM32U5F9VIT6Q, STM32U5F9VJT6Q, STM32U5F9ZIJ6QTR, STM32U5F9ZIT6Q, STM32U5F9ZJJ6QTR, STM32U5F9ZJT6Q, STM32U5G7VJT6, STM32U5G7VJT6Q, STM32U5G9BJY6QTR, STM32U5G9J-DK1, STM32U5G9J-DK2, STM32U5G9NJH6Q, STM32U5G9VJT6Q, STM32U5G9ZJJ6QTR, STM32U5G9ZJT6Q, STM32WB1MMCH6, STM32WBA50KEU6, STM32WBA50KEU6TR, STM32WBA50KGU6, STM32WBA50KGU6TR, STM32WBA52CEU6, STM32WBA52CEU6TR, STM32WBA52CEU7, STM32WBA52CEU7TR, STM32WBA52CGU6, STM32WBA52CGU6TR, STM32WBA52CGU6U, STM32WBA52CGU7, STM32WBA52CGU7TR, STM32WBA52KEU6, STM32WBA52KEU6TR, STM32WBA52KGU6, STM32WBA52KGU6TR, STM32WBA54CEU6, STM32WBA54CEU6TR, STM32WBA54CEU7, STM32WBA54CEU7TR, STM32WBA54CGU6, STM32WBA54CGU6TR, STM32WBA54CGU7, STM32WBA54CGU7TR, STM32WBA54KEU6, STM32WBA54KEU6TR, STM32WBA54KEU7, STM32WBA54KEU7TR, STM32WBA54KGU6, STM32WBA54KGU6TR, STM32WBA54KGU7, STM32WBA54KGU7TR, STM32WBA55CEU6, STM32WBA55CEU6TR, STM32WBA55CEU7, STM32WBA55CEU7TR, STM32WBA55CGU6, STM32WBA55CGU6TR, STM32WBA55CGU6U, STM32WBA55CGU7, STM32WBA55CGU7TR, STM32WBA55G-DK1, STM32WBA55HEF6, STM32WBA55HEF7, STM32WBA55HGF6, STM32WBA55HGF7, STM32WBA55UEI6, STM32WBA55UEI6TR, STM32WBA55UEI7, STM32WBA55UEI7TR, STM32WBA55UGI6, STM32WBA55UGI6TR, STM32WBA55UGI7, STM32WBA55UGI7TR, STM32WL5MOCH6, STM32WL5MOCH6TR]
2024-07-29 21:26:17,575 [INFO] ApiDb:668 - CubeFinder database Data Model version=2.1
2024-07-29 21:26:17,575 [INFO] ApiDb:669 - CubeFinder database Configuration version=3.0.39
2024-07-29 21:26:17,575 [INFO] ApiDb:670 - CubeFinder database generation date=2024-06-20 (1718880634)
2024-07-29 21:26:17,575 [INFO] ApiDb:671 - CubeFinder database FW Pack versions=[FP-ATR-ASTRA1_V2.0.0, FP-SNS-FLIGHT1_V5.0.2, FP-SNS-MOTENV1_V5.0.0, FP-SNS-MOTENVWB1_V1.4.0, FP-SNS-SMARTAG2_V1.2.0, STM32Cube_FW_C0_V1.2.0, STM32Cube_FW_F4_V1.28.0, STM32Cube_FW_F7_V1.17.2, STM32Cube_FW_G0_V1.6.2, STM32Cube_FW_G4_V1.6.0, STM32Cube_FW_H5_V1.3.0, STM32Cube_FW_H7RS_V1.1.0, STM32Cube_FW_H7_V1.11.2, STM32Cube_FW_L0_V1.12.2, STM32Cube_FW_L5_V1.5.1, STM32Cube_FW_U0_V1.1.0, STM32Cube_FW_U5_V1.6.0, STM32Cube_FW_WB0_V1.0.0, STM32Cube_FW_WBA_V1.4.0, STM32Cube_FW_WB_V1.20.0, STM32Cube_FW_WL_V1.3.0, X-CUBE-ALGOBUILD_V1.4.0, X-CUBE-ALS_V1.0.2, X-CUBE-AZRTOS-F4_V1.1.0, X-CUBE-AZRTOS-F7_V1.1.0, X-CUBE-AZRTOS-G0_V1.1.0, X-CUBE-AZRTOS-G4_V2.0.0, X-CUBE-AZRTOS-H7RS_V1.0.0, X-CUBE-AZRTOS-H7_V3.2.0, X-CUBE-AZRTOS-L4_V2.0.0, X-CUBE-AZRTOS-L5_V1.1.0, X-CUBE-AZRTOS-WB_V2.0.0, X-CUBE-AZRTOS-WL_V2.0.0, X-CUBE-BLE1_V7.0.0, X-CUBE-BLE2_V3.3.0, X-CUBE-BLEMGR_V3.1.0, X-CUBE-EEPRMA1_V5.1.0, X-CUBE-FREERTOS_V1.2.0, X-CUBE-GNSS1_V6.0.0, X-CUBE-MEMS1_V10.0.0, X-CUBE-NFC4_V3.0.0, X-CUBE-NFC7_V1.0.1, X-CUBE-SFXS2LP1_V4.0.0, X-CUBE-SUBG2_V5.0.0, X-CUBE-TOF1_V3.4.1]
2024-07-29 21:26:19,768 [INFO] ApiDb:240 - Found 483 in-development CPN: [B-G473E-ZEST1S, B-WB1M-WPAN1, B-WL5M-SUBG1, NUCLEO-C031C6, NUCLEO-H503RB, NUCLEO-H533RE, NUCLEO-H563ZI, NUCLEO-H7S3L8, NUCLEO-U031R8, NUCLEO-U083RC, NUCLEO-U545RE-Q, NUCLEO-U5A5ZJ-Q, NUCLEO-WBA52CG, NUCLEO-WBA55CG, STEVAL-PROTEUS1, STEVAL-SMARTAG2, STEVAL-STWINBX1, STM320518-EVAL, STM32C0116-DK, STM32C011D6Y3TR, STM32C011D6Y6TR, STM32C011F4P3, STM32C011F4P6, STM32C011F4U3, STM32C011F4U6TR, STM32C011F6P3, STM32C011F6P6, STM32C011F6U3, STM32C011F6U6TR, STM32C011J4M3, STM32C011J4M6, STM32C011J6M3, STM32C011J6M6, STM32C0316-DK, STM32C031C4T3, STM32C031C4T6, STM32C031C4U3, STM32C031C4U6, STM32C031C6T3, STM32C031C6T6, STM32C031C6U3, STM32C031C6U6, STM32C031F4P3, STM32C031F4P6, STM32C031F6P3, STM32C031F6P6, STM32C031G4U3, STM32C031G4U6, STM32C031G6U3, STM32C031G6U6, STM32C031K4T3, STM32C031K4T6, STM32C031K4U3, STM32C031K4U6, STM32C031K6T3, STM32C031K6T6, STM32C031K6U3, STM32C031K6U6, STM32G071K8TXN, STM32G071K8UXN, STM32G081GBU6N, STM32G081KBT6N, STM32G081KBUXN, STM32G0B1CCT6N, STM32G0B1KCT6, STM32G0B1NEY6TR, STM32G0B1RCT6N, STM32G0C1CCT6, STM32G0C1CCT6N, STM32G0C1CCU6N, STM32G0C1CET6N, STM32G0C1CEU6N, STM32G0C1KCT6, STM32G0C1NEY6TR, STM32G0C1RCI6N, STM32G0C1RCT6N, STM32G0C1REI6N, STM32G0C1RET6N, STM32G0C1VCI6, STM32G0C1VEI6, STM32G471CCT6, STM32G471CCU6, STM32G471CET3, STM32G471CET6, STM32G471CEU3, STM32G471CEU6, STM32G471MCT6, STM32G471MET3, STM32G471MET6, STM32G471MEY6TR, STM32G471QCT6, STM32G471QET3, STM32G471RCT6, STM32G471RET3, STM32G471RET6, STM32G471VCH6, STM32G471VCI6, STM32G471VCT6, STM32G471VEH3, STM32G471VEH6, STM32G471VEI3, STM32G471VEI6, STM32G471VET3, STM32G471VET6, STM32G474CCT6, STM32H503CBT6, STM32H503CBU6, STM32H503EBY6TR, STM32H503KBU6, STM32H503RBT6, STM32H523CCT6, STM32H523CCU6, STM32H523CET6, STM32H523CEU6, STM32H523HEY6TR, STM32H523RCT6, STM32H523RET6, STM32H523VCI6, STM32H523VCT6, STM32H523VEI6, STM32H523VET6, STM32H523ZCJ6, STM32H523ZCT6, STM32H523ZEJ6, STM32H523ZET6, STM32H533CET6, STM32H533CEU6, STM32H533HEY6TR, STM32H533RET6, STM32H533VEI6, STM32H533VET6, STM32H533ZEJ6, STM32H533ZET6, STM32H562AGI6, STM32H562AII6, STM32H562IGK6, STM32H562IGT6, STM32H562IIK6, STM32H562IIT6, STM32H562RGT6, STM32H562RGV6, STM32H562RIT6, STM32H562RIV6, STM32H562VGT6, STM32H562VIT6, STM32H562ZGT6, STM32H562ZIT6, STM32H563AGI6, STM32H563AII3Q, STM32H563AII6, STM32H563IGK6, STM32H563IGT6, STM32H563IIK3Q, STM32H563IIK6, STM32H563IIT3Q, STM32H563IIT6, STM32H563MIY3QTR, STM32H563RGT6, STM32H563RGV6, STM32H563RIT6, STM32H563RIV6, STM32H563VGT6, STM32H563VIT3Q, STM32H563VIT6, STM32H563ZGT6, STM32H563ZIT3Q, STM32H563ZIT6, STM32H573AII3Q, STM32H573AII6, STM32H573I-DK, STM32H573IIK3Q, STM32H573IIK6, STM32H573IIT3Q, STM32H573IIT6, STM32H573MIY3QTR, STM32H573RIT6, STM32H573RIV6, STM32H573VIT3Q, STM32H573VIT6, STM32H573ZIT3Q, STM32H573ZIT6, STM32H7R3A8I6, STM32H7R3I8K6, STM32H7R3I8T6, STM32H7R3L8H6, STM32H7R3L8H6H, STM32H7R3R8V6, STM32H7R3V8H6, STM32H7R3V8T6, STM32H7R3V8Y6, STM32H7R3Z8J6, STM32H7R3Z8T6, STM32H7R7A8I6, STM32H7R7I8K6, STM32H7R7I8T6, STM32H7R7L8H6, STM32H7R7L8H6H, STM32H7R7Z8J6, STM32H7S3A8I6, STM32H7S3I8K6, STM32H7S3I8T6, STM32H7S3L8H6, STM32H7S3L8H6H, STM32H7S3R8V6, STM32H7S3V8H6, STM32H7S3V8T6, STM32H7S3V8Y6, STM32H7S3Z8J6, STM32H7S3Z8T6, STM32H7S78-DK, STM32H7S7A8I6, STM32H7S7I8K6, STM32H7S7I8T6, STM32H7S7L8H6, STM32H7S7L8H6H, STM32H7S7Z8J6, STM32L4R5QGI6STR, STM32MP131AAE3, STM32MP131AAF3, STM32MP131AAG3, STM32MP131CAE3, STM32MP131CAF3, STM32MP131CAG3, STM32MP131DAE7, STM32MP131DAF7, STM32MP131DAG7, STM32MP131FAE7, STM32MP131FAF7, STM32MP131FAG7, STM32MP133AAE3, STM32MP133AAF3, STM32MP133AAG3, STM32MP133CAE3, STM32MP133CAF3, STM32MP133CAG3, STM32MP133DAE7, STM32MP133DAF7, STM32MP133DAG7, STM32MP133FAE7, STM32MP133FAF7, STM32MP133FAG7, STM32MP135AAE3, STM32MP135AAF3, STM32MP135AAG3, STM32MP135CAE3, STM32MP135CAF3, STM32MP135CAG3, STM32MP135DAE7, STM32MP135DAF7, STM32MP135DAG7, STM32MP135F-DK, STM32MP135FAE7, STM32MP135FAF7, STM32MP135FAF7T, STM32MP135FAF7U, STM32MP135FAG7, STM32U031C6T6, STM32U031C6U6, STM32U031C8T6, STM32U031C8U6, STM32U031F4P6, STM32U031F6P6, STM32U031F8P6, STM32U031G6Y6TR, STM32U031G8Y6TR, STM32U031K4U6, STM32U031K6U6, STM32U031K8U6, STM32U031R6I6, STM32U031R6T6, STM32U031R8I6, STM32U031R8T6, STM32U073C8T6, STM32U073C8U6, STM32U073CBT6, STM32U073CBU6, STM32U073CCT6, STM32U073CCU6, STM32U073H8Y6TR, STM32U073HBY6TR, STM32U073HCY6TR, STM32U073K8U6, STM32U073KBU6, STM32U073KCU6, STM32U073M8I6, STM32U073M8T6, STM32U073MBI6, STM32U073MBT6, STM32U073MCI6, STM32U073MCT6, STM32U073R8I6, STM32U073R8T6, STM32U073RBI6, STM32U073RBT6, STM32U073RCI6, STM32U073RCT6, STM32U083C-DK, STM32U083CCT6, STM32U083CCU6, STM32U083HCY6TR, STM32U083KCU6, STM32U083MCI6, STM32U083MCT6, STM32U083RCI6, STM32U083RCT6, STM32U535CBT6, STM32U535CBT6Q, STM32U535CBU6, STM32U535CBU6Q, STM32U535CCT6, STM32U535CCT6Q, STM32U535CCU6, STM32U535CCU6Q, STM32U535CET6, STM32U535CET6Q, STM32U535CEU6, STM32U535CEU6Q, STM32U535JEY6QTR, STM32U535NCY6QTR, STM32U535NEY6QTR, STM32U535RBI6, STM32U535RBI6Q, STM32U535RBT6, STM32U535RBT6Q, STM32U535RCI6, STM32U535RCI6Q, STM32U535RCT6, STM32U535RCT6Q, STM32U535REI6, STM32U535REI6Q, STM32U535RET6, STM32U535RET6Q, STM32U535VCI6, STM32U535VCI6Q, STM32U535VCT6, STM32U535VCT6Q, STM32U535VEI6, STM32U535VEI6Q, STM32U535VET6, STM32U535VET6Q, STM32U545CET6, STM32U545CET6Q, STM32U545CEU6, STM32U545CEU6Q, STM32U545JEY6QTR, STM32U545NEY6QTR, STM32U545REI6, STM32U545REI6Q, STM32U545RET6, STM32U545RET6Q, STM32U545VEI6, STM32U545VEI6Q, STM32U545VET6, STM32U545VET6Q, STM32U595AIH6, STM32U595AIH6Q, STM32U595AJH6, STM32U595AJH6Q, STM32U595QII6, STM32U595QII6Q, STM32U595QJI6, STM32U595QJI6Q, STM32U595RIT6, STM32U595RIT6Q, STM32U595RJT6, STM32U595RJT6Q, STM32U595VIT6, STM32U595VIT6Q, STM32U595VJT6, STM32U595VJT6Q, STM32U595ZIT6, STM32U595ZIT6Q, STM32U595ZIY6QTR, STM32U595ZJT6, STM32U595ZJT6Q, STM32U595ZJY6QTR, STM32U599BJY6QTR, STM32U599NIH6Q, STM32U599NJH6Q, STM32U599VIT6Q, STM32U599VJT6, STM32U599VJT6Q, STM32U599ZIT6Q, STM32U599ZIY6QTR, STM32U599ZJT6Q, STM32U599ZJY6QTR, STM32U5A5AJH6, STM32U5A5AJH6Q, STM32U5A5QII3Q , STM32U5A5QJI6, STM32U5A5QJI6Q, STM32U5A5RJT6, STM32U5A5RJT6Q, STM32U5A5VJT6, STM32U5A5VJT6Q, STM32U5A5ZJT6, STM32U5A5ZJT6Q, STM32U5A5ZJY6QTR, STM32U5A9BJY6QTR, STM32U5A9J-DK, STM32U5A9NJH6Q, STM32U5A9VJT6Q, STM32U5A9ZJT6Q, STM32U5A9ZJY6QTR, STM32U5F7VIT6, STM32U5F7VIT6Q, STM32U5F7VJT6, STM32U5F7VJT6Q, STM32U5F9BJY6QTR, STM32U5F9NJH6Q, STM32U5F9VIT6Q, STM32U5F9VJT6Q, STM32U5F9ZIJ6QTR, STM32U5F9ZIT6Q, STM32U5F9ZJJ6QTR, STM32U5F9ZJT6Q, STM32U5G7VJT6, STM32U5G7VJT6Q, STM32U5G9BJY6QTR, STM32U5G9J-DK1, STM32U5G9J-DK2, STM32U5G9NJH6Q, STM32U5G9VJT6Q, STM32U5G9ZJJ6QTR, STM32U5G9ZJT6Q, STM32WB1MMCH6, STM32WBA50KEU6, STM32WBA50KEU6TR, STM32WBA50KGU6, STM32WBA50KGU6TR, STM32WBA52CEU6, STM32WBA52CEU6TR, STM32WBA52CEU7, STM32WBA52CEU7TR, STM32WBA52CGU6, STM32WBA52CGU6TR, STM32WBA52CGU6U, STM32WBA52CGU7, STM32WBA52CGU7TR, STM32WBA52KEU6, STM32WBA52KEU6TR, STM32WBA52KGU6, STM32WBA52KGU6TR, STM32WBA54CEU6, STM32WBA54CEU6TR, STM32WBA54CEU7, STM32WBA54CEU7TR, STM32WBA54CGU6, STM32WBA54CGU6TR, STM32WBA54CGU7, STM32WBA54CGU7TR, STM32WBA54KEU6, STM32WBA54KEU6TR, STM32WBA54KEU7, STM32WBA54KEU7TR, STM32WBA54KGU6, STM32WBA54KGU6TR, STM32WBA54KGU7, STM32WBA54KGU7TR, STM32WBA55CEU6, STM32WBA55CEU6TR, STM32WBA55CEU7, STM32WBA55CEU7TR, STM32WBA55CGU6, STM32WBA55CGU6TR, STM32WBA55CGU6U, STM32WBA55CGU7, STM32WBA55CGU7TR, STM32WBA55G-DK1, STM32WBA55HEF6, STM32WBA55HEF7, STM32WBA55HGF6, STM32WBA55HGF7, STM32WBA55UEI6, STM32WBA55UEI6TR, STM32WBA55UEI7, STM32WBA55UEI7TR, STM32WBA55UGI6, STM32WBA55UGI6TR, STM32WBA55UGI7, STM32WBA55UGI7TR, STM32WL5MOCH6, STM32WL5MOCH6TR]
2024-07-29 21:26:19,773 [INFO] DbMcus:218 - Found 4203 MCUs, 4203 are supported
2024-07-29 21:26:19,773 [INFO] ApiDb:423 - Load user favorites file C:\Users\Matheus Markies/.stm32cubeide/favorites.mcus.txt: 3 item(s)
2024-07-29 21:26:19,774 [INFO] ApiDb:427 - User favorites MCUs=[STM32F103RBT6, STM32F411RET7, STM32L053C8T6]
2024-07-29 21:26:19,774 [INFO] DbMcus:224 - Set 3 / 3 favorites MCUs
2024-07-29 21:26:20,325 [INFO] BoardInfo:889 - No configuration file found for board P-NUCLEO-WB55
2024-07-29 21:26:20,327 [INFO] DbBoards:161 - Kit is not supported: P-NUCLEO-WB55
2024-07-29 21:26:20,333 [INFO] BoardInfo:889 - No configuration file found for board STEVAL-BFA001V1B
2024-07-29 21:26:20,334 [INFO] DbBoards:161 - Kit is not supported: STEVAL-BFA001V1B
2024-07-29 21:26:20,335 [INFO] BoardInfo:889 - No configuration file found for board STEVAL-BFA001V2B
2024-07-29 21:26:20,335 [INFO] DbBoards:161 - Kit is not supported: STEVAL-BFA001V2B
2024-07-29 21:26:20,534 [INFO] DbBoards:168 - Found 195 boards, 192 are supported
2024-07-29 21:26:20,534 [INFO] DbBoards:169 - Found 195 boards, 8 of them is supported for  Bsp
2024-07-29 21:26:20,537 [INFO] ApiDb:423 - Load user favorites file C:\Users\Matheus Markies/.stm32cubeide/favorites.boards.txt: 0 item(s)
2024-07-29 21:26:20,537 [INFO] ApiDb:427 - User favorites Boards=[]
2024-07-29 21:26:20,537 [INFO] DbBoards:198 - Set 0 / 0 favorites Boards
2024-07-29 21:26:20,591 [INFO] UtilMem:75 - End LoadConfig() Used Memory: 651720376 Bytes (1073741824)
2024-07-29 21:26:20,802 [WARN] ThirdParty:833 - waiting for thirdparty lock release [change project]
2024-07-29 21:26:20,802 [INFO] ThirdParty:835 - entering critical section [change project]
2024-07-29 21:26:20,802 [INFO] ThirdParty:1030 - CMSIS Pack Vendor :STMicroelectronics USBPD 4.1
2024-07-29 21:26:20,803 [INFO] ThirdParty:1030 - CMSIS Pack Vendor :STMicroelectronics X-CUBE-GNSS1 6.0.0
2024-07-29 21:26:20,803 [INFO] ThirdParty:1030 - CMSIS Pack Vendor :STMicroelectronics USB_HOST 2.0.0
2024-07-29 21:26:20,803 [INFO] ThirdParty:1030 - CMSIS Pack Vendor :STMicroelectronics FP-SNS-MOTENVWB1 1.4.0
2024-07-29 21:26:20,803 [INFO] ThirdParty:1030 - CMSIS Pack Vendor :STMicroelectronics X-CUBE-AZRTOS-F4 1.1.0
2024-07-29 21:26:20,803 [INFO] ThirdParty:1030 - CMSIS Pack Vendor :STMicroelectronics LIBJPEG 8.0.0
2024-07-29 21:26:20,803 [INFO] ThirdParty:1030 - CMSIS Pack Vendor :STMicroelectronics X-CUBE-SMBUS 2.1.0
2024-07-29 21:26:20,803 [INFO] ThirdParty:1030 - CMSIS Pack Vendor :STMicroelectronics USB_DEVICE 3.0.0
2024-07-29 21:26:20,803 [INFO] ThirdParty:1030 - CMSIS Pack Vendor :STMicroelectronics X-CUBE-TCPP 4.1.0
2024-07-29 21:26:20,803 [INFO] ThirdParty:1030 - CMSIS Pack Vendor :STMicroelectronics X-CUBE-FREERTOS 1.2.0
2024-07-29 21:26:20,803 [INFO] ThirdParty:1030 - CMSIS Pack Vendor :STMicroelectronics X-CUBE-AZRTOS-WB 2.0.0
2024-07-29 21:26:20,803 [INFO] ThirdParty:1030 - CMSIS Pack Vendor :STMicroelectronics X-CUBE-TOUCHGFX 4.23.2
2024-07-29 21:26:20,803 [INFO] ThirdParty:1030 - CMSIS Pack Vendor :STMicroelectronics X-CUBE-AZRTOS-F7 1.1.0
2024-07-29 21:26:20,803 [INFO] ThirdParty:1030 - CMSIS Pack Vendor :STMicroelectronics X-CUBE-AZRTOS-L5 2.0.0
2024-07-29 21:26:20,803 [INFO] ThirdParty:1030 - CMSIS Pack Vendor :STMicroelectronics USB_DEVICE 2.0.0
2024-07-29 21:26:20,803 [INFO] ThirdParty:1030 - CMSIS Pack Vendor :STMicroelectronics X-CUBE-NFC6 3.1.0
2024-07-29 21:26:20,803 [INFO] ThirdParty:1030 - CMSIS Pack Vendor :STMicroelectronics FP-SNS-STBOX1 2.0.0
2024-07-29 21:26:20,804 [INFO] ThirdParty:1030 - CMSIS Pack Vendor :STMicroelectronics FreeRTOS 0.0.1
2024-07-29 21:26:20,804 [INFO] ThirdParty:1030 - CMSIS Pack Vendor :STMicroelectronics X-CUBE-AZRTOS-G0 1.1.0
2024-07-29 21:26:20,804 [INFO] ThirdParty:1030 - CMSIS Pack Vendor :STMicroelectronics X-CUBE-SAFEA1 1.2.2
2024-07-29 21:26:20,804 [INFO] ThirdParty:1030 - CMSIS Pack Vendor :STMicroelectronics X-CUBE-NFC4 3.0.0
2024-07-29 21:26:20,804 [INFO] ThirdParty:1030 - CMSIS Pack Vendor :STMicroelectronics X-CUBE-DPower 1.2.0
2024-07-29 21:26:20,804 [INFO] ThirdParty:1030 - CMSIS Pack Vendor :STMicroelectronics X-CUBE-SUBG2 5.0.0
2024-07-29 21:26:20,804 [INFO] ThirdParty:1030 - CMSIS Pack Vendor :STMicroelectronics STM32_WPAN 1.0.0
2024-07-29 21:26:20,804 [INFO] ThirdParty:1030 - CMSIS Pack Vendor :wolfSSL I-CUBE-wolfMQTT 1.18.0
2024-07-29 21:26:20,804 [INFO] ThirdParty:1030 - CMSIS Pack Vendor :EmbeddedOffice I-CUBE-FS-RTOS 1.0.1
2024-07-29 21:26:20,804 [INFO] ThirdParty:1030 - CMSIS Pack Vendor :STMicroelectronics lwIP 2.0.3
2024-07-29 21:26:20,804 [INFO] ThirdParty:1030 - CMSIS Pack Vendor :STMicroelectronics FP-SNS-FLIGHT1 5.0.2
2024-07-29 21:26:20,804 [INFO] ThirdParty:1030 - CMSIS Pack Vendor :STMicroelectronics USB_HOST 1.0.0
2024-07-29 21:26:20,804 [INFO] ThirdParty:1030 - CMSIS Pack Vendor :STMicroelectronics X-CUBE-AI 9.0.0
2024-07-29 21:26:20,804 [INFO] ThirdParty:1030 - CMSIS Pack Vendor :STMicroelectronics X-CUBE-AZRTOS-G4 2.0.0
2024-07-29 21:26:20,804 [INFO] ThirdParty:1030 - CMSIS Pack Vendor :STMicroelectronics PDM2PCM 3.1.0
2024-07-29 21:26:20,804 [INFO] ThirdParty:1030 - CMSIS Pack Vendor :STMicroelectronics PDM2PCM 3.3.0
2024-07-29 21:26:20,804 [INFO] ThirdParty:1030 - CMSIS Pack Vendor :STMicroelectronics X-CUBE-DISPLAY 3.0.0
2024-07-29 21:26:20,805 [INFO] ThirdParty:1030 - CMSIS Pack Vendor :RealThread X-CUBE-RT-Thread_Nano 4.1.1
2024-07-29 21:26:20,805 [INFO] ThirdParty:1030 - CMSIS Pack Vendor :wolfSSL I-CUBE-wolfSSL 5.7.0
2024-07-29 21:26:20,805 [INFO] ThirdParty:1030 - CMSIS Pack Vendor :STMicroelectronics X-CUBE-BLE1 7.0.0
2024-07-29 21:26:20,805 [INFO] ThirdParty:1030 - CMSIS Pack Vendor :STMicroelectronics FP-ATR-SIGFOX1 3.2.0
2024-07-29 21:26:20,805 [INFO] ThirdParty:1030 - CMSIS Pack Vendor :STMicroelectronics X-CUBE-ISPU 2.0.0
2024-07-29 21:26:20,805 [INFO] ThirdParty:1030 - CMSIS Pack Vendor :STMicroelectronics X-CUBE-EEPRMA1 5.1.0
2024-07-29 21:26:20,805 [INFO] ThirdParty:1030 - CMSIS Pack Vendor :STMicroelectronics HAL Drivers 0.0.0
2024-07-29 21:26:20,805 [INFO] ThirdParty:1030 - CMSIS Pack Vendor :STMicroelectronics MBEDTLS 2.16.2
2024-07-29 21:26:20,805 [INFO] ThirdParty:1030 - CMSIS Pack Vendor :STMicroelectronics X-CUBE-ALS 1.0.2
2024-07-29 21:26:20,805 [INFO] ThirdParty:1030 - CMSIS Pack Vendor :emotas I-CUBE-CANOPEN 1.3.0
2024-07-29 21:26:20,805 [INFO] ThirdParty:1030 - CMSIS Pack Vendor :STMicroelectronics X-CUBE-MEMS1 10.0.0
2024-07-29 21:26:20,805 [INFO] ThirdParty:1030 - CMSIS Pack Vendor :STMicroelectronics X-CUBE-NFC7 1.0.1
2024-07-29 21:26:20,805 [INFO] ThirdParty:1030 - CMSIS Pack Vendor :STMicroelectronics MBEDTLS 2.14.1
2024-07-29 21:26:20,805 [INFO] ThirdParty:1030 - CMSIS Pack Vendor :STMicroelectronics X-CUBE-TOUCHGFX 4.24.0
2024-07-29 21:26:20,805 [INFO] ThirdParty:1030 - CMSIS Pack Vendor :ITTIA_DB I-CUBE-ITTIADB 8.9.0
2024-07-29 21:26:20,806 [INFO] ThirdParty:1030 - CMSIS Pack Vendor :wolfSSL I-CUBE-wolfTPM 3.2.0
2024-07-29 21:26:20,806 [INFO] ThirdParty:1030 - CMSIS Pack Vendor :portGmbH I-Cube-SoM-uGOAL 1.1.0
2024-07-29 21:26:20,806 [INFO] ThirdParty:1030 - CMSIS Pack Vendor :STMicroelectronics X-CUBE-ALS 1.0.1
2024-07-29 21:26:20,806 [INFO] ThirdParty:1030 - CMSIS Pack Vendor :STMicroelectronics X-CUBE-BLEMGR 3.1.0
2024-07-29 21:26:20,806 [INFO] ThirdParty:1030 - CMSIS Pack Vendor :STMicroelectronics ThreadX 1.0.0
2024-07-29 21:26:20,806 [INFO] ThirdParty:1030 - CMSIS Pack Vendor :STMicroelectronics FP-SNS-SMARTAG2 1.2.0
2024-07-29 21:26:20,806 [INFO] ThirdParty:1030 - CMSIS Pack Vendor :STMicroelectronics X-CUBE-AZRTOS-WL 2.0.0
2024-07-29 21:26:20,806 [INFO] ThirdParty:1030 - CMSIS Pack Vendor :SEGGER I-CUBE-embOS 1.3.1
2024-07-29 21:26:20,806 [INFO] ThirdParty:1030 - CMSIS Pack Vendor :STMicroelectronics X-CUBE-ALGOBUILD 1.4.0
2024-07-29 21:26:20,806 [INFO] ThirdParty:1030 - CMSIS Pack Vendor :STMicroelectronics FP-SNS-MOTENV1 5.0.0
2024-07-29 21:26:20,806 [INFO] ThirdParty:1030 - CMSIS Pack Vendor :STMicroelectronics USB_DEVICE 1.0.0
2024-07-29 21:26:20,806 [INFO] ThirdParty:1030 - CMSIS Pack Vendor :STMicroelectronics X-CUBE-AZRTOS-H7RS 1.0.0
2024-07-29 21:26:20,806 [INFO] ThirdParty:1030 - CMSIS Pack Vendor :wolfSSL I-CUBE-wolfMQTT 1.19.0
2024-07-29 21:26:20,807 [INFO] ThirdParty:1030 - CMSIS Pack Vendor :STMicroelectronics X-CUBE-AZRTOS-L4 2.0.0
2024-07-29 21:26:20,807 [INFO] ThirdParty:1030 - CMSIS Pack Vendor :STMicroelectronics ThreadX 0.0.2
2024-07-29 21:26:20,807 [INFO] ThirdParty:1030 - CMSIS Pack Vendor :WES I-CUBE-Cesium 1.3.0
2024-07-29 21:26:20,807 [INFO] ThirdParty:1030 - CMSIS Pack Vendor :STMicroelectronics FP-ATR-ASTRA1 2.0.0
2024-07-29 21:26:20,807 [INFO] ThirdParty:1030 - CMSIS Pack Vendor :STMicroelectronics lwIP 2.1.2
2024-07-29 21:26:20,807 [INFO] ThirdParty:1030 - CMSIS Pack Vendor :STMicroelectronics X-CUBE-SFXS2LP1 4.0.0
2024-07-29 21:26:20,807 [INFO] ThirdParty:1030 - CMSIS Pack Vendor :STMicroelectronics X-CUBE-BLE2 3.3.0
2024-07-29 21:26:20,807 [INFO] ThirdParty:1030 - CMSIS Pack Vendor :STMicroelectronics X-CUBE-TOF1 3.4.2
2024-07-29 21:26:20,807 [INFO] ThirdParty:1030 - CMSIS Pack Vendor :STMicroelectronics X-CUBE-TOF1 3.4.1
2024-07-29 21:26:20,807 [INFO] ThirdParty:1030 - CMSIS Pack Vendor :STMicroelectronics X-CUBE-AZRTOS-H7 3.2.0
2024-07-29 21:26:20,807 [INFO] ThirdParty:1030 - CMSIS Pack Vendor :Infineon AIROC-Wi-Fi-Bluetooth-STM32 1.6.0
2024-07-29 21:26:20,807 [INFO] ThirdParty:1030 - CMSIS Pack Vendor :STMicroelectronics PDM2PCM 3.2.0
2024-07-29 21:26:20,807 [INFO] ThirdParty:1030 - CMSIS Pack Vendor :wolfSSL I-CUBE-wolfSSH 1.4.17
2024-07-29 21:26:20,808 [INFO] ThirdParty:841 - exiting critical section [change project]
2024-07-29 21:26:21,283 [INFO] PinOutPanel:1561 - setPackage(No Configuration,No Configuration)
2024-07-29 21:26:21,286 [INFO] PinOutPanel:1561 - setPackage(STM32L053C8Tx,LQFP48)
2024-07-29 21:26:22,296 [INFO] UtilMem:75 - Before build in PCC Used Memory: 615928992 Bytes (1073741824)
2024-07-29 21:26:23,707 [INFO] UserBatteryFile:101 - Battery_LiPo 3500.0 0.0 3.7 0.0 0.0
2024-07-29 21:26:23,967 [INFO] UtilMem:75 - After build in PCC Used Memory: 726228704 Bytes (1073741824)
2024-07-29 21:26:24,009 [INFO] IPUIPlugin:80 - create IPUIPlugin
2024-07-29 21:26:24,010 [INFO] IPUIPlugin:80 - create IPUIPlugin
2024-07-29 21:26:24,011 [INFO] IPUIPlugin:80 - create IPUIPlugin
2024-07-29 21:26:24,011 [INFO] IPUIPlugin:80 - create IPUIPlugin
2024-07-29 21:26:24,011 [INFO] IPUIPlugin:80 - create IPUIPlugin
2024-07-29 21:26:24,011 [INFO] IPUIPlugin:80 - create IPUIPlugin
2024-07-29 21:26:24,011 [INFO] IPUIPlugin:80 - create IPUIPlugin
2024-07-29 21:26:24,011 [INFO] IPUIPlugin:80 - create IPUIPlugin
2024-07-29 21:26:24,011 [INFO] IPUIPlugin:80 - create IPUIPlugin
2024-07-29 21:26:24,012 [INFO] IPUIPlugin:80 - create IPUIPlugin
2024-07-29 21:26:24,012 [INFO] IPUIPlugin:80 - create IPUIPlugin
2024-07-29 21:26:24,012 [INFO] IPUIPlugin:80 - create IPUIPlugin
2024-07-29 21:26:24,012 [INFO] IPUIPlugin:80 - create IPUIPlugin
2024-07-29 21:26:24,012 [INFO] IPUIPlugin:80 - create IPUIPlugin
2024-07-29 21:26:24,012 [INFO] IPUIPlugin:80 - create IPUIPlugin
2024-07-29 21:26:24,013 [INFO] IPUIPlugin:80 - create IPUIPlugin
2024-07-29 21:26:24,013 [INFO] IPUIPlugin:80 - create IPUIPlugin
2024-07-29 21:26:24,013 [INFO] IPUIPlugin:80 - create IPUIPlugin
2024-07-29 21:26:24,013 [INFO] IPUIPlugin:80 - create IPUIPlugin
2024-07-29 21:26:24,013 [INFO] IPUIPlugin:80 - create IPUIPlugin
2024-07-29 21:26:24,014 [INFO] IPUIPlugin:80 - create IPUIPlugin
2024-07-29 21:26:24,014 [INFO] IPUIPlugin:80 - create IPUIPlugin
2024-07-29 21:26:24,014 [INFO] IPUIPlugin:80 - create IPUIPlugin
2024-07-29 21:26:24,014 [INFO] IPUIPlugin:80 - create IPUIPlugin
2024-07-29 21:26:24,014 [INFO] IPUIPlugin:80 - create IPUIPlugin
2024-07-29 21:26:24,015 [INFO] IPUIPlugin:80 - create IPUIPlugin
2024-07-29 21:26:24,016 [INFO] IPUIPlugin:80 - create IPUIPlugin
2024-07-29 21:26:24,016 [INFO] IPUIPlugin:80 - create IPUIPlugin
2024-07-29 21:26:24,017 [INFO] IPUIPlugin:80 - create IPUIPlugin
2024-07-29 21:26:24,017 [INFO] IPUIPlugin:80 - create IPUIPlugin
2024-07-29 21:26:24,018 [INFO] IPUIPlugin:80 - create IPUIPlugin
2024-07-29 21:26:24,018 [INFO] IPUIPlugin:80 - create IPUIPlugin
2024-07-29 21:26:24,018 [INFO] IPUIPlugin:80 - create IPUIPlugin
2024-07-29 21:26:24,019 [INFO] IPUIPlugin:80 - create IPUIPlugin
2024-07-29 21:26:24,292 [INFO] CADModel:165 - CPN selected for project levelSTM32L053C8T6
2024-07-29 21:26:24,292 [INFO] CADModel:114 - Register for checkConnection events
2024-07-29 21:26:24,346 [INFO] OpenFileManager:343 - Restore cursor
2024-07-29 21:26:51,181 [INFO] I2cTimingTraitement:330 - 0x00100413
2024-07-29 21:26:54,440 [INFO] I2cTimingTraitement:330 - 0x00100413
2024-07-29 21:26:55,584 [INFO] I2cTimingTraitement:330 - 0x00100413
2024-07-29 21:26:56,850 [INFO] I2cTimingTraitement:330 - 0x00100413
2024-07-29 21:26:59,500 [INFO] I2cTimingTraitement:330 - 0x00100413
2024-07-29 21:27:03,435 [INFO] I2cTimingTraitement:330 - 0x00100413
2024-07-29 21:27:06,684 [INFO] I2cTimingTraitement:330 - 0x00100413
2024-07-29 21:27:12,217 [INFO] UtilMem:75 - End SaveConfig() Used Memory: 749813744 Bytes (1073741824)
2024-07-29 21:27:14,164 [INFO] UtilMem:75 - End SaveConfig() Used Memory: 602067288 Bytes (1073741824)
2024-07-29 21:27:16,886 [INFO] UtilMem:75 - End SaveConfig() Used Memory: 709548376 Bytes (1073741824)
2024-07-29 21:27:17,661 [INFO] BlockDiagram:2759 - set Specific Code input for plugin: SPI
2024-07-29 21:27:17,661 [INFO] BlockDiagram:2759 - set Specific Code input for plugin: NVIC
2024-07-29 21:27:17,661 [INFO] BlockDiagram:2759 - set Specific Code input for plugin: USART
2024-07-29 21:27:17,661 [INFO] BlockDiagram:2759 - set Specific Code input for plugin: USART
2024-07-29 21:27:17,661 [INFO] BlockDiagram:2759 - set Specific Code input for plugin: SYS
2024-07-29 21:27:17,661 [INFO] BlockDiagram:2759 - set Specific Code input for plugin: GPIO
2024-07-29 21:27:17,661 [INFO] BlockDiagram:2759 - set Specific Code input for plugin: RCC
2024-07-29 21:27:17,661 [INFO] BlockDiagram:2759 - set Specific Code input for plugin: I2C
2024-07-29 21:27:17,663 [INFO] CodeGenerator:807 - code generatio: config db path: C:\ST\STM32CubeIDE_1.15.1\STM32CubeIDE\plugins\com.st.stm32cube.common.mx_6.11.1.202404110753\\db\
2024-07-29 21:27:17,975 [INFO] CodeEngine:255 - oldGeneratedFile, D:\Projetos\Firmware\firmware\Mainboard MonoChip\MXTmpFiles\license.tmp_save
2024-07-29 21:27:18,434 [INFO] CodeEngine:279 - Generated code: D:\Projetos\Firmware\firmware\Mainboard MonoChip\MXTmpFiles\license.tmp
2024-07-29 21:27:18,645 [INFO] CodeEngine:255 - oldGeneratedFile, D:\Projetos\Firmware\firmware\Mainboard MonoChip\MXTmpFiles\gpio.tmp_save
2024-07-29 21:27:18,826 [INFO] CodeEngine:279 - Generated code: D:\Projetos\Firmware\firmware\Mainboard MonoChip\MXTmpFiles\gpio.tmp
2024-07-29 21:27:19,487 [INFO] CodeEngine:255 - oldGeneratedFile, D:\Projetos\Firmware\firmware\Mainboard MonoChip\Core\Src\stm32l0xx_it.c_save
2024-07-29 21:27:19,667 [INFO] CodeEngine:279 - Generated code: D:\Projetos\Firmware\firmware\Mainboard MonoChip\Core\Src\stm32l0xx_it.c
2024-07-29 21:27:19,693 [INFO] CodeEngine:255 - oldGeneratedFile, D:\Projetos\Firmware\firmware\Mainboard MonoChip\Core\Inc\stm32l0xx_it.h_save
2024-07-29 21:27:19,822 [INFO] CodeEngine:279 - Generated code: D:\Projetos\Firmware\firmware\Mainboard MonoChip\Core\Inc\stm32l0xx_it.h
2024-07-29 21:27:19,885 [INFO] CodeEngine:255 - oldGeneratedFile, D:\Projetos\Firmware\firmware\Mainboard MonoChip\Core\Src\stm32l0xx_hal_msp.c_save
2024-07-29 21:27:20,100 [INFO] CodeEngine:279 - Generated code: D:\Projetos\Firmware\firmware\Mainboard MonoChip\Core\Src\stm32l0xx_hal_msp.c
2024-07-29 21:27:20,117 [INFO] CodeEngine:255 - oldGeneratedFile, D:\Projetos\Firmware\firmware\Mainboard MonoChip\MXTmpFiles\system.tmp_save
2024-07-29 21:27:20,234 [INFO] CodeEngine:279 - Generated code: D:\Projetos\Firmware\firmware\Mainboard MonoChip\MXTmpFiles\system.tmp
2024-07-29 21:27:20,289 [INFO] CodeEngine:311 - oldGeneratedFile, D:\Projetos\Firmware\firmware\Mainboard MonoChip\Core\Inc\stm32l0xx_hal_conf.h_save
2024-07-29 21:27:20,423 [INFO] CodeEngine:335 - Generated code: D:\Projetos\Firmware\firmware\Mainboard MonoChip\Core\Inc\stm32l0xx_hal_conf.h
2024-07-29 21:27:20,540 [INFO] CodeEngine:255 - oldGeneratedFile, D:\Projetos\Firmware\firmware\Mainboard MonoChip\Core\Inc\main.h_save
2024-07-29 21:27:20,692 [INFO] CodeEngine:279 - Generated code: D:\Projetos\Firmware\firmware\Mainboard MonoChip\Core\Inc\main.h
2024-07-29 21:27:20,722 [INFO] CodeEngine:255 - oldGeneratedFile, D:\Projetos\Firmware\firmware\Mainboard MonoChip\Core\Src\main.c_save
2024-07-29 21:27:20,972 [INFO] CodeEngine:279 - Generated code: D:\Projetos\Firmware\firmware\Mainboard MonoChip\Core\Src\main.c
2024-07-29 21:27:21,601 [INFO] ProjectBuilder:3163 - Time for Copy HAL[1] : 384mS.
2024-07-29 21:27:21,611 [INFO] ProjectBuilder:4736 - Project Generator version: 4.3.0-B58
2024-07-29 21:27:21,758 [INFO] ConfigFileManager:1503 - The Die is : DIE417
2024-07-29 21:27:21,793 [INFO] ApiDbMcu:508 - Load IP Config File for FATFS
2024-07-29 21:27:21,815 [INFO] ApiDbMcu:508 - Load IP Config File for FREERTOS
2024-07-29 21:27:21,853 [INFO] ApiDbMcu:508 - Load IP Config File for TOUCHSENSING
2024-07-29 21:27:21,898 [INFO] ApiDbMcu:508 - Load IP Config File for USB_DEVICE
2024-07-29 21:27:22,780 [INFO] LogOutputStream:77 - [STDOUT_REDIRECT] 
2024-07-29 21:27:24,992 [INFO] ProjectBuilder:5002 - Time for Generating toolchain IDE Files: 3381mS.
2024-07-29 21:27:24,994 [INFO] ProjectBuilder:3034 - Time for Copy CMSIS : 1mS.
2024-07-29 21:27:24,999 [INFO] ProjectBuilder:3034 - Time for Copy CMSIS : 0mS.
2024-07-29 22:06:53,400 [ERROR] LogOutputStream:75 - [STDERR_REDIRECT] 
2024-07-29 22:06:53,404 [ERROR] LogOutputStream:75 - [STDERR_REDIRECT] 
