2024-07-16 18:34:50,484 [INFO] Activator:176 - 


2024-07-16 18:34:50,492 [INFO] Activator:177 - !SESSION log4j initialized
2024-07-16 18:35:00,083 [INFO] LogOutputStream:77 - [STDOUT_REDIRECT] 
2024-07-16 18:35:02,978 [INFO] ApplicationProperties:184 - Using Application install path: C:\ST\STM32CubeIDE_1.15.1\STM32CubeIDE\plugins\com.st.stm32cube.common.mx_6.11.1.202404110753
2024-07-16 18:35:03,005 [INFO] DbMcusXml:78 - Set database path to: C:\ST\STM32CubeIDE_1.15.1\STM32CubeIDE\plugins\com.st.stm32cube.common.mx_6.11.1.202404110753\\db\/mcu/
2024-07-16 18:35:03,005 [INFO] ApiDb:274 - Set plugin database path to: C:\ST\STM32CubeIDE_1.15.1\STM32CubeIDE\plugins\com.st.stm32cube.common.mx_6.11.1.202404110753\\db\/plugins/boardmanager/
2024-07-16 18:35:03,005 [WARN] ApiDb:259 - Overriding images path with different value:  => C:\ST\STM32CubeIDE_1.15.1\STM32CubeIDE\plugins\com.st.stm32cube.common.mx_6.11.1.202404110753\\db\/plugins/mcufinder/images/
2024-07-16 18:35:03,022 [INFO] ApiDb:250 - Set database path to: C:\Users\Matheus Markies\.stmcufinder\plugins\mcufinder//mcu/
2024-07-16 18:35:03,023 [INFO] DbMcusAds:125 - Set database path to: C:\Users\Matheus Markies\.stmcufinder\plugins\mcufinder//mcu/
2024-07-16 18:35:03,025 [INFO] CrossReferenceDbSqlite:203 - Set database path to: C:\Users\Matheus Markies\.stmcufinder\plugins\mcufinder//mcu/cs/
2024-07-16 18:35:03,191 [INFO] RulesReader:64 - Compatibility file has been processed (297 Rules)
2024-07-16 18:35:03,332 [INFO] DbMcusXml:78 - Set database path to: C:\ST\STM32CubeIDE_1.15.1\STM32CubeIDE\plugins\com.st.stm32cube.common.mx_6.11.1.202404110753\\db\/mcu/
2024-07-16 18:35:03,332 [INFO] ApiDb:274 - Set plugin database path to: C:\ST\STM32CubeIDE_1.15.1\STM32CubeIDE\plugins\com.st.stm32cube.common.mx_6.11.1.202404110753\\db\/plugins/boardmanager/
2024-07-16 18:35:03,333 [INFO] ApiDb:261 - Set plugin images path to: C:\ST\STM32CubeIDE_1.15.1\STM32CubeIDE\plugins\com.st.stm32cube.common.mx_6.11.1.202404110753\\db\/plugins/mcufinder/images/
2024-07-16 18:35:03,333 [WARN] DbFile:41 - Overriding database path with different value: C:\Users\Matheus Markies\.stmcufinder\plugins\mcufinder/ => C:\Users\Matheus Markies\.stmcufinder\plugins\mcufinder
2024-07-16 18:35:03,333 [INFO] ApiDb:250 - Set database path to: C:\Users\Matheus Markies\.stmcufinder\plugins\mcufinder//mcu/
2024-07-16 18:35:03,333 [WARN] DbFile:41 - Overriding database path with different value: C:\Users\Matheus Markies\.stmcufinder\plugins\mcufinder/ => C:\Users\Matheus Markies\.stmcufinder\plugins\mcufinder
2024-07-16 18:35:03,333 [INFO] DbMcusAds:125 - Set database path to: C:\Users\Matheus Markies\.stmcufinder\plugins\mcufinder//mcu/
2024-07-16 18:35:03,333 [WARN] DbFile:41 - Overriding database path with different value: C:\Users\Matheus Markies\.stmcufinder\plugins\mcufinder/ => C:\Users\Matheus Markies\.stmcufinder\plugins\mcufinder
2024-07-16 18:35:03,333 [WARN] DbFile:41 - Overriding database path with different value: C:\Users\Matheus Markies\.stmcufinder\plugins\mcufinder/ => C:\Users\Matheus Markies\.stmcufinder\plugins\mcufinder
2024-07-16 18:35:03,334 [INFO] CrossReferenceDbSqlite:203 - Set database path to: C:\Users\Matheus Markies\.stmcufinder\plugins\mcufinder//mcu/cs/
2024-07-16 18:35:03,458 [INFO] MainPanel:264 - HeapMemory: 268435456
2024-07-16 18:35:03,621 [INFO] DbMcusXml:78 - Set database path to: C:\ST\STM32CubeIDE_1.15.1\STM32CubeIDE\plugins\com.st.stm32cube.common.mx_6.11.1.202404110753\\db\/mcu/
2024-07-16 18:35:03,622 [INFO] ApiDb:274 - Set plugin database path to: C:\ST\STM32CubeIDE_1.15.1\STM32CubeIDE\plugins\com.st.stm32cube.common.mx_6.11.1.202404110753\\db\/plugins/boardmanager/
2024-07-16 18:35:03,622 [INFO] ApiDb:261 - Set plugin images path to: C:\ST\STM32CubeIDE_1.15.1\STM32CubeIDE\plugins\com.st.stm32cube.common.mx_6.11.1.202404110753\\db\/plugins/mcufinder/images/
2024-07-16 18:35:03,622 [WARN] DbFile:41 - Overriding database path with different value: C:\Users\Matheus Markies\.stmcufinder\plugins\mcufinder/ => C:\Users\Matheus Markies\.stmcufinder\plugins\mcufinder
2024-07-16 18:35:03,622 [INFO] ApiDb:250 - Set database path to: C:\Users\Matheus Markies\.stmcufinder\plugins\mcufinder//mcu/
2024-07-16 18:35:03,622 [WARN] DbFile:41 - Overriding database path with different value: C:\Users\Matheus Markies\.stmcufinder\plugins\mcufinder/ => C:\Users\Matheus Markies\.stmcufinder\plugins\mcufinder
2024-07-16 18:35:03,622 [INFO] DbMcusAds:125 - Set database path to: C:\Users\Matheus Markies\.stmcufinder\plugins\mcufinder//mcu/
2024-07-16 18:35:03,622 [WARN] DbFile:41 - Overriding database path with different value: C:\Users\Matheus Markies\.stmcufinder\plugins\mcufinder/ => C:\Users\Matheus Markies\.stmcufinder\plugins\mcufinder
2024-07-16 18:35:03,622 [WARN] DbFile:41 - Overriding database path with different value: C:\Users\Matheus Markies\.stmcufinder\plugins\mcufinder/ => C:\Users\Matheus Markies\.stmcufinder\plugins\mcufinder
2024-07-16 18:35:03,622 [INFO] CrossReferenceDbSqlite:203 - Set database path to: C:\Users\Matheus Markies\.stmcufinder\plugins\mcufinder//mcu/cs/
2024-07-16 18:35:03,649 [INFO] ApplicationProperties:184 - Using Application install path: C:\ST\STM32CubeIDE_1.15.1\STM32CubeIDE\plugins\com.st.stm32cube.common.mx_6.11.1.202404110753
2024-07-16 18:35:03,652 [INFO] PluginManage:196 - Search for loadable plugins [exclusion list=, ]
2024-07-16 18:35:03,654 [INFO] PluginManage:310 - Check plugin analytics
2024-07-16 18:35:03,934 [INFO] AnalyticsPlugin:253 - Accepted Software Licenses: 
2024-07-16 18:35:03,934 [INFO] AnalyticsPlugin:255 - Accepted CMSIS Pack Licenses: 
2024-07-16 18:35:03,935 [INFO] AnalyticsPlugin:257 - Accepted Firmware Licenses: FW.F4.1.28.0
2024-07-16 18:35:03,938 [INFO] PluginManage:359 - Loaded plugin analytics (category:tool,tabindex:-1)
2024-07-16 18:35:03,938 [INFO] PluginManage:310 - Check plugin cadmodel
2024-07-16 18:35:03,966 [INFO] CADModel:105 - Init CAD model plugin
2024-07-16 18:35:03,966 [INFO] PluginManage:359 - Loaded plugin cadmodel (category:power,tabindex:5)
2024-07-16 18:35:03,966 [INFO] PluginManage:310 - Check plugin clock
2024-07-16 18:35:04,001 [INFO] PluginManage:359 - Loaded plugin clock (category:base,tabindex:2)
2024-07-16 18:35:04,001 [INFO] PluginManage:310 - Check plugin ddr
2024-07-16 18:35:04,003 [INFO] PluginManage:359 - Loaded plugin ddr (category:tool,tabindex:6)
2024-07-16 18:35:04,003 [INFO] PluginManage:310 - Check plugin filemanager
2024-07-16 18:35:04,193 [INFO] PluginManage:359 - Loaded plugin filemanager (category:base,tabindex:10)
2024-07-16 18:35:04,193 [INFO] PluginManage:310 - Check plugin ipmanager
2024-07-16 18:35:04,204 [INFO] PluginManage:359 - Loaded plugin ipmanager (category:base,tabindex:5)
2024-07-16 18:35:04,204 [INFO] PluginManage:310 - Check plugin lpbam
2024-07-16 18:35:04,235 [INFO] PluginManage:359 - Loaded plugin lpbam (category:base,tabindex:0)
2024-07-16 18:35:04,236 [INFO] PluginManage:310 - Check plugin memorymap
2024-07-16 18:35:04,285 [INFO] PluginManage:359 - Loaded plugin memorymap (category:base,tabindex:4)
2024-07-16 18:35:04,285 [INFO] PluginManage:310 - Check plugin pinoutandconfiguration
2024-07-16 18:35:04,309 [INFO] PluginManage:359 - Loaded plugin pinoutandconfiguration (category:base,tabindex:1)
2024-07-16 18:35:04,309 [INFO] PluginManage:310 - Check plugin pinoutconfig
2024-07-16 18:35:04,442 [WARN] SupportedApi:132 - Cannot load RTOS API schema: s4s-elt-must-match.1: The content of 'definitions' must match (annotation?, (simpleType | complexType)?, (unique | key | keyref)*)). A problem was found starting at: attribute.
2024-07-16 18:35:04,708 [INFO] PluginManage:359 - Loaded plugin pinoutconfig (category:base,tabindex:0)
2024-07-16 18:35:04,709 [INFO] PluginManage:310 - Check plugin power
2024-07-16 18:35:04,761 [INFO] PluginManage:359 - Loaded plugin power (category:power,tabindex:4)
2024-07-16 18:35:04,761 [INFO] PluginManage:310 - Check plugin projectmanager
2024-07-16 18:35:04,785 [INFO] PluginManage:359 - Loaded plugin projectmanager (category:projectmanager,tabindex:3)
2024-07-16 18:35:04,785 [INFO] PluginManage:310 - Check plugin thirdparty
2024-07-16 18:35:05,153 [INFO] PluginManage:359 - Loaded plugin thirdparty (category:base,tabindex:-1)
2024-07-16 18:35:05,153 [INFO] PluginManage:310 - Check plugin tools
2024-07-16 18:35:05,153 [WARN] IntegrityCheckThread:84 - waiting for thirdparty lock release [integrity check]
2024-07-16 18:35:05,154 [INFO] IntegrityCheckThread:86 - entering critical section [integrity check]
2024-07-16 18:35:05,154 [INFO] ThirdPartyUpdaterWithRetryManager:70 - Updater plugin not ready yet. [1/15]
2024-07-16 18:35:05,201 [INFO] PluginManage:359 - Loaded plugin tools (category:base,tabindex:7)
2024-07-16 18:35:05,201 [INFO] PluginManage:310 - Check plugin tutovideos
2024-07-16 18:35:05,486 [INFO] PluginManage:359 - Loaded plugin tutovideos (category:base,tabindex:-1)
2024-07-16 18:35:05,486 [INFO] PluginManage:310 - Check plugin updater
2024-07-16 18:35:05,510 [INFO] PluginManage:359 - Loaded plugin updater (category:base,tabindex:12)
2024-07-16 18:35:05,511 [INFO] PluginManage:310 - Check plugin userauth
2024-07-16 18:35:05,520 [INFO] UserAuth:114 - Init User Auth plugin
2024-07-16 18:35:05,522 [INFO] PluginManage:359 - Loaded plugin userauth (category:base,tabindex:14)
2024-07-16 18:35:05,522 [INFO] PluginManage:283 - PluginManage : Loaded plugins [17]
2024-07-16 18:35:05,875 [INFO] PinOutPanel:1561 - setPackage(No Configuration,No Configuration)
2024-07-16 18:35:06,015 [INFO] CADModel:165 - CPN selected for project level
2024-07-16 18:35:06,015 [INFO] CADModel:114 - Register for checkConnection events
2024-07-16 18:35:06,057 [INFO] IPUIPlugin:80 - create IPUIPlugin
2024-07-16 18:35:06,057 [INFO] PluginManager:220 - loadIPPluginJar : add adc
2024-07-16 18:35:06,103 [INFO] IPUIPlugin:80 - create IPUIPlugin
2024-07-16 18:35:06,103 [INFO] PluginManager:220 - loadIPPluginJar : add aes
2024-07-16 18:35:06,155 [INFO] IPUIPlugin:80 - create IPUIPlugin
2024-07-16 18:35:06,156 [INFO] PluginManager:220 - loadIPPluginJar : add can
2024-07-16 18:35:06,186 [INFO] IPUIPlugin:80 - create IPUIPlugin
2024-07-16 18:35:06,186 [INFO] PluginManager:220 - loadIPPluginJar : add comp
2024-07-16 18:35:06,229 [INFO] IPUIPlugin:80 - create IPUIPlugin
2024-07-16 18:35:06,230 [INFO] PluginManager:220 - loadIPPluginJar : add cryp
2024-07-16 18:35:06,269 [INFO] IPUIPlugin:80 - create IPUIPlugin
2024-07-16 18:35:06,269 [INFO] PluginManager:220 - loadIPPluginJar : add dfsdm
2024-07-16 18:35:06,288 [INFO] IPUIPlugin:80 - create IPUIPlugin
2024-07-16 18:35:06,288 [INFO] PluginManager:220 - loadIPPluginJar : add dma
2024-07-16 18:35:06,342 [INFO] IPUIPlugin:80 - create IPUIPlugin
2024-07-16 18:35:06,342 [INFO] PluginManager:220 - loadIPPluginJar : add dma3
2024-07-16 18:35:06,441 [INFO] IPUIPlugin:80 - create IPUIPlugin
2024-07-16 18:35:06,441 [INFO] PluginManager:220 - loadIPPluginJar : add extmemmanager
2024-07-16 18:35:06,490 [INFO] IPUIPlugin:80 - create IPUIPlugin
2024-07-16 18:35:06,490 [INFO] PluginManager:220 - loadIPPluginJar : add fatfs
2024-07-16 18:35:06,556 [INFO] IPUIPlugin:80 - create IPUIPlugin
2024-07-16 18:35:06,556 [INFO] PluginManager:220 - loadIPPluginJar : add fmc
2024-07-16 18:35:06,584 [INFO] IPUIPlugin:80 - create IPUIPlugin
2024-07-16 18:35:06,584 [INFO] PluginManager:220 - loadIPPluginJar : add freertos
2024-07-16 18:35:06,616 [INFO] IPUIPlugin:80 - create IPUIPlugin
2024-07-16 18:35:06,616 [INFO] PluginManager:220 - loadIPPluginJar : add genericplugin
2024-07-16 18:35:06,739 [INFO] IPUIPlugin:80 - create IPUIPlugin
2024-07-16 18:35:06,739 [INFO] PluginManager:220 - loadIPPluginJar : add gfxmmu
2024-07-16 18:35:06,904 [INFO] IPUIPlugin:80 - create IPUIPlugin
2024-07-16 18:35:06,904 [INFO] PluginManager:220 - loadIPPluginJar : add gic
2024-07-16 18:35:06,924 [INFO] IPUIPlugin:80 - create IPUIPlugin
2024-07-16 18:35:06,924 [INFO] PluginManager:220 - loadIPPluginJar : add gpio
2024-07-16 18:35:07,041 [INFO] IPUIPlugin:80 - create IPUIPlugin
2024-07-16 18:35:07,041 [INFO] PluginManager:220 - loadIPPluginJar : add gtzc
2024-07-16 18:35:07,083 [INFO] IPUIPlugin:80 - create IPUIPlugin
2024-07-16 18:35:07,083 [INFO] PluginManager:220 - loadIPPluginJar : add hash
2024-07-16 18:35:07,149 [INFO] IPUIPlugin:80 - create IPUIPlugin
2024-07-16 18:35:07,149 [INFO] PluginManager:220 - loadIPPluginJar : add i2c
2024-07-16 18:35:07,202 [INFO] IPUIPlugin:80 - create IPUIPlugin
2024-07-16 18:35:07,202 [INFO] PluginManager:220 - loadIPPluginJar : add i2s
2024-07-16 18:35:07,259 [INFO] IPUIPlugin:80 - create IPUIPlugin
2024-07-16 18:35:07,259 [INFO] PluginManager:220 - loadIPPluginJar : add i3c
2024-07-16 18:35:07,390 [INFO] IPUIPlugin:80 - create IPUIPlugin
2024-07-16 18:35:07,390 [INFO] PluginManager:220 - loadIPPluginJar : add ipddr
2024-07-16 18:35:07,509 [INFO] IPUIPlugin:80 - create IPUIPlugin
2024-07-16 18:35:07,510 [INFO] PluginManager:220 - loadIPPluginJar : add linkedlist
2024-07-16 18:35:07,555 [INFO] IPUIPlugin:80 - create IPUIPlugin
2024-07-16 18:35:07,555 [INFO] PluginManager:220 - loadIPPluginJar : add lorawan
2024-07-16 18:35:07,602 [INFO] IPUIPlugin:80 - create IPUIPlugin
2024-07-16 18:35:07,602 [INFO] PluginManager:220 - loadIPPluginJar : add ltdc
2024-07-16 18:35:07,622 [INFO] IPUIPlugin:80 - create IPUIPlugin
2024-07-16 18:35:07,622 [INFO] PluginManager:220 - loadIPPluginJar : add mdma
2024-07-16 18:35:07,640 [INFO] IPUIPlugin:80 - create IPUIPlugin
2024-07-16 18:35:07,640 [INFO] PluginManager:220 - loadIPPluginJar : add nvic
2024-07-16 18:35:07,688 [INFO] IPUIPlugin:80 - create IPUIPlugin
2024-07-16 18:35:07,688 [INFO] PluginManager:220 - loadIPPluginJar : add opamp
2024-07-16 18:35:07,765 [INFO] IPUIPlugin:80 - create IPUIPlugin
2024-07-16 18:35:07,765 [INFO] PluginManager:220 - loadIPPluginJar : add openamp
2024-07-16 18:35:07,818 [INFO] IPUIPlugin:80 - create IPUIPlugin
2024-07-16 18:35:07,818 [INFO] PluginManager:220 - loadIPPluginJar : add pdm2pcm
2024-07-16 18:35:07,839 [INFO] IPUIPlugin:80 - create IPUIPlugin
2024-07-16 18:35:07,841 [INFO] PluginManager:220 - loadIPPluginJar : add plateformsettings
2024-07-16 18:35:07,869 [INFO] IPUIPlugin:80 - create IPUIPlugin
2024-07-16 18:35:07,869 [INFO] PluginManager:220 - loadIPPluginJar : add quadspi
2024-07-16 18:35:07,887 [INFO] IPUIPlugin:80 - create IPUIPlugin
2024-07-16 18:35:07,887 [INFO] PluginManager:220 - loadIPPluginJar : add resmgrutility
2024-07-16 18:35:07,948 [INFO] IPUIPlugin:80 - create IPUIPlugin
2024-07-16 18:35:07,948 [INFO] PluginManager:220 - loadIPPluginJar : add sai
2024-07-16 18:35:07,994 [INFO] IPUIPlugin:80 - create IPUIPlugin
2024-07-16 18:35:07,994 [INFO] PluginManager:220 - loadIPPluginJar : add spi
2024-07-16 18:35:08,080 [INFO] IPUIPlugin:80 - create IPUIPlugin
2024-07-16 18:35:08,080 [INFO] PluginManager:220 - loadIPPluginJar : add stm32_wpan
2024-07-16 18:35:08,110 [INFO] IPUIPlugin:80 - create IPUIPlugin
2024-07-16 18:35:08,110 [INFO] PluginManager:220 - loadIPPluginJar : add tim
2024-07-16 18:35:08,156 [INFO] ThirdPartyUpdaterWithRetryManager:70 - Updater plugin not ready yet. [2/15]
2024-07-16 18:35:08,185 [INFO] IPUIPlugin:80 - create IPUIPlugin
2024-07-16 18:35:08,185 [INFO] PluginManager:220 - loadIPPluginJar : add touchsensing
2024-07-16 18:35:08,214 [INFO] IPUIPlugin:80 - create IPUIPlugin
2024-07-16 18:35:08,214 [INFO] PluginManager:220 - loadIPPluginJar : add tracer_emb
2024-07-16 18:35:08,242 [INFO] IPUIPlugin:80 - create IPUIPlugin
2024-07-16 18:35:08,243 [INFO] PluginManager:220 - loadIPPluginJar : add ts
2024-07-16 18:35:08,271 [INFO] IPUIPlugin:80 - create IPUIPlugin
2024-07-16 18:35:08,271 [INFO] PluginManager:220 - loadIPPluginJar : add tsc
2024-07-16 18:35:08,302 [INFO] IPUIPlugin:80 - create IPUIPlugin
2024-07-16 18:35:08,302 [INFO] PluginManager:220 - loadIPPluginJar : add ucpd
2024-07-16 18:35:08,359 [INFO] IPUIPlugin:80 - create IPUIPlugin
2024-07-16 18:35:08,360 [INFO] PluginManager:220 - loadIPPluginJar : add usart
2024-07-16 18:35:08,415 [INFO] IPUIPlugin:80 - create IPUIPlugin
2024-07-16 18:35:08,415 [INFO] PluginManager:220 - loadIPPluginJar : add usbx
2024-07-16 18:35:08,572 [INFO] CADModel:165 - CPN selected for project level
2024-07-16 18:35:08,573 [INFO] CADModel:114 - Register for checkConnection events
2024-07-16 18:35:08,573 [FATAL] Updater:308 - Updater called before beeing initialized
2024-07-16 18:35:08,573 [ERROR] CADModel:125 - Updater not yet initialized, retry later 
2024-07-16 18:35:08,777 [INFO] CADModel:165 - CPN selected for project level
2024-07-16 18:35:08,777 [INFO] CADModel:114 - Register for checkConnection events
2024-07-16 18:35:08,777 [FATAL] Updater:308 - Updater called before beeing initialized
2024-07-16 18:35:08,777 [ERROR] CADModel:125 - Updater not yet initialized, retry later 
2024-07-16 18:35:08,782 [FATAL] Updater:308 - Updater called before beeing initialized
2024-07-16 18:35:08,946 [FATAL] Updater:308 - Updater called before beeing initialized
2024-07-16 18:35:08,959 [INFO] DbMcusAds:53 - JSON generation date=Thu May 16 06:22:00 BRT 2024 (1715851320852)
2024-07-16 18:35:08,959 [FATAL] Updater:308 - Updater called before beeing initialized
2024-07-16 18:35:09,072 [WARN] DetailPanel:346 - Failed to get advertising image, set to default
2024-07-16 18:35:09,205 [FATAL] Updater:308 - Updater called before beeing initialized
2024-07-16 18:35:09,208 [FATAL] Updater:308 - Updater called before beeing initialized
2024-07-16 18:35:09,208 [FATAL] Updater:308 - Updater called before beeing initialized
2024-07-16 18:35:09,208 [WARN] DetailPanel:346 - Failed to get advertising image, set to default
2024-07-16 18:35:09,209 [FATAL] Updater:308 - Updater called before beeing initialized
2024-07-16 18:35:09,291 [ERROR] Updater:1120 - MainUpdater not yet initialized. External WinMGr cannot be set.
2024-07-16 18:35:09,304 [INFO] Updater:1056 - Updater Version found : 6.11.1
2024-07-16 18:35:09,338 [INFO] ApplicationProperties:184 - Using Application install path: C:\ST\STM32CubeIDE_1.15.1\STM32CubeIDE\plugins\com.st.stm32cube.common.mx_6.11.1.202404110753
2024-07-16 18:35:10,929 [ERROR] LogOutputStream:75 - [STDERR_REDIRECT] Jul 16, 2024 6:35:10 PM java.util.prefs.WindowsPreferences <init>
2024-07-16 18:35:10,933 [ERROR] LogOutputStream:75 - [STDERR_REDIRECT] WARNING: Could not open/create prefs root node Software\JavaSoft\Prefs at root 0xffffffff80000002. Windows RegCreateKeyEx(...) returned error code 5.
2024-07-16 18:35:10,934 [ERROR] LogOutputStream:75 - [STDERR_REDIRECT] 
2024-07-16 18:35:11,158 [INFO] ThirdPartyUpdaterWithRetryManager:70 - Updater plugin not ready yet. [3/15]
2024-07-16 18:35:11,391 [INFO] MainUpdater:2873 - connection check result : 10
2024-07-16 18:35:11,392 [INFO] MainUpdater:290 - Updater Check For Update Now.
2024-07-16 18:35:11,392 [INFO] MicroXplorer:498 - Change Database Version : DB.6.0.111
2024-07-16 18:35:11,409 [INFO] McuFinderGlobals:63 - Set McuFinder mode to 2 (CubeIDE integrated)
2024-07-16 18:35:11,428 [INFO] UserAuth:415 - Internet connection configuration mode: 1
2024-07-16 18:35:11,507 [INFO] JxBrowserEngine:152 - Initiate JxBrowser Engine with user profile folder
2024-07-16 18:35:11,686 [INFO] CheckServerUpdateThread:120 - End of CheckServer Thread
2024-07-16 18:35:14,732 [WARN] PackLoader:240 - Cannot read IP mode file for STMicroelectronics.FP-SNS-MOTENVWB1.1.4.0
2024-07-16 18:35:14,761 [WARN] PackLoader:240 - Cannot read IP mode file for STMicroelectronics.X-CUBE-SMBUS.2.1.0
2024-07-16 18:35:14,785 [WARN] PackLoader:240 - Cannot read IP mode file for STMicroelectronics.X-CUBE-TOUCHGFX.4.23.2
2024-07-16 18:35:14,906 [WARN] PackLoader:240 - Cannot read IP mode file for STMicroelectronics.X-CUBE-AZRTOS-F7.1.1.0
2024-07-16 18:35:14,999 [WARN] PackLoader:240 - Cannot read IP mode file for STMicroelectronics.FP-SNS-FLIGHT1.5.0.2
2024-07-16 18:35:15,048 [WARN] PackLoader:240 - Cannot read IP mode file for STMicroelectronics.X-CUBE-DISPLAY.3.0.0
2024-07-16 18:35:15,149 [WARN] PackLoader:240 - Cannot read IP mode file for STMicroelectronics.X-CUBE-BLE1.7.0.0
2024-07-16 18:35:15,189 [WARN] PackLoader:240 - Cannot read IP mode file for emotas.I-CUBE-CANOPEN.1.3.0
2024-07-16 18:35:15,222 [WARN] PackLoader:240 - Cannot read IP mode file for STMicroelectronics.X-CUBE-BLEMGR.3.1.0
2024-07-16 18:35:15,246 [WARN] PackLoader:240 - Cannot read IP mode file for STMicroelectronics.FP-SNS-SMARTAG2.1.2.0
2024-07-16 18:35:15,292 [INFO] LogOutputStream:77 - [STDOUT_REDIRECT] 1 : Invalid condition id : UX_CORESTACK_Condition cause : null
2024-07-16 18:35:15,292 [INFO] LogOutputStream:77 - [STDOUT_REDIRECT] 1 : Invalid condition id : UX_CORESTACK_Condition cause : null
2024-07-16 18:35:15,294 [INFO] LogOutputStream:77 - [STDOUT_REDIRECT] 1 : Invalid condition id : UX_CORESTACK_Condition cause : null
2024-07-16 18:35:15,296 [INFO] LogOutputStream:77 - [STDOUT_REDIRECT] 1 : Invalid condition id : UX_CORESTACK_Condition cause : null
2024-07-16 18:35:15,297 [INFO] LogOutputStream:77 - [STDOUT_REDIRECT] 1 : Invalid condition id : UX_CORESTACK_Condition cause : null
2024-07-16 18:35:15,301 [WARN] PackLoader:240 - Cannot read IP mode file for STMicroelectronics.X-CUBE-AZRTOS-WL.2.0.0
2024-07-16 18:35:15,321 [WARN] PackLoader:240 - Cannot read IP mode file for STMicroelectronics.FP-SNS-MOTENV1.5.0.0
2024-07-16 18:35:15,339 [WARN] PackLoader:240 - Cannot read IP mode file for wolfSSL.I-CUBE-wolfMQTT.1.19.0
2024-07-16 18:35:15,394 [WARN] PackLoader:240 - Cannot read IP mode file for WES.I-CUBE-Cesium.1.3.0
2024-07-16 18:35:15,455 [WARN] PackLoader:240 - Cannot read IP mode file for STMicroelectronics.X-CUBE-BLE2.3.3.0
2024-07-16 18:35:15,499 [WARN] PackLoader:240 - Cannot read IP mode file for STMicroelectronics.X-CUBE-TCPP.4.1.0
2024-07-16 18:35:15,544 [WARN] PackLoader:240 - Cannot read IP mode file for STMicroelectronics.X-CUBE-AZRTOS-G0.1.1.0
2024-07-16 18:35:15,586 [WARN] PackLoader:240 - Cannot read IP mode file for STMicroelectronics.X-CUBE-SAFEA1.1.2.2
2024-07-16 18:35:15,632 [WARN] PackLoader:240 - Cannot read IP mode file for STMicroelectronics.X-CUBE-NFC4.3.0.0
2024-07-16 18:35:15,645 [WARN] PackLoader:240 - Cannot read IP mode file for wolfSSL.I-CUBE-wolfMQTT.1.18.0
2024-07-16 18:35:15,674 [WARN] PackLoader:240 - Cannot read IP mode file for EmbeddedOffice.I-CUBE-FS-RTOS.1.0.1
2024-07-16 18:35:15,674 [ERROR] ConditionMgr:805 - Attr not supported : Dmpu
2024-07-16 18:35:15,674 [ERROR] ConditionMgr:805 - Attr not supported : Dmpu
2024-07-16 18:35:15,674 [ERROR] ConditionMgr:805 - Attr not supported : Dmpu
2024-07-16 18:35:15,674 [ERROR] ConditionMgr:805 - Attr not supported : Dmpu
2024-07-16 18:35:15,675 [ERROR] ConditionMgr:805 - Attr not supported : Dmpu
2024-07-16 18:35:15,675 [ERROR] ConditionMgr:805 - Attr not supported : Dmpu
2024-07-16 18:35:15,675 [ERROR] ConditionMgr:805 - Attr not supported : Dmpu
2024-07-16 18:35:15,675 [ERROR] ConditionMgr:805 - Attr not supported : Dmpu
2024-07-16 18:35:15,675 [ERROR] ConditionMgr:805 - Attr not supported : Dmpu
2024-07-16 18:35:15,675 [ERROR] ConditionMgr:805 - Attr not supported : Dmpu
2024-07-16 18:35:15,675 [ERROR] ConditionMgr:805 - Attr not supported : Dmpu
2024-07-16 18:35:15,675 [ERROR] ConditionMgr:805 - Attr not supported : Dmpu
2024-07-16 18:35:15,675 [ERROR] ConditionMgr:805 - Attr not supported : Dmpu
2024-07-16 18:35:15,675 [ERROR] ConditionMgr:805 - Attr not supported : Dmpu
2024-07-16 18:35:15,675 [ERROR] ConditionMgr:805 - Attr not supported : Dmpu
2024-07-16 18:35:15,675 [ERROR] ConditionMgr:805 - Attr not supported : Dmpu
2024-07-16 18:35:15,676 [ERROR] ConditionMgr:805 - Attr not supported : Dmpu
2024-07-16 18:35:15,676 [ERROR] ConditionMgr:805 - Attr not supported : Dmpu
2024-07-16 18:35:15,676 [ERROR] ConditionMgr:805 - Attr not supported : Dmpu
2024-07-16 18:35:15,676 [ERROR] ConditionMgr:805 - Attr not supported : Dmpu
2024-07-16 18:35:15,676 [ERROR] ConditionMgr:805 - Attr not supported : Dmpu
2024-07-16 18:35:15,677 [ERROR] ConditionMgr:805 - Attr not supported : Dmpu
2024-07-16 18:35:15,677 [ERROR] ConditionMgr:805 - Attr not supported : Dmpu
2024-07-16 18:35:15,677 [ERROR] ConditionMgr:805 - Attr not supported : Dmpu
2024-07-16 18:35:15,677 [ERROR] ConditionMgr:805 - Attr not supported : Dmpu
2024-07-16 18:35:15,677 [ERROR] ConditionMgr:805 - Attr not supported : Dmpu
2024-07-16 18:35:15,677 [ERROR] ConditionMgr:805 - Attr not supported : Dmpu
2024-07-16 18:35:15,677 [ERROR] ConditionMgr:805 - Attr not supported : Dmpu
2024-07-16 18:35:15,677 [ERROR] ConditionMgr:805 - Attr not supported : Dmpu
2024-07-16 18:35:15,677 [ERROR] ConditionMgr:805 - Attr not supported : Dmpu
2024-07-16 18:35:15,677 [ERROR] ConditionMgr:805 - Attr not supported : Dmpu
2024-07-16 18:35:15,677 [ERROR] ConditionMgr:805 - Attr not supported : Dmpu
2024-07-16 18:35:15,677 [ERROR] ConditionMgr:805 - Attr not supported : Dmpu
2024-07-16 18:35:15,677 [ERROR] ConditionMgr:805 - Attr not supported : Dmpu
2024-07-16 18:35:15,678 [ERROR] ConditionMgr:805 - Attr not supported : Dmpu
2024-07-16 18:35:15,678 [ERROR] ConditionMgr:805 - Attr not supported : Dmpu
2024-07-16 18:35:15,678 [ERROR] ConditionMgr:805 - Attr not supported : Dmpu
2024-07-16 18:35:15,678 [ERROR] ConditionMgr:805 - Attr not supported : Dmpu
2024-07-16 18:35:15,678 [ERROR] ConditionMgr:805 - Attr not supported : Dmpu
2024-07-16 18:35:15,678 [ERROR] ConditionMgr:805 - Attr not supported : Dmpu
2024-07-16 18:35:15,678 [ERROR] ConditionMgr:805 - Attr not supported : Dmpu
2024-07-16 18:35:15,678 [ERROR] ConditionMgr:805 - Attr not supported : Dmpu
2024-07-16 18:35:15,678 [ERROR] ConditionMgr:805 - Attr not supported : Dmpu
2024-07-16 18:35:15,679 [ERROR] ConditionMgr:805 - Attr not supported : Dmpu
2024-07-16 18:35:15,679 [ERROR] ConditionMgr:805 - Attr not supported : Dmpu
2024-07-16 18:35:15,679 [ERROR] ConditionMgr:805 - Attr not supported : Dmpu
2024-07-16 18:35:15,679 [ERROR] ConditionMgr:805 - Attr not supported : Dmpu
2024-07-16 18:35:15,679 [ERROR] ConditionMgr:805 - Attr not supported : Dmpu
2024-07-16 18:35:15,679 [ERROR] ConditionMgr:805 - Attr not supported : Dmpu
2024-07-16 18:35:15,679 [ERROR] ConditionMgr:805 - Attr not supported : Dmpu
2024-07-16 18:35:15,679 [ERROR] ConditionMgr:805 - Attr not supported : Dmpu
2024-07-16 18:35:15,679 [ERROR] ConditionMgr:805 - Attr not supported : Dmpu
2024-07-16 18:35:15,679 [ERROR] ConditionMgr:805 - Attr not supported : Dmpu
2024-07-16 18:35:15,679 [ERROR] ConditionMgr:805 - Attr not supported : Dmpu
2024-07-16 18:35:15,679 [ERROR] ConditionMgr:805 - Attr not supported : Dmpu
2024-07-16 18:35:15,680 [ERROR] ConditionMgr:805 - Attr not supported : Dmpu
2024-07-16 18:35:15,680 [ERROR] ConditionMgr:805 - Attr not supported : Dmpu
2024-07-16 18:35:15,680 [ERROR] ConditionMgr:805 - Attr not supported : Dmpu
2024-07-16 18:35:15,682 [ERROR] ConditionMgr:805 - Attr not supported : Dmpu
2024-07-16 18:35:15,682 [ERROR] ConditionMgr:805 - Attr not supported : Dmpu
2024-07-16 18:35:15,682 [ERROR] ConditionMgr:805 - Attr not supported : Dmpu
2024-07-16 18:35:15,682 [ERROR] ConditionMgr:805 - Attr not supported : Dmpu
2024-07-16 18:35:15,682 [ERROR] ConditionMgr:805 - Attr not supported : Dmpu
2024-07-16 18:35:15,682 [ERROR] ConditionMgr:805 - Attr not supported : Dmpu
2024-07-16 18:35:15,931 [WARN] PackLoader:240 - Cannot read IP mode file for RealThread.X-CUBE-RT-Thread_Nano.4.1.1
2024-07-16 18:35:15,988 [WARN] PackLoader:240 - Cannot read IP mode file for wolfSSL.I-CUBE-wolfSSL.5.7.0
2024-07-16 18:35:16,002 [WARN] PackLoader:240 - Cannot read IP mode file for STMicroelectronics.FP-ATR-SIGFOX1.3.2.0
2024-07-16 18:35:16,018 [WARN] PackLoader:240 - Cannot read IP mode file for STMicroelectronics.X-CUBE-EEPRMA1.5.1.0
2024-07-16 18:35:16,037 [WARN] PackLoader:240 - Cannot read IP mode file for ITTIA_DB.I-CUBE-ITTIADB.8.9.0
2024-07-16 18:35:16,092 [WARN] PackLoader:240 - Cannot read IP mode file for SEGGER.I-CUBE-embOS.1.3.1
2024-07-16 18:35:16,256 [WARN] PackLoader:240 - Cannot read IP mode file for STMicroelectronics.X-CUBE-ALGOBUILD.1.4.0
2024-07-16 18:35:16,352 [WARN] PackLoader:240 - Cannot read IP mode file for STMicroelectronics.X-CUBE-GNSS1.6.0.0
2024-07-16 18:35:16,425 [WARN] PackLoader:240 - Cannot read IP mode file for STMicroelectronics.X-CUBE-AZRTOS-F4.1.1.0
2024-07-16 18:35:16,472 [WARN] PackLoader:240 - Cannot read IP mode file for STMicroelectronics.X-CUBE-FREERTOS.1.2.0
2024-07-16 18:35:16,587 [WARN] PackLoader:240 - Cannot read IP mode file for STMicroelectronics.X-CUBE-AZRTOS-L5.2.0.0
2024-07-16 18:35:16,617 [WARN] PackLoader:240 - Cannot read IP mode file for STMicroelectronics.X-CUBE-NFC6.3.1.0
2024-07-16 18:35:16,677 [WARN] PackLoader:240 - Cannot read IP mode file for STMicroelectronics.X-CUBE-DPower.1.2.0
2024-07-16 18:35:16,695 [WARN] PackLoader:240 - Cannot read IP mode file for STMicroelectronics.X-CUBE-AI.9.0.0
2024-07-16 18:35:16,712 [WARN] PackLoader:240 - Cannot read IP mode file for STMicroelectronics.X-CUBE-NFC7.1.0.1
2024-07-16 18:35:16,729 [WARN] PackLoader:240 - Cannot read IP mode file for wolfSSL.I-CUBE-wolfTPM.3.2.0
2024-07-16 18:35:16,774 [WARN] ConditionMgr:438 - getConditionDescription Invalid condition id : LAN8742 Phy interface Condition cause : null
2024-07-16 18:35:16,775 [WARN] PackLoader:240 - Cannot read IP mode file for STMicroelectronics.X-CUBE-AZRTOS-L4.2.0.0
2024-07-16 18:35:16,776 [WARN] ConditionMgr:1039 - genDependencies : Invalid condition id : LAN8742 Phy interface Condition cause : null
2024-07-16 18:35:16,776 [WARN] ConditionMgr:1039 - genDependencies : Invalid condition id : LAN8742 Phy interface Condition cause : null
2024-07-16 18:35:16,777 [WARN] ConditionMgr:1039 - genDependencies : Invalid condition id : LAN8742 Phy interface Condition cause : null
2024-07-16 18:35:16,802 [WARN] PackLoader:240 - Cannot read IP mode file for STMicroelectronics.X-CUBE-SFXS2LP1.4.0.0
2024-07-16 18:35:16,835 [WARN] ConditionMgr:438 - getConditionDescription Invalid condition id : UX DEVICE CLASS RTOS Condition cause : null
2024-07-16 18:35:16,836 [WARN] ConditionMgr:438 - getConditionDescription Invalid condition id : UX DEVICE CLASS RTOS Condition cause : null
2024-07-16 18:35:16,838 [WARN] PackLoader:240 - Cannot read IP mode file for STMicroelectronics.X-CUBE-AZRTOS-WB.2.0.0
2024-07-16 18:35:16,838 [WARN] ConditionMgr:1039 - genDependencies : Invalid condition id : UX DEVICE CLASS RTOS Condition cause : null
2024-07-16 18:35:16,838 [WARN] ConditionMgr:1039 - genDependencies : Invalid condition id : UX DEVICE CLASS RTOS Condition cause : null
2024-07-16 18:35:16,839 [WARN] ConditionMgr:1039 - genDependencies : Invalid condition id : UX DEVICE CLASS RTOS Condition cause : null
2024-07-16 18:35:16,839 [WARN] ConditionMgr:1039 - genDependencies : Invalid condition id : UX DEVICE CLASS RTOS Condition cause : null
2024-07-16 18:35:16,839 [WARN] ConditionMgr:1039 - genDependencies : Invalid condition id : UX DEVICE CLASS RTOS Condition cause : null
2024-07-16 18:35:16,873 [WARN] PackLoader:240 - Cannot read IP mode file for STMicroelectronics.X-CUBE-SUBG2.5.0.0
2024-07-16 18:35:16,912 [WARN] PackLoader:240 - Cannot read IP mode file for STMicroelectronics.X-CUBE-AZRTOS-G4.2.0.0
2024-07-16 18:35:16,932 [WARN] PackLoader:240 - Cannot read IP mode file for STMicroelectronics.X-CUBE-ISPU.2.0.0
2024-07-16 18:35:16,951 [WARN] PackLoader:240 - Cannot read IP mode file for STMicroelectronics.X-CUBE-ALS.1.0.2
2024-07-16 18:35:17,020 [WARN] PackLoader:240 - Cannot read IP mode file for STMicroelectronics.X-CUBE-MEMS1.10.0.0
2024-07-16 18:35:17,232 [WARN] PackLoader:240 - Cannot read IP mode file for STMicroelectronics.X-CUBE-TOUCHGFX.4.24.0
2024-07-16 18:35:17,253 [WARN] PackLoader:240 - Cannot read IP mode file for portGmbH.I-Cube-SoM-uGOAL.1.1.0
2024-07-16 18:35:17,268 [WARN] PackLoader:240 - Cannot read IP mode file for STMicroelectronics.X-CUBE-ALS.1.0.1
2024-07-16 18:35:17,336 [WARN] PackLoader:240 - Cannot read IP mode file for STMicroelectronics.X-CUBE-AZRTOS-H7RS.1.0.0
2024-07-16 18:35:17,356 [WARN] PackLoader:240 - Cannot read IP mode file for STMicroelectronics.FP-ATR-ASTRA1.2.0.0
2024-07-16 18:35:17,386 [WARN] PackLoader:240 - Cannot read IP mode file for STMicroelectronics.X-CUBE-TOF1.3.4.1
2024-07-16 18:35:17,437 [WARN] PackLoader:240 - Cannot read IP mode file for STMicroelectronics.X-CUBE-AZRTOS-H7.3.2.0
2024-07-16 18:35:17,471 [WARN] PackLoader:240 - Cannot read IP mode file for Infineon.AIROC-Wi-Fi-Bluetooth-STM32.1.6.0
2024-07-16 18:35:17,492 [WARN] PackLoader:240 - Cannot read IP mode file for wolfSSL.I-CUBE-wolfSSH.1.4.17
2024-07-16 18:35:17,493 [INFO] ThirdParty:978 - Integrity check success = true
2024-07-16 18:35:17,493 [INFO] IntegrityCheckThread:100 - exiting critical section [integrity check]
2024-07-16 18:35:17,493 [INFO] IntegrityCheckThread:103 - End integrity checks thread
2024-07-16 18:35:21,456 [INFO] WebApp:161 - Instantiating new browser for Auth
2024-07-16 18:35:23,054 [INFO] WebApp:779 - Register for checkConnection events
2024-07-16 18:35:23,054 [INFO] WebApp:414 - Apply proxy settings
2024-07-16 18:35:23,055 [INFO] WebApp:499 - Chromium requires no authentication
2024-07-16 18:35:23,067 [INFO] WebApp:442 - Direct internet connection detected
2024-07-16 18:35:23,345 [INFO] WebApp:192 - Starting web application
2024-07-16 18:35:23,345 [INFO] WebApp:544 - Web application path used C:\ST\STM32CubeIDE_1.15.1\STM32CubeIDE\plugins\com.st.stm32cube.common.mx_6.11.1.202404110753\db\plugins\mcufinder\reactClient1\index.html
2024-07-16 18:46:32,699 [ERROR] LogOutputStream:75 - [STDERR_REDIRECT] 
2024-07-16 18:46:32,700 [ERROR] LogOutputStream:75 - [STDERR_REDIRECT] 
2024-07-16 19:29:52,338 [INFO] Activator:176 - 


2024-07-16 19:29:52,340 [INFO] Activator:177 - !SESSION log4j initialized
2024-07-16 19:30:00,006 [INFO] LogOutputStream:77 - [STDOUT_REDIRECT] 
2024-07-16 19:30:02,270 [INFO] ApplicationProperties:184 - Using Application install path: C:\ST\STM32CubeIDE_1.15.1\STM32CubeIDE\plugins\com.st.stm32cube.common.mx_6.11.1.202404110753
2024-07-16 19:30:02,287 [INFO] DbMcusXml:78 - Set database path to: C:\ST\STM32CubeIDE_1.15.1\STM32CubeIDE\plugins\com.st.stm32cube.common.mx_6.11.1.202404110753\\db\/mcu/
2024-07-16 19:30:02,288 [INFO] ApiDb:274 - Set plugin database path to: C:\ST\STM32CubeIDE_1.15.1\STM32CubeIDE\plugins\com.st.stm32cube.common.mx_6.11.1.202404110753\\db\/plugins/boardmanager/
2024-07-16 19:30:02,288 [WARN] ApiDb:259 - Overriding images path with different value:  => C:\ST\STM32CubeIDE_1.15.1\STM32CubeIDE\plugins\com.st.stm32cube.common.mx_6.11.1.202404110753\\db\/plugins/mcufinder/images/
2024-07-16 19:30:02,295 [INFO] ApiDb:250 - Set database path to: C:\Users\Matheus Markies\.stmcufinder\plugins\mcufinder//mcu/
2024-07-16 19:30:02,297 [INFO] DbMcusAds:125 - Set database path to: C:\Users\Matheus Markies\.stmcufinder\plugins\mcufinder//mcu/
2024-07-16 19:30:02,299 [INFO] CrossReferenceDbSqlite:203 - Set database path to: C:\Users\Matheus Markies\.stmcufinder\plugins\mcufinder//mcu/cs/
2024-07-16 19:30:02,451 [INFO] RulesReader:64 - Compatibility file has been processed (297 Rules)
2024-07-16 19:30:02,550 [INFO] DbMcusXml:78 - Set database path to: C:\ST\STM32CubeIDE_1.15.1\STM32CubeIDE\plugins\com.st.stm32cube.common.mx_6.11.1.202404110753\\db\/mcu/
2024-07-16 19:30:02,551 [INFO] ApiDb:274 - Set plugin database path to: C:\ST\STM32CubeIDE_1.15.1\STM32CubeIDE\plugins\com.st.stm32cube.common.mx_6.11.1.202404110753\\db\/plugins/boardmanager/
2024-07-16 19:30:02,551 [INFO] ApiDb:261 - Set plugin images path to: C:\ST\STM32CubeIDE_1.15.1\STM32CubeIDE\plugins\com.st.stm32cube.common.mx_6.11.1.202404110753\\db\/plugins/mcufinder/images/
2024-07-16 19:30:02,551 [WARN] DbFile:41 - Overriding database path with different value: C:\Users\Matheus Markies\.stmcufinder\plugins\mcufinder/ => C:\Users\Matheus Markies\.stmcufinder\plugins\mcufinder
2024-07-16 19:30:02,551 [INFO] ApiDb:250 - Set database path to: C:\Users\Matheus Markies\.stmcufinder\plugins\mcufinder//mcu/
2024-07-16 19:30:02,551 [WARN] DbFile:41 - Overriding database path with different value: C:\Users\Matheus Markies\.stmcufinder\plugins\mcufinder/ => C:\Users\Matheus Markies\.stmcufinder\plugins\mcufinder
2024-07-16 19:30:02,551 [INFO] DbMcusAds:125 - Set database path to: C:\Users\Matheus Markies\.stmcufinder\plugins\mcufinder//mcu/
2024-07-16 19:30:02,551 [WARN] DbFile:41 - Overriding database path with different value: C:\Users\Matheus Markies\.stmcufinder\plugins\mcufinder/ => C:\Users\Matheus Markies\.stmcufinder\plugins\mcufinder
2024-07-16 19:30:02,552 [WARN] DbFile:41 - Overriding database path with different value: C:\Users\Matheus Markies\.stmcufinder\plugins\mcufinder/ => C:\Users\Matheus Markies\.stmcufinder\plugins\mcufinder
2024-07-16 19:30:02,552 [INFO] CrossReferenceDbSqlite:203 - Set database path to: C:\Users\Matheus Markies\.stmcufinder\plugins\mcufinder//mcu/cs/
2024-07-16 19:30:02,630 [INFO] MainPanel:264 - HeapMemory: 268435456
2024-07-16 19:30:02,711 [INFO] DbMcusXml:78 - Set database path to: C:\ST\STM32CubeIDE_1.15.1\STM32CubeIDE\plugins\com.st.stm32cube.common.mx_6.11.1.202404110753\\db\/mcu/
2024-07-16 19:30:02,711 [INFO] ApiDb:274 - Set plugin database path to: C:\ST\STM32CubeIDE_1.15.1\STM32CubeIDE\plugins\com.st.stm32cube.common.mx_6.11.1.202404110753\\db\/plugins/boardmanager/
2024-07-16 19:30:02,711 [INFO] ApiDb:261 - Set plugin images path to: C:\ST\STM32CubeIDE_1.15.1\STM32CubeIDE\plugins\com.st.stm32cube.common.mx_6.11.1.202404110753\\db\/plugins/mcufinder/images/
2024-07-16 19:30:02,711 [WARN] DbFile:41 - Overriding database path with different value: C:\Users\Matheus Markies\.stmcufinder\plugins\mcufinder/ => C:\Users\Matheus Markies\.stmcufinder\plugins\mcufinder
2024-07-16 19:30:02,712 [INFO] ApiDb:250 - Set database path to: C:\Users\Matheus Markies\.stmcufinder\plugins\mcufinder//mcu/
2024-07-16 19:30:02,712 [WARN] DbFile:41 - Overriding database path with different value: C:\Users\Matheus Markies\.stmcufinder\plugins\mcufinder/ => C:\Users\Matheus Markies\.stmcufinder\plugins\mcufinder
2024-07-16 19:30:02,712 [INFO] DbMcusAds:125 - Set database path to: C:\Users\Matheus Markies\.stmcufinder\plugins\mcufinder//mcu/
2024-07-16 19:30:02,712 [WARN] DbFile:41 - Overriding database path with different value: C:\Users\Matheus Markies\.stmcufinder\plugins\mcufinder/ => C:\Users\Matheus Markies\.stmcufinder\plugins\mcufinder
2024-07-16 19:30:02,712 [WARN] DbFile:41 - Overriding database path with different value: C:\Users\Matheus Markies\.stmcufinder\plugins\mcufinder/ => C:\Users\Matheus Markies\.stmcufinder\plugins\mcufinder
2024-07-16 19:30:02,712 [INFO] CrossReferenceDbSqlite:203 - Set database path to: C:\Users\Matheus Markies\.stmcufinder\plugins\mcufinder//mcu/cs/
2024-07-16 19:30:02,731 [INFO] ApplicationProperties:184 - Using Application install path: C:\ST\STM32CubeIDE_1.15.1\STM32CubeIDE\plugins\com.st.stm32cube.common.mx_6.11.1.202404110753
2024-07-16 19:30:02,732 [INFO] PluginManage:196 - Search for loadable plugins [exclusion list=, ]
2024-07-16 19:30:02,734 [INFO] PluginManage:310 - Check plugin analytics
2024-07-16 19:30:02,939 [INFO] AnalyticsPlugin:253 - Accepted Software Licenses: 
2024-07-16 19:30:02,939 [INFO] AnalyticsPlugin:255 - Accepted CMSIS Pack Licenses: 
2024-07-16 19:30:02,940 [INFO] AnalyticsPlugin:257 - Accepted Firmware Licenses: FW.F4.1.28.0
2024-07-16 19:30:02,942 [INFO] PluginManage:359 - Loaded plugin analytics (category:tool,tabindex:-1)
2024-07-16 19:30:02,942 [INFO] PluginManage:310 - Check plugin cadmodel
2024-07-16 19:30:02,958 [INFO] CADModel:105 - Init CAD model plugin
2024-07-16 19:30:02,958 [INFO] PluginManage:359 - Loaded plugin cadmodel (category:power,tabindex:5)
2024-07-16 19:30:02,958 [INFO] PluginManage:310 - Check plugin clock
2024-07-16 19:30:02,980 [INFO] PluginManage:359 - Loaded plugin clock (category:base,tabindex:2)
2024-07-16 19:30:02,980 [INFO] PluginManage:310 - Check plugin ddr
2024-07-16 19:30:02,983 [INFO] PluginManage:359 - Loaded plugin ddr (category:tool,tabindex:6)
2024-07-16 19:30:02,983 [INFO] PluginManage:310 - Check plugin filemanager
2024-07-16 19:30:03,137 [INFO] PluginManage:359 - Loaded plugin filemanager (category:base,tabindex:10)
2024-07-16 19:30:03,137 [INFO] PluginManage:310 - Check plugin ipmanager
2024-07-16 19:30:03,146 [INFO] PluginManage:359 - Loaded plugin ipmanager (category:base,tabindex:5)
2024-07-16 19:30:03,146 [INFO] PluginManage:310 - Check plugin lpbam
2024-07-16 19:30:03,165 [INFO] PluginManage:359 - Loaded plugin lpbam (category:base,tabindex:0)
2024-07-16 19:30:03,165 [INFO] PluginManage:310 - Check plugin memorymap
2024-07-16 19:30:03,191 [INFO] PluginManage:359 - Loaded plugin memorymap (category:base,tabindex:4)
2024-07-16 19:30:03,191 [INFO] PluginManage:310 - Check plugin pinoutandconfiguration
2024-07-16 19:30:03,209 [INFO] PluginManage:359 - Loaded plugin pinoutandconfiguration (category:base,tabindex:1)
2024-07-16 19:30:03,210 [INFO] PluginManage:310 - Check plugin pinoutconfig
2024-07-16 19:30:03,311 [WARN] SupportedApi:132 - Cannot load RTOS API schema: s4s-elt-must-match.1: The content of 'definitions' must match (annotation?, (simpleType | complexType)?, (unique | key | keyref)*)). A problem was found starting at: attribute.
2024-07-16 19:30:03,451 [INFO] PluginManage:359 - Loaded plugin pinoutconfig (category:base,tabindex:0)
2024-07-16 19:30:03,451 [INFO] PluginManage:310 - Check plugin power
2024-07-16 19:30:03,470 [INFO] PluginManage:359 - Loaded plugin power (category:power,tabindex:4)
2024-07-16 19:30:03,471 [INFO] PluginManage:310 - Check plugin projectmanager
2024-07-16 19:30:03,502 [INFO] PluginManage:359 - Loaded plugin projectmanager (category:projectmanager,tabindex:3)
2024-07-16 19:30:03,502 [INFO] PluginManage:310 - Check plugin thirdparty
2024-07-16 19:30:03,826 [INFO] PluginManage:359 - Loaded plugin thirdparty (category:base,tabindex:-1)
2024-07-16 19:30:03,826 [INFO] PluginManage:310 - Check plugin tools
2024-07-16 19:30:03,826 [WARN] IntegrityCheckThread:84 - waiting for thirdparty lock release [integrity check]
2024-07-16 19:30:03,827 [INFO] IntegrityCheckThread:86 - entering critical section [integrity check]
2024-07-16 19:30:03,827 [INFO] ThirdPartyUpdaterWithRetryManager:70 - Updater plugin not ready yet. [1/15]
2024-07-16 19:30:03,868 [INFO] PluginManage:359 - Loaded plugin tools (category:base,tabindex:7)
2024-07-16 19:30:03,868 [INFO] PluginManage:310 - Check plugin tutovideos
2024-07-16 19:30:04,056 [INFO] PluginManage:359 - Loaded plugin tutovideos (category:base,tabindex:-1)
2024-07-16 19:30:04,057 [INFO] PluginManage:310 - Check plugin updater
2024-07-16 19:30:04,066 [INFO] PluginManage:359 - Loaded plugin updater (category:base,tabindex:12)
2024-07-16 19:30:04,066 [INFO] PluginManage:310 - Check plugin userauth
2024-07-16 19:30:04,072 [INFO] UserAuth:114 - Init User Auth plugin
2024-07-16 19:30:04,072 [INFO] PluginManage:359 - Loaded plugin userauth (category:base,tabindex:14)
2024-07-16 19:30:04,072 [INFO] PluginManage:283 - PluginManage : Loaded plugins [17]
2024-07-16 19:30:04,313 [INFO] PinOutPanel:1561 - setPackage(No Configuration,No Configuration)
2024-07-16 19:30:04,406 [INFO] CADModel:165 - CPN selected for project level
2024-07-16 19:30:04,406 [INFO] CADModel:114 - Register for checkConnection events
2024-07-16 19:30:04,430 [INFO] IPUIPlugin:80 - create IPUIPlugin
2024-07-16 19:30:04,431 [INFO] PluginManager:220 - loadIPPluginJar : add adc
2024-07-16 19:30:04,473 [INFO] IPUIPlugin:80 - create IPUIPlugin
2024-07-16 19:30:04,473 [INFO] PluginManager:220 - loadIPPluginJar : add aes
2024-07-16 19:30:04,520 [INFO] IPUIPlugin:80 - create IPUIPlugin
2024-07-16 19:30:04,520 [INFO] PluginManager:220 - loadIPPluginJar : add can
2024-07-16 19:30:04,546 [INFO] IPUIPlugin:80 - create IPUIPlugin
2024-07-16 19:30:04,546 [INFO] PluginManager:220 - loadIPPluginJar : add comp
2024-07-16 19:30:04,584 [INFO] IPUIPlugin:80 - create IPUIPlugin
2024-07-16 19:30:04,584 [INFO] PluginManager:220 - loadIPPluginJar : add cryp
2024-07-16 19:30:04,619 [INFO] IPUIPlugin:80 - create IPUIPlugin
2024-07-16 19:30:04,619 [INFO] PluginManager:220 - loadIPPluginJar : add dfsdm
2024-07-16 19:30:04,635 [INFO] IPUIPlugin:80 - create IPUIPlugin
2024-07-16 19:30:04,635 [INFO] PluginManager:220 - loadIPPluginJar : add dma
2024-07-16 19:30:04,685 [INFO] IPUIPlugin:80 - create IPUIPlugin
2024-07-16 19:30:04,686 [INFO] PluginManager:220 - loadIPPluginJar : add dma3
2024-07-16 19:30:04,737 [INFO] IPUIPlugin:80 - create IPUIPlugin
2024-07-16 19:30:04,738 [INFO] PluginManager:220 - loadIPPluginJar : add extmemmanager
2024-07-16 19:30:04,761 [INFO] IPUIPlugin:80 - create IPUIPlugin
2024-07-16 19:30:04,762 [INFO] PluginManager:220 - loadIPPluginJar : add fatfs
2024-07-16 19:30:04,816 [INFO] IPUIPlugin:80 - create IPUIPlugin
2024-07-16 19:30:04,816 [INFO] PluginManager:220 - loadIPPluginJar : add fmc
2024-07-16 19:30:04,833 [INFO] IPUIPlugin:80 - create IPUIPlugin
2024-07-16 19:30:04,833 [INFO] PluginManager:220 - loadIPPluginJar : add freertos
2024-07-16 19:30:04,859 [INFO] IPUIPlugin:80 - create IPUIPlugin
2024-07-16 19:30:04,859 [INFO] PluginManager:220 - loadIPPluginJar : add genericplugin
2024-07-16 19:30:04,971 [INFO] IPUIPlugin:80 - create IPUIPlugin
2024-07-16 19:30:04,972 [INFO] PluginManager:220 - loadIPPluginJar : add gfxmmu
2024-07-16 19:30:05,123 [INFO] IPUIPlugin:80 - create IPUIPlugin
2024-07-16 19:30:05,123 [INFO] PluginManager:220 - loadIPPluginJar : add gic
2024-07-16 19:30:05,138 [INFO] IPUIPlugin:80 - create IPUIPlugin
2024-07-16 19:30:05,138 [INFO] PluginManager:220 - loadIPPluginJar : add gpio
2024-07-16 19:30:05,245 [INFO] IPUIPlugin:80 - create IPUIPlugin
2024-07-16 19:30:05,245 [INFO] PluginManager:220 - loadIPPluginJar : add gtzc
2024-07-16 19:30:05,282 [INFO] IPUIPlugin:80 - create IPUIPlugin
2024-07-16 19:30:05,282 [INFO] PluginManager:220 - loadIPPluginJar : add hash
2024-07-16 19:30:05,344 [INFO] IPUIPlugin:80 - create IPUIPlugin
2024-07-16 19:30:05,344 [INFO] PluginManager:220 - loadIPPluginJar : add i2c
2024-07-16 19:30:05,390 [INFO] IPUIPlugin:80 - create IPUIPlugin
2024-07-16 19:30:05,390 [INFO] PluginManager:220 - loadIPPluginJar : add i2s
2024-07-16 19:30:05,438 [INFO] IPUIPlugin:80 - create IPUIPlugin
2024-07-16 19:30:05,438 [INFO] PluginManager:220 - loadIPPluginJar : add i3c
2024-07-16 19:30:05,558 [INFO] IPUIPlugin:80 - create IPUIPlugin
2024-07-16 19:30:05,558 [INFO] PluginManager:220 - loadIPPluginJar : add ipddr
2024-07-16 19:30:05,664 [INFO] IPUIPlugin:80 - create IPUIPlugin
2024-07-16 19:30:05,664 [INFO] PluginManager:220 - loadIPPluginJar : add linkedlist
2024-07-16 19:30:05,705 [INFO] IPUIPlugin:80 - create IPUIPlugin
2024-07-16 19:30:05,705 [INFO] PluginManager:220 - loadIPPluginJar : add lorawan
2024-07-16 19:30:05,747 [INFO] IPUIPlugin:80 - create IPUIPlugin
2024-07-16 19:30:05,747 [INFO] PluginManager:220 - loadIPPluginJar : add ltdc
2024-07-16 19:30:05,763 [INFO] IPUIPlugin:80 - create IPUIPlugin
2024-07-16 19:30:05,763 [INFO] PluginManager:220 - loadIPPluginJar : add mdma
2024-07-16 19:30:05,777 [INFO] IPUIPlugin:80 - create IPUIPlugin
2024-07-16 19:30:05,777 [INFO] PluginManager:220 - loadIPPluginJar : add nvic
2024-07-16 19:30:05,819 [INFO] IPUIPlugin:80 - create IPUIPlugin
2024-07-16 19:30:05,819 [INFO] PluginManager:220 - loadIPPluginJar : add opamp
2024-07-16 19:30:05,890 [INFO] IPUIPlugin:80 - create IPUIPlugin
2024-07-16 19:30:05,890 [INFO] PluginManager:220 - loadIPPluginJar : add openamp
2024-07-16 19:30:05,939 [INFO] IPUIPlugin:80 - create IPUIPlugin
2024-07-16 19:30:05,939 [INFO] PluginManager:220 - loadIPPluginJar : add pdm2pcm
2024-07-16 19:30:05,956 [INFO] IPUIPlugin:80 - create IPUIPlugin
2024-07-16 19:30:05,958 [INFO] PluginManager:220 - loadIPPluginJar : add plateformsettings
2024-07-16 19:30:05,985 [INFO] IPUIPlugin:80 - create IPUIPlugin
2024-07-16 19:30:05,985 [INFO] PluginManager:220 - loadIPPluginJar : add quadspi
2024-07-16 19:30:05,999 [INFO] IPUIPlugin:80 - create IPUIPlugin
2024-07-16 19:30:05,999 [INFO] PluginManager:220 - loadIPPluginJar : add resmgrutility
2024-07-16 19:30:06,056 [INFO] IPUIPlugin:80 - create IPUIPlugin
2024-07-16 19:30:06,056 [INFO] PluginManager:220 - loadIPPluginJar : add sai
2024-07-16 19:30:06,099 [INFO] IPUIPlugin:80 - create IPUIPlugin
2024-07-16 19:30:06,099 [INFO] PluginManager:220 - loadIPPluginJar : add spi
2024-07-16 19:30:06,179 [INFO] IPUIPlugin:80 - create IPUIPlugin
2024-07-16 19:30:06,179 [INFO] PluginManager:220 - loadIPPluginJar : add stm32_wpan
2024-07-16 19:30:06,206 [INFO] IPUIPlugin:80 - create IPUIPlugin
2024-07-16 19:30:06,207 [INFO] PluginManager:220 - loadIPPluginJar : add tim
2024-07-16 19:30:06,277 [INFO] IPUIPlugin:80 - create IPUIPlugin
2024-07-16 19:30:06,277 [INFO] PluginManager:220 - loadIPPluginJar : add touchsensing
2024-07-16 19:30:06,305 [INFO] IPUIPlugin:80 - create IPUIPlugin
2024-07-16 19:30:06,306 [INFO] PluginManager:220 - loadIPPluginJar : add tracer_emb
2024-07-16 19:30:06,334 [INFO] IPUIPlugin:80 - create IPUIPlugin
2024-07-16 19:30:06,334 [INFO] PluginManager:220 - loadIPPluginJar : add ts
2024-07-16 19:30:06,362 [INFO] IPUIPlugin:80 - create IPUIPlugin
2024-07-16 19:30:06,362 [INFO] PluginManager:220 - loadIPPluginJar : add tsc
2024-07-16 19:30:06,390 [INFO] IPUIPlugin:80 - create IPUIPlugin
2024-07-16 19:30:06,390 [INFO] PluginManager:220 - loadIPPluginJar : add ucpd
2024-07-16 19:30:06,443 [INFO] IPUIPlugin:80 - create IPUIPlugin
2024-07-16 19:30:06,443 [INFO] PluginManager:220 - loadIPPluginJar : add usart
2024-07-16 19:30:06,494 [INFO] IPUIPlugin:80 - create IPUIPlugin
2024-07-16 19:30:06,494 [INFO] PluginManager:220 - loadIPPluginJar : add usbx
2024-07-16 19:30:06,631 [INFO] CADModel:165 - CPN selected for project level
2024-07-16 19:30:06,631 [INFO] CADModel:114 - Register for checkConnection events
2024-07-16 19:30:06,631 [FATAL] Updater:308 - Updater called before beeing initialized
2024-07-16 19:30:06,631 [ERROR] CADModel:125 - Updater not yet initialized, retry later 
2024-07-16 19:30:06,764 [INFO] CADModel:165 - CPN selected for project level
2024-07-16 19:30:06,764 [INFO] CADModel:114 - Register for checkConnection events
2024-07-16 19:30:06,764 [FATAL] Updater:308 - Updater called before beeing initialized
2024-07-16 19:30:06,764 [ERROR] CADModel:125 - Updater not yet initialized, retry later 
2024-07-16 19:30:06,767 [FATAL] Updater:308 - Updater called before beeing initialized
2024-07-16 19:30:06,833 [INFO] ThirdPartyUpdaterWithRetryManager:70 - Updater plugin not ready yet. [2/15]
2024-07-16 19:30:06,899 [FATAL] Updater:308 - Updater called before beeing initialized
2024-07-16 19:30:06,910 [INFO] DbMcusAds:53 - JSON generation date=Thu May 16 06:22:00 BRT 2024 (1715851320852)
2024-07-16 19:30:06,910 [FATAL] Updater:308 - Updater called before beeing initialized
2024-07-16 19:30:06,994 [WARN] DetailPanel:346 - Failed to get advertising image, set to default
2024-07-16 19:30:07,127 [FATAL] Updater:308 - Updater called before beeing initialized
2024-07-16 19:30:07,129 [FATAL] Updater:308 - Updater called before beeing initialized
2024-07-16 19:30:07,129 [FATAL] Updater:308 - Updater called before beeing initialized
2024-07-16 19:30:07,129 [WARN] DetailPanel:346 - Failed to get advertising image, set to default
2024-07-16 19:30:07,130 [FATAL] Updater:308 - Updater called before beeing initialized
2024-07-16 19:30:07,220 [ERROR] Updater:1120 - MainUpdater not yet initialized. External WinMGr cannot be set.
2024-07-16 19:30:07,230 [INFO] Updater:1056 - Updater Version found : 6.11.1
2024-07-16 19:30:07,246 [INFO] ApplicationProperties:184 - Using Application install path: C:\ST\STM32CubeIDE_1.15.1\STM32CubeIDE\plugins\com.st.stm32cube.common.mx_6.11.1.202404110753
2024-07-16 19:30:08,843 [ERROR] LogOutputStream:75 - [STDERR_REDIRECT] Jul 16, 2024 7:30:08 PM java.util.prefs.WindowsPreferences <init>
2024-07-16 19:30:08,846 [ERROR] LogOutputStream:75 - [STDERR_REDIRECT] WARNING: Could not open/create prefs root node Software\JavaSoft\Prefs at root 0xffffffff80000002. Windows RegCreateKeyEx(...) returned error code 5.
2024-07-16 19:30:08,846 [ERROR] LogOutputStream:75 - [STDERR_REDIRECT] 
2024-07-16 19:30:09,158 [INFO] MainUpdater:2873 - connection check result : 10
2024-07-16 19:30:09,159 [INFO] MainUpdater:290 - Updater Check For Update Now.
2024-07-16 19:30:09,159 [INFO] MicroXplorer:498 - Change Database Version : DB.6.0.111
2024-07-16 19:30:09,184 [INFO] McuFinderGlobals:63 - Set McuFinder mode to 2 (CubeIDE integrated)
2024-07-16 19:30:09,199 [INFO] UserAuth:415 - Internet connection configuration mode: 1
2024-07-16 19:30:09,244 [INFO] JxBrowserEngine:152 - Initiate JxBrowser Engine with user profile folder
2024-07-16 19:30:09,421 [INFO] CheckServerUpdateThread:120 - End of CheckServer Thread
2024-07-16 19:30:10,130 [WARN] PackLoader:240 - Cannot read IP mode file for STMicroelectronics.FP-SNS-MOTENVWB1.1.4.0
2024-07-16 19:30:10,164 [WARN] PackLoader:240 - Cannot read IP mode file for STMicroelectronics.X-CUBE-SMBUS.2.1.0
2024-07-16 19:30:10,209 [WARN] PackLoader:240 - Cannot read IP mode file for STMicroelectronics.X-CUBE-TOUCHGFX.4.23.2
2024-07-16 19:30:10,270 [WARN] PackLoader:240 - Cannot read IP mode file for STMicroelectronics.X-CUBE-AZRTOS-F7.1.1.0
2024-07-16 19:30:10,302 [WARN] PackLoader:240 - Cannot read IP mode file for STMicroelectronics.FP-SNS-FLIGHT1.5.0.2
2024-07-16 19:30:10,329 [WARN] PackLoader:240 - Cannot read IP mode file for STMicroelectronics.X-CUBE-DISPLAY.3.0.0
2024-07-16 19:30:10,361 [WARN] PackLoader:240 - Cannot read IP mode file for STMicroelectronics.X-CUBE-BLE1.7.0.0
2024-07-16 19:30:10,383 [WARN] PackLoader:240 - Cannot read IP mode file for emotas.I-CUBE-CANOPEN.1.3.0
2024-07-16 19:30:10,429 [WARN] PackLoader:240 - Cannot read IP mode file for STMicroelectronics.X-CUBE-BLEMGR.3.1.0
2024-07-16 19:30:10,464 [WARN] PackLoader:240 - Cannot read IP mode file for STMicroelectronics.FP-SNS-SMARTAG2.1.2.0
2024-07-16 19:30:10,501 [INFO] LogOutputStream:77 - [STDOUT_REDIRECT] 1 : Invalid condition id : UX_CORESTACK_Condition cause : null
2024-07-16 19:30:10,502 [INFO] LogOutputStream:77 - [STDOUT_REDIRECT] 1 : Invalid condition id : UX_CORESTACK_Condition cause : null
2024-07-16 19:30:10,504 [INFO] LogOutputStream:77 - [STDOUT_REDIRECT] 1 : Invalid condition id : UX_CORESTACK_Condition cause : null
2024-07-16 19:30:10,515 [INFO] LogOutputStream:77 - [STDOUT_REDIRECT] 1 : Invalid condition id : UX_CORESTACK_Condition cause : null
2024-07-16 19:30:10,517 [INFO] LogOutputStream:77 - [STDOUT_REDIRECT] 1 : Invalid condition id : UX_CORESTACK_Condition cause : null
2024-07-16 19:30:10,520 [WARN] PackLoader:240 - Cannot read IP mode file for STMicroelectronics.X-CUBE-AZRTOS-WL.2.0.0
2024-07-16 19:30:10,540 [WARN] PackLoader:240 - Cannot read IP mode file for STMicroelectronics.FP-SNS-MOTENV1.5.0.0
2024-07-16 19:30:10,560 [WARN] PackLoader:240 - Cannot read IP mode file for wolfSSL.I-CUBE-wolfMQTT.1.19.0
2024-07-16 19:30:10,587 [WARN] PackLoader:240 - Cannot read IP mode file for WES.I-CUBE-Cesium.1.3.0
2024-07-16 19:30:10,611 [WARN] PackLoader:240 - Cannot read IP mode file for STMicroelectronics.X-CUBE-BLE2.3.3.0
2024-07-16 19:30:10,643 [WARN] PackLoader:240 - Cannot read IP mode file for STMicroelectronics.X-CUBE-TCPP.4.1.0
2024-07-16 19:30:10,680 [WARN] PackLoader:240 - Cannot read IP mode file for STMicroelectronics.X-CUBE-AZRTOS-G0.1.1.0
2024-07-16 19:30:10,698 [WARN] PackLoader:240 - Cannot read IP mode file for STMicroelectronics.X-CUBE-SAFEA1.1.2.2
2024-07-16 19:30:10,717 [WARN] PackLoader:240 - Cannot read IP mode file for STMicroelectronics.X-CUBE-NFC4.3.0.0
2024-07-16 19:30:10,731 [WARN] PackLoader:240 - Cannot read IP mode file for wolfSSL.I-CUBE-wolfMQTT.1.18.0
2024-07-16 19:30:10,751 [WARN] PackLoader:240 - Cannot read IP mode file for EmbeddedOffice.I-CUBE-FS-RTOS.1.0.1
2024-07-16 19:30:10,752 [ERROR] ConditionMgr:805 - Attr not supported : Dmpu
2024-07-16 19:30:10,752 [ERROR] ConditionMgr:805 - Attr not supported : Dmpu
2024-07-16 19:30:10,752 [ERROR] ConditionMgr:805 - Attr not supported : Dmpu
2024-07-16 19:30:10,752 [ERROR] ConditionMgr:805 - Attr not supported : Dmpu
2024-07-16 19:30:10,752 [ERROR] ConditionMgr:805 - Attr not supported : Dmpu
2024-07-16 19:30:10,752 [ERROR] ConditionMgr:805 - Attr not supported : Dmpu
2024-07-16 19:30:10,752 [ERROR] ConditionMgr:805 - Attr not supported : Dmpu
2024-07-16 19:30:10,752 [ERROR] ConditionMgr:805 - Attr not supported : Dmpu
2024-07-16 19:30:10,753 [ERROR] ConditionMgr:805 - Attr not supported : Dmpu
2024-07-16 19:30:10,753 [ERROR] ConditionMgr:805 - Attr not supported : Dmpu
2024-07-16 19:30:10,753 [ERROR] ConditionMgr:805 - Attr not supported : Dmpu
2024-07-16 19:30:10,753 [ERROR] ConditionMgr:805 - Attr not supported : Dmpu
2024-07-16 19:30:10,753 [ERROR] ConditionMgr:805 - Attr not supported : Dmpu
2024-07-16 19:30:10,753 [ERROR] ConditionMgr:805 - Attr not supported : Dmpu
2024-07-16 19:30:10,754 [ERROR] ConditionMgr:805 - Attr not supported : Dmpu
2024-07-16 19:30:10,754 [ERROR] ConditionMgr:805 - Attr not supported : Dmpu
2024-07-16 19:30:10,754 [ERROR] ConditionMgr:805 - Attr not supported : Dmpu
2024-07-16 19:30:10,754 [ERROR] ConditionMgr:805 - Attr not supported : Dmpu
2024-07-16 19:30:10,754 [ERROR] ConditionMgr:805 - Attr not supported : Dmpu
2024-07-16 19:30:10,754 [ERROR] ConditionMgr:805 - Attr not supported : Dmpu
2024-07-16 19:30:10,754 [ERROR] ConditionMgr:805 - Attr not supported : Dmpu
2024-07-16 19:30:10,754 [ERROR] ConditionMgr:805 - Attr not supported : Dmpu
2024-07-16 19:30:10,754 [ERROR] ConditionMgr:805 - Attr not supported : Dmpu
2024-07-16 19:30:10,754 [ERROR] ConditionMgr:805 - Attr not supported : Dmpu
2024-07-16 19:30:10,755 [ERROR] ConditionMgr:805 - Attr not supported : Dmpu
2024-07-16 19:30:10,755 [ERROR] ConditionMgr:805 - Attr not supported : Dmpu
2024-07-16 19:30:10,755 [ERROR] ConditionMgr:805 - Attr not supported : Dmpu
2024-07-16 19:30:10,755 [ERROR] ConditionMgr:805 - Attr not supported : Dmpu
2024-07-16 19:30:10,755 [ERROR] ConditionMgr:805 - Attr not supported : Dmpu
2024-07-16 19:30:10,755 [ERROR] ConditionMgr:805 - Attr not supported : Dmpu
2024-07-16 19:30:10,755 [ERROR] ConditionMgr:805 - Attr not supported : Dmpu
2024-07-16 19:30:10,755 [ERROR] ConditionMgr:805 - Attr not supported : Dmpu
2024-07-16 19:30:10,755 [ERROR] ConditionMgr:805 - Attr not supported : Dmpu
2024-07-16 19:30:10,755 [ERROR] ConditionMgr:805 - Attr not supported : Dmpu
2024-07-16 19:30:10,755 [ERROR] ConditionMgr:805 - Attr not supported : Dmpu
2024-07-16 19:30:10,755 [ERROR] ConditionMgr:805 - Attr not supported : Dmpu
2024-07-16 19:30:10,756 [ERROR] ConditionMgr:805 - Attr not supported : Dmpu
2024-07-16 19:30:10,756 [ERROR] ConditionMgr:805 - Attr not supported : Dmpu
2024-07-16 19:30:10,756 [ERROR] ConditionMgr:805 - Attr not supported : Dmpu
2024-07-16 19:30:10,757 [ERROR] ConditionMgr:805 - Attr not supported : Dmpu
2024-07-16 19:30:10,757 [ERROR] ConditionMgr:805 - Attr not supported : Dmpu
2024-07-16 19:30:10,758 [ERROR] ConditionMgr:805 - Attr not supported : Dmpu
2024-07-16 19:30:10,758 [ERROR] ConditionMgr:805 - Attr not supported : Dmpu
2024-07-16 19:30:10,758 [ERROR] ConditionMgr:805 - Attr not supported : Dmpu
2024-07-16 19:30:10,758 [ERROR] ConditionMgr:805 - Attr not supported : Dmpu
2024-07-16 19:30:10,759 [ERROR] ConditionMgr:805 - Attr not supported : Dmpu
2024-07-16 19:30:10,759 [ERROR] ConditionMgr:805 - Attr not supported : Dmpu
2024-07-16 19:30:10,759 [ERROR] ConditionMgr:805 - Attr not supported : Dmpu
2024-07-16 19:30:10,759 [ERROR] ConditionMgr:805 - Attr not supported : Dmpu
2024-07-16 19:30:10,759 [ERROR] ConditionMgr:805 - Attr not supported : Dmpu
2024-07-16 19:30:10,759 [ERROR] ConditionMgr:805 - Attr not supported : Dmpu
2024-07-16 19:30:10,759 [ERROR] ConditionMgr:805 - Attr not supported : Dmpu
2024-07-16 19:30:10,759 [ERROR] ConditionMgr:805 - Attr not supported : Dmpu
2024-07-16 19:30:10,759 [ERROR] ConditionMgr:805 - Attr not supported : Dmpu
2024-07-16 19:30:10,759 [ERROR] ConditionMgr:805 - Attr not supported : Dmpu
2024-07-16 19:30:10,759 [ERROR] ConditionMgr:805 - Attr not supported : Dmpu
2024-07-16 19:30:10,759 [ERROR] ConditionMgr:805 - Attr not supported : Dmpu
2024-07-16 19:30:10,760 [ERROR] ConditionMgr:805 - Attr not supported : Dmpu
2024-07-16 19:30:10,760 [ERROR] ConditionMgr:805 - Attr not supported : Dmpu
2024-07-16 19:30:10,760 [ERROR] ConditionMgr:805 - Attr not supported : Dmpu
2024-07-16 19:30:10,760 [ERROR] ConditionMgr:805 - Attr not supported : Dmpu
2024-07-16 19:30:10,760 [ERROR] ConditionMgr:805 - Attr not supported : Dmpu
2024-07-16 19:30:10,760 [ERROR] ConditionMgr:805 - Attr not supported : Dmpu
2024-07-16 19:30:10,760 [ERROR] ConditionMgr:805 - Attr not supported : Dmpu
2024-07-16 19:30:10,778 [WARN] PackLoader:240 - Cannot read IP mode file for RealThread.X-CUBE-RT-Thread_Nano.4.1.1
2024-07-16 19:30:10,796 [WARN] PackLoader:240 - Cannot read IP mode file for wolfSSL.I-CUBE-wolfSSL.5.7.0
2024-07-16 19:30:10,808 [WARN] PackLoader:240 - Cannot read IP mode file for STMicroelectronics.FP-ATR-SIGFOX1.3.2.0
2024-07-16 19:30:10,826 [WARN] PackLoader:240 - Cannot read IP mode file for STMicroelectronics.X-CUBE-EEPRMA1.5.1.0
2024-07-16 19:30:10,849 [WARN] PackLoader:240 - Cannot read IP mode file for ITTIA_DB.I-CUBE-ITTIADB.8.9.0
2024-07-16 19:30:10,890 [WARN] PackLoader:240 - Cannot read IP mode file for SEGGER.I-CUBE-embOS.1.3.1
2024-07-16 19:30:10,972 [WARN] PackLoader:240 - Cannot read IP mode file for STMicroelectronics.X-CUBE-ALGOBUILD.1.4.0
2024-07-16 19:30:10,989 [WARN] PackLoader:240 - Cannot read IP mode file for STMicroelectronics.X-CUBE-GNSS1.6.0.0
2024-07-16 19:30:11,025 [WARN] PackLoader:240 - Cannot read IP mode file for STMicroelectronics.X-CUBE-AZRTOS-F4.1.1.0
2024-07-16 19:30:11,044 [WARN] PackLoader:240 - Cannot read IP mode file for STMicroelectronics.X-CUBE-FREERTOS.1.2.0
2024-07-16 19:30:11,076 [WARN] PackLoader:240 - Cannot read IP mode file for STMicroelectronics.X-CUBE-AZRTOS-L5.2.0.0
2024-07-16 19:30:11,108 [WARN] PackLoader:240 - Cannot read IP mode file for STMicroelectronics.X-CUBE-NFC6.3.1.0
2024-07-16 19:30:11,148 [WARN] PackLoader:240 - Cannot read IP mode file for STMicroelectronics.X-CUBE-DPower.1.2.0
2024-07-16 19:30:11,181 [WARN] PackLoader:240 - Cannot read IP mode file for STMicroelectronics.X-CUBE-AI.9.0.0
2024-07-16 19:30:11,214 [WARN] PackLoader:240 - Cannot read IP mode file for STMicroelectronics.X-CUBE-NFC7.1.0.1
2024-07-16 19:30:11,242 [WARN] PackLoader:240 - Cannot read IP mode file for wolfSSL.I-CUBE-wolfTPM.3.2.0
2024-07-16 19:30:11,377 [WARN] ConditionMgr:438 - getConditionDescription Invalid condition id : LAN8742 Phy interface Condition cause : null
2024-07-16 19:30:11,378 [WARN] PackLoader:240 - Cannot read IP mode file for STMicroelectronics.X-CUBE-AZRTOS-L4.2.0.0
2024-07-16 19:30:11,382 [WARN] ConditionMgr:1039 - genDependencies : Invalid condition id : LAN8742 Phy interface Condition cause : null
2024-07-16 19:30:11,382 [WARN] ConditionMgr:1039 - genDependencies : Invalid condition id : LAN8742 Phy interface Condition cause : null
2024-07-16 19:30:11,382 [WARN] ConditionMgr:1039 - genDependencies : Invalid condition id : LAN8742 Phy interface Condition cause : null
2024-07-16 19:30:11,403 [WARN] PackLoader:240 - Cannot read IP mode file for STMicroelectronics.X-CUBE-SFXS2LP1.4.0.0
2024-07-16 19:30:11,428 [WARN] ConditionMgr:438 - getConditionDescription Invalid condition id : UX DEVICE CLASS RTOS Condition cause : null
2024-07-16 19:30:11,429 [WARN] ConditionMgr:438 - getConditionDescription Invalid condition id : UX DEVICE CLASS RTOS Condition cause : null
2024-07-16 19:30:11,431 [WARN] PackLoader:240 - Cannot read IP mode file for STMicroelectronics.X-CUBE-AZRTOS-WB.2.0.0
2024-07-16 19:30:11,431 [WARN] ConditionMgr:1039 - genDependencies : Invalid condition id : UX DEVICE CLASS RTOS Condition cause : null
2024-07-16 19:30:11,432 [WARN] ConditionMgr:1039 - genDependencies : Invalid condition id : UX DEVICE CLASS RTOS Condition cause : null
2024-07-16 19:30:11,432 [WARN] ConditionMgr:1039 - genDependencies : Invalid condition id : UX DEVICE CLASS RTOS Condition cause : null
2024-07-16 19:30:11,432 [WARN] ConditionMgr:1039 - genDependencies : Invalid condition id : UX DEVICE CLASS RTOS Condition cause : null
2024-07-16 19:30:11,432 [WARN] ConditionMgr:1039 - genDependencies : Invalid condition id : UX DEVICE CLASS RTOS Condition cause : null
2024-07-16 19:30:11,452 [WARN] PackLoader:240 - Cannot read IP mode file for STMicroelectronics.X-CUBE-SUBG2.5.0.0
2024-07-16 19:30:11,490 [WARN] PackLoader:240 - Cannot read IP mode file for STMicroelectronics.X-CUBE-AZRTOS-G4.2.0.0
2024-07-16 19:30:11,507 [WARN] PackLoader:240 - Cannot read IP mode file for STMicroelectronics.X-CUBE-ISPU.2.0.0
2024-07-16 19:30:11,528 [WARN] PackLoader:240 - Cannot read IP mode file for STMicroelectronics.X-CUBE-ALS.1.0.2
2024-07-16 19:30:11,586 [WARN] PackLoader:240 - Cannot read IP mode file for STMicroelectronics.X-CUBE-MEMS1.10.0.0
2024-07-16 19:30:11,755 [WARN] PackLoader:240 - Cannot read IP mode file for STMicroelectronics.X-CUBE-TOUCHGFX.4.24.0
2024-07-16 19:30:11,774 [WARN] PackLoader:240 - Cannot read IP mode file for portGmbH.I-Cube-SoM-uGOAL.1.1.0
2024-07-16 19:30:11,789 [WARN] PackLoader:240 - Cannot read IP mode file for STMicroelectronics.X-CUBE-ALS.1.0.1
2024-07-16 19:30:11,824 [WARN] PackLoader:240 - Cannot read IP mode file for STMicroelectronics.X-CUBE-AZRTOS-H7RS.1.0.0
2024-07-16 19:30:11,846 [WARN] PackLoader:240 - Cannot read IP mode file for STMicroelectronics.FP-ATR-ASTRA1.2.0.0
2024-07-16 19:30:11,876 [WARN] PackLoader:240 - Cannot read IP mode file for STMicroelectronics.X-CUBE-TOF1.3.4.1
2024-07-16 19:30:11,928 [WARN] PackLoader:240 - Cannot read IP mode file for STMicroelectronics.X-CUBE-AZRTOS-H7.3.2.0
2024-07-16 19:30:11,960 [WARN] PackLoader:240 - Cannot read IP mode file for Infineon.AIROC-Wi-Fi-Bluetooth-STM32.1.6.0
2024-07-16 19:30:11,989 [WARN] PackLoader:240 - Cannot read IP mode file for wolfSSL.I-CUBE-wolfSSH.1.4.17
2024-07-16 19:30:11,989 [INFO] ThirdParty:978 - Integrity check success = true
2024-07-16 19:30:11,989 [INFO] IntegrityCheckThread:100 - exiting critical section [integrity check]
2024-07-16 19:30:11,989 [INFO] IntegrityCheckThread:103 - End integrity checks thread
2024-07-16 19:30:14,426 [INFO] WebApp:161 - Instantiating new browser for Auth
2024-07-16 19:30:15,063 [INFO] WebApp:779 - Register for checkConnection events
2024-07-16 19:30:15,064 [INFO] WebApp:414 - Apply proxy settings
2024-07-16 19:30:15,064 [INFO] WebApp:499 - Chromium requires no authentication
2024-07-16 19:30:15,071 [INFO] WebApp:442 - Direct internet connection detected
2024-07-16 19:30:15,246 [INFO] WebApp:192 - Starting web application
2024-07-16 19:30:15,247 [INFO] WebApp:544 - Web application path used C:\ST\STM32CubeIDE_1.15.1\STM32CubeIDE\plugins\com.st.stm32cube.common.mx_6.11.1.202404110753\db\plugins\mcufinder\reactClient1\index.html
2024-07-16 21:34:14,182 [INFO] McuFinderGlobals:63 - Set McuFinder mode to 2 (CubeIDE integrated)
2024-07-16 21:34:14,212 [INFO] MainUpdater:2873 - connection check result : 10
2024-07-16 21:34:14,240 [INFO] McuFinderGlobals:76 - Set McuFinderConnectedMode to true
2024-07-16 21:34:14,662 [INFO] ServerAccessManage:473 - Download File mcusAds.json._tmp_
2024-07-16 21:34:14,773 [INFO] LoadUrlFilesThread:156 - End of LoadUrlFiles Thread
2024-07-16 21:34:16,624 [INFO] ServerAccessManage:473 - Download File cube-finder-db.zip
2024-07-16 21:34:36,462 [INFO] FileExtend:240 - Unzip File : cube-finder-db.zip
2024-07-16 21:34:36,463 [INFO] FileExtend:255 - Standard Zip Deflate
2024-07-16 21:34:37,574 [INFO] LoadUrlFilesThread:156 - End of LoadUrlFiles Thread
2024-07-16 21:34:38,716 [INFO] ServerAccessManage:473 - Download File crdb.zip
2024-07-16 21:34:40,117 [INFO] FileExtend:240 - Unzip File : crdb.zip
2024-07-16 21:34:40,117 [INFO] FileExtend:255 - Standard Zip Deflate
2024-07-16 21:34:40,260 [INFO] LoadUrlFilesThread:156 - End of LoadUrlFiles Thread
2024-07-16 21:34:42,043 [INFO] ServerAccessManage:473 - Download File tutoVideoDB.zip
2024-07-16 21:34:42,248 [INFO] FileExtend:240 - Unzip File : tutoVideoDB.zip
2024-07-16 21:34:42,249 [INFO] FileExtend:255 - Standard Zip Deflate
2024-07-16 21:34:42,364 [INFO] LoadUrlFilesThread:156 - End of LoadUrlFiles Thread
2024-07-16 21:34:42,366 [WARN] DbFile:41 - Overriding database path with different value: C:\Users\Matheus Markies\.stmcufinder\plugins\mcufinder/ => C:\Users\Matheus Markies\.stmcufinder\plugins\mcufinder
2024-07-16 21:34:43,427 [INFO] ServerAccessManage:473 - Download File api_config.json
2024-07-16 21:34:43,536 [INFO] LoadUrlFilesThread:156 - End of LoadUrlFiles Thread
2024-07-16 21:34:43,538 [INFO] DbMcusAds:53 - JSON generation date=Thu May 16 06:22:01 BRT 2024 (1715851321109)
2024-07-16 21:34:43,576 [INFO] LoadUrlFilesThread:185 - End of LoadServerUrlFiles without Thread
2024-07-16 21:34:43,577 [INFO] TargetSelectorAdapter:259 - Refresh data is successful
2024-07-16 21:34:43,758 [INFO] ApiDb:581 - Connected to CubeFinder SQLite database (C:\Users\Matheus Markies\.stmcufinder\plugins\mcufinder\mcu\cube-finder-db.db)
2024-07-16 21:34:43,840 [INFO] ApiDb:668 - CubeFinder database Data Model version=2.1
2024-07-16 21:34:43,840 [INFO] ApiDb:669 - CubeFinder database Configuration version=3.0.39
2024-07-16 21:34:43,841 [INFO] ApiDb:670 - CubeFinder database generation date=2024-06-20 (1718880634)
2024-07-16 21:34:43,842 [INFO] ApiDb:671 - CubeFinder database FW Pack versions=[FP-ATR-ASTRA1_V2.0.0, FP-SNS-FLIGHT1_V5.0.2, FP-SNS-MOTENV1_V5.0.0, FP-SNS-MOTENVWB1_V1.4.0, FP-SNS-SMARTAG2_V1.2.0, STM32Cube_FW_C0_V1.2.0, STM32Cube_FW_F4_V1.28.0, STM32Cube_FW_F7_V1.17.2, STM32Cube_FW_G0_V1.6.2, STM32Cube_FW_G4_V1.6.0, STM32Cube_FW_H5_V1.3.0, STM32Cube_FW_H7RS_V1.1.0, STM32Cube_FW_H7_V1.11.2, STM32Cube_FW_L0_V1.12.2, STM32Cube_FW_L5_V1.5.1, STM32Cube_FW_U0_V1.1.0, STM32Cube_FW_U5_V1.6.0, STM32Cube_FW_WB0_V1.0.0, STM32Cube_FW_WBA_V1.4.0, STM32Cube_FW_WB_V1.20.0, STM32Cube_FW_WL_V1.3.0, X-CUBE-ALGOBUILD_V1.4.0, X-CUBE-ALS_V1.0.2, X-CUBE-AZRTOS-F4_V1.1.0, X-CUBE-AZRTOS-F7_V1.1.0, X-CUBE-AZRTOS-G0_V1.1.0, X-CUBE-AZRTOS-G4_V2.0.0, X-CUBE-AZRTOS-H7RS_V1.0.0, X-CUBE-AZRTOS-H7_V3.2.0, X-CUBE-AZRTOS-L4_V2.0.0, X-CUBE-AZRTOS-L5_V1.1.0, X-CUBE-AZRTOS-WB_V2.0.0, X-CUBE-AZRTOS-WL_V2.0.0, X-CUBE-BLE1_V7.0.0, X-CUBE-BLE2_V3.3.0, X-CUBE-BLEMGR_V3.1.0, X-CUBE-EEPRMA1_V5.1.0, X-CUBE-FREERTOS_V1.2.0, X-CUBE-GNSS1_V6.0.0, X-CUBE-MEMS1_V10.0.0, X-CUBE-NFC4_V3.0.0, X-CUBE-NFC7_V1.0.1, X-CUBE-SFXS2LP1_V4.0.0, X-CUBE-SUBG2_V5.0.0, X-CUBE-TOF1_V3.4.1]
2024-07-16 21:34:46,341 [INFO] ApiDb:240 - Found 483 in-development CPN: [B-G473E-ZEST1S, B-WB1M-WPAN1, B-WL5M-SUBG1, NUCLEO-C031C6, NUCLEO-H503RB, NUCLEO-H533RE, NUCLEO-H563ZI, NUCLEO-H7S3L8, NUCLEO-U031R8, NUCLEO-U083RC, NUCLEO-U545RE-Q, NUCLEO-U5A5ZJ-Q, NUCLEO-WBA52CG, NUCLEO-WBA55CG, STEVAL-PROTEUS1, STEVAL-SMARTAG2, STEVAL-STWINBX1, STM320518-EVAL, STM32C0116-DK, STM32C011D6Y3TR, STM32C011D6Y6TR, STM32C011F4P3, STM32C011F4P6, STM32C011F4U3, STM32C011F4U6TR, STM32C011F6P3, STM32C011F6P6, STM32C011F6U3, STM32C011F6U6TR, STM32C011J4M3, STM32C011J4M6, STM32C011J6M3, STM32C011J6M6, STM32C0316-DK, STM32C031C4T3, STM32C031C4T6, STM32C031C4U3, STM32C031C4U6, STM32C031C6T3, STM32C031C6T6, STM32C031C6U3, STM32C031C6U6, STM32C031F4P3, STM32C031F4P6, STM32C031F6P3, STM32C031F6P6, STM32C031G4U3, STM32C031G4U6, STM32C031G6U3, STM32C031G6U6, STM32C031K4T3, STM32C031K4T6, STM32C031K4U3, STM32C031K4U6, STM32C031K6T3, STM32C031K6T6, STM32C031K6U3, STM32C031K6U6, STM32G071K8TXN, STM32G071K8UXN, STM32G081GBU6N, STM32G081KBT6N, STM32G081KBUXN, STM32G0B1CCT6N, STM32G0B1KCT6, STM32G0B1NEY6TR, STM32G0B1RCT6N, STM32G0C1CCT6, STM32G0C1CCT6N, STM32G0C1CCU6N, STM32G0C1CET6N, STM32G0C1CEU6N, STM32G0C1KCT6, STM32G0C1NEY6TR, STM32G0C1RCI6N, STM32G0C1RCT6N, STM32G0C1REI6N, STM32G0C1RET6N, STM32G0C1VCI6, STM32G0C1VEI6, STM32G471CCT6, STM32G471CCU6, STM32G471CET3, STM32G471CET6, STM32G471CEU3, STM32G471CEU6, STM32G471MCT6, STM32G471MET3, STM32G471MET6, STM32G471MEY6TR, STM32G471QCT6, STM32G471QET3, STM32G471RCT6, STM32G471RET3, STM32G471RET6, STM32G471VCH6, STM32G471VCI6, STM32G471VCT6, STM32G471VEH3, STM32G471VEH6, STM32G471VEI3, STM32G471VEI6, STM32G471VET3, STM32G471VET6, STM32G474CCT6, STM32H503CBT6, STM32H503CBU6, STM32H503EBY6TR, STM32H503KBU6, STM32H503RBT6, STM32H523CCT6, STM32H523CCU6, STM32H523CET6, STM32H523CEU6, STM32H523HEY6TR, STM32H523RCT6, STM32H523RET6, STM32H523VCI6, STM32H523VCT6, STM32H523VEI6, STM32H523VET6, STM32H523ZCJ6, STM32H523ZCT6, STM32H523ZEJ6, STM32H523ZET6, STM32H533CET6, STM32H533CEU6, STM32H533HEY6TR, STM32H533RET6, STM32H533VEI6, STM32H533VET6, STM32H533ZEJ6, STM32H533ZET6, STM32H562AGI6, STM32H562AII6, STM32H562IGK6, STM32H562IGT6, STM32H562IIK6, STM32H562IIT6, STM32H562RGT6, STM32H562RGV6, STM32H562RIT6, STM32H562RIV6, STM32H562VGT6, STM32H562VIT6, STM32H562ZGT6, STM32H562ZIT6, STM32H563AGI6, STM32H563AII3Q, STM32H563AII6, STM32H563IGK6, STM32H563IGT6, STM32H563IIK3Q, STM32H563IIK6, STM32H563IIT3Q, STM32H563IIT6, STM32H563MIY3QTR, STM32H563RGT6, STM32H563RGV6, STM32H563RIT6, STM32H563RIV6, STM32H563VGT6, STM32H563VIT3Q, STM32H563VIT6, STM32H563ZGT6, STM32H563ZIT3Q, STM32H563ZIT6, STM32H573AII3Q, STM32H573AII6, STM32H573I-DK, STM32H573IIK3Q, STM32H573IIK6, STM32H573IIT3Q, STM32H573IIT6, STM32H573MIY3QTR, STM32H573RIT6, STM32H573RIV6, STM32H573VIT3Q, STM32H573VIT6, STM32H573ZIT3Q, STM32H573ZIT6, STM32H7R3A8I6, STM32H7R3I8K6, STM32H7R3I8T6, STM32H7R3L8H6, STM32H7R3L8H6H, STM32H7R3R8V6, STM32H7R3V8H6, STM32H7R3V8T6, STM32H7R3V8Y6, STM32H7R3Z8J6, STM32H7R3Z8T6, STM32H7R7A8I6, STM32H7R7I8K6, STM32H7R7I8T6, STM32H7R7L8H6, STM32H7R7L8H6H, STM32H7R7Z8J6, STM32H7S3A8I6, STM32H7S3I8K6, STM32H7S3I8T6, STM32H7S3L8H6, STM32H7S3L8H6H, STM32H7S3R8V6, STM32H7S3V8H6, STM32H7S3V8T6, STM32H7S3V8Y6, STM32H7S3Z8J6, STM32H7S3Z8T6, STM32H7S78-DK, STM32H7S7A8I6, STM32H7S7I8K6, STM32H7S7I8T6, STM32H7S7L8H6, STM32H7S7L8H6H, STM32H7S7Z8J6, STM32L4R5QGI6STR, STM32MP131AAE3, STM32MP131AAF3, STM32MP131AAG3, STM32MP131CAE3, STM32MP131CAF3, STM32MP131CAG3, STM32MP131DAE7, STM32MP131DAF7, STM32MP131DAG7, STM32MP131FAE7, STM32MP131FAF7, STM32MP131FAG7, STM32MP133AAE3, STM32MP133AAF3, STM32MP133AAG3, STM32MP133CAE3, STM32MP133CAF3, STM32MP133CAG3, STM32MP133DAE7, STM32MP133DAF7, STM32MP133DAG7, STM32MP133FAE7, STM32MP133FAF7, STM32MP133FAG7, STM32MP135AAE3, STM32MP135AAF3, STM32MP135AAG3, STM32MP135CAE3, STM32MP135CAF3, STM32MP135CAG3, STM32MP135DAE7, STM32MP135DAF7, STM32MP135DAG7, STM32MP135F-DK, STM32MP135FAE7, STM32MP135FAF7, STM32MP135FAF7T, STM32MP135FAF7U, STM32MP135FAG7, STM32U031C6T6, STM32U031C6U6, STM32U031C8T6, STM32U031C8U6, STM32U031F4P6, STM32U031F6P6, STM32U031F8P6, STM32U031G6Y6TR, STM32U031G8Y6TR, STM32U031K4U6, STM32U031K6U6, STM32U031K8U6, STM32U031R6I6, STM32U031R6T6, STM32U031R8I6, STM32U031R8T6, STM32U073C8T6, STM32U073C8U6, STM32U073CBT6, STM32U073CBU6, STM32U073CCT6, STM32U073CCU6, STM32U073H8Y6TR, STM32U073HBY6TR, STM32U073HCY6TR, STM32U073K8U6, STM32U073KBU6, STM32U073KCU6, STM32U073M8I6, STM32U073M8T6, STM32U073MBI6, STM32U073MBT6, STM32U073MCI6, STM32U073MCT6, STM32U073R8I6, STM32U073R8T6, STM32U073RBI6, STM32U073RBT6, STM32U073RCI6, STM32U073RCT6, STM32U083C-DK, STM32U083CCT6, STM32U083CCU6, STM32U083HCY6TR, STM32U083KCU6, STM32U083MCI6, STM32U083MCT6, STM32U083RCI6, STM32U083RCT6, STM32U535CBT6, STM32U535CBT6Q, STM32U535CBU6, STM32U535CBU6Q, STM32U535CCT6, STM32U535CCT6Q, STM32U535CCU6, STM32U535CCU6Q, STM32U535CET6, STM32U535CET6Q, STM32U535CEU6, STM32U535CEU6Q, STM32U535JEY6QTR, STM32U535NCY6QTR, STM32U535NEY6QTR, STM32U535RBI6, STM32U535RBI6Q, STM32U535RBT6, STM32U535RBT6Q, STM32U535RCI6, STM32U535RCI6Q, STM32U535RCT6, STM32U535RCT6Q, STM32U535REI6, STM32U535REI6Q, STM32U535RET6, STM32U535RET6Q, STM32U535VCI6, STM32U535VCI6Q, STM32U535VCT6, STM32U535VCT6Q, STM32U535VEI6, STM32U535VEI6Q, STM32U535VET6, STM32U535VET6Q, STM32U545CET6, STM32U545CET6Q, STM32U545CEU6, STM32U545CEU6Q, STM32U545JEY6QTR, STM32U545NEY6QTR, STM32U545REI6, STM32U545REI6Q, STM32U545RET6, STM32U545RET6Q, STM32U545VEI6, STM32U545VEI6Q, STM32U545VET6, STM32U545VET6Q, STM32U595AIH6, STM32U595AIH6Q, STM32U595AJH6, STM32U595AJH6Q, STM32U595QII6, STM32U595QII6Q, STM32U595QJI6, STM32U595QJI6Q, STM32U595RIT6, STM32U595RIT6Q, STM32U595RJT6, STM32U595RJT6Q, STM32U595VIT6, STM32U595VIT6Q, STM32U595VJT6, STM32U595VJT6Q, STM32U595ZIT6, STM32U595ZIT6Q, STM32U595ZIY6QTR, STM32U595ZJT6, STM32U595ZJT6Q, STM32U595ZJY6QTR, STM32U599BJY6QTR, STM32U599NIH6Q, STM32U599NJH6Q, STM32U599VIT6Q, STM32U599VJT6, STM32U599VJT6Q, STM32U599ZIT6Q, STM32U599ZIY6QTR, STM32U599ZJT6Q, STM32U599ZJY6QTR, STM32U5A5AJH6, STM32U5A5AJH6Q, STM32U5A5QII3Q , STM32U5A5QJI6, STM32U5A5QJI6Q, STM32U5A5RJT6, STM32U5A5RJT6Q, STM32U5A5VJT6, STM32U5A5VJT6Q, STM32U5A5ZJT6, STM32U5A5ZJT6Q, STM32U5A5ZJY6QTR, STM32U5A9BJY6QTR, STM32U5A9J-DK, STM32U5A9NJH6Q, STM32U5A9VJT6Q, STM32U5A9ZJT6Q, STM32U5A9ZJY6QTR, STM32U5F7VIT6, STM32U5F7VIT6Q, STM32U5F7VJT6, STM32U5F7VJT6Q, STM32U5F9BJY6QTR, STM32U5F9NJH6Q, STM32U5F9VIT6Q, STM32U5F9VJT6Q, STM32U5F9ZIJ6QTR, STM32U5F9ZIT6Q, STM32U5F9ZJJ6QTR, STM32U5F9ZJT6Q, STM32U5G7VJT6, STM32U5G7VJT6Q, STM32U5G9BJY6QTR, STM32U5G9J-DK1, STM32U5G9J-DK2, STM32U5G9NJH6Q, STM32U5G9VJT6Q, STM32U5G9ZJJ6QTR, STM32U5G9ZJT6Q, STM32WB1MMCH6, STM32WBA50KEU6, STM32WBA50KEU6TR, STM32WBA50KGU6, STM32WBA50KGU6TR, STM32WBA52CEU6, STM32WBA52CEU6TR, STM32WBA52CEU7, STM32WBA52CEU7TR, STM32WBA52CGU6, STM32WBA52CGU6TR, STM32WBA52CGU6U, STM32WBA52CGU7, STM32WBA52CGU7TR, STM32WBA52KEU6, STM32WBA52KEU6TR, STM32WBA52KGU6, STM32WBA52KGU6TR, STM32WBA54CEU6, STM32WBA54CEU6TR, STM32WBA54CEU7, STM32WBA54CEU7TR, STM32WBA54CGU6, STM32WBA54CGU6TR, STM32WBA54CGU7, STM32WBA54CGU7TR, STM32WBA54KEU6, STM32WBA54KEU6TR, STM32WBA54KEU7, STM32WBA54KEU7TR, STM32WBA54KGU6, STM32WBA54KGU6TR, STM32WBA54KGU7, STM32WBA54KGU7TR, STM32WBA55CEU6, STM32WBA55CEU6TR, STM32WBA55CEU7, STM32WBA55CEU7TR, STM32WBA55CGU6, STM32WBA55CGU6TR, STM32WBA55CGU6U, STM32WBA55CGU7, STM32WBA55CGU7TR, STM32WBA55G-DK1, STM32WBA55HEF6, STM32WBA55HEF7, STM32WBA55HGF6, STM32WBA55HGF7, STM32WBA55UEI6, STM32WBA55UEI6TR, STM32WBA55UEI7, STM32WBA55UEI7TR, STM32WBA55UGI6, STM32WBA55UGI6TR, STM32WBA55UGI7, STM32WBA55UGI7TR, STM32WL5MOCH6, STM32WL5MOCH6TR]
2024-07-16 21:34:46,348 [INFO] DbMcus:218 - Found 4203 MCUs, 4203 are supported
2024-07-16 21:34:46,356 [INFO] ApiDb:423 - Load user favorites file C:\Users\Matheus Markies/.stm32cubeide/favorites.mcus.txt: 3 item(s)
2024-07-16 21:34:46,356 [INFO] ApiDb:427 - User favorites MCUs=[STM32F103RBT6, STM32F411RET7, STM32L053C8T6]
2024-07-16 21:34:46,357 [INFO] DbMcus:224 - Set 3 / 3 favorites MCUs
2024-07-16 21:34:46,826 [INFO] ApiDb:668 - CubeFinder database Data Model version=2.1
2024-07-16 21:34:46,827 [INFO] ApiDb:669 - CubeFinder database Configuration version=3.0.39
2024-07-16 21:34:46,827 [INFO] ApiDb:670 - CubeFinder database generation date=2024-06-20 (1718880634)
2024-07-16 21:34:46,827 [INFO] ApiDb:671 - CubeFinder database FW Pack versions=[FP-ATR-ASTRA1_V2.0.0, FP-SNS-FLIGHT1_V5.0.2, FP-SNS-MOTENV1_V5.0.0, FP-SNS-MOTENVWB1_V1.4.0, FP-SNS-SMARTAG2_V1.2.0, STM32Cube_FW_C0_V1.2.0, STM32Cube_FW_F4_V1.28.0, STM32Cube_FW_F7_V1.17.2, STM32Cube_FW_G0_V1.6.2, STM32Cube_FW_G4_V1.6.0, STM32Cube_FW_H5_V1.3.0, STM32Cube_FW_H7RS_V1.1.0, STM32Cube_FW_H7_V1.11.2, STM32Cube_FW_L0_V1.12.2, STM32Cube_FW_L5_V1.5.1, STM32Cube_FW_U0_V1.1.0, STM32Cube_FW_U5_V1.6.0, STM32Cube_FW_WB0_V1.0.0, STM32Cube_FW_WBA_V1.4.0, STM32Cube_FW_WB_V1.20.0, STM32Cube_FW_WL_V1.3.0, X-CUBE-ALGOBUILD_V1.4.0, X-CUBE-ALS_V1.0.2, X-CUBE-AZRTOS-F4_V1.1.0, X-CUBE-AZRTOS-F7_V1.1.0, X-CUBE-AZRTOS-G0_V1.1.0, X-CUBE-AZRTOS-G4_V2.0.0, X-CUBE-AZRTOS-H7RS_V1.0.0, X-CUBE-AZRTOS-H7_V3.2.0, X-CUBE-AZRTOS-L4_V2.0.0, X-CUBE-AZRTOS-L5_V1.1.0, X-CUBE-AZRTOS-WB_V2.0.0, X-CUBE-AZRTOS-WL_V2.0.0, X-CUBE-BLE1_V7.0.0, X-CUBE-BLE2_V3.3.0, X-CUBE-BLEMGR_V3.1.0, X-CUBE-EEPRMA1_V5.1.0, X-CUBE-FREERTOS_V1.2.0, X-CUBE-GNSS1_V6.0.0, X-CUBE-MEMS1_V10.0.0, X-CUBE-NFC4_V3.0.0, X-CUBE-NFC7_V1.0.1, X-CUBE-SFXS2LP1_V4.0.0, X-CUBE-SUBG2_V5.0.0, X-CUBE-TOF1_V3.4.1]
2024-07-16 21:34:46,897 [INFO] DbBoardsSqlite:226 - include board P-NUCLEO-WB55-NUCLEO as a kit item of type 'Nucleo-64'
2024-07-16 21:34:46,898 [INFO] DbBoardsSqlite:226 - include board P-NUCLEO-WB55-USBDONGLE as a kit item of type 'Nucleo USB Dongle'
2024-07-16 21:34:46,898 [INFO] DbBoardsSqlite:226 - include board STEVAL-IDP005V1 as a kit item of type 'Evaluation Board'
2024-07-16 21:34:46,898 [INFO] DbBoardsSqlite:226 - include board STEVAL-IDP005V2 as a kit item of type 'Evaluation Board'
2024-07-16 21:34:46,968 [INFO] ApiDb:240 - Found 483 in-development CPN: [B-G473E-ZEST1S, B-WB1M-WPAN1, B-WL5M-SUBG1, NUCLEO-C031C6, NUCLEO-H503RB, NUCLEO-H533RE, NUCLEO-H563ZI, NUCLEO-H7S3L8, NUCLEO-U031R8, NUCLEO-U083RC, NUCLEO-U545RE-Q, NUCLEO-U5A5ZJ-Q, NUCLEO-WBA52CG, NUCLEO-WBA55CG, STEVAL-PROTEUS1, STEVAL-SMARTAG2, STEVAL-STWINBX1, STM320518-EVAL, STM32C0116-DK, STM32C011D6Y3TR, STM32C011D6Y6TR, STM32C011F4P3, STM32C011F4P6, STM32C011F4U3, STM32C011F4U6TR, STM32C011F6P3, STM32C011F6P6, STM32C011F6U3, STM32C011F6U6TR, STM32C011J4M3, STM32C011J4M6, STM32C011J6M3, STM32C011J6M6, STM32C0316-DK, STM32C031C4T3, STM32C031C4T6, STM32C031C4U3, STM32C031C4U6, STM32C031C6T3, STM32C031C6T6, STM32C031C6U3, STM32C031C6U6, STM32C031F4P3, STM32C031F4P6, STM32C031F6P3, STM32C031F6P6, STM32C031G4U3, STM32C031G4U6, STM32C031G6U3, STM32C031G6U6, STM32C031K4T3, STM32C031K4T6, STM32C031K4U3, STM32C031K4U6, STM32C031K6T3, STM32C031K6T6, STM32C031K6U3, STM32C031K6U6, STM32G071K8TXN, STM32G071K8UXN, STM32G081GBU6N, STM32G081KBT6N, STM32G081KBUXN, STM32G0B1CCT6N, STM32G0B1KCT6, STM32G0B1NEY6TR, STM32G0B1RCT6N, STM32G0C1CCT6, STM32G0C1CCT6N, STM32G0C1CCU6N, STM32G0C1CET6N, STM32G0C1CEU6N, STM32G0C1KCT6, STM32G0C1NEY6TR, STM32G0C1RCI6N, STM32G0C1RCT6N, STM32G0C1REI6N, STM32G0C1RET6N, STM32G0C1VCI6, STM32G0C1VEI6, STM32G471CCT6, STM32G471CCU6, STM32G471CET3, STM32G471CET6, STM32G471CEU3, STM32G471CEU6, STM32G471MCT6, STM32G471MET3, STM32G471MET6, STM32G471MEY6TR, STM32G471QCT6, STM32G471QET3, STM32G471RCT6, STM32G471RET3, STM32G471RET6, STM32G471VCH6, STM32G471VCI6, STM32G471VCT6, STM32G471VEH3, STM32G471VEH6, STM32G471VEI3, STM32G471VEI6, STM32G471VET3, STM32G471VET6, STM32G474CCT6, STM32H503CBT6, STM32H503CBU6, STM32H503EBY6TR, STM32H503KBU6, STM32H503RBT6, STM32H523CCT6, STM32H523CCU6, STM32H523CET6, STM32H523CEU6, STM32H523HEY6TR, STM32H523RCT6, STM32H523RET6, STM32H523VCI6, STM32H523VCT6, STM32H523VEI6, STM32H523VET6, STM32H523ZCJ6, STM32H523ZCT6, STM32H523ZEJ6, STM32H523ZET6, STM32H533CET6, STM32H533CEU6, STM32H533HEY6TR, STM32H533RET6, STM32H533VEI6, STM32H533VET6, STM32H533ZEJ6, STM32H533ZET6, STM32H562AGI6, STM32H562AII6, STM32H562IGK6, STM32H562IGT6, STM32H562IIK6, STM32H562IIT6, STM32H562RGT6, STM32H562RGV6, STM32H562RIT6, STM32H562RIV6, STM32H562VGT6, STM32H562VIT6, STM32H562ZGT6, STM32H562ZIT6, STM32H563AGI6, STM32H563AII3Q, STM32H563AII6, STM32H563IGK6, STM32H563IGT6, STM32H563IIK3Q, STM32H563IIK6, STM32H563IIT3Q, STM32H563IIT6, STM32H563MIY3QTR, STM32H563RGT6, STM32H563RGV6, STM32H563RIT6, STM32H563RIV6, STM32H563VGT6, STM32H563VIT3Q, STM32H563VIT6, STM32H563ZGT6, STM32H563ZIT3Q, STM32H563ZIT6, STM32H573AII3Q, STM32H573AII6, STM32H573I-DK, STM32H573IIK3Q, STM32H573IIK6, STM32H573IIT3Q, STM32H573IIT6, STM32H573MIY3QTR, STM32H573RIT6, STM32H573RIV6, STM32H573VIT3Q, STM32H573VIT6, STM32H573ZIT3Q, STM32H573ZIT6, STM32H7R3A8I6, STM32H7R3I8K6, STM32H7R3I8T6, STM32H7R3L8H6, STM32H7R3L8H6H, STM32H7R3R8V6, STM32H7R3V8H6, STM32H7R3V8T6, STM32H7R3V8Y6, STM32H7R3Z8J6, STM32H7R3Z8T6, STM32H7R7A8I6, STM32H7R7I8K6, STM32H7R7I8T6, STM32H7R7L8H6, STM32H7R7L8H6H, STM32H7R7Z8J6, STM32H7S3A8I6, STM32H7S3I8K6, STM32H7S3I8T6, STM32H7S3L8H6, STM32H7S3L8H6H, STM32H7S3R8V6, STM32H7S3V8H6, STM32H7S3V8T6, STM32H7S3V8Y6, STM32H7S3Z8J6, STM32H7S3Z8T6, STM32H7S78-DK, STM32H7S7A8I6, STM32H7S7I8K6, STM32H7S7I8T6, STM32H7S7L8H6, STM32H7S7L8H6H, STM32H7S7Z8J6, STM32L4R5QGI6STR, STM32MP131AAE3, STM32MP131AAF3, STM32MP131AAG3, STM32MP131CAE3, STM32MP131CAF3, STM32MP131CAG3, STM32MP131DAE7, STM32MP131DAF7, STM32MP131DAG7, STM32MP131FAE7, STM32MP131FAF7, STM32MP131FAG7, STM32MP133AAE3, STM32MP133AAF3, STM32MP133AAG3, STM32MP133CAE3, STM32MP133CAF3, STM32MP133CAG3, STM32MP133DAE7, STM32MP133DAF7, STM32MP133DAG7, STM32MP133FAE7, STM32MP133FAF7, STM32MP133FAG7, STM32MP135AAE3, STM32MP135AAF3, STM32MP135AAG3, STM32MP135CAE3, STM32MP135CAF3, STM32MP135CAG3, STM32MP135DAE7, STM32MP135DAF7, STM32MP135DAG7, STM32MP135F-DK, STM32MP135FAE7, STM32MP135FAF7, STM32MP135FAF7T, STM32MP135FAF7U, STM32MP135FAG7, STM32U031C6T6, STM32U031C6U6, STM32U031C8T6, STM32U031C8U6, STM32U031F4P6, STM32U031F6P6, STM32U031F8P6, STM32U031G6Y6TR, STM32U031G8Y6TR, STM32U031K4U6, STM32U031K6U6, STM32U031K8U6, STM32U031R6I6, STM32U031R6T6, STM32U031R8I6, STM32U031R8T6, STM32U073C8T6, STM32U073C8U6, STM32U073CBT6, STM32U073CBU6, STM32U073CCT6, STM32U073CCU6, STM32U073H8Y6TR, STM32U073HBY6TR, STM32U073HCY6TR, STM32U073K8U6, STM32U073KBU6, STM32U073KCU6, STM32U073M8I6, STM32U073M8T6, STM32U073MBI6, STM32U073MBT6, STM32U073MCI6, STM32U073MCT6, STM32U073R8I6, STM32U073R8T6, STM32U073RBI6, STM32U073RBT6, STM32U073RCI6, STM32U073RCT6, STM32U083C-DK, STM32U083CCT6, STM32U083CCU6, STM32U083HCY6TR, STM32U083KCU6, STM32U083MCI6, STM32U083MCT6, STM32U083RCI6, STM32U083RCT6, STM32U535CBT6, STM32U535CBT6Q, STM32U535CBU6, STM32U535CBU6Q, STM32U535CCT6, STM32U535CCT6Q, STM32U535CCU6, STM32U535CCU6Q, STM32U535CET6, STM32U535CET6Q, STM32U535CEU6, STM32U535CEU6Q, STM32U535JEY6QTR, STM32U535NCY6QTR, STM32U535NEY6QTR, STM32U535RBI6, STM32U535RBI6Q, STM32U535RBT6, STM32U535RBT6Q, STM32U535RCI6, STM32U535RCI6Q, STM32U535RCT6, STM32U535RCT6Q, STM32U535REI6, STM32U535REI6Q, STM32U535RET6, STM32U535RET6Q, STM32U535VCI6, STM32U535VCI6Q, STM32U535VCT6, STM32U535VCT6Q, STM32U535VEI6, STM32U535VEI6Q, STM32U535VET6, STM32U535VET6Q, STM32U545CET6, STM32U545CET6Q, STM32U545CEU6, STM32U545CEU6Q, STM32U545JEY6QTR, STM32U545NEY6QTR, STM32U545REI6, STM32U545REI6Q, STM32U545RET6, STM32U545RET6Q, STM32U545VEI6, STM32U545VEI6Q, STM32U545VET6, STM32U545VET6Q, STM32U595AIH6, STM32U595AIH6Q, STM32U595AJH6, STM32U595AJH6Q, STM32U595QII6, STM32U595QII6Q, STM32U595QJI6, STM32U595QJI6Q, STM32U595RIT6, STM32U595RIT6Q, STM32U595RJT6, STM32U595RJT6Q, STM32U595VIT6, STM32U595VIT6Q, STM32U595VJT6, STM32U595VJT6Q, STM32U595ZIT6, STM32U595ZIT6Q, STM32U595ZIY6QTR, STM32U595ZJT6, STM32U595ZJT6Q, STM32U595ZJY6QTR, STM32U599BJY6QTR, STM32U599NIH6Q, STM32U599NJH6Q, STM32U599VIT6Q, STM32U599VJT6, STM32U599VJT6Q, STM32U599ZIT6Q, STM32U599ZIY6QTR, STM32U599ZJT6Q, STM32U599ZJY6QTR, STM32U5A5AJH6, STM32U5A5AJH6Q, STM32U5A5QII3Q , STM32U5A5QJI6, STM32U5A5QJI6Q, STM32U5A5RJT6, STM32U5A5RJT6Q, STM32U5A5VJT6, STM32U5A5VJT6Q, STM32U5A5ZJT6, STM32U5A5ZJT6Q, STM32U5A5ZJY6QTR, STM32U5A9BJY6QTR, STM32U5A9J-DK, STM32U5A9NJH6Q, STM32U5A9VJT6Q, STM32U5A9ZJT6Q, STM32U5A9ZJY6QTR, STM32U5F7VIT6, STM32U5F7VIT6Q, STM32U5F7VJT6, STM32U5F7VJT6Q, STM32U5F9BJY6QTR, STM32U5F9NJH6Q, STM32U5F9VIT6Q, STM32U5F9VJT6Q, STM32U5F9ZIJ6QTR, STM32U5F9ZIT6Q, STM32U5F9ZJJ6QTR, STM32U5F9ZJT6Q, STM32U5G7VJT6, STM32U5G7VJT6Q, STM32U5G9BJY6QTR, STM32U5G9J-DK1, STM32U5G9J-DK2, STM32U5G9NJH6Q, STM32U5G9VJT6Q, STM32U5G9ZJJ6QTR, STM32U5G9ZJT6Q, STM32WB1MMCH6, STM32WBA50KEU6, STM32WBA50KEU6TR, STM32WBA50KGU6, STM32WBA50KGU6TR, STM32WBA52CEU6, STM32WBA52CEU6TR, STM32WBA52CEU7, STM32WBA52CEU7TR, STM32WBA52CGU6, STM32WBA52CGU6TR, STM32WBA52CGU6U, STM32WBA52CGU7, STM32WBA52CGU7TR, STM32WBA52KEU6, STM32WBA52KEU6TR, STM32WBA52KGU6, STM32WBA52KGU6TR, STM32WBA54CEU6, STM32WBA54CEU6TR, STM32WBA54CEU7, STM32WBA54CEU7TR, STM32WBA54CGU6, STM32WBA54CGU6TR, STM32WBA54CGU7, STM32WBA54CGU7TR, STM32WBA54KEU6, STM32WBA54KEU6TR, STM32WBA54KEU7, STM32WBA54KEU7TR, STM32WBA54KGU6, STM32WBA54KGU6TR, STM32WBA54KGU7, STM32WBA54KGU7TR, STM32WBA55CEU6, STM32WBA55CEU6TR, STM32WBA55CEU7, STM32WBA55CEU7TR, STM32WBA55CGU6, STM32WBA55CGU6TR, STM32WBA55CGU6U, STM32WBA55CGU7, STM32WBA55CGU7TR, STM32WBA55G-DK1, STM32WBA55HEF6, STM32WBA55HEF7, STM32WBA55HGF6, STM32WBA55HGF7, STM32WBA55UEI6, STM32WBA55UEI6TR, STM32WBA55UEI7, STM32WBA55UEI7TR, STM32WBA55UGI6, STM32WBA55UGI6TR, STM32WBA55UGI7, STM32WBA55UGI7TR, STM32WL5MOCH6, STM32WL5MOCH6TR]
2024-07-16 21:34:47,297 [INFO] BoardInfo:889 - No configuration file found for board P-NUCLEO-WB55
2024-07-16 21:34:47,298 [INFO] DbBoards:161 - Kit is not supported: P-NUCLEO-WB55
2024-07-16 21:34:47,309 [INFO] BoardInfo:889 - No configuration file found for board STEVAL-BFA001V1B
2024-07-16 21:34:47,310 [INFO] DbBoards:161 - Kit is not supported: STEVAL-BFA001V1B
2024-07-16 21:34:47,312 [INFO] BoardInfo:889 - No configuration file found for board STEVAL-BFA001V2B
2024-07-16 21:34:47,313 [INFO] DbBoards:161 - Kit is not supported: STEVAL-BFA001V2B
2024-07-16 21:34:47,620 [INFO] DbBoards:168 - Found 195 boards, 192 are supported
2024-07-16 21:34:47,620 [INFO] DbBoards:169 - Found 195 boards, 8 of them is supported for  Bsp
2024-07-16 21:34:47,624 [INFO] ApiDb:423 - Load user favorites file C:\Users\Matheus Markies/.stm32cubeide/favorites.boards.txt: 0 item(s)
2024-07-16 21:34:47,624 [INFO] ApiDb:427 - User favorites Boards=[]
2024-07-16 21:34:47,624 [INFO] DbBoards:198 - Set 0 / 0 favorites Boards
2024-07-16 21:34:47,627 [INFO] ApiDb:668 - CubeFinder database Data Model version=2.1
2024-07-16 21:34:47,627 [INFO] ApiDb:669 - CubeFinder database Configuration version=3.0.39
2024-07-16 21:34:47,627 [INFO] ApiDb:670 - CubeFinder database generation date=2024-06-20 (1718880634)
2024-07-16 21:34:47,627 [INFO] ApiDb:671 - CubeFinder database FW Pack versions=[FP-ATR-ASTRA1_V2.0.0, FP-SNS-FLIGHT1_V5.0.2, FP-SNS-MOTENV1_V5.0.0, FP-SNS-MOTENVWB1_V1.4.0, FP-SNS-SMARTAG2_V1.2.0, STM32Cube_FW_C0_V1.2.0, STM32Cube_FW_F4_V1.28.0, STM32Cube_FW_F7_V1.17.2, STM32Cube_FW_G0_V1.6.2, STM32Cube_FW_G4_V1.6.0, STM32Cube_FW_H5_V1.3.0, STM32Cube_FW_H7RS_V1.1.0, STM32Cube_FW_H7_V1.11.2, STM32Cube_FW_L0_V1.12.2, STM32Cube_FW_L5_V1.5.1, STM32Cube_FW_U0_V1.1.0, STM32Cube_FW_U5_V1.6.0, STM32Cube_FW_WB0_V1.0.0, STM32Cube_FW_WBA_V1.4.0, STM32Cube_FW_WB_V1.20.0, STM32Cube_FW_WL_V1.3.0, X-CUBE-ALGOBUILD_V1.4.0, X-CUBE-ALS_V1.0.2, X-CUBE-AZRTOS-F4_V1.1.0, X-CUBE-AZRTOS-F7_V1.1.0, X-CUBE-AZRTOS-G0_V1.1.0, X-CUBE-AZRTOS-G4_V2.0.0, X-CUBE-AZRTOS-H7RS_V1.0.0, X-CUBE-AZRTOS-H7_V3.2.0, X-CUBE-AZRTOS-L4_V2.0.0, X-CUBE-AZRTOS-L5_V1.1.0, X-CUBE-AZRTOS-WB_V2.0.0, X-CUBE-AZRTOS-WL_V2.0.0, X-CUBE-BLE1_V7.0.0, X-CUBE-BLE2_V3.3.0, X-CUBE-BLEMGR_V3.1.0, X-CUBE-EEPRMA1_V5.1.0, X-CUBE-FREERTOS_V1.2.0, X-CUBE-GNSS1_V6.0.0, X-CUBE-MEMS1_V10.0.0, X-CUBE-NFC4_V3.0.0, X-CUBE-NFC7_V1.0.1, X-CUBE-SFXS2LP1_V4.0.0, X-CUBE-SUBG2_V5.0.0, X-CUBE-TOF1_V3.4.1]
2024-07-16 21:34:48,667 [ERROR] DbExamplesSqlite:437 - Missing JSON key: board_cpn
2024-07-16 21:34:48,667 [ERROR] DbExamplesSqlite:437 - Missing JSON key: board_cpn
2024-07-16 21:34:48,667 [ERROR] DbExamplesSqlite:437 - Missing JSON key: board_cpn
2024-07-16 21:34:48,667 [ERROR] DbExamplesSqlite:437 - Missing JSON key: board_cpn
2024-07-16 21:34:48,846 [INFO] DbExamplesSqlite:395 - Ignored 28 examples not supported by CubeIDE
2024-07-16 21:34:48,846 [INFO] DbExamplesSqlite:396 - Found 8590 examples active
2024-07-16 21:34:48,846 [INFO] DbExamplesSqlite:397 - Found 0 examples obsolete
2024-07-16 21:34:48,846 [INFO] DbExamplesSqlite:398 - Found 0 examples under development
2024-07-16 21:34:48,846 [INFO] DbExamplesSqlite:399 - Found 10 examples not building
2024-07-16 21:34:48,848 [INFO] DbExamples:125 - Found 8572 examples
2024-07-16 21:34:49,022 [ERROR] DbExamples:208 - Found 308 examples with invalid data (board or MCU)
2024-07-16 21:34:49,023 [INFO] DbExamples:222 - Found 102 boards with related examples
2024-07-16 21:34:49,024 [INFO] DbExamples:235 - Found 86 MCUs with related examples
2024-07-16 21:34:49,049 [INFO] ApiDb:414 - User favorites file not found: C:\Users\Matheus Markies/.stm32cubeide/favorites.examples.txt
2024-07-16 21:34:49,050 [INFO] DbExamples:250 - Set 0 / 0 favorites Examples
2024-07-16 21:34:49,446 [INFO] McuFinderGlobals:76 - Set McuFinderConnectedMode to true
2024-07-16 21:34:49,455 [INFO] MultiScanPanel:200 - Auto-refresh data requested => check proxy status ongoing
2024-07-16 21:34:49,460 [INFO] FinderPluginLoader:95 - Searching for filters in installed packs
2024-07-16 21:34:51,252 [INFO] LoadUrlFilesThread:185 - End of LoadServerUrlFiles without Thread
2024-07-16 21:34:51,270 [INFO] DetailPanel:341 - Set advertising image to C:/Users/Matheus Markies/STM32Cube/Repository/\en.prom-stm32h7rs-mcu-finder.jpg
2024-07-16 21:36:02,043 [INFO] MainUpdater:2873 - connection check result : 10
2024-07-16 21:36:02,043 [INFO] MainUpdater:2873 - connection check result : 10
2024-07-16 21:36:02,078 [INFO] MicroXplorer:468 - Change Database Path : 
2024-07-16 21:36:02,078 [INFO] MicroXplorer:498 - Change Database Version : DB.6.0.111
2024-07-16 21:36:02,084 [WARN] ThirdParty:871 - waiting for thirdparty lock release [close project]
2024-07-16 21:36:02,085 [INFO] ThirdParty:873 - entering critical section [close project]
2024-07-16 21:36:02,085 [INFO] ThirdParty:883 - exiting critical section [close project]
2024-07-16 21:36:02,087 [INFO] PinOutPanel:1561 - setPackage(No Configuration,No Configuration)
2024-07-16 21:36:02,090 [INFO] UtilMem:75 - Begin LoadConfig() Used Memory: 869299816 Bytes (1073741824)
2024-07-16 21:36:02,092 [INFO] MicroXplorer:468 - Change Database Path : 
2024-07-16 21:36:02,092 [INFO] MicroXplorer:498 - Change Database Version : DB.6.0.111
2024-07-16 21:36:02,092 [INFO] OpenFileManager:312 - Change cursor
2024-07-16 21:36:02,462 [INFO] Mcu:2021 - Initializing MCU STM32L053C8Tx STM32L053C8Tx STM32L053C8T6
2024-07-16 21:36:04,105 [INFO] Context:663 - Trying to add GPIOservice into a context  which must be forbidden
2024-07-16 21:36:04,608 [INFO] ImportTextPane:194 - (OptionalMessage_ERROR) Unable to find key (Mcu.ThirdPartyNb) in loaded IOC file
2024-07-16 21:36:04,608 [INFO] ImportTextPane:194 - (OptionalMessage_ERROR) Unable to find key (Mcu.PinsNb) in loaded IOC file
2024-07-16 21:36:04,609 [INFO] ImportTextPane:194 - (OptionalMessage_ERROR) Unable to find key (Mcu.IPNb) in loaded IOC file
2024-07-16 21:36:04,765 [INFO] RtosManager:555 - Registered RTOS mode: class=CMSIS, group=RTOS, mode=CMSIS_V1, owner=FREERTOS
2024-07-16 21:36:04,765 [INFO] RtosManager:555 - Registered RTOS mode: class=CMSIS, group=RTOS2, mode=CMSIS_V2, owner=FREERTOS
2024-07-16 21:36:04,765 [INFO] RtosManager:555 - Registered RTOS mode: class=RTOS, group=Core, mode=CMSIS_V1, owner=FREERTOS
2024-07-16 21:36:04,765 [INFO] RtosManager:555 - Registered RTOS mode: class=RTOS, group=Core, mode=CMSIS_V2, owner=FREERTOS
2024-07-16 21:36:04,765 [WARN] ModelIntegratedComponent:184 - Missing modes for component STMicroelectronics:FreeRTOS:0.0.1:STMicroelectronics:RTOS:FreeRTOS:Core:::10.2.0:
2024-07-16 21:36:04,782 [WARN] ModelIntegratedComponent:63 - No mode defined for component null
2024-07-16 21:36:04,782 [WARN] ModelIntegratedComponent:63 - No mode defined for component null
2024-07-16 21:36:04,783 [WARN] ModelIntegratedComponent:63 - No mode defined for component null
2024-07-16 21:36:04,783 [WARN] ModelIntegratedComponent:63 - No mode defined for component null
2024-07-16 21:36:04,783 [WARN] ModelIntegratedComponent:63 - No mode defined for component null
2024-07-16 21:36:04,783 [WARN] ModelIntegratedComponent:63 - No mode defined for component null
2024-07-16 21:36:04,783 [WARN] ModelIntegratedComponent:63 - No mode defined for component null
2024-07-16 21:36:04,783 [WARN] ModelIntegratedComponent:63 - No mode defined for component null
2024-07-16 21:36:04,783 [WARN] ModelIntegratedComponent:63 - No mode defined for component null
2024-07-16 21:36:04,783 [WARN] ModelIntegratedComponent:63 - No mode defined for component null
2024-07-16 21:36:04,783 [WARN] ModelIntegratedComponent:63 - No mode defined for component null
2024-07-16 21:36:04,783 [WARN] ModelIntegratedComponent:63 - No mode defined for component null
2024-07-16 21:36:04,783 [WARN] ModelIntegratedComponent:63 - No mode defined for component null
2024-07-16 21:36:04,783 [WARN] ModelIntegratedComponent:63 - No mode defined for component null
2024-07-16 21:36:04,783 [WARN] ModelIntegratedComponent:63 - No mode defined for component null
2024-07-16 21:36:04,784 [WARN] ModelIntegratedComponent:63 - No mode defined for component null
2024-07-16 21:36:04,784 [WARN] ModelIntegratedComponent:63 - No mode defined for component null
2024-07-16 21:36:04,784 [WARN] ModelIntegratedComponent:63 - No mode defined for component null
2024-07-16 21:36:04,784 [WARN] ModelIntegratedComponent:63 - No mode defined for component null
2024-07-16 21:36:04,784 [WARN] ModelIntegratedComponent:63 - No mode defined for component null
2024-07-16 21:36:04,784 [WARN] ModelIntegratedComponent:63 - No mode defined for component null
2024-07-16 21:36:04,784 [WARN] ModelIntegratedComponent:63 - No mode defined for component null
2024-07-16 21:36:04,784 [WARN] ModelIntegratedComponent:63 - No mode defined for component null
2024-07-16 21:36:04,784 [WARN] ModelIntegratedComponent:63 - No mode defined for component null
2024-07-16 21:36:04,784 [WARN] ModelIntegratedComponent:63 - No mode defined for component null
2024-07-16 21:36:04,785 [WARN] ModelIntegratedComponent:63 - No mode defined for component null
2024-07-16 21:36:04,785 [WARN] ModelIntegratedComponent:63 - No mode defined for component null
2024-07-16 21:36:04,785 [WARN] ModelIntegratedComponent:63 - No mode defined for component null
2024-07-16 21:36:04,785 [WARN] ModelIntegratedComponent:63 - No mode defined for component null
2024-07-16 21:36:04,785 [WARN] ModelIntegratedComponent:63 - No mode defined for component null
2024-07-16 21:36:04,785 [WARN] ModelIntegratedComponent:63 - No mode defined for component null
2024-07-16 21:36:04,785 [WARN] ModelIntegratedComponent:63 - No mode defined for component null
2024-07-16 21:36:04,785 [WARN] ModelIntegratedComponent:63 - No mode defined for component null
2024-07-16 21:36:04,785 [WARN] ModelIntegratedComponent:63 - No mode defined for component null
2024-07-16 21:36:04,987 [INFO] ThirdPartyModel:298 - Start build external matchings
2024-07-16 21:36:05,414 [INFO] ThirdPartyModel:316 - End build external matchings
2024-07-16 21:36:05,669 [INFO] UtilMem:75 - End LoadConfig() Used Memory: 639962616 Bytes (1073741824)
2024-07-16 21:36:05,820 [WARN] ThirdParty:833 - waiting for thirdparty lock release [change project]
2024-07-16 21:36:05,821 [INFO] ThirdParty:835 - entering critical section [change project]
2024-07-16 21:36:05,821 [INFO] ThirdParty:1030 - CMSIS Pack Vendor :STMicroelectronics USBPD 4.1
2024-07-16 21:36:05,821 [INFO] ThirdParty:1030 - CMSIS Pack Vendor :STMicroelectronics X-CUBE-GNSS1 6.0.0
2024-07-16 21:36:05,821 [INFO] ThirdParty:1030 - CMSIS Pack Vendor :STMicroelectronics USB_HOST 2.0.0
2024-07-16 21:36:05,821 [INFO] ThirdParty:1030 - CMSIS Pack Vendor :STMicroelectronics FP-SNS-MOTENVWB1 1.4.0
2024-07-16 21:36:05,821 [INFO] ThirdParty:1030 - CMSIS Pack Vendor :STMicroelectronics X-CUBE-AZRTOS-F4 1.1.0
2024-07-16 21:36:05,821 [INFO] ThirdParty:1030 - CMSIS Pack Vendor :STMicroelectronics LIBJPEG 8.0.0
2024-07-16 21:36:05,821 [INFO] ThirdParty:1030 - CMSIS Pack Vendor :STMicroelectronics X-CUBE-SMBUS 2.1.0
2024-07-16 21:36:05,821 [INFO] ThirdParty:1030 - CMSIS Pack Vendor :STMicroelectronics USB_DEVICE 3.0.0
2024-07-16 21:36:05,821 [INFO] ThirdParty:1030 - CMSIS Pack Vendor :STMicroelectronics X-CUBE-TCPP 4.1.0
2024-07-16 21:36:05,822 [INFO] ThirdParty:1030 - CMSIS Pack Vendor :STMicroelectronics X-CUBE-FREERTOS 1.2.0
2024-07-16 21:36:05,822 [INFO] ThirdParty:1030 - CMSIS Pack Vendor :STMicroelectronics X-CUBE-AZRTOS-WB 2.0.0
2024-07-16 21:36:05,822 [INFO] ThirdParty:1030 - CMSIS Pack Vendor :STMicroelectronics X-CUBE-TOUCHGFX 4.23.2
2024-07-16 21:36:05,822 [INFO] ThirdParty:1030 - CMSIS Pack Vendor :STMicroelectronics X-CUBE-AZRTOS-F7 1.1.0
2024-07-16 21:36:05,822 [INFO] ThirdParty:1030 - CMSIS Pack Vendor :STMicroelectronics X-CUBE-AZRTOS-L5 2.0.0
2024-07-16 21:36:05,822 [INFO] ThirdParty:1030 - CMSIS Pack Vendor :STMicroelectronics USB_DEVICE 2.0.0
2024-07-16 21:36:05,822 [INFO] ThirdParty:1030 - CMSIS Pack Vendor :STMicroelectronics X-CUBE-NFC6 3.1.0
2024-07-16 21:36:05,822 [INFO] ThirdParty:1030 - CMSIS Pack Vendor :STMicroelectronics FreeRTOS 0.0.1
2024-07-16 21:36:05,822 [INFO] ThirdParty:1030 - CMSIS Pack Vendor :STMicroelectronics X-CUBE-AZRTOS-G0 1.1.0
2024-07-16 21:36:05,822 [INFO] ThirdParty:1030 - CMSIS Pack Vendor :STMicroelectronics X-CUBE-SAFEA1 1.2.2
2024-07-16 21:36:05,822 [INFO] ThirdParty:1030 - CMSIS Pack Vendor :STMicroelectronics X-CUBE-NFC4 3.0.0
2024-07-16 21:36:05,822 [INFO] ThirdParty:1030 - CMSIS Pack Vendor :STMicroelectronics X-CUBE-DPower 1.2.0
2024-07-16 21:36:05,822 [INFO] ThirdParty:1030 - CMSIS Pack Vendor :STMicroelectronics X-CUBE-SUBG2 5.0.0
2024-07-16 21:36:05,822 [INFO] ThirdParty:1030 - CMSIS Pack Vendor :STMicroelectronics STM32_WPAN 1.0.0
2024-07-16 21:36:05,822 [INFO] ThirdParty:1030 - CMSIS Pack Vendor :wolfSSL I-CUBE-wolfMQTT 1.18.0
2024-07-16 21:36:05,822 [INFO] ThirdParty:1030 - CMSIS Pack Vendor :EmbeddedOffice I-CUBE-FS-RTOS 1.0.1
2024-07-16 21:36:05,823 [INFO] ThirdParty:1030 - CMSIS Pack Vendor :STMicroelectronics lwIP 2.0.3
2024-07-16 21:36:05,823 [INFO] ThirdParty:1030 - CMSIS Pack Vendor :STMicroelectronics FP-SNS-FLIGHT1 5.0.2
2024-07-16 21:36:05,823 [INFO] ThirdParty:1030 - CMSIS Pack Vendor :STMicroelectronics USB_HOST 1.0.0
2024-07-16 21:36:05,823 [INFO] ThirdParty:1030 - CMSIS Pack Vendor :STMicroelectronics X-CUBE-AI 9.0.0
2024-07-16 21:36:05,823 [INFO] ThirdParty:1030 - CMSIS Pack Vendor :STMicroelectronics X-CUBE-AZRTOS-G4 2.0.0
2024-07-16 21:36:05,823 [INFO] ThirdParty:1030 - CMSIS Pack Vendor :STMicroelectronics PDM2PCM 3.1.0
2024-07-16 21:36:05,823 [INFO] ThirdParty:1030 - CMSIS Pack Vendor :STMicroelectronics PDM2PCM 3.3.0
2024-07-16 21:36:05,823 [INFO] ThirdParty:1030 - CMSIS Pack Vendor :STMicroelectronics X-CUBE-DISPLAY 3.0.0
2024-07-16 21:36:05,823 [INFO] ThirdParty:1030 - CMSIS Pack Vendor :RealThread X-CUBE-RT-Thread_Nano 4.1.1
2024-07-16 21:36:05,823 [INFO] ThirdParty:1030 - CMSIS Pack Vendor :wolfSSL I-CUBE-wolfSSL 5.7.0
2024-07-16 21:36:05,823 [INFO] ThirdParty:1030 - CMSIS Pack Vendor :STMicroelectronics X-CUBE-BLE1 7.0.0
2024-07-16 21:36:05,823 [INFO] ThirdParty:1030 - CMSIS Pack Vendor :STMicroelectronics FP-ATR-SIGFOX1 3.2.0
2024-07-16 21:36:05,823 [INFO] ThirdParty:1030 - CMSIS Pack Vendor :STMicroelectronics X-CUBE-ISPU 2.0.0
2024-07-16 21:36:05,823 [INFO] ThirdParty:1030 - CMSIS Pack Vendor :STMicroelectronics X-CUBE-EEPRMA1 5.1.0
2024-07-16 21:36:05,824 [INFO] ThirdParty:1030 - CMSIS Pack Vendor :STMicroelectronics HAL Drivers 0.0.0
2024-07-16 21:36:05,824 [INFO] ThirdParty:1030 - CMSIS Pack Vendor :STMicroelectronics MBEDTLS 2.16.2
2024-07-16 21:36:05,824 [INFO] ThirdParty:1030 - CMSIS Pack Vendor :STMicroelectronics X-CUBE-ALS 1.0.2
2024-07-16 21:36:05,824 [INFO] ThirdParty:1030 - CMSIS Pack Vendor :emotas I-CUBE-CANOPEN 1.3.0
2024-07-16 21:36:05,824 [INFO] ThirdParty:1030 - CMSIS Pack Vendor :STMicroelectronics X-CUBE-MEMS1 10.0.0
2024-07-16 21:36:05,824 [INFO] ThirdParty:1030 - CMSIS Pack Vendor :STMicroelectronics X-CUBE-NFC7 1.0.1
2024-07-16 21:36:05,824 [INFO] ThirdParty:1030 - CMSIS Pack Vendor :STMicroelectronics MBEDTLS 2.14.1
2024-07-16 21:36:05,824 [INFO] ThirdParty:1030 - CMSIS Pack Vendor :STMicroelectronics X-CUBE-TOUCHGFX 4.24.0
2024-07-16 21:36:05,824 [INFO] ThirdParty:1030 - CMSIS Pack Vendor :ITTIA_DB I-CUBE-ITTIADB 8.9.0
2024-07-16 21:36:05,824 [INFO] ThirdParty:1030 - CMSIS Pack Vendor :wolfSSL I-CUBE-wolfTPM 3.2.0
2024-07-16 21:36:05,824 [INFO] ThirdParty:1030 - CMSIS Pack Vendor :portGmbH I-Cube-SoM-uGOAL 1.1.0
2024-07-16 21:36:05,824 [INFO] ThirdParty:1030 - CMSIS Pack Vendor :STMicroelectronics X-CUBE-ALS 1.0.1
2024-07-16 21:36:05,825 [INFO] ThirdParty:1030 - CMSIS Pack Vendor :STMicroelectronics X-CUBE-BLEMGR 3.1.0
2024-07-16 21:36:05,825 [INFO] ThirdParty:1030 - CMSIS Pack Vendor :STMicroelectronics ThreadX 1.0.0
2024-07-16 21:36:05,825 [INFO] ThirdParty:1030 - CMSIS Pack Vendor :STMicroelectronics FP-SNS-SMARTAG2 1.2.0
2024-07-16 21:36:05,825 [INFO] ThirdParty:1030 - CMSIS Pack Vendor :STMicroelectronics X-CUBE-AZRTOS-WL 2.0.0
2024-07-16 21:36:05,825 [INFO] ThirdParty:1030 - CMSIS Pack Vendor :SEGGER I-CUBE-embOS 1.3.1
2024-07-16 21:36:05,825 [INFO] ThirdParty:1030 - CMSIS Pack Vendor :STMicroelectronics X-CUBE-ALGOBUILD 1.4.0
2024-07-16 21:36:05,825 [INFO] ThirdParty:1030 - CMSIS Pack Vendor :STMicroelectronics FP-SNS-MOTENV1 5.0.0
2024-07-16 21:36:05,825 [INFO] ThirdParty:1030 - CMSIS Pack Vendor :STMicroelectronics USB_DEVICE 1.0.0
2024-07-16 21:36:05,825 [INFO] ThirdParty:1030 - CMSIS Pack Vendor :STMicroelectronics X-CUBE-AZRTOS-H7RS 1.0.0
2024-07-16 21:36:05,826 [INFO] ThirdParty:1030 - CMSIS Pack Vendor :wolfSSL I-CUBE-wolfMQTT 1.19.0
2024-07-16 21:36:05,826 [INFO] ThirdParty:1030 - CMSIS Pack Vendor :STMicroelectronics X-CUBE-AZRTOS-L4 2.0.0
2024-07-16 21:36:05,826 [INFO] ThirdParty:1030 - CMSIS Pack Vendor :STMicroelectronics ThreadX 0.0.2
2024-07-16 21:36:05,826 [INFO] ThirdParty:1030 - CMSIS Pack Vendor :WES I-CUBE-Cesium 1.3.0
2024-07-16 21:36:05,826 [INFO] ThirdParty:1030 - CMSIS Pack Vendor :STMicroelectronics FP-ATR-ASTRA1 2.0.0
2024-07-16 21:36:05,826 [INFO] ThirdParty:1030 - CMSIS Pack Vendor :STMicroelectronics lwIP 2.1.2
2024-07-16 21:36:05,826 [INFO] ThirdParty:1030 - CMSIS Pack Vendor :STMicroelectronics X-CUBE-SFXS2LP1 4.0.0
2024-07-16 21:36:05,826 [INFO] ThirdParty:1030 - CMSIS Pack Vendor :STMicroelectronics X-CUBE-BLE2 3.3.0
2024-07-16 21:36:05,826 [INFO] ThirdParty:1030 - CMSIS Pack Vendor :STMicroelectronics X-CUBE-TOF1 3.4.1
2024-07-16 21:36:05,826 [INFO] ThirdParty:1030 - CMSIS Pack Vendor :STMicroelectronics X-CUBE-AZRTOS-H7 3.2.0
2024-07-16 21:36:05,826 [INFO] ThirdParty:1030 - CMSIS Pack Vendor :Infineon AIROC-Wi-Fi-Bluetooth-STM32 1.6.0
2024-07-16 21:36:05,826 [INFO] ThirdParty:1030 - CMSIS Pack Vendor :STMicroelectronics PDM2PCM 3.2.0
2024-07-16 21:36:05,826 [INFO] ThirdParty:1030 - CMSIS Pack Vendor :wolfSSL I-CUBE-wolfSSH 1.4.17
2024-07-16 21:36:05,827 [INFO] ThirdParty:841 - exiting critical section [change project]
2024-07-16 21:36:06,246 [INFO] PinOutPanel:1561 - setPackage(No Configuration,No Configuration)
2024-07-16 21:36:06,248 [INFO] PinOutPanel:1561 - setPackage(STM32L053C8Tx,LQFP48)
2024-07-16 21:36:07,614 [INFO] UtilMem:75 - Before build in PCC Used Memory: 653999056 Bytes (1073741824)
2024-07-16 21:36:09,984 [INFO] UserBatteryFile:101 - Battery_LiPo 3500.0 0.0 3.7 0.0 0.0
2024-07-16 21:36:10,488 [INFO] UtilMem:75 - After build in PCC Used Memory: 755710928 Bytes (1073741824)
2024-07-16 21:36:10,546 [INFO] IPUIPlugin:80 - create IPUIPlugin
2024-07-16 21:36:10,547 [INFO] IPUIPlugin:80 - create IPUIPlugin
2024-07-16 21:36:10,547 [INFO] IPUIPlugin:80 - create IPUIPlugin
2024-07-16 21:36:10,547 [INFO] IPUIPlugin:80 - create IPUIPlugin
2024-07-16 21:36:10,547 [INFO] IPUIPlugin:80 - create IPUIPlugin
2024-07-16 21:36:10,547 [INFO] IPUIPlugin:80 - create IPUIPlugin
2024-07-16 21:36:10,547 [INFO] IPUIPlugin:80 - create IPUIPlugin
2024-07-16 21:36:10,548 [INFO] IPUIPlugin:80 - create IPUIPlugin
2024-07-16 21:36:10,548 [INFO] IPUIPlugin:80 - create IPUIPlugin
2024-07-16 21:36:10,548 [INFO] IPUIPlugin:80 - create IPUIPlugin
2024-07-16 21:36:10,548 [INFO] IPUIPlugin:80 - create IPUIPlugin
2024-07-16 21:36:10,548 [INFO] IPUIPlugin:80 - create IPUIPlugin
2024-07-16 21:36:10,549 [INFO] IPUIPlugin:80 - create IPUIPlugin
2024-07-16 21:36:10,549 [INFO] IPUIPlugin:80 - create IPUIPlugin
2024-07-16 21:36:10,549 [INFO] IPUIPlugin:80 - create IPUIPlugin
2024-07-16 21:36:10,549 [INFO] IPUIPlugin:80 - create IPUIPlugin
2024-07-16 21:36:10,550 [INFO] IPUIPlugin:80 - create IPUIPlugin
2024-07-16 21:36:10,550 [INFO] IPUIPlugin:80 - create IPUIPlugin
2024-07-16 21:36:10,550 [INFO] IPUIPlugin:80 - create IPUIPlugin
2024-07-16 21:36:10,550 [INFO] IPUIPlugin:80 - create IPUIPlugin
2024-07-16 21:36:10,550 [INFO] IPUIPlugin:80 - create IPUIPlugin
2024-07-16 21:36:10,551 [INFO] IPUIPlugin:80 - create IPUIPlugin
2024-07-16 21:36:10,551 [INFO] IPUIPlugin:80 - create IPUIPlugin
2024-07-16 21:36:10,551 [INFO] IPUIPlugin:80 - create IPUIPlugin
2024-07-16 21:36:10,551 [INFO] IPUIPlugin:80 - create IPUIPlugin
2024-07-16 21:36:10,552 [INFO] IPUIPlugin:80 - create IPUIPlugin
2024-07-16 21:36:10,552 [INFO] IPUIPlugin:80 - create IPUIPlugin
2024-07-16 21:36:10,552 [INFO] IPUIPlugin:80 - create IPUIPlugin
2024-07-16 21:36:10,552 [INFO] IPUIPlugin:80 - create IPUIPlugin
2024-07-16 21:36:10,553 [INFO] IPUIPlugin:80 - create IPUIPlugin
2024-07-16 21:36:10,554 [INFO] IPUIPlugin:80 - create IPUIPlugin
2024-07-16 21:36:10,554 [INFO] IPUIPlugin:80 - create IPUIPlugin
2024-07-16 21:36:10,556 [INFO] IPUIPlugin:80 - create IPUIPlugin
2024-07-16 21:36:10,556 [INFO] IPUIPlugin:80 - create IPUIPlugin
2024-07-16 21:36:11,272 [INFO] CADModel:165 - CPN selected for project levelSTM32L053C8T6
2024-07-16 21:36:11,274 [INFO] CADModel:114 - Register for checkConnection events
2024-07-16 21:36:11,329 [INFO] OpenFileManager:343 - Restore cursor
2024-07-16 21:36:13,962 [INFO] UtilMem:75 - End SaveConfig() Used Memory: 861617104 Bytes (1073741824)
2024-07-16 21:36:14,098 [INFO] UtilMem:75 - End SaveConfig() Used Memory: 877345744 Bytes (1073741824)
2024-07-16 21:36:15,353 [INFO] BlockDiagram:2759 - set Specific Code input for plugin: NVIC
2024-07-16 21:36:15,353 [INFO] BlockDiagram:2759 - set Specific Code input for plugin: RCC
2024-07-16 21:36:15,355 [INFO] CodeGenerator:807 - code generatio: config db path: C:\ST\STM32CubeIDE_1.15.1\STM32CubeIDE\plugins\com.st.stm32cube.common.mx_6.11.1.202404110753\\db\
2024-07-16 21:36:15,948 [INFO] CodeEngine:255 - oldGeneratedFile, D:\Projetos\Firmware\firmware\Mainboard MonoChip\MXTmpFiles\license.tmp_save
2024-07-16 21:36:17,573 [INFO] CodeEngine:279 - Generated code: D:\Projetos\Firmware\firmware\Mainboard MonoChip\MXTmpFiles\license.tmp
2024-07-16 21:36:17,720 [INFO] CodeEngine:255 - oldGeneratedFile, D:\Projetos\Firmware\firmware\Mainboard MonoChip\Core\Src\stm32l0xx_it.c_save
2024-07-16 21:36:18,139 [INFO] CodeEngine:279 - Generated code: D:\Projetos\Firmware\firmware\Mainboard MonoChip\Core\Src\stm32l0xx_it.c
2024-07-16 21:36:18,168 [INFO] CodeEngine:255 - oldGeneratedFile, D:\Projetos\Firmware\firmware\Mainboard MonoChip\Core\Inc\stm32l0xx_it.h_save
2024-07-16 21:36:18,418 [INFO] CodeEngine:279 - Generated code: D:\Projetos\Firmware\firmware\Mainboard MonoChip\Core\Inc\stm32l0xx_it.h
2024-07-16 21:36:18,574 [INFO] CodeEngine:255 - oldGeneratedFile, D:\Projetos\Firmware\firmware\Mainboard MonoChip\Core\Src\stm32l0xx_hal_msp.c_save
2024-07-16 21:36:18,919 [INFO] CodeEngine:279 - Generated code: D:\Projetos\Firmware\firmware\Mainboard MonoChip\Core\Src\stm32l0xx_hal_msp.c
2024-07-16 21:36:18,975 [INFO] CodeEngine:255 - oldGeneratedFile, D:\Projetos\Firmware\firmware\Mainboard MonoChip\MXTmpFiles\system.tmp_save
2024-07-16 21:36:19,073 [INFO] CodeEngine:279 - Generated code: D:\Projetos\Firmware\firmware\Mainboard MonoChip\MXTmpFiles\system.tmp
2024-07-16 21:36:19,116 [INFO] CodeEngine:311 - oldGeneratedFile, D:\Projetos\Firmware\firmware\Mainboard MonoChip\Core\Inc\stm32l0xx_hal_conf.h_save
2024-07-16 21:36:19,255 [INFO] CodeEngine:335 - Generated code: D:\Projetos\Firmware\firmware\Mainboard MonoChip\Core\Inc\stm32l0xx_hal_conf.h
2024-07-16 21:36:19,431 [INFO] CodeEngine:255 - oldGeneratedFile, D:\Projetos\Firmware\firmware\Mainboard MonoChip\Core\Inc\main.h_save
2024-07-16 21:36:19,620 [INFO] CodeEngine:279 - Generated code: D:\Projetos\Firmware\firmware\Mainboard MonoChip\Core\Inc\main.h
2024-07-16 21:36:19,638 [INFO] CodeEngine:255 - oldGeneratedFile, D:\Projetos\Firmware\firmware\Mainboard MonoChip\Core\Src\main.c_save
2024-07-16 21:36:19,870 [INFO] CodeEngine:279 - Generated code: D:\Projetos\Firmware\firmware\Mainboard MonoChip\Core\Src\main.c
2024-07-16 21:36:20,420 [INFO] ProjectBuilder:3163 - Time for Copy HAL[1] : 276mS.
2024-07-16 21:36:20,428 [INFO] ProjectBuilder:4736 - Project Generator version: 4.3.0-B58
2024-07-16 21:36:20,575 [INFO] ConfigFileManager:1503 - The Die is : DIE417
2024-07-16 21:36:20,763 [INFO] ApiDbMcu:508 - Load IP Config File for FATFS
2024-07-16 21:36:20,797 [INFO] ApiDbMcu:508 - Load IP Config File for FREERTOS
2024-07-16 21:36:20,838 [INFO] ApiDbMcu:508 - Load IP Config File for TOUCHSENSING
2024-07-16 21:36:20,859 [INFO] ApiDbMcu:508 - Load IP Config File for USB_DEVICE
2024-07-16 21:36:22,082 [INFO] LogOutputStream:77 - [STDOUT_REDIRECT] 
2024-07-16 21:36:31,843 [INFO] ProjectBuilder:5002 - Time for Generating toolchain IDE Files: 11414mS.
2024-07-16 21:36:31,844 [INFO] ProjectBuilder:3034 - Time for Copy CMSIS : 0mS.
2024-07-16 21:36:31,847 [INFO] ProjectBuilder:3034 - Time for Copy CMSIS : 0mS.
2024-07-16 21:36:33,616 [INFO] McuFinderGlobals:76 - Set McuFinderConnectedMode to true
2024-07-16 21:36:33,619 [INFO] ApiDb:448 - Save user favorites file C:\Users\Matheus Markies/.stm32cubeide/favorites.mcus.txt: 3 item(s)
2024-07-16 21:36:33,619 [INFO] ApiDb:452 - User favorites MCUs=[STM32F103RBT6, STM32F411RET7, STM32L053C8T6]
2024-07-16 21:37:25,098 [INFO] MainUpdater:2873 - connection check result : 10
2024-07-16 21:37:25,098 [INFO] MainUpdater:2873 - connection check result : 10
2024-07-16 21:37:26,189 [INFO] MicroXplorer:468 - Change Database Path : 
2024-07-16 21:37:26,190 [INFO] MicroXplorer:498 - Change Database Version : DB.6.0.111
2024-07-16 21:37:26,203 [ERROR] ProjectManagerView:394 - 
java.lang.NullPointerException: Cannot invoke "javax.swing.JTextField.getText()" because the return value of "java.util.List.get(int)" is null
	at com.st.microxplorer.plugins.projectmanager.gui.ProjectChoiceTab$10.caretUpdate(ProjectChoiceTab.java:2504) ~[filemanager.jar:?]
	at javax.swing.text.JTextComponent.fireCaretUpdate(JTextComponent.java:412) ~[?:?]
	at javax.swing.text.JTextComponent$MutableCaretEvent.fire(JTextComponent.java:4491) ~[?:?]
	at javax.swing.text.JTextComponent$MutableCaretEvent.stateChanged(JTextComponent.java:4513) ~[?:?]
	at javax.swing.text.DefaultCaret.fireStateChanged(DefaultCaret.java:842) ~[?:?]
	at javax.swing.text.DefaultCaret.changeCaretPosition(DefaultCaret.java:1313) ~[?:?]
	at javax.swing.text.DefaultCaret.handleSetDot(DefaultCaret.java:1212) ~[?:?]
	at javax.swing.text.DefaultCaret.setDot(DefaultCaret.java:1193) ~[?:?]
	at javax.swing.text.DefaultCaret$Handler.insertUpdate(DefaultCaret.java:1789) ~[?:?]
	at javax.swing.text.AbstractDocument.fireInsertUpdate(AbstractDocument.java:226) ~[?:?]
	at javax.swing.text.AbstractDocument.handleInsertString(AbstractDocument.java:780) ~[?:?]
	at javax.swing.text.AbstractDocument.insertString(AbstractDocument.java:739) ~[?:?]
	at javax.swing.text.PlainDocument.insertString(PlainDocument.java:131) ~[?:?]
	at javax.swing.text.AbstractDocument.replace(AbstractDocument.java:698) ~[?:?]
	at javax.swing.text.JTextComponent.setText(JTextComponent.java:1729) ~[?:?]
	at com.st.microxplorer.plugins.projectmanager.gui.ProjectChoiceTab.createHeapStackFields(ProjectChoiceTab.java:944) ~[filemanager.jar:?]
	at com.st.microxplorer.plugins.projectmanager.gui.ProjectChoiceTab.buildLinkSettingsPanel(ProjectChoiceTab.java:3475) ~[filemanager.jar:?]
	at com.st.microxplorer.plugins.projectmanager.gui.ProjectChoiceTab.defineWindowsFields(ProjectChoiceTab.java:1816) ~[filemanager.jar:?]
	at com.st.microxplorer.plugins.projectmanager.gui.ProjectChoiceTab.updateSettings(ProjectChoiceTab.java:544) ~[filemanager.jar:?]
	at com.st.microxplorer.plugins.projectmanager.gui.ProjectSettingsPanel.UpdateDialog(ProjectSettingsPanel.java:245) ~[filemanager.jar:?]
	at com.st.microxplorer.plugins.projectmanager.ProjectManagerView.propertyChange(ProjectManagerView.java:391) ~[filemanager.jar:?]
	at java.beans.PropertyChangeSupport.fire(PropertyChangeSupport.java:343) ~[?:?]
	at java.beans.PropertyChangeSupport.firePropertyChange(PropertyChangeSupport.java:335) ~[?:?]
	at java.beans.PropertyChangeSupport.firePropertyChange(PropertyChangeSupport.java:268) ~[?:?]
	at com.st.microxplorer.util.MXPropertyChangeSupport.firePropertyChange(MXPropertyChangeSupport.java:54) ~[STM32CubeMX.jar:?]
	at com.st.microxplorer.mxsystem.MxSystem.closeConfig(MxSystem.java:900) ~[STM32CubeMX.jar:?]
	at com.st.microxplorer.maingui.MainPanel.closeConfig(MainPanel.java:776) ~[STM32CubeMX.jar:?]
	at com.st.microxplorer.plugins.filemanager.engine.OpenFileManager.loadConfigurationFile(OpenFileManager.java:245) ~[filemanager.jar:?]
	at com.st.microxplorer.plugins.filemanager.engine.MainFileManager.userLoadConfig(MainFileManager.java:315) ~[filemanager.jar:?]
	at com.st.microxplorer.plugins.filemanager.engine.MainFileManager.userLoadConfig(MainFileManager.java:293) ~[filemanager.jar:?]
	at com.st.microxplorer.plugins.filemanager.FileManagerView.getSpecificTask(FileManagerView.java:247) ~[filemanager.jar:?]
	at com.st.stm32cube.common.mx.editor.CubeMxEditor.getMxTabbedPaneInstance(CubeMxEditor.java:1198) ~[com.st.stm32cube.common.mx_6.11.1.202404110753/:?]
	at com.st.stm32cube.common.mx.editor.CubeMxEditor$12$1.createSwingComponent(CubeMxEditor.java:1068) ~[com.st.stm32cube.common.mx_6.11.1.202404110753/:?]
	at com.st.stm32cube.common.mx.oss.core.awtswtbridge.EmbeddedSwingComposite.doComponentCreation(EmbeddedSwingComposite.java:492) ~[com.st.stm32cube.common.mx.oss_6.11.1.202404110753/:?]
	at com.st.stm32cube.common.mx.oss.core.awtswtbridge.EmbeddedSwingComposite$4.run(EmbeddedSwingComposite.java:291) ~[com.st.stm32cube.common.mx.oss_6.11.1.202404110753/:?]
	at com.st.stm32cube.common.mx.oss.core.awtswtbridge.AwtEnvironment$2.run(AwtEnvironment.java:166) ~[com.st.stm32cube.common.mx.oss_6.11.1.202404110753/:?]
	at java.awt.event.InvocationEvent.dispatch(InvocationEvent.java:318) ~[?:?]
	at java.awt.EventQueue.dispatchEventImpl(EventQueue.java:773) ~[?:?]
	at java.awt.EventQueue$4.run(EventQueue.java:720) ~[?:?]
	at java.awt.EventQueue$4.run(EventQueue.java:714) ~[?:?]
	at java.security.AccessController.doPrivileged(AccessController.java:399) ~[?:?]
	at java.security.ProtectionDomain$JavaSecurityAccessImpl.doIntersectionPrivilege(ProtectionDomain.java:86) ~[?:?]
	at java.awt.EventQueue.dispatchEvent(EventQueue.java:742) ~[?:?]
	at java.awt.EventDispatchThread.pumpOneEventForFilters(EventDispatchThread.java:203) ~[?:?]
	at java.awt.EventDispatchThread.pumpEventsForFilter(EventDispatchThread.java:124) ~[?:?]
	at java.awt.EventDispatchThread.pumpEventsForHierarchy(EventDispatchThread.java:113) ~[?:?]
	at java.awt.EventDispatchThread.pumpEvents(EventDispatchThread.java:109) ~[?:?]
	at java.awt.EventDispatchThread.pumpEvents(EventDispatchThread.java:101) ~[?:?]
	at java.awt.EventDispatchThread.run(EventDispatchThread.java:90) ~[?:?]
2024-07-16 21:37:26,213 [WARN] ThirdParty:871 - waiting for thirdparty lock release [close project]
2024-07-16 21:37:26,213 [INFO] ThirdParty:873 - entering critical section [close project]
2024-07-16 21:37:26,213 [INFO] ThirdParty:883 - exiting critical section [close project]
2024-07-16 21:37:26,214 [INFO] PinOutPanel:1561 - setPackage(No Configuration,No Configuration)
2024-07-16 21:37:26,224 [INFO] UtilMem:75 - Begin LoadConfig() Used Memory: 674702144 Bytes (1073741824)
2024-07-16 21:37:26,225 [INFO] MicroXplorer:468 - Change Database Path : 
2024-07-16 21:37:26,225 [INFO] MicroXplorer:498 - Change Database Version : DB.6.0.111
2024-07-16 21:37:26,225 [INFO] OpenFileManager:312 - Change cursor
2024-07-16 21:37:26,301 [INFO] RulesReader:64 - Compatibility file has been processed (297 Rules)
2024-07-16 21:37:26,313 [INFO] Mcu:2021 - Initializing MCU STM32L053C(6-8)Tx STM32L053C8Tx STM32L053C8T6
2024-07-16 21:37:27,203 [INFO] Context:663 - Trying to add GPIOservice into a context  which must be forbidden
2024-07-16 21:37:27,581 [INFO] RtosManager:555 - Registered RTOS mode: class=CMSIS, group=RTOS, mode=CMSIS_V1, owner=FREERTOS
2024-07-16 21:37:27,584 [INFO] RtosManager:555 - Registered RTOS mode: class=CMSIS, group=RTOS2, mode=CMSIS_V2, owner=FREERTOS
2024-07-16 21:37:27,598 [INFO] RtosManager:555 - Registered RTOS mode: class=RTOS, group=Core, mode=CMSIS_V1, owner=FREERTOS
2024-07-16 21:37:27,598 [INFO] RtosManager:555 - Registered RTOS mode: class=RTOS, group=Core, mode=CMSIS_V2, owner=FREERTOS
2024-07-16 21:37:27,598 [WARN] ModelIntegratedComponent:184 - Missing modes for component STMicroelectronics:FreeRTOS:0.0.1:STMicroelectronics:RTOS:FreeRTOS:Core:::10.2.0:
2024-07-16 21:37:27,607 [WARN] ModelIntegratedComponent:63 - No mode defined for component null
2024-07-16 21:37:27,607 [WARN] ModelIntegratedComponent:63 - No mode defined for component null
2024-07-16 21:37:27,607 [WARN] ModelIntegratedComponent:63 - No mode defined for component null
2024-07-16 21:37:27,607 [WARN] ModelIntegratedComponent:63 - No mode defined for component null
2024-07-16 21:37:27,607 [WARN] ModelIntegratedComponent:63 - No mode defined for component null
2024-07-16 21:37:27,607 [WARN] ModelIntegratedComponent:63 - No mode defined for component null
2024-07-16 21:37:27,608 [WARN] ModelIntegratedComponent:63 - No mode defined for component null
2024-07-16 21:37:27,608 [WARN] ModelIntegratedComponent:63 - No mode defined for component null
2024-07-16 21:37:27,608 [WARN] ModelIntegratedComponent:63 - No mode defined for component null
2024-07-16 21:37:27,608 [WARN] ModelIntegratedComponent:63 - No mode defined for component null
2024-07-16 21:37:27,608 [WARN] ModelIntegratedComponent:63 - No mode defined for component null
2024-07-16 21:37:27,608 [WARN] ModelIntegratedComponent:63 - No mode defined for component null
2024-07-16 21:37:27,608 [WARN] ModelIntegratedComponent:63 - No mode defined for component null
2024-07-16 21:37:27,608 [WARN] ModelIntegratedComponent:63 - No mode defined for component null
2024-07-16 21:37:27,608 [WARN] ModelIntegratedComponent:63 - No mode defined for component null
2024-07-16 21:37:27,608 [WARN] ModelIntegratedComponent:63 - No mode defined for component null
2024-07-16 21:37:27,608 [WARN] ModelIntegratedComponent:63 - No mode defined for component null
2024-07-16 21:37:27,608 [WARN] ModelIntegratedComponent:63 - No mode defined for component null
2024-07-16 21:37:27,608 [WARN] ModelIntegratedComponent:63 - No mode defined for component null
2024-07-16 21:37:27,608 [WARN] ModelIntegratedComponent:63 - No mode defined for component null
2024-07-16 21:37:27,608 [WARN] ModelIntegratedComponent:63 - No mode defined for component null
2024-07-16 21:37:27,609 [WARN] ModelIntegratedComponent:63 - No mode defined for component null
2024-07-16 21:37:27,609 [WARN] ModelIntegratedComponent:63 - No mode defined for component null
2024-07-16 21:37:27,609 [WARN] ModelIntegratedComponent:63 - No mode defined for component null
2024-07-16 21:37:27,609 [WARN] ModelIntegratedComponent:63 - No mode defined for component null
2024-07-16 21:37:27,609 [WARN] ModelIntegratedComponent:63 - No mode defined for component null
2024-07-16 21:37:27,609 [WARN] ModelIntegratedComponent:63 - No mode defined for component null
2024-07-16 21:37:27,609 [WARN] ModelIntegratedComponent:63 - No mode defined for component null
2024-07-16 21:37:27,609 [WARN] ModelIntegratedComponent:63 - No mode defined for component null
2024-07-16 21:37:27,609 [WARN] ModelIntegratedComponent:63 - No mode defined for component null
2024-07-16 21:37:27,609 [WARN] ModelIntegratedComponent:63 - No mode defined for component null
2024-07-16 21:37:27,609 [WARN] ModelIntegratedComponent:63 - No mode defined for component null
2024-07-16 21:37:27,609 [WARN] ModelIntegratedComponent:63 - No mode defined for component null
2024-07-16 21:37:27,609 [WARN] ModelIntegratedComponent:63 - No mode defined for component null
2024-07-16 21:37:27,810 [INFO] ThirdPartyModel:298 - Start build external matchings
2024-07-16 21:37:28,813 [INFO] ThirdPartyModel:316 - End build external matchings
2024-07-16 21:37:28,869 [INFO] ImportTextPane:194 - (OptionalMessage_ERROR) IP (RCC) : Invalid parameter (FamilyName)
2024-07-16 21:37:28,885 [INFO] ImportTextPane:194 - (OptionalMessage_ERROR) IP (RCC) : Parameter (RTCHSEDivFreq_Value) has invalid value (12500000)
2024-07-16 21:37:28,885 [INFO] ImportTextPane:194 - (OptionalMessage_ERROR) IP (RCC) : Invalid parameter (TIMFreq_Value)
2024-07-16 21:37:29,536 [INFO] UtilMem:75 - End LoadConfig() Used Memory: 650149328 Bytes (1073741824)
2024-07-16 21:37:29,548 [WARN] ThirdParty:833 - waiting for thirdparty lock release [change project]
2024-07-16 21:37:29,549 [INFO] ThirdParty:835 - entering critical section [change project]
2024-07-16 21:37:29,549 [INFO] ThirdParty:1030 - CMSIS Pack Vendor :STMicroelectronics USBPD 4.1
2024-07-16 21:37:29,549 [INFO] ThirdParty:1030 - CMSIS Pack Vendor :STMicroelectronics X-CUBE-GNSS1 6.0.0
2024-07-16 21:37:29,549 [INFO] ThirdParty:1030 - CMSIS Pack Vendor :STMicroelectronics USB_HOST 2.0.0
2024-07-16 21:37:29,549 [INFO] ThirdParty:1030 - CMSIS Pack Vendor :STMicroelectronics FP-SNS-MOTENVWB1 1.4.0
2024-07-16 21:37:29,549 [INFO] ThirdParty:1030 - CMSIS Pack Vendor :STMicroelectronics X-CUBE-AZRTOS-F4 1.1.0
2024-07-16 21:37:29,549 [INFO] ThirdParty:1030 - CMSIS Pack Vendor :STMicroelectronics LIBJPEG 8.0.0
2024-07-16 21:37:29,549 [INFO] ThirdParty:1030 - CMSIS Pack Vendor :STMicroelectronics X-CUBE-SMBUS 2.1.0
2024-07-16 21:37:29,549 [INFO] ThirdParty:1030 - CMSIS Pack Vendor :STMicroelectronics USB_DEVICE 3.0.0
2024-07-16 21:37:29,549 [INFO] ThirdParty:1030 - CMSIS Pack Vendor :STMicroelectronics X-CUBE-TCPP 4.1.0
2024-07-16 21:37:29,549 [INFO] ThirdParty:1030 - CMSIS Pack Vendor :STMicroelectronics X-CUBE-FREERTOS 1.2.0
2024-07-16 21:37:29,549 [INFO] ThirdParty:1030 - CMSIS Pack Vendor :STMicroelectronics X-CUBE-AZRTOS-WB 2.0.0
2024-07-16 21:37:29,550 [INFO] ThirdParty:1030 - CMSIS Pack Vendor :STMicroelectronics X-CUBE-TOUCHGFX 4.23.2
2024-07-16 21:37:29,550 [INFO] ThirdParty:1030 - CMSIS Pack Vendor :STMicroelectronics X-CUBE-AZRTOS-F7 1.1.0
2024-07-16 21:37:29,550 [INFO] ThirdParty:1030 - CMSIS Pack Vendor :STMicroelectronics X-CUBE-AZRTOS-L5 2.0.0
2024-07-16 21:37:29,550 [INFO] ThirdParty:1030 - CMSIS Pack Vendor :STMicroelectronics USB_DEVICE 2.0.0
2024-07-16 21:37:29,551 [INFO] ThirdParty:1030 - CMSIS Pack Vendor :STMicroelectronics X-CUBE-NFC6 3.1.0
2024-07-16 21:37:29,551 [INFO] ThirdParty:1030 - CMSIS Pack Vendor :STMicroelectronics FreeRTOS 0.0.1
2024-07-16 21:37:29,552 [INFO] ThirdParty:1030 - CMSIS Pack Vendor :STMicroelectronics X-CUBE-AZRTOS-G0 1.1.0
2024-07-16 21:37:29,554 [INFO] ThirdParty:1030 - CMSIS Pack Vendor :STMicroelectronics X-CUBE-SAFEA1 1.2.2
2024-07-16 21:37:29,554 [INFO] ThirdParty:1030 - CMSIS Pack Vendor :STMicroelectronics X-CUBE-NFC4 3.0.0
2024-07-16 21:37:29,554 [INFO] ThirdParty:1030 - CMSIS Pack Vendor :STMicroelectronics X-CUBE-DPower 1.2.0
2024-07-16 21:37:29,554 [INFO] ThirdParty:1030 - CMSIS Pack Vendor :STMicroelectronics X-CUBE-SUBG2 5.0.0
2024-07-16 21:37:29,554 [INFO] ThirdParty:1030 - CMSIS Pack Vendor :STMicroelectronics STM32_WPAN 1.0.0
2024-07-16 21:37:29,554 [INFO] ThirdParty:1030 - CMSIS Pack Vendor :wolfSSL I-CUBE-wolfMQTT 1.18.0
2024-07-16 21:37:29,555 [INFO] ThirdParty:1030 - CMSIS Pack Vendor :EmbeddedOffice I-CUBE-FS-RTOS 1.0.1
2024-07-16 21:37:29,555 [INFO] ThirdParty:1030 - CMSIS Pack Vendor :STMicroelectronics lwIP 2.0.3
2024-07-16 21:37:29,555 [INFO] ThirdParty:1030 - CMSIS Pack Vendor :STMicroelectronics FP-SNS-FLIGHT1 5.0.2
2024-07-16 21:37:29,555 [INFO] ThirdParty:1030 - CMSIS Pack Vendor :STMicroelectronics USB_HOST 1.0.0
2024-07-16 21:37:29,555 [INFO] ThirdParty:1030 - CMSIS Pack Vendor :STMicroelectronics X-CUBE-AI 9.0.0
2024-07-16 21:37:29,555 [INFO] ThirdParty:1030 - CMSIS Pack Vendor :STMicroelectronics X-CUBE-AZRTOS-G4 2.0.0
2024-07-16 21:37:29,555 [INFO] ThirdParty:1030 - CMSIS Pack Vendor :STMicroelectronics PDM2PCM 3.1.0
2024-07-16 21:37:29,555 [INFO] ThirdParty:1030 - CMSIS Pack Vendor :STMicroelectronics PDM2PCM 3.3.0
2024-07-16 21:37:29,555 [INFO] ThirdParty:1030 - CMSIS Pack Vendor :STMicroelectronics X-CUBE-DISPLAY 3.0.0
2024-07-16 21:37:29,555 [INFO] ThirdParty:1030 - CMSIS Pack Vendor :RealThread X-CUBE-RT-Thread_Nano 4.1.1
2024-07-16 21:37:29,555 [INFO] ThirdParty:1030 - CMSIS Pack Vendor :wolfSSL I-CUBE-wolfSSL 5.7.0
2024-07-16 21:37:29,555 [INFO] ThirdParty:1030 - CMSIS Pack Vendor :STMicroelectronics X-CUBE-BLE1 7.0.0
2024-07-16 21:37:29,555 [INFO] ThirdParty:1030 - CMSIS Pack Vendor :STMicroelectronics FP-ATR-SIGFOX1 3.2.0
2024-07-16 21:37:29,555 [INFO] ThirdParty:1030 - CMSIS Pack Vendor :STMicroelectronics X-CUBE-ISPU 2.0.0
2024-07-16 21:37:29,555 [INFO] ThirdParty:1030 - CMSIS Pack Vendor :STMicroelectronics X-CUBE-EEPRMA1 5.1.0
2024-07-16 21:37:29,555 [INFO] ThirdParty:1030 - CMSIS Pack Vendor :STMicroelectronics HAL Drivers 0.0.0
2024-07-16 21:37:29,555 [INFO] ThirdParty:1030 - CMSIS Pack Vendor :STMicroelectronics MBEDTLS 2.16.2
2024-07-16 21:37:29,556 [INFO] ThirdParty:1030 - CMSIS Pack Vendor :STMicroelectronics X-CUBE-ALS 1.0.2
2024-07-16 21:37:29,556 [INFO] ThirdParty:1030 - CMSIS Pack Vendor :emotas I-CUBE-CANOPEN 1.3.0
2024-07-16 21:37:29,556 [INFO] ThirdParty:1030 - CMSIS Pack Vendor :STMicroelectronics X-CUBE-MEMS1 10.0.0
2024-07-16 21:37:29,556 [INFO] ThirdParty:1030 - CMSIS Pack Vendor :STMicroelectronics X-CUBE-NFC7 1.0.1
2024-07-16 21:37:29,556 [INFO] ThirdParty:1030 - CMSIS Pack Vendor :STMicroelectronics MBEDTLS 2.14.1
2024-07-16 21:37:29,556 [INFO] ThirdParty:1030 - CMSIS Pack Vendor :STMicroelectronics X-CUBE-TOUCHGFX 4.24.0
2024-07-16 21:37:29,556 [INFO] ThirdParty:1030 - CMSIS Pack Vendor :ITTIA_DB I-CUBE-ITTIADB 8.9.0
2024-07-16 21:37:29,556 [INFO] ThirdParty:1030 - CMSIS Pack Vendor :wolfSSL I-CUBE-wolfTPM 3.2.0
2024-07-16 21:37:29,556 [INFO] ThirdParty:1030 - CMSIS Pack Vendor :portGmbH I-Cube-SoM-uGOAL 1.1.0
2024-07-16 21:37:29,556 [INFO] ThirdParty:1030 - CMSIS Pack Vendor :STMicroelectronics X-CUBE-ALS 1.0.1
2024-07-16 21:37:29,556 [INFO] ThirdParty:1030 - CMSIS Pack Vendor :STMicroelectronics X-CUBE-BLEMGR 3.1.0
2024-07-16 21:37:29,556 [INFO] ThirdParty:1030 - CMSIS Pack Vendor :STMicroelectronics ThreadX 1.0.0
2024-07-16 21:37:29,556 [INFO] ThirdParty:1030 - CMSIS Pack Vendor :STMicroelectronics FP-SNS-SMARTAG2 1.2.0
2024-07-16 21:37:29,556 [INFO] ThirdParty:1030 - CMSIS Pack Vendor :STMicroelectronics X-CUBE-AZRTOS-WL 2.0.0
2024-07-16 21:37:29,556 [INFO] ThirdParty:1030 - CMSIS Pack Vendor :SEGGER I-CUBE-embOS 1.3.1
2024-07-16 21:37:29,557 [INFO] ThirdParty:1030 - CMSIS Pack Vendor :STMicroelectronics X-CUBE-ALGOBUILD 1.4.0
2024-07-16 21:37:29,557 [INFO] ThirdParty:1030 - CMSIS Pack Vendor :STMicroelectronics FP-SNS-MOTENV1 5.0.0
2024-07-16 21:37:29,557 [INFO] ThirdParty:1030 - CMSIS Pack Vendor :STMicroelectronics USB_DEVICE 1.0.0
2024-07-16 21:37:29,557 [INFO] ThirdParty:1030 - CMSIS Pack Vendor :STMicroelectronics X-CUBE-AZRTOS-H7RS 1.0.0
2024-07-16 21:37:29,557 [INFO] ThirdParty:1030 - CMSIS Pack Vendor :wolfSSL I-CUBE-wolfMQTT 1.19.0
2024-07-16 21:37:29,557 [INFO] ThirdParty:1030 - CMSIS Pack Vendor :STMicroelectronics X-CUBE-AZRTOS-L4 2.0.0
2024-07-16 21:37:29,557 [INFO] ThirdParty:1030 - CMSIS Pack Vendor :STMicroelectronics ThreadX 0.0.2
2024-07-16 21:37:29,557 [INFO] ThirdParty:1030 - CMSIS Pack Vendor :WES I-CUBE-Cesium 1.3.0
2024-07-16 21:37:29,557 [INFO] ThirdParty:1030 - CMSIS Pack Vendor :STMicroelectronics FP-ATR-ASTRA1 2.0.0
2024-07-16 21:37:29,557 [INFO] ThirdParty:1030 - CMSIS Pack Vendor :STMicroelectronics lwIP 2.1.2
2024-07-16 21:37:29,557 [INFO] ThirdParty:1030 - CMSIS Pack Vendor :STMicroelectronics X-CUBE-SFXS2LP1 4.0.0
2024-07-16 21:37:29,558 [INFO] ThirdParty:1030 - CMSIS Pack Vendor :STMicroelectronics X-CUBE-BLE2 3.3.0
2024-07-16 21:37:29,558 [INFO] ThirdParty:1030 - CMSIS Pack Vendor :STMicroelectronics X-CUBE-TOF1 3.4.1
2024-07-16 21:37:29,558 [INFO] ThirdParty:1030 - CMSIS Pack Vendor :STMicroelectronics X-CUBE-AZRTOS-H7 3.2.0
2024-07-16 21:37:29,558 [INFO] ThirdParty:1030 - CMSIS Pack Vendor :Infineon AIROC-Wi-Fi-Bluetooth-STM32 1.6.0
2024-07-16 21:37:29,558 [INFO] ThirdParty:1030 - CMSIS Pack Vendor :STMicroelectronics PDM2PCM 3.2.0
2024-07-16 21:37:29,558 [INFO] ThirdParty:1030 - CMSIS Pack Vendor :wolfSSL I-CUBE-wolfSSH 1.4.17
2024-07-16 21:37:29,558 [INFO] ThirdParty:841 - exiting critical section [change project]
2024-07-16 21:37:29,842 [INFO] PinOutPanel:1561 - setPackage(No Configuration,No Configuration)
2024-07-16 21:37:29,843 [INFO] PinOutPanel:1561 - setPackage(STM32L053C8Tx,LQFP48)
2024-07-16 21:37:30,429 [INFO] UtilMem:75 - Before build in PCC Used Memory: 667407664 Bytes (1073741824)
2024-07-16 21:37:30,965 [INFO] UserBatteryFile:101 - Battery_LiPo 3500.0 0.0 3.7 0.0 0.0
2024-07-16 21:37:31,152 [INFO] UtilMem:75 - After build in PCC Used Memory: 719310128 Bytes (1073741824)
2024-07-16 21:37:31,203 [INFO] IPUIPlugin:80 - create IPUIPlugin
2024-07-16 21:37:31,204 [INFO] IPUIPlugin:80 - create IPUIPlugin
2024-07-16 21:37:31,204 [INFO] IPUIPlugin:80 - create IPUIPlugin
2024-07-16 21:37:31,204 [INFO] IPUIPlugin:80 - create IPUIPlugin
2024-07-16 21:37:31,204 [INFO] IPUIPlugin:80 - create IPUIPlugin
2024-07-16 21:37:31,205 [INFO] IPUIPlugin:80 - create IPUIPlugin
2024-07-16 21:37:31,205 [INFO] IPUIPlugin:80 - create IPUIPlugin
2024-07-16 21:37:31,205 [INFO] IPUIPlugin:80 - create IPUIPlugin
2024-07-16 21:37:31,205 [INFO] IPUIPlugin:80 - create IPUIPlugin
2024-07-16 21:37:31,205 [INFO] IPUIPlugin:80 - create IPUIPlugin
2024-07-16 21:37:31,205 [INFO] IPUIPlugin:80 - create IPUIPlugin
2024-07-16 21:37:31,205 [INFO] IPUIPlugin:80 - create IPUIPlugin
2024-07-16 21:37:31,205 [INFO] IPUIPlugin:80 - create IPUIPlugin
2024-07-16 21:37:31,206 [INFO] IPUIPlugin:80 - create IPUIPlugin
2024-07-16 21:37:31,206 [INFO] IPUIPlugin:80 - create IPUIPlugin
2024-07-16 21:37:31,207 [INFO] IPUIPlugin:80 - create IPUIPlugin
2024-07-16 21:37:31,207 [INFO] IPUIPlugin:80 - create IPUIPlugin
2024-07-16 21:37:31,207 [INFO] IPUIPlugin:80 - create IPUIPlugin
2024-07-16 21:37:31,207 [INFO] IPUIPlugin:80 - create IPUIPlugin
2024-07-16 21:37:31,208 [INFO] IPUIPlugin:80 - create IPUIPlugin
2024-07-16 21:37:31,208 [INFO] IPUIPlugin:80 - create IPUIPlugin
2024-07-16 21:37:31,208 [INFO] IPUIPlugin:80 - create IPUIPlugin
2024-07-16 21:37:31,208 [INFO] IPUIPlugin:80 - create IPUIPlugin
2024-07-16 21:37:31,209 [INFO] IPUIPlugin:80 - create IPUIPlugin
2024-07-16 21:37:31,209 [INFO] IPUIPlugin:80 - create IPUIPlugin
2024-07-16 21:37:31,209 [INFO] IPUIPlugin:80 - create IPUIPlugin
2024-07-16 21:37:31,209 [INFO] IPUIPlugin:80 - create IPUIPlugin
2024-07-16 21:37:31,209 [INFO] IPUIPlugin:80 - create IPUIPlugin
2024-07-16 21:37:31,212 [INFO] IPUIPlugin:80 - create IPUIPlugin
2024-07-16 21:37:31,213 [INFO] IPUIPlugin:80 - create IPUIPlugin
2024-07-16 21:37:31,213 [INFO] IPUIPlugin:80 - create IPUIPlugin
2024-07-16 21:37:31,213 [INFO] IPUIPlugin:80 - create IPUIPlugin
2024-07-16 21:37:31,213 [INFO] IPUIPlugin:80 - create IPUIPlugin
2024-07-16 21:37:31,214 [INFO] IPUIPlugin:80 - create IPUIPlugin
2024-07-16 21:37:31,530 [INFO] CADModel:165 - CPN selected for project levelSTM32L053C8T6
2024-07-16 21:37:31,530 [INFO] CADModel:114 - Register for checkConnection events
2024-07-16 21:37:31,568 [INFO] OpenFileManager:343 - Restore cursor
2024-07-16 21:37:39,460 [INFO] MainUpdater:2873 - connection check result : 10
2024-07-16 21:37:39,460 [INFO] MainUpdater:2873 - connection check result : 10
2024-07-16 21:37:40,208 [INFO] MicroXplorer:468 - Change Database Path : 
2024-07-16 21:37:40,209 [INFO] MicroXplorer:498 - Change Database Version : DB.6.0.111
2024-07-16 21:37:40,219 [ERROR] ProjectManagerView:394 - 
java.lang.NullPointerException: Cannot invoke "javax.swing.JTextField.getText()" because the return value of "java.util.List.get(int)" is null
	at com.st.microxplorer.plugins.projectmanager.gui.ProjectChoiceTab$10.caretUpdate(ProjectChoiceTab.java:2504) ~[filemanager.jar:?]
	at javax.swing.text.JTextComponent.fireCaretUpdate(JTextComponent.java:412) ~[?:?]
	at javax.swing.text.JTextComponent$MutableCaretEvent.fire(JTextComponent.java:4491) ~[?:?]
	at javax.swing.text.JTextComponent$MutableCaretEvent.stateChanged(JTextComponent.java:4513) ~[?:?]
	at javax.swing.text.DefaultCaret.fireStateChanged(DefaultCaret.java:842) ~[?:?]
	at javax.swing.text.DefaultCaret.changeCaretPosition(DefaultCaret.java:1313) ~[?:?]
	at javax.swing.text.DefaultCaret.handleSetDot(DefaultCaret.java:1212) ~[?:?]
	at javax.swing.text.DefaultCaret.setDot(DefaultCaret.java:1193) ~[?:?]
	at javax.swing.text.DefaultCaret$Handler.insertUpdate(DefaultCaret.java:1789) ~[?:?]
	at javax.swing.text.AbstractDocument.fireInsertUpdate(AbstractDocument.java:226) ~[?:?]
	at javax.swing.text.AbstractDocument.handleInsertString(AbstractDocument.java:780) ~[?:?]
	at javax.swing.text.AbstractDocument.insertString(AbstractDocument.java:739) ~[?:?]
	at javax.swing.text.PlainDocument.insertString(PlainDocument.java:131) ~[?:?]
	at javax.swing.text.AbstractDocument.replace(AbstractDocument.java:698) ~[?:?]
	at javax.swing.text.JTextComponent.setText(JTextComponent.java:1729) ~[?:?]
	at com.st.microxplorer.plugins.projectmanager.gui.ProjectChoiceTab.createHeapStackFields(ProjectChoiceTab.java:944) ~[filemanager.jar:?]
	at com.st.microxplorer.plugins.projectmanager.gui.ProjectChoiceTab.buildLinkSettingsPanel(ProjectChoiceTab.java:3475) ~[filemanager.jar:?]
	at com.st.microxplorer.plugins.projectmanager.gui.ProjectChoiceTab.defineWindowsFields(ProjectChoiceTab.java:1816) ~[filemanager.jar:?]
	at com.st.microxplorer.plugins.projectmanager.gui.ProjectChoiceTab.updateSettings(ProjectChoiceTab.java:544) ~[filemanager.jar:?]
	at com.st.microxplorer.plugins.projectmanager.gui.ProjectSettingsPanel.UpdateDialog(ProjectSettingsPanel.java:245) ~[filemanager.jar:?]
	at com.st.microxplorer.plugins.projectmanager.ProjectManagerView.propertyChange(ProjectManagerView.java:391) ~[filemanager.jar:?]
	at java.beans.PropertyChangeSupport.fire(PropertyChangeSupport.java:343) ~[?:?]
	at java.beans.PropertyChangeSupport.firePropertyChange(PropertyChangeSupport.java:335) ~[?:?]
	at java.beans.PropertyChangeSupport.firePropertyChange(PropertyChangeSupport.java:268) ~[?:?]
	at com.st.microxplorer.util.MXPropertyChangeSupport.firePropertyChange(MXPropertyChangeSupport.java:54) ~[STM32CubeMX.jar:?]
	at com.st.microxplorer.mxsystem.MxSystem.closeConfig(MxSystem.java:900) ~[STM32CubeMX.jar:?]
	at com.st.microxplorer.maingui.MainPanel.closeConfig(MainPanel.java:776) ~[STM32CubeMX.jar:?]
	at com.st.microxplorer.plugins.filemanager.engine.OpenFileManager.loadConfigurationFile(OpenFileManager.java:245) ~[filemanager.jar:?]
	at com.st.microxplorer.plugins.filemanager.engine.MainFileManager.userLoadConfig(MainFileManager.java:315) ~[filemanager.jar:?]
	at com.st.microxplorer.plugins.filemanager.engine.MainFileManager.userLoadConfig(MainFileManager.java:293) ~[filemanager.jar:?]
	at com.st.microxplorer.plugins.filemanager.FileManagerView.getSpecificTask(FileManagerView.java:247) ~[filemanager.jar:?]
	at com.st.stm32cube.common.mx.editor.CubeMxEditor.getMxTabbedPaneInstance(CubeMxEditor.java:1198) ~[com.st.stm32cube.common.mx_6.11.1.202404110753/:?]
	at com.st.stm32cube.common.mx.editor.CubeMxEditor$12$1.createSwingComponent(CubeMxEditor.java:1068) ~[com.st.stm32cube.common.mx_6.11.1.202404110753/:?]
	at com.st.stm32cube.common.mx.oss.core.awtswtbridge.EmbeddedSwingComposite.doComponentCreation(EmbeddedSwingComposite.java:492) ~[com.st.stm32cube.common.mx.oss_6.11.1.202404110753/:?]
	at com.st.stm32cube.common.mx.oss.core.awtswtbridge.EmbeddedSwingComposite$4.run(EmbeddedSwingComposite.java:291) ~[com.st.stm32cube.common.mx.oss_6.11.1.202404110753/:?]
	at com.st.stm32cube.common.mx.oss.core.awtswtbridge.AwtEnvironment$2.run(AwtEnvironment.java:166) ~[com.st.stm32cube.common.mx.oss_6.11.1.202404110753/:?]
	at java.awt.event.InvocationEvent.dispatch(InvocationEvent.java:318) ~[?:?]
	at java.awt.EventQueue.dispatchEventImpl(EventQueue.java:773) ~[?:?]
	at java.awt.EventQueue$4.run(EventQueue.java:720) ~[?:?]
	at java.awt.EventQueue$4.run(EventQueue.java:714) ~[?:?]
	at java.security.AccessController.doPrivileged(AccessController.java:399) ~[?:?]
	at java.security.ProtectionDomain$JavaSecurityAccessImpl.doIntersectionPrivilege(ProtectionDomain.java:86) ~[?:?]
	at java.awt.EventQueue.dispatchEvent(EventQueue.java:742) ~[?:?]
	at java.awt.EventDispatchThread.pumpOneEventForFilters(EventDispatchThread.java:203) ~[?:?]
	at java.awt.EventDispatchThread.pumpEventsForFilter(EventDispatchThread.java:124) ~[?:?]
	at java.awt.EventDispatchThread.pumpEventsForHierarchy(EventDispatchThread.java:113) ~[?:?]
	at java.awt.EventDispatchThread.pumpEvents(EventDispatchThread.java:109) ~[?:?]
	at java.awt.EventDispatchThread.pumpEvents(EventDispatchThread.java:101) ~[?:?]
	at java.awt.EventDispatchThread.run(EventDispatchThread.java:90) ~[?:?]
2024-07-16 21:37:40,220 [WARN] ThirdParty:871 - waiting for thirdparty lock release [close project]
2024-07-16 21:37:40,220 [INFO] ThirdParty:873 - entering critical section [close project]
2024-07-16 21:37:40,220 [INFO] ThirdParty:883 - exiting critical section [close project]
2024-07-16 21:37:40,221 [INFO] PinOutPanel:1561 - setPackage(No Configuration,No Configuration)
2024-07-16 21:37:40,223 [INFO] UtilMem:75 - Begin LoadConfig() Used Memory: 709478928 Bytes (1073741824)
2024-07-16 21:37:40,224 [INFO] MicroXplorer:468 - Change Database Path : 
2024-07-16 21:37:40,224 [INFO] MicroXplorer:498 - Change Database Version : DB.6.0.111
2024-07-16 21:37:40,224 [INFO] OpenFileManager:312 - Change cursor
2024-07-16 21:37:40,232 [INFO] Mcu:2021 - Initializing MCU STM32L053C(6-8)Tx STM32L053C8Tx STM32L053C8T6
2024-07-16 21:37:41,279 [INFO] Context:663 - Trying to add GPIOservice into a context  which must be forbidden
2024-07-16 21:37:41,516 [INFO] RtosManager:555 - Registered RTOS mode: class=CMSIS, group=RTOS, mode=CMSIS_V1, owner=FREERTOS
2024-07-16 21:37:41,516 [INFO] RtosManager:555 - Registered RTOS mode: class=CMSIS, group=RTOS2, mode=CMSIS_V2, owner=FREERTOS
2024-07-16 21:37:41,516 [INFO] RtosManager:555 - Registered RTOS mode: class=RTOS, group=Core, mode=CMSIS_V1, owner=FREERTOS
2024-07-16 21:37:41,516 [INFO] RtosManager:555 - Registered RTOS mode: class=RTOS, group=Core, mode=CMSIS_V2, owner=FREERTOS
2024-07-16 21:37:41,516 [WARN] ModelIntegratedComponent:184 - Missing modes for component STMicroelectronics:FreeRTOS:0.0.1:STMicroelectronics:RTOS:FreeRTOS:Core:::10.2.0:
2024-07-16 21:37:41,523 [WARN] ModelIntegratedComponent:63 - No mode defined for component null
2024-07-16 21:37:41,523 [WARN] ModelIntegratedComponent:63 - No mode defined for component null
2024-07-16 21:37:41,523 [WARN] ModelIntegratedComponent:63 - No mode defined for component null
2024-07-16 21:37:41,523 [WARN] ModelIntegratedComponent:63 - No mode defined for component null
2024-07-16 21:37:41,523 [WARN] ModelIntegratedComponent:63 - No mode defined for component null
2024-07-16 21:37:41,523 [WARN] ModelIntegratedComponent:63 - No mode defined for component null
2024-07-16 21:37:41,523 [WARN] ModelIntegratedComponent:63 - No mode defined for component null
2024-07-16 21:37:41,523 [WARN] ModelIntegratedComponent:63 - No mode defined for component null
2024-07-16 21:37:41,523 [WARN] ModelIntegratedComponent:63 - No mode defined for component null
2024-07-16 21:37:41,523 [WARN] ModelIntegratedComponent:63 - No mode defined for component null
2024-07-16 21:37:41,523 [WARN] ModelIntegratedComponent:63 - No mode defined for component null
2024-07-16 21:37:41,523 [WARN] ModelIntegratedComponent:63 - No mode defined for component null
2024-07-16 21:37:41,523 [WARN] ModelIntegratedComponent:63 - No mode defined for component null
2024-07-16 21:37:41,523 [WARN] ModelIntegratedComponent:63 - No mode defined for component null
2024-07-16 21:37:41,524 [WARN] ModelIntegratedComponent:63 - No mode defined for component null
2024-07-16 21:37:41,524 [WARN] ModelIntegratedComponent:63 - No mode defined for component null
2024-07-16 21:37:41,524 [WARN] ModelIntegratedComponent:63 - No mode defined for component null
2024-07-16 21:37:41,524 [WARN] ModelIntegratedComponent:63 - No mode defined for component null
2024-07-16 21:37:41,524 [WARN] ModelIntegratedComponent:63 - No mode defined for component null
2024-07-16 21:37:41,524 [WARN] ModelIntegratedComponent:63 - No mode defined for component null
2024-07-16 21:37:41,524 [WARN] ModelIntegratedComponent:63 - No mode defined for component null
2024-07-16 21:37:41,524 [WARN] ModelIntegratedComponent:63 - No mode defined for component null
2024-07-16 21:37:41,524 [WARN] ModelIntegratedComponent:63 - No mode defined for component null
2024-07-16 21:37:41,524 [WARN] ModelIntegratedComponent:63 - No mode defined for component null
2024-07-16 21:37:41,524 [WARN] ModelIntegratedComponent:63 - No mode defined for component null
2024-07-16 21:37:41,524 [WARN] ModelIntegratedComponent:63 - No mode defined for component null
2024-07-16 21:37:41,524 [WARN] ModelIntegratedComponent:63 - No mode defined for component null
2024-07-16 21:37:41,525 [WARN] ModelIntegratedComponent:63 - No mode defined for component null
2024-07-16 21:37:41,525 [WARN] ModelIntegratedComponent:63 - No mode defined for component null
2024-07-16 21:37:41,525 [WARN] ModelIntegratedComponent:63 - No mode defined for component null
2024-07-16 21:37:41,525 [WARN] ModelIntegratedComponent:63 - No mode defined for component null
2024-07-16 21:37:41,525 [WARN] ModelIntegratedComponent:63 - No mode defined for component null
2024-07-16 21:37:41,525 [WARN] ModelIntegratedComponent:63 - No mode defined for component null
2024-07-16 21:37:41,525 [WARN] ModelIntegratedComponent:63 - No mode defined for component null
2024-07-16 21:37:41,970 [INFO] ThirdPartyModel:298 - Start build external matchings
2024-07-16 21:37:42,469 [INFO] ThirdPartyModel:316 - End build external matchings
2024-07-16 21:37:42,675 [INFO] UtilMem:75 - End LoadConfig() Used Memory: 650774888 Bytes (1073741824)
2024-07-16 21:37:42,687 [WARN] ThirdParty:833 - waiting for thirdparty lock release [change project]
2024-07-16 21:37:42,688 [INFO] ThirdParty:835 - entering critical section [change project]
2024-07-16 21:37:42,688 [INFO] ThirdParty:1030 - CMSIS Pack Vendor :STMicroelectronics USBPD 4.1
2024-07-16 21:37:42,688 [INFO] ThirdParty:1030 - CMSIS Pack Vendor :STMicroelectronics X-CUBE-GNSS1 6.0.0
2024-07-16 21:37:42,688 [INFO] ThirdParty:1030 - CMSIS Pack Vendor :STMicroelectronics USB_HOST 2.0.0
2024-07-16 21:37:42,688 [INFO] ThirdParty:1030 - CMSIS Pack Vendor :STMicroelectronics FP-SNS-MOTENVWB1 1.4.0
2024-07-16 21:37:42,688 [INFO] ThirdParty:1030 - CMSIS Pack Vendor :STMicroelectronics X-CUBE-AZRTOS-F4 1.1.0
2024-07-16 21:37:42,688 [INFO] ThirdParty:1030 - CMSIS Pack Vendor :STMicroelectronics LIBJPEG 8.0.0
2024-07-16 21:37:42,688 [INFO] ThirdParty:1030 - CMSIS Pack Vendor :STMicroelectronics X-CUBE-SMBUS 2.1.0
2024-07-16 21:37:42,688 [INFO] ThirdParty:1030 - CMSIS Pack Vendor :STMicroelectronics USB_DEVICE 3.0.0
2024-07-16 21:37:42,688 [INFO] ThirdParty:1030 - CMSIS Pack Vendor :STMicroelectronics X-CUBE-TCPP 4.1.0
2024-07-16 21:37:42,688 [INFO] ThirdParty:1030 - CMSIS Pack Vendor :STMicroelectronics X-CUBE-FREERTOS 1.2.0
2024-07-16 21:37:42,689 [INFO] ThirdParty:1030 - CMSIS Pack Vendor :STMicroelectronics X-CUBE-AZRTOS-WB 2.0.0
2024-07-16 21:37:42,689 [INFO] ThirdParty:1030 - CMSIS Pack Vendor :STMicroelectronics X-CUBE-TOUCHGFX 4.23.2
2024-07-16 21:37:42,689 [INFO] ThirdParty:1030 - CMSIS Pack Vendor :STMicroelectronics X-CUBE-AZRTOS-F7 1.1.0
2024-07-16 21:37:42,689 [INFO] ThirdParty:1030 - CMSIS Pack Vendor :STMicroelectronics X-CUBE-AZRTOS-L5 2.0.0
2024-07-16 21:37:42,689 [INFO] ThirdParty:1030 - CMSIS Pack Vendor :STMicroelectronics USB_DEVICE 2.0.0
2024-07-16 21:37:42,689 [INFO] ThirdParty:1030 - CMSIS Pack Vendor :STMicroelectronics X-CUBE-NFC6 3.1.0
2024-07-16 21:37:42,689 [INFO] ThirdParty:1030 - CMSIS Pack Vendor :STMicroelectronics FreeRTOS 0.0.1
2024-07-16 21:37:42,689 [INFO] ThirdParty:1030 - CMSIS Pack Vendor :STMicroelectronics X-CUBE-AZRTOS-G0 1.1.0
2024-07-16 21:37:42,689 [INFO] ThirdParty:1030 - CMSIS Pack Vendor :STMicroelectronics X-CUBE-SAFEA1 1.2.2
2024-07-16 21:37:42,689 [INFO] ThirdParty:1030 - CMSIS Pack Vendor :STMicroelectronics X-CUBE-NFC4 3.0.0
2024-07-16 21:37:42,689 [INFO] ThirdParty:1030 - CMSIS Pack Vendor :STMicroelectronics X-CUBE-DPower 1.2.0
2024-07-16 21:37:42,689 [INFO] ThirdParty:1030 - CMSIS Pack Vendor :STMicroelectronics X-CUBE-SUBG2 5.0.0
2024-07-16 21:37:42,690 [INFO] ThirdParty:1030 - CMSIS Pack Vendor :STMicroelectronics STM32_WPAN 1.0.0
2024-07-16 21:37:42,690 [INFO] ThirdParty:1030 - CMSIS Pack Vendor :wolfSSL I-CUBE-wolfMQTT 1.18.0
2024-07-16 21:37:42,690 [INFO] ThirdParty:1030 - CMSIS Pack Vendor :EmbeddedOffice I-CUBE-FS-RTOS 1.0.1
2024-07-16 21:37:42,690 [INFO] ThirdParty:1030 - CMSIS Pack Vendor :STMicroelectronics lwIP 2.0.3
2024-07-16 21:37:42,690 [INFO] ThirdParty:1030 - CMSIS Pack Vendor :STMicroelectronics FP-SNS-FLIGHT1 5.0.2
2024-07-16 21:37:42,690 [INFO] ThirdParty:1030 - CMSIS Pack Vendor :STMicroelectronics USB_HOST 1.0.0
2024-07-16 21:37:42,690 [INFO] ThirdParty:1030 - CMSIS Pack Vendor :STMicroelectronics X-CUBE-AI 9.0.0
2024-07-16 21:37:42,691 [INFO] ThirdParty:1030 - CMSIS Pack Vendor :STMicroelectronics X-CUBE-AZRTOS-G4 2.0.0
2024-07-16 21:37:42,691 [INFO] ThirdParty:1030 - CMSIS Pack Vendor :STMicroelectronics PDM2PCM 3.1.0
2024-07-16 21:37:42,691 [INFO] ThirdParty:1030 - CMSIS Pack Vendor :STMicroelectronics PDM2PCM 3.3.0
2024-07-16 21:37:42,691 [INFO] ThirdParty:1030 - CMSIS Pack Vendor :STMicroelectronics X-CUBE-DISPLAY 3.0.0
2024-07-16 21:37:42,691 [INFO] ThirdParty:1030 - CMSIS Pack Vendor :RealThread X-CUBE-RT-Thread_Nano 4.1.1
2024-07-16 21:37:42,691 [INFO] ThirdParty:1030 - CMSIS Pack Vendor :wolfSSL I-CUBE-wolfSSL 5.7.0
2024-07-16 21:37:42,691 [INFO] ThirdParty:1030 - CMSIS Pack Vendor :STMicroelectronics X-CUBE-BLE1 7.0.0
2024-07-16 21:37:42,692 [INFO] ThirdParty:1030 - CMSIS Pack Vendor :STMicroelectronics FP-ATR-SIGFOX1 3.2.0
2024-07-16 21:37:42,693 [INFO] ThirdParty:1030 - CMSIS Pack Vendor :STMicroelectronics X-CUBE-ISPU 2.0.0
2024-07-16 21:37:42,693 [INFO] ThirdParty:1030 - CMSIS Pack Vendor :STMicroelectronics X-CUBE-EEPRMA1 5.1.0
2024-07-16 21:37:42,693 [INFO] ThirdParty:1030 - CMSIS Pack Vendor :STMicroelectronics HAL Drivers 0.0.0
2024-07-16 21:37:42,693 [INFO] ThirdParty:1030 - CMSIS Pack Vendor :STMicroelectronics MBEDTLS 2.16.2
2024-07-16 21:37:42,693 [INFO] ThirdParty:1030 - CMSIS Pack Vendor :STMicroelectronics X-CUBE-ALS 1.0.2
2024-07-16 21:37:42,693 [INFO] ThirdParty:1030 - CMSIS Pack Vendor :emotas I-CUBE-CANOPEN 1.3.0
2024-07-16 21:37:42,693 [INFO] ThirdParty:1030 - CMSIS Pack Vendor :STMicroelectronics X-CUBE-MEMS1 10.0.0
2024-07-16 21:37:42,693 [INFO] ThirdParty:1030 - CMSIS Pack Vendor :STMicroelectronics X-CUBE-NFC7 1.0.1
2024-07-16 21:37:42,693 [INFO] ThirdParty:1030 - CMSIS Pack Vendor :STMicroelectronics MBEDTLS 2.14.1
2024-07-16 21:37:42,693 [INFO] ThirdParty:1030 - CMSIS Pack Vendor :STMicroelectronics X-CUBE-TOUCHGFX 4.24.0
2024-07-16 21:37:42,693 [INFO] ThirdParty:1030 - CMSIS Pack Vendor :ITTIA_DB I-CUBE-ITTIADB 8.9.0
2024-07-16 21:37:42,693 [INFO] ThirdParty:1030 - CMSIS Pack Vendor :wolfSSL I-CUBE-wolfTPM 3.2.0
2024-07-16 21:37:42,693 [INFO] ThirdParty:1030 - CMSIS Pack Vendor :portGmbH I-Cube-SoM-uGOAL 1.1.0
2024-07-16 21:37:42,693 [INFO] ThirdParty:1030 - CMSIS Pack Vendor :STMicroelectronics X-CUBE-ALS 1.0.1
2024-07-16 21:37:42,693 [INFO] ThirdParty:1030 - CMSIS Pack Vendor :STMicroelectronics X-CUBE-BLEMGR 3.1.0
2024-07-16 21:37:42,693 [INFO] ThirdParty:1030 - CMSIS Pack Vendor :STMicroelectronics ThreadX 1.0.0
2024-07-16 21:37:42,697 [INFO] ThirdParty:1030 - CMSIS Pack Vendor :STMicroelectronics FP-SNS-SMARTAG2 1.2.0
2024-07-16 21:37:42,697 [INFO] ThirdParty:1030 - CMSIS Pack Vendor :STMicroelectronics X-CUBE-AZRTOS-WL 2.0.0
2024-07-16 21:37:42,697 [INFO] ThirdParty:1030 - CMSIS Pack Vendor :SEGGER I-CUBE-embOS 1.3.1
2024-07-16 21:37:42,697 [INFO] ThirdParty:1030 - CMSIS Pack Vendor :STMicroelectronics X-CUBE-ALGOBUILD 1.4.0
2024-07-16 21:37:42,698 [INFO] ThirdParty:1030 - CMSIS Pack Vendor :STMicroelectronics FP-SNS-MOTENV1 5.0.0
2024-07-16 21:37:42,698 [INFO] ThirdParty:1030 - CMSIS Pack Vendor :STMicroelectronics USB_DEVICE 1.0.0
2024-07-16 21:37:42,698 [INFO] ThirdParty:1030 - CMSIS Pack Vendor :STMicroelectronics X-CUBE-AZRTOS-H7RS 1.0.0
2024-07-16 21:37:42,698 [INFO] ThirdParty:1030 - CMSIS Pack Vendor :wolfSSL I-CUBE-wolfMQTT 1.19.0
2024-07-16 21:37:42,698 [INFO] ThirdParty:1030 - CMSIS Pack Vendor :STMicroelectronics X-CUBE-AZRTOS-L4 2.0.0
2024-07-16 21:37:42,698 [INFO] ThirdParty:1030 - CMSIS Pack Vendor :STMicroelectronics ThreadX 0.0.2
2024-07-16 21:37:42,698 [INFO] ThirdParty:1030 - CMSIS Pack Vendor :WES I-CUBE-Cesium 1.3.0
2024-07-16 21:37:42,698 [INFO] ThirdParty:1030 - CMSIS Pack Vendor :STMicroelectronics FP-ATR-ASTRA1 2.0.0
2024-07-16 21:37:42,698 [INFO] ThirdParty:1030 - CMSIS Pack Vendor :STMicroelectronics lwIP 2.1.2
2024-07-16 21:37:42,698 [INFO] ThirdParty:1030 - CMSIS Pack Vendor :STMicroelectronics X-CUBE-SFXS2LP1 4.0.0
2024-07-16 21:37:42,698 [INFO] ThirdParty:1030 - CMSIS Pack Vendor :STMicroelectronics X-CUBE-BLE2 3.3.0
2024-07-16 21:37:42,698 [INFO] ThirdParty:1030 - CMSIS Pack Vendor :STMicroelectronics X-CUBE-TOF1 3.4.1
2024-07-16 21:37:42,698 [INFO] ThirdParty:1030 - CMSIS Pack Vendor :STMicroelectronics X-CUBE-AZRTOS-H7 3.2.0
2024-07-16 21:37:42,698 [INFO] ThirdParty:1030 - CMSIS Pack Vendor :Infineon AIROC-Wi-Fi-Bluetooth-STM32 1.6.0
2024-07-16 21:37:42,698 [INFO] ThirdParty:1030 - CMSIS Pack Vendor :STMicroelectronics PDM2PCM 3.2.0
2024-07-16 21:37:42,698 [INFO] ThirdParty:1030 - CMSIS Pack Vendor :wolfSSL I-CUBE-wolfSSH 1.4.17
2024-07-16 21:37:42,698 [INFO] ThirdParty:841 - exiting critical section [change project]
2024-07-16 21:37:43,022 [INFO] PinOutPanel:1561 - setPackage(No Configuration,No Configuration)
2024-07-16 21:37:43,023 [INFO] PinOutPanel:1561 - setPackage(STM32L053C8Tx,LQFP48)
2024-07-16 21:37:43,404 [INFO] UtilMem:75 - Before build in PCC Used Memory: 679622336 Bytes (1073741824)
2024-07-16 21:37:43,706 [INFO] UserBatteryFile:101 - Battery_LiPo 3500.0 0.0 3.7 0.0 0.0
2024-07-16 21:37:43,788 [INFO] UtilMem:75 - After build in PCC Used Memory: 731008736 Bytes (1073741824)
2024-07-16 21:37:43,857 [INFO] IPUIPlugin:80 - create IPUIPlugin
2024-07-16 21:37:43,857 [INFO] IPUIPlugin:80 - create IPUIPlugin
2024-07-16 21:37:43,857 [INFO] IPUIPlugin:80 - create IPUIPlugin
2024-07-16 21:37:43,857 [INFO] IPUIPlugin:80 - create IPUIPlugin
2024-07-16 21:37:43,857 [INFO] IPUIPlugin:80 - create IPUIPlugin
2024-07-16 21:37:43,857 [INFO] IPUIPlugin:80 - create IPUIPlugin
2024-07-16 21:37:43,857 [INFO] IPUIPlugin:80 - create IPUIPlugin
2024-07-16 21:37:43,858 [INFO] IPUIPlugin:80 - create IPUIPlugin
2024-07-16 21:37:43,858 [INFO] IPUIPlugin:80 - create IPUIPlugin
2024-07-16 21:37:43,858 [INFO] IPUIPlugin:80 - create IPUIPlugin
2024-07-16 21:37:43,858 [INFO] IPUIPlugin:80 - create IPUIPlugin
2024-07-16 21:37:43,858 [INFO] IPUIPlugin:80 - create IPUIPlugin
2024-07-16 21:37:43,859 [INFO] IPUIPlugin:80 - create IPUIPlugin
2024-07-16 21:37:43,859 [INFO] IPUIPlugin:80 - create IPUIPlugin
2024-07-16 21:37:43,859 [INFO] IPUIPlugin:80 - create IPUIPlugin
2024-07-16 21:37:43,859 [INFO] IPUIPlugin:80 - create IPUIPlugin
2024-07-16 21:37:43,859 [INFO] IPUIPlugin:80 - create IPUIPlugin
2024-07-16 21:37:43,860 [INFO] IPUIPlugin:80 - create IPUIPlugin
2024-07-16 21:37:43,860 [INFO] IPUIPlugin:80 - create IPUIPlugin
2024-07-16 21:37:43,860 [INFO] IPUIPlugin:80 - create IPUIPlugin
2024-07-16 21:37:43,860 [INFO] IPUIPlugin:80 - create IPUIPlugin
2024-07-16 21:37:43,862 [INFO] IPUIPlugin:80 - create IPUIPlugin
2024-07-16 21:37:43,863 [INFO] IPUIPlugin:80 - create IPUIPlugin
2024-07-16 21:37:43,863 [INFO] IPUIPlugin:80 - create IPUIPlugin
2024-07-16 21:37:43,863 [INFO] IPUIPlugin:80 - create IPUIPlugin
2024-07-16 21:37:43,863 [INFO] IPUIPlugin:80 - create IPUIPlugin
2024-07-16 21:37:43,863 [INFO] IPUIPlugin:80 - create IPUIPlugin
2024-07-16 21:37:43,864 [INFO] IPUIPlugin:80 - create IPUIPlugin
2024-07-16 21:37:43,865 [INFO] IPUIPlugin:80 - create IPUIPlugin
2024-07-16 21:37:43,865 [INFO] IPUIPlugin:80 - create IPUIPlugin
2024-07-16 21:37:43,865 [INFO] IPUIPlugin:80 - create IPUIPlugin
2024-07-16 21:37:43,868 [INFO] IPUIPlugin:80 - create IPUIPlugin
2024-07-16 21:37:43,870 [INFO] IPUIPlugin:80 - create IPUIPlugin
2024-07-16 21:37:43,870 [INFO] IPUIPlugin:80 - create IPUIPlugin
2024-07-16 21:37:43,924 [INFO] CADModel:165 - CPN selected for project levelSTM32L053C8T6
2024-07-16 21:37:43,924 [INFO] CADModel:114 - Register for checkConnection events
2024-07-16 21:37:43,980 [INFO] OpenFileManager:343 - Restore cursor
2024-07-16 21:38:06,757 [INFO] I2cTimingTraitement:330 - 0x00000708
2024-07-16 21:38:06,991 [INFO] I2cTimingTraitement:330 - 0x00000708
2024-07-16 21:43:26,017 [INFO] UtilMem:75 - End SaveConfig() Used Memory: 772937264 Bytes (1073741824)
2024-07-16 21:43:27,904 [INFO] UtilMem:75 - End SaveConfig() Used Memory: 797698056 Bytes (1073741824)
2024-07-16 21:43:30,082 [INFO] UtilMem:75 - End SaveConfig() Used Memory: 860495408 Bytes (1073741824)
2024-07-16 21:43:30,200 [INFO] BlockDiagram:2759 - set Specific Code input for plugin: SPI
2024-07-16 21:43:30,201 [INFO] BlockDiagram:2759 - set Specific Code input for plugin: NVIC
2024-07-16 21:43:30,201 [INFO] BlockDiagram:2759 - set Specific Code input for plugin: USART
2024-07-16 21:43:30,201 [INFO] BlockDiagram:2759 - set Specific Code input for plugin: USART
2024-07-16 21:43:30,201 [INFO] BlockDiagram:2759 - set Specific Code input for plugin: SYS
2024-07-16 21:43:30,201 [INFO] BlockDiagram:2759 - set Specific Code input for plugin: GPIO
2024-07-16 21:43:30,201 [INFO] BlockDiagram:2759 - set Specific Code input for plugin: RCC
2024-07-16 21:43:30,201 [INFO] BlockDiagram:2759 - set Specific Code input for plugin: I2C
2024-07-16 21:43:30,202 [INFO] CodeGenerator:807 - code generatio: config db path: C:\ST\STM32CubeIDE_1.15.1\STM32CubeIDE\plugins\com.st.stm32cube.common.mx_6.11.1.202404110753\\db\
2024-07-16 21:43:30,351 [INFO] CodeEngine:255 - oldGeneratedFile, D:\Projetos\Firmware\firmware\Mainboard MonoChip\MXTmpFiles\license.tmp_save
2024-07-16 21:43:30,513 [INFO] CodeEngine:279 - Generated code: D:\Projetos\Firmware\firmware\Mainboard MonoChip\MXTmpFiles\license.tmp
2024-07-16 21:43:30,661 [INFO] CodeEngine:255 - oldGeneratedFile, D:\Projetos\Firmware\firmware\Mainboard MonoChip\MXTmpFiles\gpio.tmp_save
2024-07-16 21:43:30,809 [INFO] CodeEngine:279 - Generated code: D:\Projetos\Firmware\firmware\Mainboard MonoChip\MXTmpFiles\gpio.tmp
2024-07-16 21:43:31,359 [INFO] CodeEngine:255 - oldGeneratedFile, D:\Projetos\Firmware\firmware\Mainboard MonoChip\Core\Src\stm32l0xx_it.c_save
2024-07-16 21:43:31,490 [INFO] CodeEngine:279 - Generated code: D:\Projetos\Firmware\firmware\Mainboard MonoChip\Core\Src\stm32l0xx_it.c
2024-07-16 21:43:31,504 [INFO] CodeEngine:255 - oldGeneratedFile, D:\Projetos\Firmware\firmware\Mainboard MonoChip\Core\Inc\stm32l0xx_it.h_save
2024-07-16 21:43:31,602 [INFO] CodeEngine:279 - Generated code: D:\Projetos\Firmware\firmware\Mainboard MonoChip\Core\Inc\stm32l0xx_it.h
2024-07-16 21:43:31,630 [INFO] CodeEngine:255 - oldGeneratedFile, D:\Projetos\Firmware\firmware\Mainboard MonoChip\Core\Src\stm32l0xx_hal_msp.c_save
2024-07-16 21:43:31,805 [INFO] CodeEngine:279 - Generated code: D:\Projetos\Firmware\firmware\Mainboard MonoChip\Core\Src\stm32l0xx_hal_msp.c
2024-07-16 21:43:31,817 [INFO] CodeEngine:255 - oldGeneratedFile, D:\Projetos\Firmware\firmware\Mainboard MonoChip\MXTmpFiles\system.tmp_save
2024-07-16 21:43:31,903 [INFO] CodeEngine:279 - Generated code: D:\Projetos\Firmware\firmware\Mainboard MonoChip\MXTmpFiles\system.tmp
2024-07-16 21:43:31,923 [INFO] CodeEngine:311 - oldGeneratedFile, D:\Projetos\Firmware\firmware\Mainboard MonoChip\Core\Inc\stm32l0xx_hal_conf.h_save
2024-07-16 21:43:32,039 [INFO] CodeEngine:335 - Generated code: D:\Projetos\Firmware\firmware\Mainboard MonoChip\Core\Inc\stm32l0xx_hal_conf.h
2024-07-16 21:43:32,092 [INFO] CodeEngine:255 - oldGeneratedFile, D:\Projetos\Firmware\firmware\Mainboard MonoChip\Core\Inc\main.h_save
2024-07-16 21:43:32,206 [INFO] CodeEngine:279 - Generated code: D:\Projetos\Firmware\firmware\Mainboard MonoChip\Core\Inc\main.h
2024-07-16 21:43:32,221 [INFO] CodeEngine:255 - oldGeneratedFile, D:\Projetos\Firmware\firmware\Mainboard MonoChip\Core\Src\main.c_save
2024-07-16 21:43:32,379 [INFO] CodeEngine:279 - Generated code: D:\Projetos\Firmware\firmware\Mainboard MonoChip\Core\Src\main.c
2024-07-16 21:43:32,819 [INFO] ProjectBuilder:3163 - Time for Copy HAL[1] : 236mS.
2024-07-16 21:43:32,825 [INFO] ProjectBuilder:4736 - Project Generator version: 4.3.0-B58
2024-07-16 21:43:32,926 [INFO] ConfigFileManager:1503 - The Die is : DIE417
2024-07-16 21:43:32,929 [INFO] ApiDbMcu:508 - Load IP Config File for FATFS
2024-07-16 21:43:32,934 [INFO] ApiDbMcu:508 - Load IP Config File for FREERTOS
2024-07-16 21:43:32,953 [INFO] ApiDbMcu:508 - Load IP Config File for TOUCHSENSING
2024-07-16 21:43:32,959 [INFO] ApiDbMcu:508 - Load IP Config File for USB_DEVICE
2024-07-16 21:43:35,787 [INFO] ProjectBuilder:5002 - Time for Generating toolchain IDE Files: 2962mS.
2024-07-16 21:43:35,788 [INFO] ProjectBuilder:3034 - Time for Copy CMSIS : 1mS.
2024-07-16 21:43:35,790 [INFO] ProjectBuilder:3034 - Time for Copy CMSIS : 0mS.
